image_id,leaf_review,spot_review
682b233fdafd8dfbeb290fb0,pending,pending
cb2f0892913d8ba8a0d01c05,pending,pending
9e7b031e1d56ab59ba4199c2,pending,pending
f1ac37a9e63623d1b003ea67,pending,pending
4eadc34413372ffcd635115b,pending,pending
36f673809723e35e0ff3c0e1,pending,pending
f475ec1d7c953d534a15aade,pending,pending
fe5bbd19f239ab62f709838b,pending,pending
3b71792c58bc3301b0f696d0,pending,pending
91c4acd61aa6ce18d9b4a602,pending,pending
1cc5214ca970e6fe2a259695,pending,pending
d7a9d4d09b24b927eafc94f6,pending,pending
ae780d0c25d4e72a975e9235,pending,pending
7dd2fac4d29cfbe289ff6577,pending,pending
dbf51c55f3c5ac047195cb09,pending,pending
f621868d1eb364c9df7db353,pending,pending
13407883b0cf8bd2f9d918ad,pending,pending
7255b383dcde376f6079ca4e,pending,pending
473b95b89a5d9cb6ef5ce3b2,pending,pending
c2889a06c248e8ac08670dd9,pending,pending
e41b3592f97b6976fbea7744,pending,pending
5257be63cd1c48b207c468eb,pending,pending
761ea31bdc148aeffe9faf60,pending,pending
2636acae782ae33ebc2c9989,pending,pending
cf5b16d7cd1271987ea9f532,pending,pending
faad51f0b5303dd6a65889fd,pending,pending
36d12d0ad2079a9767e875e2,pending,pending
b8c7542196eb25d28e377abf,pending,pending
d6865d4de8a11eff12b08b22,pending,pending
535c029d027081c0d38ce033,pending,pending
10ee305c9f52e67539154eae,pending,pending
942b1a7c29a8396ff79a6e10,pending,pending
29242851f971369acd30213a,pending,pending
43df76c98bd982f9c282b7e1,pending,pending
8764eb86b2108971b178033d,pending,pending
1b50ebe1ffb58a8999af22a5,pending,pending
89303bff7984394b994247a2,pending,pending
fbffb36bc042594ab6d6a757,pending,pending
9e5b935e34e0f4f9b0865268,pending,pending
924b90ccc2f3cb16135081b4,pending,pending
50eeac6c6c7e38aef2c70328,pending,pending
cee763cc67f5614bf94a4137,pending,pending
a3a168eec38313cf1aeece5d,pending,pending
cebebff98ccffbe3eedce61d,pending,pending
74ffc1a31962445a542e7d75,pending,pending
9e3a41f31b3bbeee6f6f5c7b,pending,pending
597a8d665f5f13a03597e13a,pending,pending
87ea3fad1a74e2861ea74ae9,pending,pending
f4b94b17b6a8529dd067bf8f,pending,pending
badbdf0fb8531eda0a08d4c0,pending,pending
d7b959e348d42e00064ce00f,pending,pending
8055019159de10563e8ff380,pending,pending
d0832c7554afd9acf565ccd4,pending,pending
cc701b55209cab2b79e9846e,pending,pending
109176a1a15b1e73cd0e7198,pending,pending
b58f362cd403af73dbf031f0,pending,pending
9485a5153a45756017e0a421,pending,pending
5654088aad08fe9b1f47e21d,pending,pending
8ab42e7638e87c9ecf3f85d7,pending,pending
223d8bd1d6981695f3a78b03,pending,pending
f74e102c0da11a354268c9a0,pending,pending
abd070eaa6294eba05e76210,pending,pending
6cc4e426c3c5e0f68c4bba93,pending,pending
0a054e4b2086fd8c1ef58128,pending,pending
186a5c8ee4d95402a10ef631,pending,pending
6b20506af43a1f60f8a14608,pending,pending
6958e7064bedc1780cb9327d,pending,pending
f9c851370c48a98ae036e1dc,pending,pending
ac096edfa93a18d58d105ecc,pending,pending
ea76bcf073398e97e9a7386c,pending,pending
316b9eb32e37f11b5116156b,pending,pending
f5b3dc01f9b364180e4fccc9,pending,pending
80eea5813d2286334e412fdf,pending,pending
cd5fa2dc6c3cda47bb28814f,pending,pending
721f88e29373f6238be74cf4,pending,pending
2ca3609a4fb6316f3fdbf1a1,pending,pending
7a8dcdbed8821b5e47e22c13,pending,pending
c45f5f0d4150eff3f896cd38,pending,pending
257bec8ded7d8e743e2d6878,pending,pending
6d0494d5b2e5bcaf12d1a6b7,pending,pending
4d4a96675072647dc5e75311,pending,pending
3e1c7d26126922a2021560e0,pending,pending
a663d6a1276091f585582c72,pending,pending
930299630ab9482d91e6d42f,pending,pending
d606f4d188a94b90736d879d,pending,pending
6a7d9b626423dcad9e2c44b1,pending,pending
22d0c84cbc0a2cd2a8a407ff,pending,pending
e46f99f920ed553c0a95f8ae,pending,pending
e4b5c965866700c8e6d51344,pending,pending
c248af9655251b4d9d3f15c1,pending,pending
c65a0129fce0cc7efa68c14c,pending,pending
bc29ce500e721efa364899d4,pending,pending
0ad9f132429af96aeec94b5b,pending,pending
8e0974533076b1bfa4297694,pending,pending
788f9c6f253e881b070d23a2,pending,pending
48c1d1f6a9c5baa9b5488133,pending,pending
95ff916f1bb8d05e08e8ec67,pending,pending
93449695a13644494d86e9d3,pending,pending
adcfb064513f9940e9003c7f,pending,pending
a7b14c7dc95cb497537d1aae,pending,pending
e109bbdbff0c62e68ad912fa,pending,pending
802514fe6e9dc792ec04b9f3,pending,pending
8a18b8617950b81c5c258853,pending,pending
4303d24bb90a7840141feba7,pending,pending
9252c24bc1ea6e80f662be18,pending,pending
26517a235a1425b37c23d686,pending,pending
d18486944dda21041c7bd971,pending,pending
f8a95d2393c1a169cd986d32,pending,pending
5843774fca91fc035b95e6d0,pending,pending
f14e5d77a10c7a1b6aee0b02,pending,pending
fd413ac1664d4b94b0e63c82,pending,pending
c4d45272e207f49b5b6fb4a4,pending,pending
4c14a502af6cdff14d816a03,pending,pending
6729f4c963d51d5370b89a7c,pending,pending
032073d137367f76d5083141,pending,pending
9dbc6a72b34a59a2d0b2b891,pending,pending
189b9e6078dfd1f3b3817e91,pending,pending
6e6060e06c739667452948c6,pending,pending
ee48ce071b3a66e5a9edbbf9,pending,pending
e641c4ca3f4eb62ec72148a1,pending,pending
e8d2bbbf8d68232475855baf,pending,pending
fd5c568a9991ebf1654aa56d,pending,pending
7e672fe88f3a269b2b1d1dca,pending,pending
88383a20aeb5b2e2a328bca5,pending,pending
4b1b5641fa77ab40ef92ca1b,pending,pending
33cba3758345160f671c1fb6,pending,pending
8508ac50f35beb064598f226,pending,pending
7773ef47317a19a6573e349d,pending,pending
fc17b09d96ec3b9eaaaa331b,pending,pending
5de857a72c673e1a11063b5d,pending,pending
52433c2cc0c62886e0d7d866,pending,pending
2e1c1eb2a17d7c1b288fb46a,pending,pending
8730794750b8bb56bc821c4a,pending,pending
c5c9842b7f9fa776d0f980bd,pending,pending
a6b25ff11b3fda7b3836f444,pending,pending
def7f6ada52de5ebf64ca851,pending,pending
78188da9bd2d8fd9807bcbc9,pending,pending
6507113cf44b6729bd8c900e,pending,pending
ebb235dbad5d2da422789813,pending,pending
a9937b9fe2059fceab18b8a1,pending,pending
0c6a7cd1e6783c79fc43b0c6,pending,pending
7f04dd558b0119a57704ba17,pending,pending
80eb752c7c6ba70b7a5557c7,pending,pending
8098d2f5932a2e1ebeffaf76,pending,pending
158968adcb58fb054221ce7f,pending,pending
1f8cff47ba5b71a53286d2d6,pending,pending
6118098b04ecfa745367549a,pending,pending
74be0fa68537e6fd366a68ec,pending,pending
b055a1b547b3435d08baf6a0,pending,pending
05dcf47de83aecb40928d4bd,pending,pending
3028d74e32b450655877d20d,pending,pending
da5c9b1def0094b860c7785c,pending,pending
c205b659843ef7c1e86d845b,pending,pending
d3d6511e239dd0e1e4340670,pending,pending
cefe53ce772ba39fae942b9a,pending,pending
0fd08d3524813def7d0635aa,pending,pending
249b51c1fadd932d1f43be6a,pending,pending
84bae49e806866922294c90f,pending,pending
18e92b03bb6ed2a01e1a99f8,pending,pending
bed712a0fdf1ee137f7e07fb,pending,pending
a4b146b86bca308c91e3e0b6,pending,pending
c11a330b6d1d4e6013c2832d,pending,pending
9e06987b8bf8853e75f4b54a,pending,pending
d71a8edc9a929f510e19c13d,pending,pending
803b578bad0b16e8a8775ae1,pending,pending
b3c99c2f007a9a92da99e10f,pending,pending
8fa362e8e60fdef8b8e048ee,pending,pending
264b713709306cdfe08c0cae,pending,pending
d3cacf5c076c98fff6c6925c,pending,pending
6d2135cfc93e71cd3b00e05d,pending,pending
ee76b4a0b2aa7fa6bfa216b5,pending,pending
c09cc2290391c01b2fca8fc5,pending,pending
921fe03a8539d109bab830a3,pending,pending
ee04799496df7508fec0751b,pending,pending
d9825d3ffec669f2ad851d92,pending,pending
27782f77d14bc541ac89b59c,pending,pending
ddb59fc6bddfbd82f51f876b,pending,pending
c7bcb58ead23fec93c541d59,pending,pending
7f8f36c5599ca997f9d20f61,pending,pending
9eabf9da30bf3023744b8e2f,pending,pending
bf1da50ea06bb36f8554ff72,pending,pending
1b4f6601ac3f31f474d16812,pending,pending
1e1ea5df0f6e49987fef2c87,pending,pending
0c486ec3cc98a41512ba1108,pending,pending
e67c632d73b66b8e346481a9,pending,pending
df7d81fcbd72678969231f70,pending,pending
25d64ade1693328d4e227e1c,pending,pending
f47e0010206c98ea966f4183,pending,pending
4c198e7af295385f764d1aff,pending,pending
6481673550c609ca84560a43,pending,pending
17bc1434fb14507dd42a2490,pending,pending
d2cab15e5685c29c34310655,pending,pending
1df79bf85ef38163e5e24908,pending,pending
d3fb334899bc386f5cb8a523,pending,pending
294cf013e28e07629ac426d6,pending,pending
3ca861dc88ce4d5ea97c231b,pending,pending
814522ba3e3e532f23564a51,pending,pending
1f1ff9d6ced58061a15eebf2,pending,pending
c82082cd4d350cd8c2fb3485,pending,pending
a98bf40678ab94ebca86e4eb,pending,pending
4a0653489b63040958aacea3,pending,pending
42b51102ed4bb460b84c50c6,pending,pending
5cf5f1d9f400d7003d25d74d,pending,pending
16483c0553dfb66820adaba1,pending,pending
2309d7749584dbfd27b2d3ea,pending,pending
dab7898e7ecc8f3df75b3dd7,pending,pending
50a60fa3fce342c5241628d2,pending,pending
a96b56a8dcbc3abd28bb31a6,pending,pending
a1b333fe4cbdb0c0bc1bc948,pending,pending
6f04fb3cc982eb9791db7037,pending,pending
728d5dccbceab1da4777e59f,pending,pending
6fa64d862397c1915f886515,pending,pending
fb3f8cc8a3bfdd20c05d1617,pending,pending
4648eb900514117316226382,pending,pending
b4de4cf9d7e68dd1f497b307,pending,pending
4cfdff2851c0db647e6bda8f,pending,pending
92185251915bfec1dde5b854,pending,pending
f046f921ebd4f65040011a6a,pending,pending
6f7ad0097f7d3aae4564d72f,pending,pending
4bef1494d639d5aaedc4bb77,pending,pending
c22a3840908bae2bcaa57b05,pending,pending
8ddbef065a2021bd2f57ecae,pending,pending
c81388524cb0b6e08b3acb7e,pending,pending
97fe7c03b80303bf2001aa54,pending,pending
274be00667c65fb81dab4c83,pending,pending
ad9d218ef5c18bbfd42f37fe,pending,pending
dd9087c0c44b6562821f8a6e,pending,pending
99c85414f6288df2d8e03f39,pending,pending
cf31f04ce0486c1a7274d0ba,pending,pending
9d44aa78e653a1e620ea0b8e,pending,pending
34711cdfc3174d6f5538d148,pending,pending
9435ecb5719e4c269f73cfa3,pending,pending
3ffa70e9ec71492d1afcd340,pending,pending
f2541480a2891f73d8e7c547,pending,pending
02e9761eb7608df63539280c,pending,pending
1ce7be90429a79a5703dfaab,pending,pending
a6b50dcfc20836aa73699acb,pending,pending
a42c4eed29abfcfe2aa7a2b8,pending,pending
2b3d9792a2e2fc1bf57e7847,pending,pending
e3b0a082c788f10b28f5d83b,pending,pending
3f25700627ec9fbf60d12d16,pending,pending
e6006e7e2d1f1480d6ae3203,pending,pending
e0c2e82f392b6e52b52a4961,pending,pending
b3cf6a9d1993c2d9b78a1a64,pending,pending
8ca7dcae90699162d75607f7,pending,pending
3bc713a6160273b2c32c7ad8,pending,pending
61c52c674e572565bc566fe8,pending,pending
ca73829a1701683be5fc5623,pending,pending
c7bbcf824a14deae3cf1b238,pending,pending
25751d26cea41d5450fbe620,pending,pending
3e650f97379c45053517320e,pending,pending
6c2dbd18a3118a6c1fee008d,pending,pending
fec34ddd8cc17dc2482b2fa9,pending,pending
82cc52aacb0bc0ebaab29483,pending,pending
da4f23d5591226ece2775935,pending,pending
db383355a881bed9865e9498,pending,pending
16aef10beb6d1bbaa95ec0af,pending,pending
4d0a0a7e28663ac01fca54e9,pending,pending
f8155467921f06ceab7a0d01,pending,pending
dd0395cd8256b84bbae9c227,pending,pending
061b9ff2bb7f388958b54e6a,pending,pending
c2919c0f53dba26c2a8c805c,pending,pending
3e9fa7ada4d396ea22ef5549,pending,pending
913823745e07e07971a2de9a,pending,pending
436e54b94e2f7530506e251a,pending,pending
9889eb434f27beb06d8878a5,pending,pending
dd2f008e6c65dbcf8a90be77,pending,pending
56c3b2aa9865c32fabd12902,pending,pending
0db8139997d2e33af82a3caa,pending,pending
3749284bf2d27a60b4d327ff,pending,pending
349b01b4dc660931889e57ff,pending,pending
5747d28dc97fad6f69fbd588,pending,pending
b1c74f1e1467db8f0d6f03f3,pending,pending
d813cafa62d96e741684e359,pending,pending
a6f17053161aa681cfdb0f93,pending,pending
4ac42759b2a73fdac02a9db5,pending,pending
c3feeb719563ba023e3073de,pending,pending
39a0dbadc3050ceb233dfdee,pending,pending
23681fcfc4a792970a3cc4cb,pending,pending
0a297dddb9b9c41c4db4d37f,pending,pending
2a2f5caa92e1050e7a009dfd,pending,pending
05f0a8482a2e7bc60d31d640,pending,pending
0aa6f088a0fc840c86a6d5b2,pending,pending
996490beebe068c0eb0d714f,pending,pending
a7a43558cc02f348ac0afdee,pending,pending
b4640a82ebd3b9501991ecae,pending,pending
60e72698155d138f5ca73f61,pending,pending
5315d258e90962f5b08213fe,pending,pending
abc8ed9f3116e63854e9dbb1,pending,pending
983e32e32c7c5ef50df9495b,pending,pending
26bd9897252a2c4dc5866d29,pending,pending
2619ad53b2373332f7e9f0e2,pending,pending
80bdd68ab2ada25040f11df5,pending,pending
c62bf648397c9210f0ce28c9,pending,pending
62bf6ac5423f6de2b4e5dac9,pending,pending
96a00b32f0bfc992d8db293b,pending,pending
afcab6da3f3f4ed2d8f381c9,pending,pending
9f55ac516991aab3efc8ab73,pending,pending
794941749cdf77c5b17072b3,pending,pending
474084705884b60bf015615e,pending,pending
b789c4e7f809da07ac2c958f,pending,pending
27becce6122c67f272d3139d,pending,pending
e9e4f99a699ee0c12bcb1298,pending,pending
f76afdb88ff2b24eb02100cc,pending,pending
d0d5da789691e62e09642880,pending,pending
48aa246af2dbe97a17d6d07b,pending,pending
cfd23d82edc8abed4624fb42,pending,pending
5281edbd6f3b6778364eac08,pending,pending
377a360f71f5c609102907e2,pending,pending
110de2acfdcc516f543320f7,pending,pending
5b5d13740e0858f67f12ad76,pending,pending
b4641861bdcb8c7797848e43,pending,pending
53c9fb0b122721e73fb55fc2,pending,pending
d30752756c33ec2bec27c7f8,pending,pending
a0f3b5b638a16f594e38e06f,pending,pending
532649a68475c9c711f2985e,pending,pending
6357ec2d1b4c43823a437d8d,pending,pending
b07719d03980a965747410a3,pending,pending
d459989f5490f9cbb4f57055,pending,pending
8ad7f2f3d70bb164193204b5,pending,pending
736e4bebe02e50f4723405d3,pending,pending
5cea358f92979b3feaa4fbe9,pending,pending
de051b6dceb65da8ac4db838,pending,pending
ba88c4096ab56a9156ffa285,pending,pending
654175a20fc6f33359d51aa7,pending,pending
2bd06b89b52839ff437837f6,pending,pending
764205266bdeea28e55073a2,pending,pending
be35361288de53a367600f8a,pending,pending
ca50000f97ff3d2c7a58b8d9,pending,pending
a2046c0747856aeec16fa7a0,pending,pending
67cf88db92b5c3aaa8e29ac9,pending,pending
b1867c5b468ee2d3881a14d9,pending,pending
09fcedcaf627e27490997c4c,pending,pending
270a794e966d8327f4d07163,pending,pending
5c5ea8014a72e2b4d77de42b,pending,pending
9b80712783fc5bc131cbdf2a,pending,pending
37998fc04229d47994e77d43,pending,pending
61df8b3293679139a0465a59,pending,pending
525ca543c6b73024956b723a,pending,pending
2d9ec6f57dcf7a9f32e06a42,pending,pending
fdfeeee1e5215c2cae8b3dd9,pending,pending
7c6f36289e90199c3788d382,pending,pending
06e12474474f1bee83cad4ae,pending,pending
c3341b5a43dc544e57ecda1f,pending,pending
bb671742371d03e6d706b835,pending,pending
36bedb39a7833e5b1dd20ee9,pending,pending
5ed917fa0b5384a8d639e4ae,pending,pending
7975722d7bc701f8cb4cc37f,pending,pending
4c1a529bab3dec95c65a33b2,pending,pending
161a8f597f02e8b1a23d8426,pending,pending
cd07883d6498e2fd2ddefc93,pending,pending
5a17a9365761a292fbc417a4,pending,pending
5524e47d015ea69eb78a63fe,pending,pending
2aab40d4ffc980f7daf5741b,pending,pending
22ca9f4f2546012240d3919a,pending,pending
ac592c8cc125c9a700a36724,pending,pending
1d841b7611071b0506d038a9,pending,pending
1595f2a0b77e6c2dee47d6a3,pending,pending
a94e58486a8edcc6202b0e62,pending,pending
6ba0e5a1a48c6fd4bcea954d,pending,pending
1cf0f866dc279bfcd2115b0d,pending,pending
037e9883b8527a343fbdfab1,pending,pending
2911fff10befdf79ef2f61af,pending,pending
792239a218a8e761035ed509,pending,pending
1d645a2ef854f15703fa1e5b,pending,pending
04d18326590a08160914dc19,pending,pending
b2162d7ce15096b25019073a,pending,pending
bbcc0cb8eb503d95d3857320,pending,pending
f2b3ef66c363ee22a3b28385,pending,pending
09c52212dfbdd2b531cd555d,pending,pending
a99f980ae9a9da76306771bf,pending,pending
2a88906333d7b84a2117d2ed,pending,pending
49371c0fc8ed15b80c5bd0e8,pending,pending
7b0acfe14b646bb76bfc410e,pending,pending
f1775af2c8821551e8fb5fad,pending,pending
81acb9149e1aa9263a1f6512,pending,pending
f4e13e09d02fa24708286324,pending,pending
d972fb2a5e852e0cf03f6753,pending,pending
52738fdc4e1e8ae8af81c991,pending,pending
c1512d22a1d68d6420160921,pending,pending
e2748045cfe313b85154157b,pending,pending
8cab6bbf8eccb6f8a1865150,pending,pending
041e6b32c6c36a4f183cb3eb,pending,pending
88a27e27431d8692261de57e,pending,pending
88cc0deae55290879358235d,pending,pending
b63b334ebe0658ce7ace1d72,pending,pending
a6f843228ebc42798e15d8de,pending,pending
94e133820a5d03220879dbef,pending,pending
ea36cfc1c853ed09ace9e387,pending,pending
1a8cb1ae7e33de367b379be5,pending,pending
e4a755a21ee49852bd5954cf,pending,pending
fdea693d582de01d5b01e67f,pending,pending
a27affc1e6bfa5775948846d,pending,pending
f814771d722973e951e8ac58,pending,pending
b253b4400dcb335fb183ae4f,pending,pending
bcd041aa2eca46b023fc6865,pending,pending
b25da7c9331aeea656e9cf2d,pending,pending
95d8a77280c66b2e6a4a7f5b,pending,pending
46e0405506f0297bf4715561,pending,pending
4950faff51d1d8c11e9e85f0,pending,pending
e47b655e80a35378153153c9,pending,pending
33b2ca118c71bc8147054e84,pending,pending
82888b76e99bedae8a8b5b36,pending,pending
e8984b196fc439f7176ea78f,pending,pending
a66791829fa90844ff936df1,pending,pending
a0781888447dc26d78d9122b,pending,pending
c9bf57f39ba201ee84de411a,pending,pending
9ef6a04cc43b660878f773d9,pending,pending
710add0c220e72abd2f48dcc,pending,pending
23e8483e87bc421d9db97bca,pending,pending
437a1813ef972bfb04b8c7e1,pending,pending
f2cd2728633c54878f950c57,pending,pending
8bf8c35edc085a798e4fbd86,pending,pending
553bb643fd7c3aab4fe93ffa,pending,pending
097b7c0c84311e7a618965cc,pending,pending
67ebb1490517b1aeb1472ed0,pending,pending
d71ffb195a57e9ec348b3ea8,pending,pending
29af4f635a6de38460cb37d6,pending,pending
0d4a4f1b6c052a260d714a11,pending,pending
2c66ffde79041ea964bda52c,pending,pending
f2114cd73432c33fd9ca0d7b,pending,pending
d6ae822fa01be0ce68b6a27e,pending,pending
1b28ccc381b27637caffd58d,pending,pending
22e0514e720b8e1d75b9d0ad,pending,pending
e26fc5559369202ab88851f3,pending,pending
8cc52d4bf44bf0fb3a4e116d,pending,pending
4c54f88ed6dbe1ee37a76cfa,pending,pending
e3bc29e3dd942a08baf739b8,pending,pending
b4bf1a4384a127d7209af315,pending,pending
a3db1d5b49b32942d710a621,pending,pending
5ff0852b02f1586385d15fb6,pending,pending
6c427edbe208bec3ef427950,pending,pending
eb29e3954f85aa5fbb541675,pending,pending
14071cb3a616aa87136d7cee,pending,pending
4f883154dfd81acba39ab04e,pending,pending
dc3a332ad1fb9021683755bb,pending,pending
96968176864dcc1c3adfc330,pending,pending
de45083bf2ca5dc05bde5408,pending,pending
637d54893c86198431e5c22d,pending,pending
df77dac7003303ce699305e7,pending,pending
1169fc02a0b9bdd3913bf9b7,pending,pending
c9f727bc364ea59c1da73e89,pending,pending
6e44e7e3d46afd0a96e85441,pending,pending
438a76ad053a77c4094a6ba3,pending,pending
921a28b87658db6eafc73155,pending,pending
df64c2af354623bf3171d55f,pending,pending
766f933738397be148dccfe0,pending,pending
4e165e6ba410e6109ece1c97,pending,pending
966588c58d3ed041d8039cd3,pending,pending
b60a60334ea7ae60d3d7ede4,pending,pending
55d2971c6d702f0866e6db67,pending,pending
c3c30f2170d2f3b7a469774f,pending,pending
d4b4958df1b32d34d1d87eec,pending,pending
324c93527a222e22cbcd837d,pending,pending
3fbfccecab01035035877a35,pending,pending
7cd25ecddcf8bc8a39527e10,pending,pending
3669b3e3ed8662585265f27d,pending,pending
a929c9b147c5ea2096143dee,pending,pending
07d764a540a65287cd7ed60d,pending,pending
a2afb2bd6620a59d019104a6,pending,pending
f45fcb986665df782f22ffdb,pending,pending
fe685e33b3aeb1fd7e3e4afb,pending,pending
a0597143e061f9e600e53a32,pending,pending
1b384f6cd69faa1133b1844e,pending,pending
5dcfb76e4ff64f3b69fab9b0,pending,pending
b7b5afd9417bfb2039685871,pending,pending
0fa1685289883bedf233078b,pending,pending
cac87ffc1561255dd39b9755,pending,pending
1d59212e18baf2e14ba9ad26,pending,pending
745685b104fd0d53194da735,pending,pending
dbb6ffbf490b996fd15667cb,pending,pending
c8c4dc82168de7e6464a7c1c,pending,pending
3d5b7e8d5c231999a467693c,pending,pending
56d2acffebf0830ce82dca85,pending,pending
35c0482c5125e8388b44c8bd,pending,pending
810f56ae568f218e38afa820,pending,pending
2c98c0fb5f7c753ba214ea83,pending,pending
ec9fb06a5f07839a6db413e2,pending,pending
f8c418f7a5b983d6ec6bf1f5,pending,pending
b68e9651131c0eb65a7ae290,pending,pending
f40ab4a6d98a6b654e8c2592,pending,pending
bbd1827b9356af1a9e2da93f,pending,pending
2cccdd6607523fb0e2de0dca,pending,pending
22125e10f449f021dc64cab7,pending,pending
ebb85fa7b79af3e523c132c1,pending,pending
70847e69d4c7d89be735c8c4,pending,pending
acd6490e9f88641e6017b76e,pending,pending
881af0c37009a51f21ac34fe,pending,pending
0aff29af641360c141280b96,pending,pending
7bde7bb6d8e7f9a80847c412,pending,pending
8699b2dfda1b461b7aa60e57,pending,pending
5b40b716afa4966750adb8f1,pending,pending
6fe0cab1b7752c1182b06338,pending,pending
5fbf85a72c3b1426fd3b2b1e,pending,pending
559b7f5dc31e3a619dc7d78d,pending,pending
ec23785e99b857675ce1c253,pending,pending
c598152db510fa4ac5a71d29,pending,pending
77f4dc65f2c58e375c0be83a,pending,pending
af7631171f89c4ddc705cd03,pending,pending
696715b1c7e60626675f0f82,pending,pending
410c5a8858b1a814fc8a294f,pending,pending
df4b2a29ec66af0e71376f96,pending,pending
7147bbf7887f40e677416b87,pending,pending
6cb9b15b528166c87fdec123,pending,pending
9ef05b9026762adb4b49da5a,pending,pending
fb680de101035f8e70413585,pending,pending
0a323b087f43fafdc3babb04,pending,pending
428545d2a6499879cee01749,pending,pending
57c06bfeba8f80435846cb37,pending,pending
10c6589002ca47426630ebd0,pending,pending
b6e6a2e5ab5d5c6926a83328,pending,pending
2d50ccd2228dbdb8cb5c0d6a,pending,pending
6cff41e9d73b120c15573ad3,pending,pending
2c07bf87f27200ab8792ca2a,pending,pending
6ff238d0beec5adbd07389eb,pending,pending
bf5ba19e10f4dd7c37092a77,pending,pending
1021c7af7259de22b82ee029,pending,pending
ead5efeac3c9695abab7fd24,pending,pending
834001a849c21283834b9524,pending,pending
62a670c9bdaef329008b74d0,pending,pending
604d4916bfef4d62d02b1a7d,pending,pending
a2bb4ff2373f9b29963af532,pending,pending
9b97f73106e09205e871eb61,pending,pending
2c19b85d7e8b6ce64cad221d,pending,pending
dba582af2b0f33104f4076c2,pending,pending
e6a0adacfc1b77a46c4c0bf1,pending,pending
147d25bfa0cc3ab1089724ed,pending,pending
d5c53ff3393fce5dd6c4e13f,pending,pending
8b590c4e48baabe65b23c3f6,pending,pending
0c59d6d0e11f9a8337379938,pending,pending
9976ae7ebc9e9cffe15f853e,pending,pending
3de49b814da717fe4aa5c426,pending,pending
eaa16e3d59987c89cf990cf5,pending,pending
0f498cf1cd02a263c7a2da77,pending,pending
7353b96f5b46f11ff4944dd8,pending,pending
6f9570bef91d6488b83eb8c1,pending,pending
a019a221b6220931d30d74da,pending,pending
ca58261cf4279932900fdc91,pending,pending
bbe0037438b0fe98d815b307,pending,pending
c984abd7456a56611d79d836,pending,pending
bb1274d19d89956cfb707e67,pending,pending
cd7a9866cd933c7b73b04299,pending,pending
2a988a5577fc747769610078,pending,pending
95394a4fbb4adf353e701012,pending,pending
1c41bd993e599150eb1e94f9,pending,pending
76d4e83900bc71a2f7e24e05,pending,pending
f124a0bd3c55e257d00c6849,pending,pending
b9e1f42f02e572f8f2d52b9c,pending,pending
99b7f8b860183e90ea95b349,pending,pending
56e2cce460c7915fed2599a4,pending,pending
12fc8bdf8f7a85e826344348,pending,pending
189ac704cfe7a33612073808,pending,pending
ed2b2e6ea982e040e7cf2a99,pending,pending
df33d5336b0bbe9833820696,pending,pending
60f1e4c26d3dfe63a461b87f,pending,pending
dd125e047f6eab891a745528,pending,pending
35842c345f16277a2530cd53,pending,pending
ba9350bd4c415577ac77fe7c,pending,pending
28f4a25a7f06dde61c6da3d2,pending,pending
062544f2355e8b794577384c,pending,pending
e36c8f84e928fd36441623e1,pending,pending
a077e99c9ec1da6c1e474bbe,pending,pending
61785be93ae7c0346affbb72,pending,pending
e57140360a439d0339323cbd,pending,pending
a99205d8b81e6a0c54f08087,pending,pending
8bc0e389fee002cccda81ebc,pending,pending
9bf5285e02eac22ecd388c12,pending,pending
90dcdcda8c7c991ec5fcfb02,pending,pending
ae0682bb9dd3cbbd9b8c646e,pending,pending
9f2c48b3b792a3bc9fb817f6,pending,pending
9fe5296a84163f86e1b84106,pending,pending
8e050903c7e0c36329562094,pending,pending
f4ad00ba87bf81e6dd005f7b,pending,pending
885ba539fd02c23d2e8d2adc,pending,pending
67cb1565883bdc0b99855dd4,pending,pending
39cb0e3a5e8b488fa8c9fc8e,pending,pending
5011a40b187f9d1ddcb606fd,pending,pending
b7dd217ba9f7cfc6732cb0c6,pending,pending
3f56ae4ae351f85ecad3263f,pending,pending
f1e947b83adb4be7b781eca7,pending,pending
7a67e4adac7d77b927a5cc01,pending,pending
674329d755821ff145f0d942,pending,pending
a0d28d110c99c21841675464,pending,pending
5dcfd36a86cf0a233edfcf27,pending,pending
5a460c701e709206d7470e42,pending,pending
f48ef26a623ea816b8a7168d,pending,pending
96d9beb146cd3db45f5d4091,pending,pending
ac0552b76e0bdf52427c6d03,pending,pending
8bbba8d808ad39e6e6ec5989,pending,pending
35f15caf601df1419d376a4e,pending,pending
7cf207cc2e69a8f3acb079d8,pending,pending
6c45972a1f651e2399a0aa51,pending,pending
070d2135ae3e76d942b769fe,pending,pending
6c14efcf3fc412ba814f7eff,pending,pending
19f3483453adc3fc47bcf648,pending,pending
aea7b0df9ecb5b3cf98558df,pending,pending
64000c0e54261b127a6892c6,pending,pending
a3c0963f7ba1a8390cab9f19,pending,pending
968e426bc5a06bad064d82b8,pending,pending
e20a42c56a43f412fd664665,pending,pending
f1a8fcbe7a717929819d4ad1,pending,pending
c12416f151238a74fbd68f97,pending,pending
d011752e5976aebed18beeb7,pending,pending
b3c36a9a0a9d1a20fda375c4,pending,pending
f72df342ec6ac6fa04ec8460,pending,pending
22dbaa14616fc5ab287eb520,pending,pending
1c5c1d8e07c6971d3e708614,pending,pending
a73e30ee548826a86b2681e4,pending,pending
46a7ebf25b419c3ee4ec40c6,pending,pending
50af072b9d591499aa25f340,pending,pending
93a478c090ee3224b55d6696,pending,pending
4b97886bdd355436267e9e06,pending,pending
5ee2493905bd96f61bdef44a,pending,pending
d2d8cbf3e0b65c2c6ae3c7ac,pending,pending
79952e541f6687d5afb27aaf,pending,pending
074ac9535926b8273404bee3,pending,pending
e4c030350e38746848ec1d91,pending,pending
3735873e6464a4fb99d65055,pending,pending
cd6f7ec87bc5d78fb1de5e6a,pending,pending
84c39e1bf0a59f3371728536,pending,pending
e091c12b3108a5d20b489ca6,pending,pending
0ab6a77ab6feffca2af2baea,pending,pending
04bdf233bae95685813e3124,pending,pending
baf7c4aa15ab9eb5ab4ceb3d,pending,pending
b0c8f3c21ebb174e9de41510,pending,pending
2de1af01fefb6e2460c3c0bc,pending,pending
72ee06a25f01d627d95d6972,pending,pending
a388135d28cd304a12e76207,pending,pending
c08a8effc408be1b28e7cd50,pending,pending
39ba187042a65698613de9a1,pending,pending
242d24891a6652b0d9f053b7,pending,pending
2d0cc08b04bc684058dd4e09,pending,pending
9cff02b2cf4d70c453f38464,pending,pending
a5345c5f58780429cf75c40f,pending,pending
4cf2f1a4ab99d65df3abfa1d,pending,pending
fc7bcdce18c76bb49f19c0cc,pending,pending
ace2a9cf11d769fcb1ee872f,pending,pending
d16911deb8fae570dea240b7,pending,pending
b0f6adb25279fbc4629819b9,pending,pending
e33b587376cd77583825206f,pending,pending
3989a85e4a7f07e76b4c8629,pending,pending
2356af6e0b8320559620f44a,pending,pending
b00f1050ebc514e0691a54ba,pending,pending
a1b21ab89508c4ced2e7b067,pending,pending
4aee0e3cbfa8119f8372d1ea,pending,pending
0df0283468d0a06cb68710a5,pending,pending
6b60004b055b103bf0af88a9,pending,pending
80013a370f4c0c9368810a12,pending,pending
f5b986c10aa7ec8446352e28,pending,pending
8a2a88a90c4449ae8a1de459,pending,pending
9f2db8d97ff79820fb841b80,pending,pending
c1411cf5471da3ae3dcc95c5,pending,pending
bb1e7f67a304528a0b6dce7f,pending,pending
d8433ec821e5a14497204586,pending,pending
8d02f5265494c275d6f6b4c4,pending,pending
9f6978ee9e8512789d299b2d,pending,pending
42942350cc06f799342a3a84,pending,pending
f7ae8dbc03acc183500a42a9,pending,pending
ce9e110449bd7743a41e4bd7,pending,pending
2c293457e31da7849748799d,pending,pending
7ee27a0e418e27e328e43f72,pending,pending
174e5a655e8a6c1e9cb35135,pending,pending
9701a69adc951da6530b4ecf,pending,pending
d7769e909a67c59273078f45,pending,pending
78965a2eb1aa13ab0b4be1e1,pending,pending
cd34645c435103a112c9a67e,pending,pending
ceefbe132e7413edba429494,pending,pending
377831d7e53f67b57bc549d0,pending,pending
728b1f882b41b1ace154c029,pending,pending
92578bf6c54d2fed557f54e6,pending,pending
f85ce42fab5d6da0acd5a4d3,pending,pending
315e5f889e6fc5c132f1c7d5,pending,pending
0a29730307f468ccaeb5c522,pending,pending
0304eba64ca4da33db553825,pending,pending
a27deefe015ad92dab7e215e,pending,pending
fd298ed2360206f7bbd9a015,pending,pending
5cd94e338c8ec9976b53e0da,pending,pending
e92df5139ed4077b95e4d3ee,pending,pending
1404cb82a392f3b8f15727fd,pending,pending
4c4976f274ebc386e6e2f8da,pending,pending
2d8094a7b00e5634cb7c9782,pending,pending
c578ea846d1ba5dc5dea50de,pending,pending
1ec02818e3e2a2dfbaba8eb5,pending,pending
795edf494d99cd0e679f03ac,pending,pending
71fd8a6a4a6069c6afa0266f,pending,pending
58ae8c139b1014108c937ce5,pending,pending
83ee5132259c83dea413e20d,pending,pending
3d3f428782d93c7c0b478b27,pending,pending
323892218b637dfc5c5fd6de,pending,pending
19c85695bfa893bb8905609d,pending,pending
229d4bf2564c87f0b3b014de,pending,pending
951f24d716fd6064fac18479,pending,pending
0663e3d2629cb297cd0df239,pending,pending
56cf663f5254490ab9d9479f,pending,pending
098a60289f3853123a9fc233,pending,pending
1e44c6086f07717a727187c1,pending,pending
a2892eb6c678f88160ec2b88,pending,pending
772940ff7549d963633e5f7a,pending,pending
7a79e972ede8c0a651cf1ec9,pending,pending
817698422f49ca8092df34d6,pending,pending
d91405b8358f3000309f99e1,pending,pending
24d1d6ee535453565383f49a,pending,pending
a1b3adc3353caae384c71008,pending,pending
53325cf655886c4327c85b56,pending,pending
c8c7ba9d7084d982f2e03e6f,pending,pending
f838d492c4394c60a55458a9,pending,pending
d9e7e4ee2136fcac57d57205,pending,pending
ceabcc0b92460024c9a5fb95,pending,pending
b4e491bac55843f72c8b2b06,pending,pending
410a6c541445e95eee229f9e,pending,pending
46d95ce6a4b83d4cf1ea8fd8,pending,pending
2f0f261abab2399810151e4b,pending,pending
61c59b402fa0f5ef2605c3d7,pending,pending
87bd038f0daee48c7e06a20f,pending,pending
18ca987d0a077dae1c68f1f8,pending,pending
699c012146b2ae63d169cb6b,pending,pending
318e06df271fdcafd7f8ad36,pending,pending
8310f71111a5cc6a745eb479,pending,pending
c0d956e984a9e6c03104ff18,pending,pending
d3529c8d6a87f3da8b48d7cf,pending,pending
e3be5394c547e1df0f1830a7,pending,pending
30cb3f129cdfb7f6daf4dd13,pending,pending
1d5b1dc8e81c1754461ea844,pending,pending
c20c5180f1b182ddf73d0e10,pending,pending
aab87089ed1c5fb773ee5bb2,pending,pending
db6d4fb61e5e8e25384e326b,pending,pending
2b41cba44433d9d523762ae8,pending,pending
2fef4c8e235fed700350b996,pending,pending
4b2ef1c7154f12fe75d679ac,pending,pending
cf43c65f7db79b9877694288,pending,pending
7674295f80e1bc3c8bffa457,pending,pending
57c33505c98246f8a2fac528,pending,pending
19018ce3c04038b731780e1a,pending,pending
58d4869636ceea4af0521bf1,pending,pending
b413b96340e9b1f07d7d8def,pending,pending
eddff438ae98e2aa336c3282,pending,pending
4093a0a564914beefd1df8a6,pending,pending
49f2a27a377121c0be3836fe,pending,pending
a7e9619b9f4b148ffcf68569,pending,pending
86eb78f7ef53603a8f1224d9,pending,pending
24f0f7c3af279973f235a7aa,pending,pending
c7b3519ba654c8f2e68c0ab8,pending,pending
db632deb68a4a9e6c1d56f1c,pending,pending
31543b8223f7175593d790f2,pending,pending
f2b0a0bae1776b6b2d5bac60,pending,pending
7e40d265530d8dc40dba6289,pending,pending
8f91d6b5132d2fb93e2e33e6,pending,pending
c77bd9c81c5ec3b33c35573b,pending,pending
90a6d383f0eaa4f9c6bb03bc,pending,pending
6316c9949c2c2a8dbe73bfb5,pending,pending
1d3628a9869f1c99b2dabc18,pending,pending
96c173729e15da6e23a41320,pending,pending
60956aaf96145f7063c08886,pending,pending
8b672516f4900248136a1e9c,pending,pending
cc01b2661f293f5f1c1da4f2,pending,pending
e5fef9c17594bc3417423626,pending,pending
d58aa89b02e802dfc96e9f20,pending,pending
6c43992ad797b0c981673319,pending,pending
5a89632bbc62f52d0beef4cd,pending,pending
1395ccf5d4b9babb82d2ef46,pending,pending
f92b1cf1e30bde85e4cd1361,pending,pending
ed002834d12009471a60b820,pending,pending
6d5f996ab22690ee060c31db,pending,pending
cbcd940bddbb96fe54bba930,pending,pending
ad9cb2709dcd2d807dd83aaa,pending,pending
91e33ce20063bf47b4f747cd,pending,pending
1f8c25dafe451aae456f87f0,pending,pending
c1bb189d6e0c0bb1aed751fe,pending,pending
a55e71db6bcea2f36eec00e6,pending,pending
6f57b920f78f7e6a9b2da6fd,pending,pending
c97cea2b5784d0790d41ae9e,pending,pending
6fced6f19f2e7e85990a0ef2,pending,pending
09a1b6e48b86fa70070a8d12,pending,pending
e3e636776ff4f6f5e8055d2b,pending,pending
8eb497ff5b43bd9713428b5f,pending,pending
3009f509cead4880278c1686,pending,pending
a06a9b9d3812be369bd01ce7,pending,pending
71dac9da3be5f25ec06ba86b,pending,pending
26205cca2da9c22e5f15f97c,pending,pending
c7684ef3967181dadba769d8,pending,pending
6c307c386bb50a2499c375de,pending,pending
6dec1d60d752aee023497f92,pending,pending
603b95588c79bbc02a77bcbd,pending,pending
f82a4d4e6d5cf9f2a0c52f29,pending,pending
1502e2469535939fd34bde79,pending,pending
1404537b7cb93d6d31e47e44,pending,pending
d80895c05e43d95c64d474bf,pending,pending
0a9ffeaaf37a18cfdcff522f,pending,pending
9344112fe245999888fcebb0,pending,pending
eb607c8de1be7a71df8ff43d,pending,pending
e037921b337e5191b01a815f,pending,pending
935dc93386d9028d9051c203,pending,pending
e0bf6d5092434b48a560bd45,pending,pending
630b019cd61dc0650f12a65e,pending,pending
08cee7f20192fa897b3f787f,pending,pending
3d8e236732db0c1b20246b67,pending,pending
a612697f435af3db4f1e0a8c,pending,pending
a7219b24f4bb6292dec98569,pending,pending
06dbc77db2994c2c5e04de99,pending,pending
11b121a3dd19202cad1666fb,pending,pending
b5aa888e6a2c025661d42049,pending,pending
cf9fc2be06c7d83ebc37de1e,pending,pending
1d3b70a5874b130936c21bde,pending,pending
be70af2ae85a0ebd82ce357e,pending,pending
96e2c281f4339cf164e48045,pending,pending
04326f2eadfae72c3b8b2eed,pending,pending
d84f7dae7c7135e55fdf23c5,pending,pending
12fc89fcecab04cd4fb27724,pending,pending
3a27a9469de829bdb56cb539,pending,pending
4b637129ca4fb5e202a25de5,pending,pending
a838f5435fb553c4d87e10f2,pending,pending
c3084a1c546a9560dda6c5f0,pending,pending
29a78c7b066dc2ee3ba1d3a0,pending,pending
fc19dec4416b3934ade5c29e,pending,pending
a5191eb625eef79478dbee8b,pending,pending
bca328841c973c9c39775d65,pending,pending
0996abb362f43aa7048625f4,pending,pending
181dedfe5cdcadca75f41b84,pending,pending
4cf9bbfbdb2ddf8d416bd620,pending,pending
a50253f72c691e49daf8b333,pending,pending
86e18507d2b828bda668d9e5,pending,pending
6a96344f8fdb80679dc6bc61,pending,pending
cd4debd56184430e54d3e498,pending,pending
632a500a0f15ec90b90b6283,pending,pending
962c6095b9e828c9bf16f130,pending,pending
f871efe7637021193cbe035b,pending,pending
0b3dac933b7d954d68177baa,pending,pending
017294a86a62b2ce8162908b,pending,pending
cd13cc1d3b154a10033d2e8d,pending,pending
eac2d6357d3b5a87d00bab99,pending,pending
c9c93dbad8205c202019dfe8,pending,pending
3baa31283d0965e84032bec7,pending,pending
5d904aad82dae09aa7a20ab0,pending,pending
5f04a50fbb8497ac72440e41,pending,pending
084ce49ed108bbd6895f3e83,pending,pending
162dd18c66487ccd689a97f9,pending,pending
bc27b9599f5a1dc50bbdeee7,pending,pending
dd7d13ca48215fb55fddb588,pending,pending
fa43077509688a555f59157a,pending,pending
730c24d796b2bc1a3f613bda,pending,pending
bd1795a95b6bd21ead28b508,pending,pending
a70057296ccabdabf9bcb3a1,pending,pending
e2863cbdd910e4369ef111e4,pending,pending
730778cbb25816d23a12c474,pending,pending
7c03af9e9de48591801e724e,pending,pending
9e0fe16022a97857d80ec3e8,pending,pending
2a2f78fc734fab6958b15650,pending,pending
078c73da958da2284915df8f,pending,pending
b69011f560a34184934c8ebf,pending,pending
4fba66537c8785ff94104471,pending,pending
341be1c3c3d56bcaf24f0821,pending,pending
24f4376f649ab158b830a33f,pending,pending
ad2b4b68cb7e19bb9163ae90,pending,pending
ccf5c42216215f162ebf56c9,pending,pending
e403b688c717174fd2b2b98f,pending,pending
12786e6588aa2fe688a96388,pending,pending
0957ff9d2b872aa446b3d5f5,pending,pending
43a56cc33a7630a1cc382772,pending,pending
bab5f9c1cafd003f73012292,pending,pending
6557dc176ad9e92dd05253e2,pending,pending
8a2b52af2d51f6eeeaed6e49,pending,pending
30797dd68890f04b83761d56,pending,pending
68dcd028ca5623a341091c43,pending,pending
bd75e78b36c6aead12e71ce4,pending,pending
afe40a1d5bd817a046e9afc1,pending,pending
c20d07591c59ff82fc9b1d6a,pending,pending
eee28e59818ccb8676b01f37,pending,pending
0b41b6c0dca4b989b13e78e4,pending,pending
93e555ef0523927bbd89e419,pending,pending
8557ef4ab4c1392cb8c7a089,pending,pending
aa8db68a0008ae6abb406791,pending,pending
9beca51fadbefd7be3aeeb28,pending,pending
c45a676967f4a231e734e4b7,pending,pending
6c0c3dd78298e4fcc73168bd,pending,pending
6f13f11355a21a99d7bd98f2,pending,pending
6ef29f4901801cfabbee03aa,pending,pending
990c53d9171ef7d12d44fe91,pending,pending
baf4aeb6f2b138e2417ff822,pending,pending
f8b60f26db9b0fb06c6d0aab,pending,pending
69641e21924a16ce09fbb606,pending,pending
62cfc22f120442ef7f2662ce,pending,pending
ad46f81bade1db582af94dba,pending,pending
bdd3524966d8eb4c8dc0f7f1,pending,pending
159a4a41019427abe20d201e,pending,pending
edaaf7e37c2e1415f4786ca1,pending,pending
541b7361c7af191b06912345,pending,pending
1b0b1230cf2d8ccee1e69ed1,pending,pending
eb0c5227fcdc7857d90d3e06,pending,pending
5fc92b4fb58b02836b94048f,pending,pending
ba0e8a90d2f6a138cc479cea,pending,pending
207244755f01bbda8cf8a4d9,pending,pending
9ca777a1c1e6e8b024b45ca7,pending,pending
52cdaf97afa793e3e47300d8,pending,pending
0869c0e0095657b46e6f642c,pending,pending
2257f07c664c40578b7a86b3,pending,pending
98cca96d12713f44fe9debac,pending,pending
221a24fe9986a6af06972cff,pending,pending
45e00c26031430e36f6ba695,pending,pending
5f38fc1abf41047ac89bb00f,pending,pending
e1cb7c93b6ba68a459783e84,pending,pending
155ff34bea023e7ea504bb41,pending,pending
cb15dfd6cfd10c8d1906e431,pending,pending
0719de9a80526c60beb2b249,pending,pending
f3a8ea3e4835faded55f1672,pending,pending
86abb80563a04ecbe1e0a907,pending,pending
9ed1d5fadfc3952f468d2bbe,pending,pending
86916d6011f16621d4ef387a,pending,pending
a727a9d6b777bfab9fd73f47,pending,pending
d827191e895787075d3e441c,pending,pending
932a8fe4ebb68d9a315e2e72,pending,pending
80f17ec11a9803dfe4387b13,pending,pending
5eaebbebc83a931bd060261a,pending,pending
aa49b2233fc3d765e125a0fd,pending,pending
de43042b1b5722333f6bc06a,pending,pending
80d67c9b0eba471bb9420fd5,pending,pending
6f59ae55fff31df8d62701c6,pending,pending
7a1d7d3dc93b86db4e4c973b,pending,pending
edf0ad1caa10776dd67dc5c9,pending,pending
254b5c8a47af34db6b992a02,pending,pending
a1150dce31b021c5a8d0c82d,pending,pending
7380368b3e43f9295a43683e,pending,pending
a1826c3133ba2c5778efb2b7,pending,pending
f52d2237e2babf8c5b6ab751,pending,pending
f898cbe3b86ebfa884df54dc,pending,pending
34e242b33e2a3cbc224daf3b,pending,pending
4f1ed290f69eb6664fd2590a,pending,pending
a332578b61f73b628b6f5639,pending,pending
5e07f0467cbea257ee492151,pending,pending
f4f559768e72626b3c5aafb4,pending,pending
ec9a9a2393710a2218c3f1f4,pending,pending
420b8b8785b83907d4c3d968,pending,pending
beab9827fdb01fed2fc6e5ff,pending,pending
a33b62f8476a4fad6f6d70fe,pending,pending
06c46802cb4ea6101bd263e8,pending,pending
240c157cf1d23518a217c9e0,pending,pending
e36872151e43782b824fe300,pending,pending
5f502d99a4f845e7f8305359,pending,pending
72be1f7e4eea94f832256f72,pending,pending
fac126e5783f18ee5e1f4a0f,pending,pending
e80d053967a6ee0be5ccbc05,pending,pending
7b71f48150a0531333ca9ce7,pending,pending
d7624ff5c889130ef8dca6ed,pending,pending
a935cfd333dba55770dcbd44,pending,pending
ba0740f6442d5b3b64c2f2b0,pending,pending
d03c6dc74378267c96ac2da1,pending,pending
9174ef4e0e869997a223b773,pending,pending
8ef0e40a091b7922522a5c21,pending,pending
c377e874a87d55e88f71ece1,pending,pending
40935f75ca353fc18ee4fe81,pending,pending
0ae6a421dccfd88207381bd6,pending,pending
7e818eda46aeb318f6c22c07,pending,pending
877c94a0c9322f5f447fb0fa,pending,pending
aab677a123d31846c268b3f6,pending,pending
2502de4d25f1dd27e5d56cf7,pending,pending
cf714dddfa8d65db3b16a37d,pending,pending
1e02d60919fd2bc8205ccb5f,pending,pending
e22b199bf52fe913d34916c9,pending,pending
ee275da83c359c428b510b0e,pending,pending
cb8dd89b706f8eb034da52e1,pending,pending
a761d4007f15309aa5de2d73,pending,pending
da1a5298a09aecc7d7b08e01,pending,pending
5b13d6c94efe017193c5ecc4,pending,pending
5614591fa1dc9798cdb16e00,pending,pending
f80d880d20da69c678c66efb,pending,pending
9b1100aeae7e51740ae6d573,pending,pending
3685195fe4d6b9dabb2998dc,pending,pending
a1752613520e17f0dde143b2,pending,pending
d1bcad2e10e2657ce5767492,pending,pending
8e8168f4fa5623a9daf59a02,pending,pending
80b621703238ae36a3fd4253,pending,pending
c64d3f7c1fd17b580aa3f675,pending,pending
00a2b0fdd840241ef28d0a21,pending,pending
0f7a0c716bc64f8160efbbb8,pending,pending
ab4fbeeff5cbf7eb8f6c8fdc,pending,pending
3dab7deb9074f2c2c184dff1,pending,pending
596b1b8ee9b8834dd8434843,pending,pending
ec9401c1e851785a7510dfa2,pending,pending
63d6b063925b19c59f1c6db8,pending,pending
a355f51ee4a89ffe64c51b47,pending,pending
76773235150b8d7dc22b0dd6,pending,pending
569e318ec8321193ef31b9a1,pending,pending
8d256cdb74556c3ae38cb4f0,pending,pending
d149dc14ec5ffeeb5a5f695d,pending,pending
0dadaba1d7b9f4e41b54f190,pending,pending
624bdcb73bc6eea6591e18c1,pending,pending
1752dcce94f9f882bd653214,pending,pending
f8aa75ae0dd69e7d0edf812b,pending,pending
5111d244a7ebe36a6e0e87a7,pending,pending
b1026e6cd8370be1c6a6ba2f,pending,pending
0c87c9ae9157b061d7a2cb7e,pending,pending
780bfc725266754405ccc330,pending,pending
d2e0a62deccf52aff92f7d6d,pending,pending
e431d479d6362b8864f31203,pending,pending
6bf322b047ebd01f3eb94153,pending,pending
2c72f6e35f404b62a65af676,pending,pending
55db26d70a99af1bced4681f,pending,pending
6a95b5a7ba08f5f9e52f923f,pending,pending
3820de9df6beb0fd94c814e1,pending,pending
c8e19052cf6f05289c69dde2,pending,pending
53741327143a7478a4cc1fd4,pending,pending
acde515c3d1020e431f3845b,pending,pending
ba00b823606c2f23d996a230,pending,pending
8af6838ce7e6808bb5bbd986,pending,pending
cc917c29e4b574f276974f3a,pending,pending
f1c77a8ce4f6a4c5114855c2,pending,pending
f5c2e1613def55cb0b98109c,pending,pending
c43db0e581ffcd6b563def5f,pending,pending
f9e81f859f706777e0645a4b,pending,pending
7afbe0db18962ed651f16330,pending,pending
a6c6a5751d3ab1f580b3e31c,pending,pending
8c50bc86ab9b07169f505c25,pending,pending
eceb0b68d73833088689ea80,pending,pending
45b950110f25694e02f98184,pending,pending
e51fdf84d9ede845488aa6bf,pending,pending
dd307286dc4442552bee1e08,pending,pending
507d27f41ed67b04f30a3c3d,pending,pending
ce93def4e51b446f79962efe,pending,pending
ea096fd7f7f1eb684fab3bee,pending,pending
a9f77fcd1f95a3b8ffcb0b9c,pending,pending
3e01f13355db92d9fdf681c8,pending,pending
11ef5c9ed5cebab9bd4b7d08,pending,pending
9c5db9618ebd18bccb59aa54,pending,pending
ec0efeef2132791d0e718d11,pending,pending
2187cb4c6d3d2cc09104ea88,pending,pending
9e17f724e34a7b589ea949be,pending,pending
3b1c486eb2407f9b6a9b94cc,pending,pending
ac61e2ec53dab941e85b272a,pending,pending
70bcdc7a28d018a458e4c83c,pending,pending
467d2c31f4f1a6bcf454576f,pending,pending
bbda7d5d467143e172484883,pending,pending
6641e20af05421613e80cdf8,pending,pending
3f2a84b5356ebd52c496b3d8,pending,pending
293623400baa4379d3174e46,pending,pending
f1225deb78c80345c9ce14fe,pending,pending
26aa4f0dc79c6a30d6cb4de1,pending,pending
a324f6cd8a55ace2cc3e82e6,pending,pending
50a7c73b5161825265cab8b4,pending,pending
7e235f4e459560a07818f531,pending,pending
f74e9b3568e877bc5b0d5cf4,pending,pending
f4866b7e41400bfa68bb231b,pending,pending
6c78d5f871baa59545c588b8,pending,pending
826a55c2f67edd985ef83037,pending,pending
9caab2873bc0f12766957c38,pending,pending
18084090d4f24dcc4de47081,pending,pending
ef37059ed540bca5aab105bd,pending,pending
068ceb63e0e9de77e807e603,pending,pending
3ad5c7d5a06b4884f02f4fe0,pending,pending
10993972e66e4ee607958c5a,pending,pending
e9b78991e9723330beb7369a,pending,pending
6eb726eaf83f120a3f00dcc6,pending,pending
c2fca8dcce5dc64ff8f10f28,pending,pending
d3e112ddbe38c40b38bd53da,pending,pending
fa5c1fd89deaa45de04cd4c3,pending,pending
4abc3a3e01cf18fc13ee86a0,pending,pending
14ed1d1ec92c4d5fc2527cfb,pending,pending
1d88f7c32a689741d92f7584,pending,pending
58b4a17d24daaf2847a50c6d,pending,pending
8efe2e25cc707a9d340a0c8a,pending,pending
80cbde012d4851d9bbb454da,pending,pending
1743f0d78b4aee3295c105a1,pending,pending
4ce921b8751314fe9bc7b285,pending,pending
fe9d1d6b760a10f0f1411313,pending,pending
d613158810bf4be8e2d93afd,pending,pending
3e27a9c42793449acb8c205b,pending,pending
d33cce26ddc6fc184b410627,pending,pending
c49d0f41ffd464a216dec2bc,pending,pending
e4d06ddceecb6a3461c31424,pending,pending
086c8083b5a6e58de451fb0c,pending,pending
c8de95ff7720f99565be06a3,pending,pending
caeeb9c70674071c2e43dc21,pending,pending
401fd77b7979d66b6509daa1,pending,pending
0e1ed7b82766c60f0bce7610,pending,pending
841744e98166ac49ed063692,pending,pending
d0ca43d92f1765edbccbcf6b,pending,pending
2e94ecfcea8e9bad2d2bf107,pending,pending
801103729edb13e3ad709039,pending,pending
f22ba255afda51bb55bd0a87,pending,pending
25f4c32f9c6ecb2d62a11c38,pending,pending
cd661887a6c49ab7d217cfb3,pending,pending
32ed6fe75c0ad3339ede9f5b,pending,pending
4bc3a2b5f9feb74960c718c0,pending,pending
e67192ce3166b1b0b5ad755e,pending,pending
c2246f8f48a671064d95c1ac,pending,pending
795ef4ac0a584bac32b4b5e1,pending,pending
9a3d909161ea2124b8c1e6b9,pending,pending
85a3f4a6ee98ce9a8ed7c8c2,pending,pending
d7a6eeed013c17640f8ad23a,pending,pending
f423ca8ebba94ba64a16b4ec,pending,pending
24310d59aec1df99e3193a51,pending,pending
10d214283a16f228a862bf66,pending,pending
6836c6a169caf219b03278c3,pending,pending
b9f1a20dbc9d50e79aafc620,pending,pending
9a563fe6de5f943bbd1ab823,pending,pending
90703e4363738dc0b56d9da3,pending,pending
22c73394396ec84247a1d8d7,pending,pending
3b7a98c02d8172db0e24817c,pending,pending
ceb8e41d605bf24925b8b97e,pending,pending
6e55c55b8e26eeacbab20158,pending,pending
f8cf7c7182fe47bfa4a077ff,pending,pending
eaa2d9d6b30db4c07ba28075,pending,pending
b1ba731091fffc3eb180d8f5,pending,pending
b25860c78397ef2cc4ede4ba,pending,pending
0eed0e17f36807d07409fc5f,pending,pending
d4b5ac412b34f30f231444cf,pending,pending
74f35863505ee6a073538004,pending,pending
22fe5247db99547a2d1f994b,pending,pending
37f3837d5dee694a1f15b50a,pending,pending
38a7150ed5423e88bf08c1eb,pending,pending
e3a1a0c71e31728636d8e697,pending,pending
c17e9ae85f644a2157431b09,pending,pending
9a9b0ca57dcad767d1995394,pending,pending
a8050587b034ac7f7b334ab6,pending,pending
e6c2057254c9d03a4d6bb88a,pending,pending
25cd29a81a9280d9a7364e8b,pending,pending
2bd180c57180eb5de894ea7c,pending,pending
2eddbc8c11b76988c76d2c9f,pending,pending
fbec204dbd9f76422a2bbf6b,pending,pending
ed673a99dc98d682411c8f47,pending,pending
aa596572126c00c2f3951d90,pending,pending
815e137eaa89e6b19bafc973,pending,pending
797a055740a0e1c96d87bd49,pending,pending
04b96f449c1377788ee3617f,pending,pending
ebae5f15d0d06d9f14c656b7,pending,pending
2b723e7c0a71d84d3f086b8e,pending,pending
833654ced156ee77f3bbe6fd,pending,pending
51501ae504ab87ed584209f3,pending,pending
605b4cb8ce2547d09ac982c6,pending,pending
9858c02c220c5971a2260257,pending,pending
cf7e24d419c76cb2fd939ff1,pending,pending
66af65720bf6d83bb786a4b2,pending,pending
e53451182d92e8c54244847e,pending,pending
a433cac5c38ae2fed8a89f1c,pending,pending
df5467a5dc8c9b8c1524fc77,pending,pending
c11e7b8804f010685bc8a265,pending,pending
e3e5e796b3bff778d42dd0cb,pending,pending
780f6c5c55322028e30442ed,pending,pending
cfcbeb20a028e6050b442f64,pending,pending
a7eb5c4cf55f5ffb716dccd0,pending,pending
d85eaf05959082a309381c7b,pending,pending
68b7550091fcf63d0bc22099,pending,pending
8d92f4718686e7a1579f9fc7,pending,pending
835cbbe29db64e44fc3ec64a,pending,pending
925b0445cf068471ffaabe21,pending,pending
e04012bf60b54576ecd612f1,pending,pending
2b737f769e8da042c20bb5ec,pending,pending
9de698ca22e14c5c2f131f09,pending,pending
f511c0d1ced140f736b29c87,pending,pending
f4c731b048bf3b4836d5cf60,pending,pending
4d9f50a69074ec3ce240b0d9,pending,pending
2b4d29d193815c6ff7b9207c,pending,pending
d9526ccb4a61bde5398131ff,pending,pending
fabcab09e04e5d48c9ac4b2e,pending,pending
e006aabb53ef0b7e7b158ce8,pending,pending
4096dd483ad5602ebc0d63b2,pending,pending
17a19ae38733d55865001103,pending,pending
6da942ec27204872567828f8,pending,pending
5252dc385b02923f22611025,pending,pending
a43082d656f0c7e5fbbc1930,pending,pending
184ef2004ac0c06617460f11,pending,pending
73bdec0c92e0dc2b19ed4a99,pending,pending
c431da1dd69cb1f90612dc1d,pending,pending
0ccc60dbba5b1c476aede818,pending,pending
f88952c52b79f1d81159bc48,pending,pending
f626626d4971d5d6f436ad5d,pending,pending
83db74bc3d51b382e924ef81,pending,pending
c8959cdff3b4a8d5ee418122,pending,pending
5c797df2284ffba5eb9dd2d6,pending,pending
770ba78661ac2b3c9f113d7d,pending,pending
250ad4e456811cf4faaef00d,pending,pending
ef8c9fa4e9c17f3ac88f24b4,pending,pending
5d603702ede5da760d26e196,pending,pending
881032d04f89f03aba4119f5,pending,pending
3205221d68afcc890243e34c,pending,pending
2ca254c4f5135ca5fc8837d1,pending,pending
5cd2a399cad1fcbd4cc1f0d1,pending,pending
326c40c01ffc2f675a181e2e,pending,pending
007c763f349438255676856c,pending,pending
397735cab1fff68ed10a9c65,pending,pending
30469231f92f9522119094d8,pending,pending
3184d0c08a8b14dda5d8debc,pending,pending
0dea2f000bf37456be5539dd,pending,pending
eebac676096bae6b73f0e2fc,pending,pending
56852fc62222836811dc7778,pending,pending
8b2641208a449b99a96d6dd7,pending,pending
e752bbb6fcd51c0cc6104b7e,pending,pending
be50a4920bdc5d009c4ab07e,pending,pending
a767bf183b18103a9ca43bd8,pending,pending
1d770530c5ae51d3fe309e45,pending,pending
462e434c416aca575fec1b30,pending,pending
3ea852902e33f2ae2db94715,pending,pending
335399d1e1a634ad1ad2ecbc,pending,pending
336990140fc60248e2a3d8ca,pending,pending
33c796529367105d08e71d8c,pending,pending
7ac818e87283a8b577b5100c,pending,pending
7035f31115f1226f7091dac7,pending,pending
cafd60d0302efe0e3563c4ac,pending,pending
d83542a16968d7cd1f3e4a27,pending,pending
d5d8c0010e3c58b33f0f0711,pending,pending
66c3278ebff7c6e59d7f8bad,pending,pending
46b08b87121588c0622e39ca,pending,pending
c43ea31b84a7cd416e474a79,pending,pending
d360f8982b94e16721c71c8a,pending,pending
142f5043d2b036b9d90dd16f,pending,pending
c492fdc6d6dc208e79bb42c9,pending,pending
88bcffb432672d2afbab3d22,pending,pending
917fb3635f4e98ad3366212e,pending,pending
048a3e53b5888c9fc10ca67c,pending,pending
4e6f13024ef5bc23fb755484,pending,pending
1eb58dda2e381393dccc2909,pending,pending
be68918ebb109b43d823dac6,pending,pending
81f3f428be6f0e958dd9aa3c,pending,pending
91482b479aa36671b0d94651,pending,pending
cd97e70bf35e7f79de9f1ad0,pending,pending
37bedd18b6b56cd392b7cb05,pending,pending
930b4ff1324669076c8e241f,pending,pending
6ccac3eaba153d5548ba407b,pending,pending
b10dd6388fb425c3a3471066,pending,pending
7e8819ecd358b6df516206a5,pending,pending
332d185322a65bcbb62fb71a,pending,pending
ea8dd20bb3c31e4086e09cc5,pending,pending
fa9781781a68704d9fef29c9,pending,pending
cf961fd72940dd38ac368ee4,pending,pending
e0e9507501cf03025a99c156,pending,pending
84c440791d52f2e7aede03e6,pending,pending
dafce8d1433d3ddaec3a72de,pending,pending
22d2f1d152c62b8453858230,pending,pending
f36c1e06a7836604c9f1775d,pending,pending
80c7275424b2969e9d60ae7b,pending,pending
b058827dbe750548a702265a,pending,pending
ca8de666b902a3a99fc69d72,pending,pending
1db3256a2f2e73de2b2c4df3,pending,pending
143cfdf06ef1f11af3d3438f,pending,pending
c19c4274678c97150113b5ed,pending,pending
8a2bef6f05a0a1563dd4e46b,pending,pending
0c380e258a9f33f9006b53d9,pending,pending
cd7c8896b976c5bb7b9e380a,pending,pending
5f768af3b074bf968a58cfc3,pending,pending
862edd32cf16d3dcc1a313ec,pending,pending
532c1d6e636258bb975ed3ff,pending,pending
98b8eed95518b7064447fd6d,pending,pending
7d30981a721aa4e9b8ce615b,pending,pending
d5fdcf647663e3f0eff489e4,pending,pending
e485a64cfdf56652647b3562,pending,pending
6ac3b74a3796fd39d83679ae,pending,pending
9439ba274dda94e75eee5d1f,pending,pending
3aab4c33f4f80ff99de3be2a,pending,pending
d3a0a37111cb619227651d65,pending,pending
a78acdd4d34a647987389585,pending,pending
3935bd9be801938feac40655,pending,pending
1739f0132f617db5bc17bd51,pending,pending
47e552d4b201de29874c9289,pending,pending
bccd7616c1667632da531b16,pending,pending
ac575ac76628970a0313d6d1,pending,pending
f06e848fdf4430ec801cdad9,pending,pending
3665d4ef4da61eeb7eedddd0,pending,pending
dbd1859b6029ebce6a255893,pending,pending
9774f090371df5d3d89c9857,pending,pending
7e524b9117a78210c9d59fab,pending,pending
b2bf278cbc43abb252bbd2c0,pending,pending
bf2b9a48d24f751823e04b0e,pending,pending
8ee8c9ea26565a5fc3d72706,pending,pending
75fbacc45e0c1edc2b90fec7,pending,pending
528ca83e838a4b3d4f19007c,pending,pending
82c189bc3ccdb4a6554e6a20,pending,pending
9fcc4109757befd1e0e66127,pending,pending
1f7989c72073ef2a1e7e1aa9,pending,pending
826c1b9e4bbad3a4987161aa,pending,pending
65de3a3215d1cadf3e0a787f,pending,pending
bd19cbe48e80577091ef33a8,pending,pending
1fe4d501ba29f90a7baf56e1,pending,pending
721bbba4c374432d23500c94,pending,pending
0aa5fa01fbc9574513320c2a,pending,pending
77107eafda390ebd31004ca8,pending,pending
213f3d5a9878bf3142889fdc,pending,pending
d80dbda45cda9de31858dbb0,pending,pending
35c43faca7b0ebb1ebf69879,pending,pending
26e7457a17dd05f5ca9bf313,pending,pending
d5ddc4a6b27c2638e37b6592,pending,pending
801c8400611237b2a60ae4ad,pending,pending
08f3cae61a3ef5ddc394fb3d,pending,pending
4bdb1ce32b0750f6b0414d94,pending,pending
f4a87dca8f1f13fcd75de390,pending,pending
1b67caab3a68421787081f2a,pending,pending
87f949e2cb7cc956b67c97f3,pending,pending
8bc387ee18f7c4316b7a01af,pending,pending
57c62faf60814d0b3ec1ab74,pending,pending
19ea7259cf3added2f1d7b51,pending,pending
fdba3e1b7f496dce6f8123ba,pending,pending
873ed4bab80bae4b8f85bd4b,pending,pending
60fef75f70521ba216328ba5,pending,pending
8bd18fa659ddb59f44adb8a9,pending,pending
74015818b1974cabdea9a9a1,pending,pending
2a7028a6c5cc9c18785e1205,pending,pending
848d42f9042a07cb5da5118b,pending,pending
916eb313d1ae8361cdff9cf8,pending,pending
c1ee8bc5cd00ba3c48ac5726,pending,pending
270ab3da76f989fe6c78a730,pending,pending
ccb01ab84516792d805cb8d2,pending,pending
405d1f4140a8c72b5260c627,pending,pending
668b90dd7b29233a4181cbed,pending,pending
e0c876c9700e5014f2cc4ba5,pending,pending
ecae8fd88db186c2d6bd7511,pending,pending
8935d48a3e172742c847c567,pending,pending
f6569ad642fae3dd718aff48,pending,pending
c1e77fd7e0b2272a5ce1e709,pending,pending
a1b7035afe2d74f29b17600b,pending,pending
4f7edfed9e2911b09ccc48a3,pending,pending
9dcd222fa9c9b876641f928b,pending,pending
617e1e32fd0c5d9df072d13b,pending,pending
0aeb11e74073db3e735aad32,pending,pending
5398cc8e507eef9928d096ea,pending,pending
9f10dc18034e2d20ca466551,pending,pending
24bc7cfdaa7f8e0c80763635,pending,pending
596e59bd48e7942baf72a532,pending,pending
3b2c719bcd02c0e2767ed871,pending,pending
bcf8ae4cc3611e800e297bfb,pending,pending
74e9a6bfd5410f3d4c53d263,pending,pending
56801875ab504c6f17b6cc89,pending,pending
abc0f166efc3f569bc8cf173,pending,pending
9d0e620ce49815606c1bc1f3,pending,pending
4b7e9e3901e082fa3e6c3a64,pending,pending
494cb9c8d07c7cdd0bfdae4b,pending,pending
3423fcde4fb06a41ccba3eb4,pending,pending
8a4c612fb982b36b73fe9d27,pending,pending
c120e1abc4a5be2c619b5416,pending,pending
73d4507c06fc15c972652879,pending,pending
2a812526f3d7e6dbf80acb69,pending,pending
b5f27b1003a538553173aa60,pending,pending
1a376a8bf016fe8672d3bbef,pending,pending
959557c766557af46c43726f,pending,pending
2622147f46df992f261cdd71,pending,pending
3e3c80feaf572c95a76014bc,pending,pending
35047701c5abcae346fa446f,pending,pending
5e82dcd86a7433fbf8b7ecc7,pending,pending
e3e9f6ffef372eb346cda08d,pending,pending
0060f1b90d6caaacd88ed89b,pending,pending
6e65dbc954eec8121d20e9c7,pending,pending
b710d42c91de3fcc1f0e8ea0,pending,pending
d5e15d3736e09b738a50185a,pending,pending
0fdcb61be22e2e496793afc4,pending,pending
b18921f0ea57ef0ed233ba50,pending,pending
b1b65131f83c229a058c9ed0,pending,pending
e981be6be51ec2c05440942a,pending,pending
6288024db7c351c1dbc1e65b,pending,pending
bbc1e402813fa2d4ffb63674,pending,pending
605b8f1f6d91ad1dabe3ac0b,pending,pending
1503b979ba1c0120f46657b8,pending,pending
eb58442b3338a5089903261f,pending,pending
2d286acf55fbc6c09800fece,pending,pending
3e98dbfd63bf46eafd358735,pending,pending
19cbd04c63076c2bbe3b739f,pending,pending
cdb613e383c3a3f807d599b1,pending,pending
1d98e0b8366685c97859cfdd,pending,pending
86431002208428f598b1cc9e,pending,pending
4b5b57b84ab21259e78648dc,pending,pending
f677242bac4a5950205e0382,pending,pending
087ba24687e6f818432335b5,pending,pending
e4cc2c37d0340adcf35e7835,pending,pending
0e591867ced9634b8b457a4d,pending,pending
ac2d84e4ba6ea4ebd3c43975,pending,pending
d8955efe6a65511fc8b3ca68,pending,pending
38c76dfc14e17a068e8078bf,pending,pending
70e2a1607c39447088386017,pending,pending
7a58089c8cdc33a0be02982f,pending,pending
bb310d3393717f6bc0d64d37,pending,pending
48266ec81828325edec1625b,pending,pending
38bb0c033333fdc5029649f9,pending,pending
345ac1ddfa9056285faf8e41,pending,pending
e7a671565279d1ed34070030,pending,pending
7f01ca6fee697badacaf682b,pending,pending
059ee500dd5fbe1cab24adef,pending,pending
b89546e3c8e79f9db24c2d3a,pending,pending
9f612543c87e6c90aabfdbb2,pending,pending
fcf8bf3983977c44cf467482,pending,pending
8ec3d9ff1339f1575275bf85,pending,pending
959bce7897d060b113e3f1ea,pending,pending
9dda628f785cff8477999086,pending,pending
69a9e467733f1feb18aeb529,pending,pending
c2fbc092a930a0aea495edda,pending,pending
ae41a36df958369c7e3633ac,pending,pending
a42c4c1bc003f593605bfe64,pending,pending
96f9c5213a24f9447c5e7393,pending,pending
d437bcd9fde441a503deb1dd,pending,pending
d0aaa481bad59f17f4d0e220,pending,pending
7c1fc3ac19e872d5ea3987d8,pending,pending
4ae9969ccd065d1e324195d1,pending,pending
c37376c6e160a96152a17100,pending,pending
11c97b151d7b8754cbaffe8c,pending,pending
ac0c83cdc88107b510b6898a,pending,pending
f883a9d741633652ce1a9f7c,pending,pending
11b39ba70d0ebbcf785f8378,pending,pending
45a5a958275453f5d6bde4c7,pending,pending
c00dd1b471f0c9219ca340b7,pending,pending
3a94ebed565a9cd0008b4776,pending,pending
464e145b4a394f9fc00e45eb,pending,pending
089bf50b6c9ccadeb48cfacf,pending,pending
1a268d34a605c3ab4d05d5bd,pending,pending
d7f93cf99443ef621cd01cd8,pending,pending
60d014de0ec169687e5a3845,pending,pending
cefcda9f7fd5d679bd50c4a7,pending,pending
017979940473c32344faa2f2,pending,pending
1e78931a5b1f6ab46f0bdd56,pending,pending
f5e4b324c0c5deb760d3ca5c,pending,pending
a0cb89c1862b4048e96bab98,pending,pending
6a47035339b6f4eb58f50e74,pending,pending
1289904a316acf9876f62554,pending,pending
e6300dda8136c72ab2abe3ab,pending,pending
70b018811008fa15960b52e0,pending,pending
ab4b0ab35e2abe0015fe9fc4,pending,pending
915465086cd862f0cc38be18,pending,pending
a3b201d0e3e8407322150186,pending,pending
2f61eb9806763b2f91c0803a,pending,pending
955a56946910c2ca63b32857,pending,pending
0565dfb99d829c71cc425000,pending,pending
328991e7e936b3ea328cee08,pending,pending
38fe26ef91495772f6feba47,pending,pending
18d72deeffea8c437b8b9026,pending,pending
514c20dae6b01ea3398c510c,pending,pending
a846ed72a3025d04011d2c0a,pending,pending
949e2b5690e38acae2348d17,pending,pending
0290ab1ae4ab509bcd06e616,pending,pending
3a7a496d6b19789779b8b921,pending,pending
f3810b9e5732ac8c4471b5c9,pending,pending
edef74b08b01fa17b1fd1c72,pending,pending
603efb655eb22e68ec7896d2,pending,pending
2a5a616d23efd153e59d5fd9,pending,pending
8141b97449ff3c9da366e842,pending,pending
fb78fa033bb7caf7e706bdab,pending,pending
820b22823616965a1490a5f6,pending,pending
474401af423539f3e9198319,pending,pending
54bd4afed34c1efc766457a7,pending,pending
1dfbee9df42747828e8a8afd,pending,pending
9fe44f3c84d543eaafa4c424,pending,pending
e4da70f5f2de715bd6415eeb,pending,pending
213e5eb3415c7faf828fb5b2,pending,pending
ac9eb73dd1d91b4730d9ef64,pending,pending
d01c429c0d4d5c0051067d76,pending,pending
79a4091e65ed58d665ec8fbb,pending,pending
249e0c979c915fb94e7e5d1e,pending,pending
c2940ea3c800d6aebe8f679c,pending,pending
0ae3011badbb60b733020ba8,pending,pending
c748d296a73a0035c35b6fe7,pending,pending
9b5d721054ec18d391d0deb5,pending,pending
09ddb4e795868c8b23a8c236,pending,pending
7a0aead64f0bc43383291e20,pending,pending
c5c8bf2ea7adc13857f1ab45,pending,pending
d95e18a9916a755ab0bb59c6,pending,pending
a926c40811c7eb0cbbf12f63,pending,pending
afd79606554b7e276d42ffd3,pending,pending
2f26bf2051c220716e5ae627,pending,pending
b10011d40d3767ca3a840213,pending,pending
055b8c7406ab1193f4bc170b,pending,pending
77747dc9ec9e6819b216eeff,pending,pending
a5e9286f551fd265171817ab,pending,pending
36940421c0d08e0bf6a27244,pending,pending
f5f8c6f8d3447e9c05c0b01a,pending,pending
3a3dd7dddb60fe6079302af8,pending,pending
95ce7512fe4436ef214f0127,pending,pending
9dc06ad214a57958de8542ff,pending,pending
a91a640461841e53a5476c9a,pending,pending
e1397371f1a44b0bb511435e,pending,pending
a4a3caabc0ae5b2e9cbef4b7,pending,pending
436dcc2a7750ad7010dc3319,pending,pending
89cea8a5025c939a561cd77d,pending,pending
5f224494090ec55f95a39586,pending,pending
9f03f05f05e41223d62ae158,pending,pending
39c3cd31ed8534e8882a6929,pending,pending
d1127afe554ff4a58977fa9d,pending,pending
aeacaceeb50e15f7b2bc38fa,pending,pending
4429b66767392e2e3f9cfbf3,pending,pending
a76aebae5abba3c34cff481e,pending,pending
1a3a2ff7a5f9be2efdcb78e5,pending,pending
322298db6134ee2b01a2be77,pending,pending
365a44a041d8f01bde6ad289,pending,pending
07b12ccb71263796221faa51,pending,pending
7940c58828e40e7495d5ae2a,pending,pending
b5e605ea1f4798e801708b4e,pending,pending
1481d80eddc2ef9302c3ea1c,pending,pending
e0d37f924c9923865bbddb08,pending,pending
b621e33487a0e364bd8fc5fc,pending,pending
2045de51604091e0fc281103,pending,pending
c03994c314d5cc27b0bb0ab1,pending,pending
995195c6be31496bd200d943,pending,pending
58acd1ce68e568b008d89fb2,pending,pending
07b32233eb558972e67d3ae8,pending,pending
46c553b329b31be805849004,pending,pending
867ecf69b53d44e38a4f2c3a,pending,pending
808db45e976e939a4e9457fb,pending,pending
4285af32617e501376bd522f,pending,pending
0ab6a47dd428765a0978c48d,pending,pending
6fb7982c98172dcf463e3b68,pending,pending
35203f53ce0483202f032f16,pending,pending
256e31cb37938c2a9d4b540c,pending,pending
5ecafa59f0c7c6cf58f6a40d,pending,pending
bb97eca7eb067852253bc6a9,pending,pending
40c01b5b6bb16aba1f8c1968,pending,pending
6db591d94428bcfa456c67fd,pending,pending
c6ab946abe5a34e90d1a8959,pending,pending
495811ef7096210a5b451147,pending,pending
7758df990352f739203c0600,pending,pending
62ad57b0e15a6ec11ca8ee6f,pending,pending
d8f9a590ae9e457a75ec808a,pending,pending
faa433a47f573bd95f01d721,pending,pending
dbb00b2b1b82b723643c1725,pending,pending
69dc6646339818b846f9f19f,pending,pending
3c45933361c02f485a6bd932,pending,pending
f29296241717c56095b760a0,pending,pending
b491616245a1899ff1dce307,pending,pending
ce4bb2c9a1a59484e08c518a,pending,pending
a60fb22236c4c1b0edf34ae0,pending,pending
77a87ae31c1878e6ac882861,pending,pending
6472a39ccb522ac75252c90a,pending,pending
1ec3627b86c4b3cbf7c31311,pending,pending
07982599f5f093a42505a561,pending,pending
80da2a99293adf52b96468da,pending,pending
21682e71db1c9593e65ae587,pending,pending
ab30a88cb854cf174923cca6,pending,pending
24fd9918f4b8339092d6371d,pending,pending
6d6599cf5044cfef4b900104,pending,pending
8fd966f3b3edc0d24c9bdeb8,pending,pending
6fa483573b8906f0c1210923,pending,pending
4f503a116803a10da2a1b82a,pending,pending
e1e796ea267fcaded16cee82,pending,pending
d618fdbc367904685fa87a81,pending,pending
3a1edd45d699e588f10d8c3e,pending,pending
dee20643e03736b5010281d5,pending,pending
5168e19125a17564c2d114ce,pending,pending
bb46d22a6125e928867cd590,pending,pending
9188b1f4c28067e227e8f6ab,pending,pending
466394de0ff29e9a104c80d0,pending,pending
99c10df7162cd2bd3175f77b,pending,pending
0e4744f2ed56d16a731bed38,pending,pending
478f8f8ac919763b5f06b42f,pending,pending
de47afd0ed2793577f1d3bf1,pending,pending
38493d58cac46ef5cc4e82c3,pending,pending
8463cb871183f852d6d47370,pending,pending
419d795f1983b82d0620c67f,pending,pending
5096c23e34e2bdf7b6353ec7,pending,pending
7ac5c447705ead38f4f6036d,pending,pending
21429141a1e15ccc74e43a16,pending,pending
858f07705a7ab60ccd49e4ef,pending,pending
1bba80c37be982863f6e8504,pending,pending
6efce7d0b0d25fe8b1635fac,pending,pending
83acf9cc5d022fa2557d49bc,pending,pending
1af26e6ffa5b645ab5e65818,pending,pending
ae5b2982b299f4be58d310e4,pending,pending
1a68c88ab7a10f3ace153bba,pending,pending
f33b6b7e5959870980110083,pending,pending
d754c405f57ba32afe6a9adc,pending,pending
98c29477fb985bc5802f14d5,pending,pending
8c0271bc641eaec1908a4a08,pending,pending
b79ae8b843d5b42f86ffdf5f,pending,pending
d0c0425ce6220f3603aa5c7c,pending,pending
166d9dec49e3973e13a2c832,pending,pending
e06841c86c0085bbc23745fc,pending,pending
fae4192c43d1e146d27c8e5f,pending,pending
459fd1baa1e67f0901aafaf4,pending,pending
201d66e3ceaaebcd06deff09,pending,pending
59b46034c6bce7183733ee07,pending,pending
cb7f1229cc36b572300f7783,pending,pending
6c5ce0529aa56159345e0dbc,pending,pending
5dc002813a5188b4026d4990,pending,pending
f18413e235af21380a2eaf1b,pending,pending
a84bbbdcf038e52585a49f7b,pending,pending
564240759b3f7f967ae77d71,pending,pending
524c91260334fc8193c72de7,pending,pending
e3e9efffdd1f9434452a7c42,pending,pending
eb0d9890af15f71b2c2eb261,pending,pending
64fc1cb531f46036cea3d0d3,pending,pending
112748ff92f7a92d8c8f1cd7,pending,pending
f697b8ef23acb3c0a60272cc,pending,pending
5bcb13383422b7e63da010a5,pending,pending
90d234684a4700a0e7b93b0c,pending,pending
8166e5ec4f8d24b38ef32b10,pending,pending
2aafd207fd9d8188eaedcb43,pending,pending
c6a035269bd24c0c51b0045b,pending,pending
e7567dbdc5442b0b5665789e,pending,pending
bcf37e1f81129ed100b3d3c9,pending,pending
7910d4b5280a7b806e5bde5a,pending,pending
b0f45b35fc97125dc8526d24,pending,pending
710763fb5336046d8a5bea65,pending,pending
2f9424690383ac3cb09ec167,pending,pending
c3f438a16e5ed2fcca45c5e1,pending,pending
1e4b00bbf49ae41b90cce0a9,pending,pending
700e555f000844124a8ee71a,pending,pending
bb4f80e05b88d8c8245c2d79,pending,pending
e756805d356fab24d4c9f60f,pending,pending
bb3b816a156414505c77d91c,pending,pending
41cd53a5cbd81654f3630433,pending,pending
0e33365edd3a3b1d7cd28698,pending,pending
267d900f2b5dbdaff835a7e2,pending,pending
d94c3d062238a73b51121dfd,pending,pending
c6a0eccda4cfbeb1b4afc5e7,pending,pending
d371c8781034d900cfdbf8f3,pending,pending
827a41856fc177d05b7da90e,pending,pending
eee4da8453eae2ee814ac8b9,pending,pending
1fae3767ec0595d33f9e2a29,pending,pending
49b083875a993ddf083b5a5e,pending,pending
2c011762fc4bc64e1984e5ed,pending,pending
88a9abe5c51faf248a413497,pending,pending
d7da32088e4b7f4479651f46,pending,pending
e103c42fdb2f1f87c7153657,pending,pending
182b28ece4d721f1a0b1938a,pending,pending
a5c3265a4d537eee7f69810a,pending,pending
e7a262da6aed01c5757a8e1c,pending,pending
f64297ccdfb52bb262b3faa5,pending,pending
cbc715fd5624fc1bf79b0c04,pending,pending
4e0beaef998a3b3ffea72aba,pending,pending
ab5200424380b68218cccb84,pending,pending
f32fa73211af9830c6a4793c,pending,pending
efeca025fe891b067b0cb2b4,pending,pending
1dac959afe63bb75f710cf0f,pending,pending
ed8a9d6b986f159c2c380a9b,pending,pending
307ef3f2d4b275a2fc50d5af,pending,pending
a6f2d650e2ddf0bdbd07aaf0,pending,pending
dcc9168ddb4e5b74855d56e9,pending,pending
3ea3faeadd75aad171b5a314,pending,pending
377b5c3d268316cc94bcb4c6,pending,pending
b8b612db5beee4a36f0eed95,pending,pending
8917c145cb43d23282e54951,pending,pending
e290311e8ca54ad836752f75,pending,pending
a761d7c8994cd8b75ac77f5a,pending,pending
a2387f449f398d5e40f9253e,pending,pending
f2daf26ee11c13ef605aa51b,pending,pending
20b6dc5841b59e45b086edd6,pending,pending
69f51e69120ed240e607a738,pending,pending
d21e299ed8b2740182a28448,pending,pending
9d12aa8434a1bbc9ce2d5467,pending,pending
6c1c886f16cdbb56a8338b99,pending,pending
81f18ab6bd87dc700672a981,pending,pending
e0e5bfa906b4f49eee9ef74a,pending,pending
b878e9a7bc98ef75ab05c180,pending,pending
43032e99df871efe2d9a5498,pending,pending
081dacc7a1de844cdfac21bf,pending,pending
ae30dc5b9db4b2adf673c066,pending,pending
3fe929b89d0e14af43125a0a,pending,pending
ff133a014e88f8f6e01bd7e7,pending,pending
6067d68d490e45e11fcf090e,pending,pending
6fdf4237fcfe6f88a47ac31f,pending,pending
de9837ae69679fa937f2f57c,pending,pending
06401781ef501bc3aacbc471,pending,pending
2dd40f80b47fa88b278cb3e1,pending,pending
f13f9664803d06c29444078b,pending,pending
8027e8c1276b6c4804a9c5e0,pending,pending
7a1a9cf78c2c95faf1e3ee4a,pending,pending
ba19cbe7e59afb522965f766,pending,pending
2d87017466c4d1229e5d80d7,pending,pending
873357cd9217fc8068c6d456,pending,pending
d859d87ed9d0bc1f0a0f7a88,pending,pending
3f4362e0b0355b28872b5892,pending,pending
30656ef19ad49d3ace2dd282,pending,pending
d9a790be13bd07aad8010f61,pending,pending
37e748e029b30949431fb54b,pending,pending
4698e81901df8b04e958843a,pending,pending
972ea5e3182ed67a94ff011b,pending,pending
c388047cac07f402b490d9c3,pending,pending
70c18fb844f0592471372244,pending,pending
9ede0e6165a6f7c4972ebeb1,pending,pending
76d4bd6bbd650d5aaf3cee18,pending,pending
0a93ac5b0d1f4b874b20dd18,pending,pending
c0519e37791059d98a024d26,pending,pending
d9b686c14341266970a0235f,pending,pending
8916584451a6c265791f8c27,pending,pending
9ccac901e54222d7c9faecf0,pending,pending
cc67f887daf09de44429f8eb,pending,pending
c29752933d12a51efb28eb6f,pending,pending
333d601d83a01bada84c9832,pending,pending
893a02cc7a1ba3e6cbf06759,pending,pending
83989a8fd09d34a82a8c1e60,pending,pending
0f0ee463adf8ff001c3cbb56,pending,pending
3932e8f3c4c9f3c53a62db9f,pending,pending
e398fb55cfb3ab0f5608c915,pending,pending
4181e4213ed6daa728387e65,pending,pending
75104685a2327d734fb52892,pending,pending
46fa146860b159c9549d2d3f,pending,pending
a7a6cb4c062d8ae41ae8fca1,pending,pending
0776e25efa7e1e6a154dbd63,pending,pending
1b0b5aa4e1a0d62c500effc8,pending,pending
76b8683a4ef442a40b257bc1,pending,pending
93d28491fcf78611b4c05fb1,pending,pending
8821fad6ea2f7660f766d890,pending,pending
330d344276cb060422fadea8,pending,pending
75fe76b15408824e3b37b5c4,pending,pending
e161516237723a14b0cd8411,pending,pending
331284caf8fa44832ad53118,pending,pending
2d89e132e431c5a7e16ee585,pending,pending
835d9a558b0704d9f8783e20,pending,pending
09dfd1f6a1d5daf93234d17b,pending,pending
bbfc446e63d937b9e00b5190,pending,pending
87bd16f118cdf19c9029e350,pending,pending
78efd42e3bbd59a0864389c1,pending,pending
b6f842c61daecb94a9ad8a64,pending,pending
7ec5c0eb41d1ff26ddcee7de,pending,pending
9b9f777d50bdf9bf60e96697,pending,pending
a955e04101d2d33f223aa8a8,pending,pending
6d37adbcf9f0cb96877d1b00,pending,pending
6b5857e301aaa8b2d2d7f99d,pending,pending
95256c414801bd4931e86d8d,pending,pending
c12dd77f675d8b3a4e327cfb,pending,pending
bd208e6045ff8221c0ded520,pending,pending
aa6953e6ec08e5f79032d3fb,pending,pending
23bab38dd1459c1f622e7a67,pending,pending
7b292b88a2f53bf0515b8e9a,pending,pending
beaa24380112583bdc8a90a8,pending,pending
cc824b2ac864e2269ce5bb00,pending,pending
2e82c2971fb14fe0585e9259,pending,pending
2ae23c57213e79d409ff0066,pending,pending
a33909d8873883c3946b1fcf,pending,pending
0280f8286dffcfd22d191633,pending,pending
511b6a8c485729e52ba70b9c,pending,pending
1702c41745632fd036f0130c,pending,pending
740b43fa3b22cf08886e66e4,pending,pending
3bf57533ca86d83b12ff16f5,pending,pending
06025f0909f0c7b2397e2a3f,pending,pending
7331ce371cc48f4ec9f6278b,pending,pending
cd1067cde65ffd720933fd0d,pending,pending
72f170cbd5ed72782ecd2d69,pending,pending
e665c4282d29cbed96ece97f,pending,pending
1fb185780a29daecfb9b8545,pending,pending
05d7d9e9a3c46528cb70ddbc,pending,pending
a601c440fb1ea4fdccdcb612,pending,pending
724f4f7373b8792a3a29bf62,pending,pending
69a7302401febf0105f05796,pending,pending
efcdfac8a48ef1be9e308010,pending,pending
8d6add7ff973a5e8bf78782b,pending,pending
e1dd5387c780b3c487e18e46,pending,pending
bf818bab7ae11f722bbf723e,pending,pending
5409d033db8eeb46e52f0e01,pending,pending
f6b6ce7a763daa31a86e0775,pending,pending
52106642c42a71127696d118,pending,pending
553526d18e242ed6a7a34dd0,pending,pending
725e06528b32eb7ac00315d9,pending,pending
928d5c89fb6286955a430d24,pending,pending
d8c0f4b324fec11138fe59ab,pending,pending
99cfcd4d5e88935e469b7038,pending,pending
7f23241330fc0867c1a0d61a,pending,pending
f66ad611469b6c682a790d02,pending,pending
7184944efb9a4d43e32730a5,pending,pending
d9b6128fa7c3db70341bcfe6,pending,pending
4907f2c0dcebea6129c2cd06,pending,pending
4d5429b757611e6f594f7b2e,pending,pending
4bf7bd6a0d170c5bda061342,pending,pending
179934cfe884e8bd0bcebef8,pending,pending
2c814dbdf56ad441e35a248e,pending,pending
edcef200eaa22bf49d57a9c0,pending,pending
d711962dc6e045d474d75d60,pending,pending
ad799bb4886b3c6d9e4f6a1f,pending,pending
b4a661236b0c0dcaef92451f,pending,pending
3c2f1995cd4004b6698b6e98,pending,pending
8a555c7480038b0b9ce09fe4,pending,pending
cee8c907ee731f5c4a747300,pending,pending
f906a23f18c67b3e0b62f512,pending,pending
8ad630d1151a38bcee9ef0cb,pending,pending
a8def5a4d4482e87ab7bf5ed,pending,pending
6727fd6874c6716125167b58,pending,pending
c1ba4a805ecac321b26c2ebf,pending,pending
efd5ec369254e05c80497743,pending,pending
e839be895c10beea8b32090c,pending,pending
27390becd84545a796601bb0,pending,pending
47b7c93afae2cf84fdcca565,pending,pending
4505b0a246a0f7e000b4917b,pending,pending
42ad39b862b13e875abb5d89,pending,pending
ab4a48bf4c301e05da8caf20,pending,pending
653eb1d2a3a5dcd1ffc1ad80,pending,pending
1b538004e64c893ac4df1747,pending,pending
0b4ce2ed52ca032b539759eb,pending,pending
32da1465305463db43a4f4e0,pending,pending
97cdbc7671feed6130d11a3c,pending,pending
a27d1a200b687239ed20ed1a,pending,pending
56279be83dc4885b4cbd7da1,pending,pending
80e8f0289175535d9a1c7a04,pending,pending
9ddd579dd85640a17bb893e3,pending,pending
ab3d47d4226d52dcf8e9fd5d,pending,pending
ea9ee947224f67222e1c1e03,pending,pending
290cca5632bea93ea67b790c,pending,pending
7fec2774002443a6c99f1591,pending,pending
b5395950a57d33d3e0d9a397,pending,pending
426568756998c6a31b643746,pending,pending
9ecb28844381dd3c08d9363d,pending,pending
ee7fa78fc72143ab7c0dd910,pending,pending
c707a7f5813a979e77a3c5fc,pending,pending
8b373a5a4899781a2f562016,pending,pending
8afd34630c44bddd58a26428,pending,pending
59f0be70f40ce01e69e71fa0,pending,pending
99a494e513889424c58c4eda,pending,pending
952acbba3d2bb59d748ae908,pending,pending
b7fdf743325e91a291d5aec7,pending,pending
82b45658285540cacf43559f,pending,pending
b7648d8034a4d33b42e96876,pending,pending
dee85f610986d91767fb1a1f,pending,pending
af056d647222d10009b6c379,pending,pending
362da30a293391279e0c2bb2,pending,pending
0f536fa3ae84fbded195daf5,pending,pending
9e6f61a815b45d3471f2c512,pending,pending
3de78ba42e94962ad9ee78e0,pending,pending
f17cd8f2e0a715bc75ff4522,pending,pending
7292df98cb3410a40869dcf2,pending,pending
eb1535ced9e484c01a11263d,pending,pending
983af076ea260ecb4dca45c1,pending,pending
8fe05a4a994367c2c84c73a7,pending,pending
61e7bb3bf84d6392c1ce4973,pending,pending
7b3c8e08907aa79aa9b8c901,pending,pending
885c7e464cae867b0bd8d1db,pending,pending
0d6c275142ddb4cdfaf0210f,pending,pending
30279e99e61ac83300226980,pending,pending
0a4af6c814f9ce06503adecb,pending,pending
f8e77ffdf5bfb4081f44180a,pending,pending
2f073684c5df134b0be5919b,pending,pending
1bf0eb8e8be22e9042731ffd,pending,pending
f333d05a67e97ccc57df244d,pending,pending
13073ffda6bb8a0bf067aa0d,pending,pending
e2a8c45de93c0836bed46ab5,pending,pending
3552e39f82bc08557a688275,pending,pending
001e1eade060b058602c4448,pending,pending
0d73b097d7c7933225743b2d,pending,pending
8bca3c260c537db5ed3216bf,pending,pending
bae5c3e5d2d58a39e7452722,pending,pending
898439de36753b602747f38e,pending,pending
6bd38692606f4acbec781196,pending,pending
5fe5f47453451b819fd96bda,pending,pending
fb6ff65f0af66bc0c8804d30,pending,pending
7a879c49b395dc5d18499a75,pending,pending
5ea1ff7c4df80b5854e0a410,pending,pending
e23e5cc27948eda0d2e43b70,pending,pending
a409284a3557be7894a6840f,pending,pending
48a69edc2cab290d370b477f,pending,pending
399c32f91745b297cf5d501b,pending,pending
b49dd1777b2fde200f131831,pending,pending
9a609e9425f72f7d9aee51b0,pending,pending
31ee2c85c2d7065c972f53ec,pending,pending
3f6f906c4531700bd426ac93,pending,pending
b8ee2a207d3a9d3363d82bcf,pending,pending
c8e746dca5f6c0d0401a9001,pending,pending
bf02f6ac0cf2b5008d4f2db8,pending,pending
96c9f53a8343cebc73373db1,pending,pending
50ed4853c55c282e3775cb7f,pending,pending
dd20e647aee9ae3620696a49,pending,pending
1172744ada1401e0a70f0c08,pending,pending
351efc233b27e12ed2a9ec0c,pending,pending
d54015f9484cd3164c41e837,pending,pending
54760d7bff38dec213041455,pending,pending
b77f33efe3aac5aef43471eb,pending,pending
99335c2b04bcafc81ec7d73c,pending,pending
a9a147c371d5ccf4d557400a,pending,pending
91950a44d0698f85156a22a5,pending,pending
8ea04ecc4c809d049c7e3d29,pending,pending
8ae6a5c027b204d072d17402,pending,pending
da71fafe093c151bde09cbb6,pending,pending
a9c767032bba0eb1652afc7b,pending,pending
5897cf0dcbaf4a6093d1f47d,pending,pending
3989fc660717898d59042db4,pending,pending
7440d2afedcc68b2068faa74,pending,pending
7ae760f79a709193e1f1a354,pending,pending
93583633be1acd785d7f8b56,pending,pending
7a7642199a8613d063af9492,pending,pending
6ba878dcc459a39f9655a592,pending,pending
b5a06fbeac99a5dfae38fb88,pending,pending
132f203d66e9ffd2eca0469a,pending,pending
45ac42930456de19a025f8ba,pending,pending
f2fcdf874fc961086a70f2b3,pending,pending
cc0d03635f3c5a08ddca6514,pending,pending
f0a30e80a51d9ab071c1a9c0,pending,pending
5a8e57b7122dc54df4d6cee6,pending,pending
3d41943d6d692f173d9face2,pending,pending
2465c32ec9d438b7b152c105,pending,pending
064361fb9515b54cd1c45e86,pending,pending
154bae75eb2e83ac0f6880ad,pending,pending
568296c2b146f903ddda9896,pending,pending
46f53fb86b4f54713a22664e,pending,pending
22c4478371ed464c3a6fb140,pending,pending
5b25426815ebb2b4f1d47d13,pending,pending
3528e261758b109e0adb4d7b,pending,pending
764c88d77d71f1203b0c74d3,pending,pending
b4b80e696c77726b75ca3882,pending,pending
60e5e3e3faab3b3a3f13b124,pending,pending
afff53437cb209879b9dfd30,pending,pending
4985ae44f78f8e43e11f363d,pending,pending
5067359a13df11a18ac85c2e,pending,pending
628b5b05681394d04ecc9fcb,pending,pending
8e3235dc7d790fcbfab1fa9e,pending,pending
879f9d299a0b01e21a22b9b1,pending,pending
60ae0a3de273995ed58cedae,pending,pending
82985c9279d58469107229f0,pending,pending
cc0495af80cf321deaf03fdb,pending,pending
f02d3edaa23369812747e48b,pending,pending
21681c20982991d6244c22b6,pending,pending
4b4f5b431119422c2b5cd5d9,pending,pending
8f6cb00aad81f1e4b4b06fd6,pending,pending
4ce7fde4310a339f0cbc7b00,pending,pending
5853ebbaa052402c8cd0474c,pending,pending
2fd3eba9f9243b55bf4874c6,pending,pending
05f6d6fb200f85f455909d3e,pending,pending
1998ca9e59866b41cdb5f966,pending,pending
6921edd1be8d82ecdb5c2a03,pending,pending
ee5ea4c89ee10a7cbcebb0f6,pending,pending
eb31771a15b64c1540a8d657,pending,pending
4e8f556e45e139d2dc7127c4,pending,pending
290fb0669851ff8a59591621,pending,pending
502d9732bf7513927f2db5bd,pending,pending
964fb77c033a37eaa8ef43f4,pending,pending
3805e7b443e1e7d6fddaad12,pending,pending
c983e724c983c1c2fe65c315,pending,pending
629c9d6314389f0df649c13d,pending,pending
a0167113c58fe761b3b111fe,pending,pending
ec150bb0ed6d02de34d3a33e,pending,pending
8fcd0fd57d1172a5e891a40e,pending,pending
d87896fca7571819cdaa6f15,pending,pending
8353dbfd1ab811018000c616,pending,pending
8b72a4de0b6327c0fdb51a6d,pending,pending
5cebcf88a9207eaf5aa8fdee,pending,pending
36c96eda6ab7b2783856928e,pending,pending
ebaa8c7a8debef3ee6cd90d4,pending,pending
6b8eeedb5993d1ed2bc5b032,pending,pending
57839af1b11f40f76a839cf7,pending,pending
28c10d6d3c8014039c1a8c7e,pending,pending
11406bb787b86ec44a28d92e,pending,pending
6658498b06ed10073cb0f82a,pending,pending
76dc54db6c2bb81cadb55853,pending,pending
dacb3182fe4f2e924a9bbde3,pending,pending
505b822b7df501a8e55ba33b,pending,pending
d31109ea3040b8477263d0cd,pending,pending
0e58b6080624ff52b4fc05a5,pending,pending
e16a6d450caed6841c00aecf,pending,pending
05980aeeeb0b3a911841732f,pending,pending
233209a42e0f28e292aa325e,pending,pending
65989b6d9d58397292463113,pending,pending
8a22a0187c0f644c5d45c8b7,pending,pending
086689ac5048fd3827a6fa0f,pending,pending
ed66b61ac5a1963c6db7c84c,pending,pending
a6881623cb8fa2eb28485a64,pending,pending
df379043d2d95b86f1e06110,pending,pending
65da78ff48d0e615d0ea3af0,pending,pending
4d553f029f3f539ddfcf749b,pending,pending
1f89689cf115394ba53b1ea3,pending,pending
2836c9606ca5938eb6f5cd69,pending,pending
dca2b4d10804c8d09dde1199,pending,pending
1847536ae83bf95281906ea7,pending,pending
6a472e10795610e3034d93f1,pending,pending
410786efebe45979a691b306,pending,pending
92117d32a17d7446e0329f95,pending,pending
c94b77836c95b8e5eedd3a2e,pending,pending
e3059dad1367c3ae668282a8,pending,pending
9a2b81d61d6edc49f9c956f4,pending,pending
a26bcb06daeeadc5c5c1215a,pending,pending
65d44323fae6c712bc2fdd5e,pending,pending
5386847e1bdac660677bf0cb,pending,pending
5337b806e9e3d77c6cd22be3,pending,pending
9390fabb7531529e608602bf,pending,pending
14b4f5d6dc09e54db03865fb,pending,pending
025cadd31ff6aef268438d2b,pending,pending
5e060ebb2a335d34ee5a4642,pending,pending
5bffdcc4e982d23f6d05d7b2,pending,pending
9929eca6753e4bd63ef4a278,pending,pending
a7e5516ac86e95eba19caa47,pending,pending
f4873921bb7f0a4474ea0bd8,pending,pending
574455b0be0eb1a3371e7f86,pending,pending
f36229eee857b31a50467626,pending,pending
8b71eb121df35955b0d57dc6,pending,pending
3ad3a332d47fb5af2185be7c,pending,pending
b0ad3a5fb59523abc6b5d2e4,pending,pending
adcd0011dee0c99819c256e1,pending,pending
e2ef5d5720791a7bd70ab3f4,pending,pending
486ed3b97d53737c04c8476c,pending,pending
c0a1dfcedddd928d1a994a06,pending,pending
61e45b0504ead866f7af1136,pending,pending
5b4fd5d1f454e4d06eb91b62,pending,pending
7d861bd13f85a177c77f8ae9,pending,pending
83568296485dfe0b66b01547,pending,pending
9f3f2500924327fb99ba6bd4,pending,pending
d48593783ebbd77db41ac622,pending,pending
893a8a9c70c02b47f1f0f6d3,pending,pending
01568fe5c5334b0197fd6cab,pending,pending
637a359288ffe235713a197e,pending,pending
076b60f3b8b96379a279436d,pending,pending
e25cfff0671b96e298f33b2c,pending,pending
fe23dc2189c4228a89a6cc0f,pending,pending
3670e76ff6d275c1fbee688f,pending,pending
08f4d956b6db37576b862683,pending,pending
c667c7ee4151ff34c3e5e3df,pending,pending
b3a3a4ae80a26203b8ac05b3,pending,pending
03000006f9cc742076953332,pending,pending
1e9cd2b964b85371f9b4e706,pending,pending
b438521d633a3f0f6676598e,pending,pending
d7c30520a21bd0b5e3dec951,pending,pending
2e295f05548c86ecd3c66ea7,pending,pending
b39d210a03f5ab1d774285a2,pending,pending
bc85e39b716b0cdc6233a7c4,pending,pending
fbc88d0cbc5151878d03a1bf,pending,pending
db9bd16e0fdf3f688783aae1,pending,pending
af1495b6d1cad044542d2068,pending,pending
0484eba697a6c4f8aa7bcea3,pending,pending
426e0170d6372e627a5e3b31,pending,pending
8f3fb98f4de3e7f2d715f0e5,pending,pending
38c7411a02e4af2e7cb0dcf2,pending,pending
9c1a51cff3b9bd5a173663a3,pending,pending
3cad600a0d6464b4dd18623c,pending,pending
7d5ae07986f80ac23c6c45ad,pending,pending
70c38d5bc175d1c0164c73a4,pending,pending
2c675a124dd6cffebaa63068,pending,pending
6974faabb2b0412ee01c7a9e,pending,pending
c8c319ca9e52b28016a9ffcb,pending,pending
c3dbff0015991bf6a40dc5ff,pending,pending
0f3b95c26f9bea82ef77f957,pending,pending
b07da8c01ff96bebbf73ce6c,pending,pending
4cb37e6fa078aba3390948b9,pending,pending
f2a4dae26c8e9cce40f289be,pending,pending
7367ad747df1f919d40345b6,pending,pending
38854d1f85f4e0d1717730e9,pending,pending
2f5f24adbe7607eaa18defed,pending,pending
743cfb748b9e64046ba086f0,pending,pending
ec3aacd6c8694e4b40ff1a6c,pending,pending
086dac6b70208312c902ef5c,pending,pending
791d7b212f8534210ec49f36,pending,pending
d099a908368ef8522dd8e7c4,pending,pending
743c1ce11a6dddfee34d9629,pending,pending
a115dc15e3cd9c284abc66b3,pending,pending
e58f876fec704c659e3db2cc,pending,pending
ae8f40badd6908246e4a5eb7,pending,pending
cf066897f2148b84e9c24140,pending,pending
51f0b699b8717a71548d3a70,pending,pending
a9d01d03fa9991c37d657a29,pending,pending
a904885c46d812f4b12e0d4e,pending,pending
7f1ee27795f9b707dad82004,pending,pending
6316f7840e70f3a6c9a48b50,pending,pending
74c2c7218a9a9898139a455c,pending,pending
1dec920a0a196a5694c4a966,pending,pending
a386e2b74eb7936df1306cae,pending,pending
41b909dee984d668fe88dca5,pending,pending
962e340ae7ef584facbf80f8,pending,pending
70bb5089e99d3a72871dd7d7,pending,pending
4d03a9ab722a0426c906247b,pending,pending
4b96986b6e1393432fe94209,pending,pending
d8c070241e29beb07f1dbb5f,pending,pending
a584bad12253a73603abae7f,pending,pending
6e619824132b78de86d13041,pending,pending
88d5750eef02d85c96ec96de,pending,pending
9d42ff25ed5372b2445fbea0,pending,pending
d5cacd8058a4241266585e1c,pending,pending
9a2c2001796c7b0a3d93011f,pending,pending
8522ad5130ea42f3897b28b4,pending,pending
2778d61b7b19c22274f86b88,pending,pending
0f26a3168c04c1a36317f190,pending,pending
9fe6f412bb40f1589d7e9e5a,pending,pending
0bf4ec69a92889a71e9b8bcf,pending,pending
a988abffa789a71875d0bf46,pending,pending
be11641f70e2bb65452516be,pending,pending
ad87507f922853c7c30c8e6c,pending,pending
386b629b8d8c522e4e4963e7,pending,pending
ae301a3561bbf56fe604ec2b,pending,pending
d40127dc51e330a61eaf7841,pending,pending
10272da1d397c8ed6b21018e,pending,pending
216711d800871c644804f798,pending,pending
9c50c6e9e33a2ec0b1122e8f,pending,pending
e4e284144066896b350ce286,pending,pending
41f550a1f4523d6f316514cd,pending,pending
2d500199e04e59c2ffa29447,pending,pending
d13f0ee7a0b83d0fc7decd28,pending,pending
40cb9f92f76d462cf3721c83,pending,pending
22d7f56e8115f262f29c539a,pending,pending
8e377ab7a617f8132a3cf06d,pending,pending
9537d12f6063dcc32214a08a,pending,pending
227bdaa7ad6d40c96177b5ca,pending,pending
78ca8de3b7aaca0a012de0a8,pending,pending
dfdac13691ab08cbdb73a022,pending,pending
9132e2c7adfd9e25206f7220,pending,pending
0377152213887fdbf05caecd,pending,pending
b7c574d4fc757d85334fd94c,pending,pending
6c42552ea95775c3cdb8aefc,pending,pending
860c2b0eb8f837723dbe895c,pending,pending
6ada7fd277663538f534e5e9,pending,pending
bdc47703780554cf720883c8,pending,pending
36ae6af049be203cffdb86a2,pending,pending
a8fac7ff7046fe9ab715022a,pending,pending
3c05e74ce7256f2f32830f94,pending,pending
aa6306ccc084e11c639b4182,pending,pending
ed4751e5a4a1495f2cb641b6,pending,pending
a6b0d4b5d205c8de96a04ee4,pending,pending
e444a0f7599e4c7bb07aafcc,pending,pending
0b2b2a48e05ac16c9e88891a,pending,pending
bbb16264b11535c71c1abc88,pending,pending
94acfdb67ebf6729d5646fa0,pending,pending
ca7af418cbdb6a6a49c37397,pending,pending
5cb498a81f3a4613e92e2630,pending,pending
735dc664205345794002bbaf,pending,pending
642f2a5f0eea966705b7d3be,pending,pending
a5ac49704cc4714f8acf2fd4,pending,pending
8a6751adf938619de37fc741,pending,pending
f6bef8951f001675cb19b86f,pending,pending
b8b1c18f3cf70fa4b970a870,pending,pending
08fe9fbfc803c5298a348aa0,pending,pending
9bcc3402b74f854a406830d1,pending,pending
d9264b3363d49983ef111748,pending,pending
ce046a0760a9c33418f2fcd0,pending,pending
0ae1654b4e8937d808a6ea4a,pending,pending
e5d52a8c63d2873cfac33fc2,pending,pending
2174339fb37f72bc652b6ecc,pending,pending
e4bf9b4af28e64599bd0a72f,pending,pending
221a27b6bdb5abcd7c5e281b,pending,pending
42974dac640c5a68d93aba21,pending,pending
b9d91a4932b03d2e2e60234d,pending,pending
1ca7091753b0fbbf77dc828f,pending,pending
847d581e663abfe34f106794,pending,pending
abc151c0ef75076a3be6d2f4,pending,pending
623d3f25382ce691a06af6c9,pending,pending
065134dbe81d2857437d0b63,pending,pending
1e8117ca083151359b06df5c,pending,pending
b18234adf846dee8b32394d6,pending,pending
bf6bd9b7f441e76b5a132166,pending,pending
88ff51afe177928068aa7f48,pending,pending
724362641e67ded7acd999bd,pending,pending
3d17dc36f71f69acfc52ab7b,pending,pending
d3ae2faf59c4cf9d49a3ec91,pending,pending
d8f9e9d8055cc5db898021e7,pending,pending
aa2f0e6ddef850197ee6e5a3,pending,pending
77fec1a7ccdd84c6324f339b,pending,pending
616863bb6698b06f5930fbca,pending,pending
fcb0e6dd4e9ca8122d1d2afa,pending,pending
2b47820642a27530054762aa,pending,pending
eb3f4f06bf1f5fda290806a1,pending,pending
a914f10cb29e83b9a499e7bb,pending,pending
bc526b4f7e90015a6777bc86,pending,pending
530c1f912a336a74270ea4e9,pending,pending
e53972fceb66b933de2013a3,pending,pending
5d2578082bcca763c70ba502,pending,pending
53947eaedffe0d06666a2b72,pending,pending
b9cb6f1d246f037931cc0e15,pending,pending
71d2f28f7e768b1783bd9bde,pending,pending
3484539a001e9402dbb1bdab,pending,pending
12e1fa64cae6789dee8bb33d,pending,pending
c5331e0c8410d284a06de880,pending,pending
649e12b196bcfab325ca2818,pending,pending
e401075e7c218dd964c6dc9c,pending,pending
a96f2d430a516973698d76cb,pending,pending
59ba347994f0df6e70091dd7,pending,pending
a7585d910be84c5dbf79d8a0,pending,pending
597729a6093420d19a778a1c,pending,pending
50c379573e6900b2fafd8498,pending,pending
c206cad09eb540a775b1052f,pending,pending
8aa72f8d39637a5aa63bcd59,pending,pending
ca8d58c93ddaa83e39dbd07c,pending,pending
6802f34ce43278e44f4fe895,pending,pending
8b75f03d064e8925ac320ba6,pending,pending
a3dd171304a1ec6542e132e6,pending,pending
6e059a19d840b39ecd91aed3,pending,pending
ffcdbd632e01255f78d0cfae,pending,pending
9ce3c65c2453126109d1628c,pending,pending
ea63d7fe07909bd79348ec1e,pending,pending
f08c86241b88598cb3ff067b,pending,pending
c664f731d15739b440053292,pending,pending
b7162572981c37b3f8a9aa85,pending,pending
0a3a8a4bc6ab4ca290ef4e5a,pending,pending
45e8ae8ded2cbe75be78cd48,pending,pending
37fcae540e53c25e8965b9e7,pending,pending
7e10b9b8ee8b60f7d7da355b,pending,pending
04d59953f01bab2f756001ff,pending,pending
0fdaad320a8b860f01270e13,pending,pending
8eb3338cdf0ffad10359df86,pending,pending
7726a20c9c7a82150c32d9b9,pending,pending
e198ad6ca0b213a82f029625,pending,pending
c5aa43e36cc9814d43c1032c,pending,pending
addc88e1b73e749a5f728adb,pending,pending
b021fa2cbf82b2979ec290d1,pending,pending
ee4e74e4face6742e8257e15,pending,pending
59f22ee55ecec8b8b48945a8,pending,pending
513bab97c348e36a22074290,pending,pending
0aeb054c1288562fa10867ce,pending,pending
805548fd7344bf7538609e3b,pending,pending
7ab28af123408ad3f88a10d1,pending,pending
4b235276ba4566bb8e82dc2a,pending,pending
4613e65f770d4b85a47a4e64,pending,pending
a7dcda52ba7a0074aafc3f3e,pending,pending
9b464cfeb84f1920792013e7,pending,pending
f21ad676549eb7e6ede58825,pending,pending
3882fa44a4a893028f609869,pending,pending
b9fae613906955ed1736f1df,pending,pending
12c4ce4cc7701402193c84bb,pending,pending
582bb68b5ef81b83b0e95aba,pending,pending
796cdb01344806520107b6bf,pending,pending
1e656b17faeca068310f0374,pending,pending
d869f7376998f09ccedacef3,pending,pending
53d74d4a7e57cd2994ea6e06,pending,pending
ab3e783d316a3cfec285aff2,pending,pending
272a007fb0dc6ab4792cf69e,pending,pending
9adf566a3e424591dbc1f8f5,pending,pending
e1f2dc5ae08924d6343a73b7,pending,pending
ba00af63cfb3cd5341167f2f,pending,pending
928312ec117ec5ff8a834ed3,pending,pending
92818102d8877872af5fe10f,pending,pending
ddfa8f730cf3b6b3d76f2df7,pending,pending
fb8378a69594af7190a8a867,pending,pending
d9e6f5570d81e98e9a75196b,pending,pending
1b1628dd7d8aff0d2db8e258,pending,pending
24ccf993f49cff5d2c51e76f,pending,pending
21b8dd89c8f5f8f580c12bd7,pending,pending
c818dcfe5e34d0eb450a8bba,pending,pending
ceeb6e9cc9061cbc5c17170f,pending,pending
b210b16ea62df70dce90478f,pending,pending
62af3b8244616d0da6106671,pending,pending
39912ed774b8b8d8979c4d86,pending,pending
06cac2ea9a1f5a2885ce75eb,pending,pending
f6cdc5718114b7fdf143d311,pending,pending
7ae9748cdefdbd91c1d45b17,pending,pending
b6791ddb840ea5d1091dea41,pending,pending
76aa6b755d0e7b77cde491a7,pending,pending
0dde4eb0f7e5d4efeab260bf,pending,pending
33b1c94402075ba3e06f5062,pending,pending
c2b8128f0b4938b85e4ad40b,pending,pending
cf673318a1e7ee02b94bf3d8,pending,pending
48e3db21355092fea41e3a2a,pending,pending
10ad849379f9c6bcb225d957,pending,pending
0009a6077c39006d5c799109,pending,pending
119e19d197d5c598d3bdc33a,pending,pending
af786cdfe55cb6dcb62fb616,pending,pending
734e0a901e7e6537c41301e5,pending,pending
ef90a0ab6edc88bf8e92f839,pending,pending
b25a0b7828b948cb1b918709,pending,pending
5f24368f31c5388eb8d91fcc,pending,pending
342ab7864e189cd601b638cd,pending,pending
5382655a3acaa049a882c775,pending,pending
c1f0ad86e7dc83588ccb4b19,pending,pending
4b58b692644a2406b7808b99,pending,pending
c5433947d76c95773e740519,pending,pending
b682ce76e47f1f8b2c4a8a3e,pending,pending
bc5003e9b4e0b92c81feb5c2,pending,pending
425343a7f549c51787ba413a,pending,pending
12755ffea9603daf04bfedd4,pending,pending
cfd96248d4fe541b79708bda,pending,pending
ecf0aed2366cf71028bc4778,pending,pending
553578e9362540ec5e9379de,pending,pending
5db30cc4ae42be3b86627871,pending,pending
6b6c45051bc38cede4152f02,pending,pending
777deec4a399abeb3de89185,pending,pending
f4dcaf2ff554f2cb6797e113,pending,pending
c582007c970cbde307829629,pending,pending
ca46685f24c83efcc8997e59,pending,pending
b1726ea5b25c28ae8a9d764f,pending,pending
e7c721d6512d97a7a196e188,pending,pending
e2ee4e80fd7c1f218bddd2db,pending,pending
7d1dfc0e4adc8aad22943993,pending,pending
510ec77c58d5c1ae4a57c6e6,pending,pending
5e1d4bcdf7d3330a3deb4d4d,pending,pending
7d59403cb002e805dc2fb21c,pending,pending
79bd0b7ed1eb2666fb94555b,pending,pending
99647391075c5e6593570cc2,pending,pending
f4ac044c9c251a3bbf525e17,pending,pending
15216da6acba40cec98ca08b,pending,pending
4d55e076e4852bc3edbbc5b0,pending,pending
ca105f96c9f794e7a78046e2,pending,pending
65f3c18d3b1e1b339819f912,pending,pending
dffdcbaa84a12c23241f787e,pending,pending
34a7c9ecfba6850087f1c673,pending,pending
9de578e6294b852a4c48ec8a,pending,pending
225336bd61fcd0619a6c8dc4,pending,pending
a8de535b1cf1466b19b54202,pending,pending
4c580f3330dde25808b353b7,pending,pending
f84f6cb7e72e6d7d9e422a40,pending,pending
2eede9cf62490039173ab441,pending,pending
52ccdeb79e9d95f26e299234,pending,pending
0d8471c917cf71d99147d1b4,pending,pending
aea6694fc9ce4dee08793d0e,pending,pending
5dceb0a9b8517e0a5ca12101,pending,pending
89e9f83c6bd60196bf3dc5bb,pending,pending
c4e6ce50a7d62bf4ab4720d5,pending,pending
7b7c511cb1d62b7a45de35f4,pending,pending
dd7b5b10ab75a618d5483b94,pending,pending
8bd5faf3671f79fa2fb42072,pending,pending
e77420f251b1fd402821ad02,pending,pending
97a52e147e5bdf2b4f4b02be,pending,pending
2a9b2b3ce88c6f8ef5144b51,pending,pending
24cbccf8aede8a7e948ab8ed,pending,pending
19995e3314aa2f2425b7c866,pending,pending
b7b8756c6071898bca06889e,pending,pending
dfc2e35a067e04ae0025cb5e,pending,pending
9413b012a841bd74553477cd,pending,pending
9280a3c3088b4fc994a4eb2f,pending,pending
c16c60ebb89f36f5e762ef94,pending,pending
762150e558715ed42028a165,pending,pending
26e45d40177ab11027cd67c4,pending,pending
de477f91744c42af5bc48b34,pending,pending
f5dd0dc53078c6f1c658d4b5,pending,pending
12cc02e75d28ea458f13f640,pending,pending
3a83906ced922ec2f37ff6c8,pending,pending
6761f22e597aacd016aa3bee,pending,pending
7ce3bcede83160ea82ad7efb,pending,pending
99542c52edc11125d6290de1,pending,pending
9dcd34bee7f6a8d2af83c5df,pending,pending
998693a4313b2b11567a9960,pending,pending
f078d3266cd084b2aaac8f51,pending,pending
bd6b2155f18d3fd4135a13fd,pending,pending
81ee1577199ef59519c490e3,pending,pending
fec17dcba7b3ec0090d37b58,pending,pending
48abc7513489210b224528e9,pending,pending
64a2d7352708221d4875bda3,pending,pending
e91a8cdc170d0d7feb821289,pending,pending
3e8fe651625bbf7759fdfeef,pending,pending
2d0f57fced0b057d5d3ff12c,pending,pending
1257a31186295d0cfeee5e9c,pending,pending
ee8f55655d18306bd6e57232,pending,pending
47927f1d7c3e7bcac0ea363b,pending,pending
510a7571fc8ae0e4c1f28803,pending,pending
9c0252209426eb72957d28f0,pending,pending
c2575b7f38d11f6ec7589c9f,pending,pending
09d1d5aac302fa324b868ad5,pending,pending
414859ece483f2cce6ec5c03,pending,pending
a6a539173b120cdc699d244e,pending,pending
02d7a2306fa56cbb12aab365,pending,pending
9a750dd6775db4b75574b89e,pending,pending
911939beb7938cd2c4d6cff8,pending,pending
2d2ab5c52e054bc280ec27d3,pending,pending
14b1707700e4093cfdf0e78d,pending,pending
81a3a15ae65ee7dc162f9353,pending,pending
839659e5922c52892d257329,pending,pending
cd393a4f29b431271cef2f0c,pending,pending
f1a4ac40d4341d51eee92cff,pending,pending
43cd37d92ea0b725bbd4e507,pending,pending
cace18d470df05aa1aedac0e,pending,pending
77a695ed3cf936be95d148b8,pending,pending
599534afe5d44a30cbfc04d1,pending,pending
6516d9220c327635088f6434,pending,pending
53ab29805a94ef7d3a72a1c0,pending,pending
b3a3665a193eae38ff42990b,pending,pending
fc363c63010d9779b16a8d47,pending,pending
16221340c534ba56e5a38f91,pending,pending
b7f059193887a76e7c905cc0,pending,pending
68af213aab7892e4eebe02bf,pending,pending
efb36313f169109b8da8f3dc,pending,pending
f020f6aaac2d322e376dc70b,pending,pending
c6e0a10fdfde04198687d32e,pending,pending
2185cbb03da1d0aab63c12d2,pending,pending
e158c39d8daccdb003f1a6f3,pending,pending
79f57084b4ce284341fa9120,pending,pending
97bfedc6807866917ab08ce7,pending,pending
4ff4f8e7b8106c396892bdc1,pending,pending
3cdc0cf4924c7d44cc362432,pending,pending
92f8ecb63f3f9cd05ca2c6bf,pending,pending
df272d74d096aaddb34f8f19,pending,pending
6eeb11d07117b8d6e564344a,pending,pending
88330c40def9ec69e81f493d,pending,pending
c0d912512e1c03598e9ec44d,pending,pending
3b146178091c66e67b3154d8,pending,pending
fdb558ad881a1e26860c4d32,pending,pending
a8de6ea6d0d6e01944757bba,pending,pending
3318332f4756eb57095e68bc,pending,pending
bd187731bf277aaed0c39ed6,pending,pending
28bd682b7e7e96898174dc85,pending,pending
0a58d157708325de824d9605,pending,pending
211dec9d5282c5a9b0fb01b1,pending,pending
54af2c576b09ac470f63127e,pending,pending
f67c3f847cc8f2614566afed,pending,pending
107e0c209d84961adf66218e,pending,pending
47d1442973898db79e426c6d,pending,pending
0fc598d5c40e057c137040b2,pending,pending
cf2679bdb87c1604b792d9f7,pending,pending
1523b2473c09abbc735c7f13,pending,pending
139cf1acf991fa11e8fd3b68,pending,pending
9215387e3c3ccb933a1fbb43,pending,pending
9232c5a35bb35b8755605fc2,pending,pending
9d98f82b29d823b3caa742b0,pending,pending
88996211d96899cd67e861f3,pending,pending
051ed2fe99945e46878296f7,pending,pending
cd7aa7baabaa35fad968b3cc,pending,pending
e46f318867baa69dc8c2c8ec,pending,pending
3885bca247c312db0fb35fb4,pending,pending
4e9a88efb347c58a123b652d,pending,pending
fc9cbdcda943a0857836389e,pending,pending
56e6a72043ae71aee12aa441,pending,pending
583dc4d84acee7c9034e450a,pending,pending
853051cf57c78dc523595ac4,pending,pending
d61eefce6b47fcb17c8fdba4,pending,pending
cb08ad5a33618aa951b6fb38,pending,pending
daea61dedcf01f3155f6de78,pending,pending
805fc867b8b22c8b59a58f6a,pending,pending
780ea5c9b91f609c57ee48ab,pending,pending
2cc9c14ec8d8bd6600a30563,pending,pending
dd9f4368f824fe8f139ac7f4,pending,pending
7a202cc7aa2b9e9e8d05cf71,pending,pending
0f36a551c3e57a80d0600681,pending,pending
755aecea14a6d8dbe17b150d,pending,pending
0244a080d3e4b4c2da462852,pending,pending
1842fb63ff1352036bbcf974,pending,pending
d0c329959f1e3c866fa85e63,pending,pending
e42224028cd1c8f93f6245b1,pending,pending
2e27ac023d03dce805b80831,pending,pending
eae638da8cc27b8e9e74c3a3,pending,pending
f4cd07a85dc41c4545883165,pending,pending
060ce3f0ee6c00bcdbb73223,pending,pending
216c8688f1a3d93feffc8d3c,pending,pending
3ba6771db3fa90f71c135e2e,pending,pending
f6bb4627edceb04ac492732a,pending,pending
4c1265ebff2fea05e564b13c,pending,pending
c3a32b88f503f5440688ea6e,pending,pending
b08d65a5a3727b0a1e328ad3,pending,pending
ec79f46fe90f9da23101ad6f,pending,pending
a6ea50dcc704ebd46897c492,pending,pending
7363ebd7f931a13d16534236,pending,pending
7c22081bab6f35cae22369ca,pending,pending
8345d1934bbbdce197413a06,pending,pending
9e1f34590470c7e5a888305b,pending,pending
5a4043f3ba2d8d2f0889326f,pending,pending
ee34e8b1eb7b177e90dbb211,pending,pending
6e00fce2a4e2de4225c7604f,pending,pending
e94c88babba069166f8452bb,pending,pending
690b314dee9c362db5f97284,pending,pending
5df26665f6c04eac53efff72,pending,pending
c98b73d67b08c2c81ef1c1c5,pending,pending
169e93adac2e0d5284123b02,pending,pending
22de1bc444c3a1f9479e8259,pending,pending
9f213c1ab0ebd05d8dd76f52,pending,pending
c2900660b6bd22b219d60345,pending,pending
ba6eabedd6dee783aaa72979,pending,pending
420926e4cc922c821b1676da,pending,pending
0850873c19101fccc998706c,pending,pending
144f7bf7633c9a5c54e997e4,pending,pending
6d83492bfed24357a5a25352,pending,pending
739c72018c0f2e0b0338c0c7,pending,pending
853efb641549348cbc97e869,pending,pending
8b5a1257a3659dafad81b0ce,pending,pending
2ecab2df95f9af639e6edf90,pending,pending
180d9d84dbfd8c5a005d5e5b,pending,pending
85a1711b3e8b9ea76babc048,pending,pending
591a24d88d3641c48812dcb1,pending,pending
e3787f1665f8c510ad14c494,pending,pending
2856831d33b4680ba21b72f5,pending,pending
992afcfa69b790277e740b19,pending,pending
d204b30cdbfd1bd8639d652e,pending,pending
1e020103eb2fd73b46628724,pending,pending
ae7c775603abe97fe8116410,pending,pending
57cf928fc90a81a5b621c16d,pending,pending
7fbe665d551d5bd46bd0b0e3,pending,pending
41a9888903963b46167e58d2,pending,pending
18688285ef62efbc050ca38e,pending,pending
77538e3a15d21fcaac150b77,pending,pending
2089533191e685f1332c802a,pending,pending
29ae6f90d099627400bbb53c,pending,pending
cdbc6edc25e10240ee6e0e86,pending,pending
3304f682babae3f4983c5a28,pending,pending
c9db29cdaaeea5ec01115145,pending,pending
26215b5dd7739547326490ff,pending,pending
65f37c683d41ab610e754fdd,pending,pending
b9af90e5368399aeaccb85d9,pending,pending
59157e818fc6ba9e3bbf24d1,pending,pending
7b4fd80cf0733400cf2a3438,pending,pending
1237e150ef93cb70f5534659,pending,pending
1902e8f060c798b17e4421e5,pending,pending
a8e8c67559306bd1d550dbd9,pending,pending
9186a0bf19bed2f073fb09f1,pending,pending
9b1f654e46e85ddbe61efef0,pending,pending
1171b2286422d23a0e458dc1,pending,pending
b49ac0b0aaeafae3417c08ee,pending,pending
9d91365f78915329564134bd,pending,pending
76a3d9c08ea35d78f5aae6c7,pending,pending
28f6c7db4cefee64faa5e7bf,pending,pending
cf399f103a2aade264983b00,pending,pending
642e89a095e1ce500730f325,pending,pending
5e532fc3d68133be1499b5b8,pending,pending
acf6bce3be521ccea1fdb398,pending,pending
7970e0787aa226ec9fc93ce4,pending,pending
3acca39b6b12c2fe187075f9,pending,pending
addd8d7b8e9cac1d2b70f81d,pending,pending
cf9e933b43d29b99bbd82071,pending,pending
2d15b530b5c943bbdb53d820,pending,pending
672f1e64522a4bf54480a2ca,pending,pending
3fa10e85393f369ffc5b8d57,pending,pending
8649b76483e4df949a155ea0,pending,pending
de2860983aa28ebced67a9aa,pending,pending
bce54189aa8c15e903ddcbe4,pending,pending
033f7197516916f22c721061,pending,pending
6ddf754241cc28160029c882,pending,pending
0d41058b5d7d38e04578e1ef,pending,pending
87bfdc359cf0071e622e2dd4,pending,pending
1a41c032bc8d786c2c00c9a0,pending,pending
68763c739f7cc6f82c239fa3,pending,pending
cad1b5422e40178306484c65,pending,pending
f66fbffffaa5b917c3ed90ed,pending,pending
0d8c86793b3d9681894ed582,pending,pending
0648e915ec8877548cbe921a,pending,pending
3472c12ae463ec9e9d1a7769,pending,pending
5951b33573845daa37bac353,pending,pending
b07f29ee37a0dc0b54b24ba1,pending,pending
6ab608a6ee1f217402238668,pending,pending
89b65e0ca96ffc8344026e7d,pending,pending
06fa53d36b604621da4c548a,pending,pending
8397d30b2244c7a53c83d15f,pending,pending
c72cb9f7f75dbc77cbc94d02,pending,pending
1d73b3c803fe437922e2c16f,pending,pending
b3faa4f17fada01aa6f47b92,pending,pending
f39d4ac6f11a1bffeb9ae78e,pending,pending
0506e821ccf26e4cacf08b61,pending,pending
e7089d5ec13668ee7f288e21,pending,pending
de531f474480b17f6ca66a3b,pending,pending
892ffc66e7ce029e0d548b72,pending,pending
a6455b40f228b67306b9d713,pending,pending
266401993921f3dfe1f095fa,pending,pending
83b0e51d570c090d91579b24,pending,pending
63568c17c3431f46051de338,pending,pending
7f664055d363affe9c7c5347,pending,pending
a2d76883b6a22ff731881180,pending,pending
373c2ef65e3b626731b91e14,pending,pending
90c0ec87edac33070ab9e8ee,pending,pending
90d380e222fef04c346ff884,pending,pending
40536ebb94d28c1b2d2c82af,pending,pending
db7ac7f3f68d31036c77e352,pending,pending
ef37bddc0503e5e4a5808708,pending,pending
ce3744b65e553e6e860afb70,pending,pending
116aa16206bdd70de9607543,pending,pending
c02004132aa221dd2f652d6d,pending,pending
03e86ca85b2ff86bf1dcbea9,pending,pending
b8d638e29aa14b82399c0563,pending,pending
bda863fc03bc2b6db6c92ae0,pending,pending
ec5896d5260e1cb2e21115ea,pending,pending
cb2c6a92972773efc620f688,pending,pending
d95a34cb58d2ae75fb4355db,pending,pending
96c6f48bee163f964ae5e481,pending,pending
d516b75b4fe9029ec96e8a99,pending,pending
7d1a317f9fee32b9efb5be98,pending,pending
690fcf3a0d1811ddecb89459,pending,pending
47775fe39555cc80b95f790c,pending,pending
0842a00378320dbdafec4b3c,pending,pending
304c83d36f2e9e39197ca564,pending,pending
0f6e27938677a4b058411ea1,pending,pending
d0ab393f132e6c7b4ae8cb0d,pending,pending
427b9a2da303e635c25ba6c0,pending,pending
e7158bb21cc7d3dc47540080,pending,pending
33425b06701baf5e5a06a8cc,pending,pending
8c3ca2d05f845ec6f82241b7,pending,pending
9dd631402c08a90624274280,pending,pending
3685e8cbfea48f350ebd57e1,pending,pending
77995b4b8a13d9612b653d55,pending,pending
140ceb4bb08162b491c5c376,pending,pending
f079e35dd12b1ef6d5ecb067,pending,pending
7045071a85f725adb68e1506,pending,pending
d8a4388bb32f994166d1c874,pending,pending
2c2a12d5f37bf46aa06ecdf4,pending,pending
c86ed0cbce741916527bdcd0,pending,pending
652d5065e3354c8d9590806d,pending,pending
b718846f69bd0a6e1f935ccc,pending,pending
0790809d5579346bc439262d,pending,pending
188732339ee0fbfccaddcfa1,pending,pending
b276b24148322ef738929091,pending,pending
eb2c3bc68529aacd09a21eb4,pending,pending
2a3a574e7d32d486ff9557a3,pending,pending
02d4433ea2af07dcc10e062d,pending,pending
5ca6b128aab5b507efcf90b6,pending,pending
732db26c820792846d3ad5b6,pending,pending
99da62bc8f99c3937f43b316,pending,pending
39a9bf10bf4c92930db1a108,pending,pending
98239262479adcf4952fb13e,pending,pending
853027ab424b4ffbcd2a335b,pending,pending
bdbe7642d03597993722efb2,pending,pending
b8e4f2b6e611a1b6ea107deb,pending,pending
a2920abe9f1765ef926ab575,pending,pending
8b3e43f655308beb19747379,pending,pending
055bd53ee13869a7ab6eae50,pending,pending
2a9554493d531035bba85b35,pending,pending
04e9e0ab1c187d4f96621398,pending,pending
ca0257f9306d0a60d8020f83,pending,pending
ae0b2b7e39d2b6b0e32aa22c,pending,pending
c72ea537fd767fa9d859574c,pending,pending
8c48ab51d277b98eeaf5bdc0,pending,pending
acd80cd04b2ad5717900ed1a,pending,pending
0d77a381f47cbeae0213007d,pending,pending
f5a26a7beac97a92d1fa309b,pending,pending
636c4846cdfecd4c20be5030,pending,pending
c204142887826bddcfd8f21c,pending,pending
aee07d85228a98eea32e8b1d,pending,pending
a0267ff8b73fb46c7c4c0f0b,pending,pending
0b6ac34fc3f63ba5927deee3,pending,pending
bf9316417da03070a410d506,pending,pending
c0194a004e6fe5e11ea1f402,pending,pending
4a791840034675bf085480fa,pending,pending
b4ba9994fe568734fc11cab4,pending,pending
8d3895c26510ac64b82c4b74,pending,pending
a62bcfc9b579ceb27bcd1fd9,pending,pending
0e9268cee8659d2cb10b4b98,pending,pending
cb458bebb1421d847b6e6fd5,pending,pending
63ad1c213bfba753759a79c5,pending,pending
5206c0b806bb0ad834429d85,pending,pending
824778b6f1da57ce64a5ba45,pending,pending
a524c28e33b7ff40a5d95f56,pending,pending
806f7f90242c1fd4fa03b769,pending,pending
9dbc9a946dabf35493a5009e,pending,pending
3e56bad2288f17fa3abd9d5a,pending,pending
fc05b3c77d6f1f21fa70e8bd,pending,pending
ce54d36859cafd44c8588e7f,pending,pending
d07f63b8a5200dbc6386d858,pending,pending
f53998cd613d3c6b4608ece0,pending,pending
99cc45bf88dc448f6ced1f09,pending,pending
a1b799d39b42772e7dc35b14,pending,pending
79fd3666d63445a7876d7563,pending,pending
596b213f1ba9030c100207b9,pending,pending
41f2edbbd6f643139c981b88,pending,pending
97798064e6ecc0899dfaec89,pending,pending
8f15a468dd0c695c2036e38b,pending,pending
40eb5ecc7a3ce71bc642a313,pending,pending
6a370802e60975833f5aed20,pending,pending
b15cc4a0fbcec7abeb8ab047,pending,pending
5d61da88d2dd4d744086eb17,pending,pending
15ca993b176e77f4c7577521,pending,pending
e1ded9b76a1b9f79183345be,pending,pending
a86948aaf5b67b5b24d22117,pending,pending
d054b613c34db56cef5fabe9,pending,pending
10632e46363915d527bc879d,pending,pending
c51be777a303e55decabdd11,pending,pending
faee07422b75bf631344c072,pending,pending
df7b859af8181d9305713cb8,pending,pending
b1a9086d54a4cc650e39bacc,pending,pending
02f58ab84ebe4781fddf5309,pending,pending
9167fbdb8dcc5aa2aa6e99a9,pending,pending
296ca3b6ac6d36c9ced6ace9,pending,pending
a3b42d36cb178f639588819e,pending,pending
ad155364a601ad86e8176bb4,pending,pending
5aa48e3b02e2bf11fe87708b,pending,pending
2ff59704c7c347107975172f,pending,pending
94f1cda872ddc65bc01c25a9,pending,pending
a30445692dbef799abb460b8,pending,pending
5166b2a08d511abc8fe01667,pending,pending
b344c8a3c99ab7694fc198a4,pending,pending
60ff9abb6b743dbb2b5ea62b,pending,pending
425826f76d825f5774236ec8,pending,pending
e4f61d31cc1bc377e34c93ed,pending,pending
34586260c13f3b4ad5726495,pending,pending
000072fcbe9f9794870c7560,pending,pending
8f771ad373fc2629103f2b57,pending,pending
1755fee591e452db7ff95e6a,pending,pending
94e6f649b00444ef5a8283e2,pending,pending
1d354400d550b85b3873c7a8,pending,pending
66e65c6793c28def2f8f098c,pending,pending
975a5796e82a354d1cdd67e8,pending,pending
1b2236ec4cb1ee0f934f7e17,pending,pending
22e450e4a11835649dc46e05,pending,pending
a878404d01068ba199c4f3e5,pending,pending
3ef22cc4ed762f764471ee28,pending,pending
eefaaf4ac31a9eef556906c8,pending,pending
c1d513bb7ddc3090b5f5e62a,pending,pending
947ee705813450e4eab0483f,pending,pending
98a800b1802697e9760e05a9,pending,pending
6ef1124ea63eaf1a533f7a1c,pending,pending
4f7c367b256c8dbe64cc4aef,pending,pending
72d006dd2b2880baf44a0796,pending,pending
f47aedbf07d0fd3850bf22be,pending,pending
7d0563bce1d08e231dc3a992,pending,pending
080967faf248f3e14890d7e5,pending,pending
001a876d9b0e23d51e625b75,pending,pending
216f1849f309b4a91d961b79,pending,pending
c7cab31186a2aa3cc7731519,pending,pending
345a59ddae522c7124356302,pending,pending
fee7ad332b35b2b12230cd08,pending,pending
045d800d3c6d3f7eab006e98,pending,pending
3022d8b9b8fbdac6807e74f0,pending,pending
784afe3b83e4ab2038a84503,pending,pending
16641817c6f94bd3e05d98fb,pending,pending
a1d4c7eb8a0c53000469dbfc,pending,pending
53c4b9ae466dbcd73f94994c,pending,pending
320340e6ca4bbfbe981dcfdd,pending,pending
76a425d3c8251f03b0154726,pending,pending
c97d9c4c6cdf5fb2d96271bf,pending,pending
f9172017dfc50b4c3e8d16b9,pending,pending
3a0b5c5e0d88372633292eaa,pending,pending
f57cc83705913a9281312eba,pending,pending
0a2f31508aceb748dca464b2,pending,pending
b20f062803b34c74d42cde2c,pending,pending
c5238a591e5eb3ae54ad107d,pending,pending
69f7a8bc55d6176af3627a0b,pending,pending
c8f5a19169acb33ff45ba956,pending,pending
8604281e7a7cc542e92ea941,pending,pending
f360235c1a2322f0832ae6c6,pending,pending
277a829fc22cc80c65577b16,pending,pending
4188b42b83ee936b61216c45,pending,pending
cd7d7800472b4e2fd061fdab,pending,pending
30d26e76a3f89ffb9d514f60,pending,pending
3341f35f951614b109e0b830,pending,pending
e76e63c58af9ae3d1793b48e,pending,pending
69445d5b2b225303a3c676ae,pending,pending
e4789b2d19bc351fd63a362f,pending,pending
192709683c2bc22c5fd93218,pending,pending
7d9237923195c4b641cc5355,pending,pending
5c465944bfd75445b6df1c91,pending,pending
dd0400dad364b8384eda2105,pending,pending
11daed9c6758c1a36bf06ff7,pending,pending
ed6162c175e005d20efa1866,pending,pending
69f8bf347630ccba255f259d,pending,pending
5a0f2c1486bfd5c50cf53604,pending,pending
891431a2d7799b1564f5c795,pending,pending
fc1dff816194e7a57edd1bd2,pending,pending
63f74ba7f1a224b77bf32d10,pending,pending
29d464aace8d9fbd4e9e8a6a,pending,pending
7236bfd7814d7e56fae554ff,pending,pending
75c0d1d53546e64fdb04f43c,pending,pending
bf037aa9619f9b6e47d515b5,pending,pending
60ac48b62a6c16dd23355845,pending,pending
a5f41215689e3bfde0e94043,pending,pending
69a909f6b8bfa9b15d9ced50,pending,pending
b8569f24f132c6a419d17154,pending,pending
742ffd2751cf9c454e057593,pending,pending
9b0870abff07636ae094f14d,pending,pending
4846a3f9560a8fc480234b16,pending,pending
5b07a9f5f9d65825fe069ca1,pending,pending
af3bdc511ec1c20069dd10d2,pending,pending
91afcba466b89b0a936da326,pending,pending
0f44b3f88e32ecfa1d043e9f,pending,pending
5b9c1cda5adee659c8f4b131,pending,pending
62f372a9ffdf77270d11eda1,pending,pending
1d2bd63de6d9360f727cca55,pending,pending
eace59ae72b84b0bc3c55bb2,pending,pending
bfe5b76539f0b673997ed27f,pending,pending
55e806ec7bb42497d51c8dd7,pending,pending
0cfe6d9895e80723f98d86ec,pending,pending
c68b350c843eda6d8fb997f6,pending,pending
fb780d00f191c67e43b4a3bd,pending,pending
a11efaad535e27d55a0ffe98,pending,pending
09c45b28a066f1b34917e05b,pending,pending
cf0f69e84e00193938529dc9,pending,pending
fe8c58fa6a133c5c1822d0ef,pending,pending
09a7f7b8b862b0233ea2d3ff,pending,pending
9d4051492b8bb93f0d270208,pending,pending
a31462058d80f996bf5bef9f,pending,pending
df8525a51e5c77bbbc0d950f,pending,pending
7fa91714b41521b8a24069c6,pending,pending
6de8381f6ebb3c647b98d57c,pending,pending
f991ad9239614ee0cc5b392e,pending,pending
50602cdf3a65d230ce286be9,pending,pending
3fec47a18429ecc30459ccfd,pending,pending
7f9aa511b1fd4ced58300007,pending,pending
9bf35648212b17d7661efeda,pending,pending
1527ad0e2c3952afe9b24db9,pending,pending
5f938fb5f56e5b266819707f,pending,pending
452336ac736b438838cd03d1,pending,pending
6efe55da66727029c6bc9688,pending,pending
19ff1d5a4f00147539906de8,pending,pending
dd0fb0f303dd01ce3d1e31f3,pending,pending
ca10cfa6f71b62c84ba8d42c,pending,pending
dc5f2d46bc008455e05d377e,pending,pending
337b941d5568242607e73162,pending,pending
33ab572896a67119f282ef0d,pending,pending
7821d4fee40e704a6849bfd2,pending,pending
ac6bd364580442510c8b692c,pending,pending
bc6137a0675849baacf6b56e,pending,pending
a11781debbd74379ea9ed90b,pending,pending
45acc7ac3209b165265234d1,pending,pending
b633d55f9a46406b195d6323,pending,pending
a7664fefbc6a6ed6955f92c5,pending,pending
c02dea43b0647678a67fcec5,pending,pending
ab8c569e939dbba4551da8a6,pending,pending
dbba90ef2e53aa4b2b5742b2,pending,pending
8d1bea05ddcaed3f1aa44a87,pending,pending
8861927de566512d8d87d199,pending,pending
a79eed4776b68cf5308529e3,pending,pending
f521f2cc597b416c08326fb4,pending,pending
009858cc3390c81184f63cfd,pending,pending
8818b632e4b887e4935b4c26,pending,pending
7d4ff667043345ec784acb51,pending,pending
2a164ffd7c515964c08a4f42,pending,pending
df5bf089033c5b8f1e4ab064,pending,pending
a688b131dff7cc08f932e713,pending,pending
3aa72dea64b46a3dc4c73105,pending,pending
ad8211f4117c919326065921,pending,pending
ca576c0adc88392ec4abd7a4,pending,pending
991bdc1a94358c046cf09beb,pending,pending
4e684f19325c9478ecb25942,pending,pending
f03c548218c7053850dc6772,pending,pending
56c549c49fabac5e07da253b,pending,pending
ab8a34e45d620411c30a6599,pending,pending
b17d50da5f74e064e0492579,pending,pending
df3e35f69267a9f5cf61cea0,pending,pending
07fbb79777358fdd6d74d84f,pending,pending
4cc49a4ebd05a00ca9cbc265,pending,pending
a65353f146261984e64fe159,pending,pending
e79b651120024127c919bd66,pending,pending
6ba00d3cc65fcc3f118c39e9,pending,pending
c96a190a470f62eb58c63edb,pending,pending
8030bb49831b413f2bfe2370,pending,pending
40fc5bfd671510a1e32368ee,pending,pending
13f5fb614e7d3134774b93b4,pending,pending
05f3a149a32c870a93878e53,pending,pending
69fa9b8c268fab30fb2714d2,pending,pending
817a857ef5670df1b1d460bc,pending,pending
692b722b5669e1539343aa13,pending,pending
93fba028c28b27c518544f05,pending,pending
1df1bd8392b4881715224965,pending,pending
75930ba9d3f953584444a00e,pending,pending
338e32b4e4cd303e16950f87,pending,pending
98ed4e4dcb157d7f23beb73c,pending,pending
ac299ffa8bf3d728cd94c99b,pending,pending
527a5d9fb191acd47413f887,pending,pending
3ac48bfb1866f857cb0d2f2c,pending,pending
f672d539d76c6ab46a2a2537,pending,pending
5647542cef786a66ce8dddab,pending,pending
10abd6e12675ff4bb96ab8fd,pending,pending
4e9323d63aee51cf3ba7b71a,pending,pending
d6404d7b79749cd6042e539f,pending,pending
e30e2b9462ff5e6bbbb8ebe0,pending,pending
077c10cca7b94960949869a3,pending,pending
38b67bcf07dfad769ae76b68,pending,pending
21b58d863193dd0a00b2f2c5,pending,pending
528dd93e8858f14915eb5038,pending,pending
ce9751603d2777cfaa2626b6,pending,pending
92c25f3465c277df55f7b8cc,pending,pending
1689d02f49e6d0f7fafb495a,pending,pending
869a78e85142d8c899e01ee9,pending,pending
a343717b4c23c79383433d24,pending,pending
36f80757f1a079e9b577f85e,pending,pending
910145582c797b99c055f4c8,pending,pending
a413ce0e755d3df5609cd512,pending,pending
f058533c372d3c82c117bda9,pending,pending
6318a5e53c6edcaa6d7b5596,pending,pending
ca528a159495df393f6d0586,pending,pending
c615243a57954f1d1f749d0b,pending,pending
d243fef9378f2aa4e1828d11,pending,pending
44225f5ac278f6c6c0196ebe,pending,pending
fc5d253260502b65e3d6f2e8,pending,pending
297aef2820688c5929068b89,pending,pending
6fbc039225d9f6396ee5a273,pending,pending
6865aae1f44ea30a5a8e2645,pending,pending
9415dbd299d656dd68b6ccea,pending,pending
77c561145208e85bcfd544ee,pending,pending
3abff572cf4af02d49b55270,pending,pending
275d0b58f85cbc3374152ea0,pending,pending
094161c306f01e9bd37fc8a6,pending,pending
1d5f45e0df51e81eb02f4326,pending,pending
d355b91fa4c42625144da5bb,pending,pending
f6b5e0b08f56c14debf18cfe,pending,pending
6d388a1f9160d2f45be3374a,pending,pending
7e357214a781cb1d0f2cbce5,pending,pending
e193e8f49fce5e78a8ac7c72,pending,pending
4e880c51da3824d576ccc9b8,pending,pending
adf97b3966a39af368e76bba,pending,pending
eb710073465318d67452b51a,pending,pending
57369cb7b3cdfc3e00e5a1ea,pending,pending
4d24e47c0e4ef4ff5e8585f6,pending,pending
1d6c85c1cb5c409fd1dd316b,pending,pending
4d3459cf9a08459256fbab26,pending,pending
bc55f2b53d3dfbc5a69d7e6c,pending,pending
7a732855e6c1039d458bf7a5,pending,pending
993bd3c14de94aa364beeeba,pending,pending
a48630b5a5a9d15891b813b5,pending,pending
bdc716c78be8839669467b37,pending,pending
ef47fa11090b7a0eb5bb8c76,pending,pending
ffa9f2afeb77f1f30b90de93,pending,pending
b7dba5d1d634d29fba1d60ac,pending,pending
0832c21b4492190de1cfaa5f,pending,pending
2ebee51388993b4db0e62198,pending,pending
0cf9f16217b2e2d31151b151,pending,pending
182e56695cc2c4935032b254,pending,pending
cc2b01210638403cb760fa1e,pending,pending
9a2d950f2b978e773ef88437,pending,pending
7dc1457be8cadd6b237c72b4,pending,pending
d46bdb7d72736c5f441b4094,pending,pending
d467d020d84a5f742ec723ba,pending,pending
24c05146b46b6f0d20755f0a,pending,pending
6df8aa6edf73fc4dac3a71ea,pending,pending
2d480378680a68c721fb3cb3,pending,pending
a3888bf03842eb2e1c1c51a8,pending,pending
f3bb8a7ebb9b78b7c69d6ce8,pending,pending
f1991ac411df60d3c045ddb5,pending,pending
ba3aa5433b2e96c128528e23,pending,pending
1f2877c066b9000c2e2297b9,pending,pending
2e42ecbe1c752eafaf173ff0,pending,pending
74081f8182b8147ab8c5b318,pending,pending
1531c2fbb49f948eaca266a1,pending,pending
d67998399f585cbc4c533d94,pending,pending
1107bbda06248756f558c150,pending,pending
0783107c7a833fccc5594da7,pending,pending
6969da33cc0a7abe3fd6a330,pending,pending
51c2e06259202f1ed094d25f,pending,pending
f325248e8c8e42910e3d6a83,pending,pending
37bcd862876858bba79a2ecb,pending,pending
cf6fd1417d19e5cd818f3ed0,pending,pending
c276a432441211cc906e457a,pending,pending
ca0aba8db58a429f3b0ad7fb,pending,pending
ebea2ad259eb3aaabac1c67f,pending,pending
200928a5be4e19ff83f2622c,pending,pending
333d886923913fb9767d726a,pending,pending
9d2a4658069ec4cdaa4c24fc,pending,pending
aafb5c2c82c7900bb7a14ea9,pending,pending
6109a7eb5f0c084063ee3dac,pending,pending
705b12b8b3bba71b928b9eb9,pending,pending
19d56b2a755f9e446913f72f,pending,pending
ece8b13eef2687e02198dd1c,pending,pending
611494e144b2facfe92ca559,pending,pending
a848ab62739262e3c8632bb3,pending,pending
f0bc547d3cece87e703ffb8e,pending,pending
be03a2e39bc456637b1510a7,pending,pending
6a775cba29c31b5fcb4ac476,pending,pending
57da4c10e42830d6b5334e58,pending,pending
487e3c5b10cac72daf50dc3d,pending,pending
5ca56a41734fa7969632fe7b,pending,pending
3094a05a32ce9ff6b920e5e5,pending,pending
0b31e28f4c13e4abc892294c,pending,pending
8e41161508b5be98a2a8d78a,pending,pending
0248fdcca00551a42f3999f5,pending,pending
e9cff81a58e4fed98e65cdc9,pending,pending
df785a65c43f179bd3f7a7ee,pending,pending
cf34068d480ac88fdc58c6ab,pending,pending
e10710fdaf923f33c50bab3c,pending,pending
d1d7fe7aa544e0d881ee06b5,pending,pending
5e8237927605d98ef5cbf6be,pending,pending
3f4d59e4684f3158c6e04768,pending,pending
8d26fa4950f44b8d68ed6134,pending,pending
e7e5d9ea83f202d4dab48632,pending,pending
d14d05f364109ea424bd46f7,pending,pending
27b75dfa7d4ad916077854fc,pending,pending
5f9a58337591a50484881d57,pending,pending
188827cd888ec51ded09de53,pending,pending
cf17f9e0274e8ac0ce20a68c,pending,pending
ad7edf05272b58da12b1d719,pending,pending
7716638e4dc4ef51929098d8,pending,pending
78c62c59b6be7c0517e04dfd,pending,pending
35584f0360ab1e7bfd5fb12e,pending,pending
736e98eb7f63820c80237498,pending,pending
0be61a590435813a1634af01,pending,pending
2af3c444aa77ca010a10f9bc,pending,pending
5ca361ea5c915669699eec64,pending,pending
6f4f9426330d5d23dc0dca56,pending,pending
b30aada04965149cb491e65d,pending,pending
10dd2d020eb2d31bb6fa0fff,pending,pending
d5b2201ddbe5407132d7417e,pending,pending
abfa2bb32b50cae2078407a7,pending,pending
21704e959b5ace096e837a9e,pending,pending
05c3ca05fc31967d72855e19,pending,pending
e1f09f1854a6abe7c00073da,pending,pending
8dfd39b98a27e240587a3e39,pending,pending
55dd3973e745c093b68aaa18,pending,pending
98635f60fcbeb3471ff38047,pending,pending
9b7d980e92a55ffb029a2253,pending,pending
af205524faedacf9916bf745,pending,pending
58605d70111a9f18589eddce,pending,pending
3330693a913c98d3dc0881b7,pending,pending
0ccf8db5e694a1667dfec959,pending,pending
850ca482045ca729f98c1c73,pending,pending
d8f36b2a01260a2c11f869e3,pending,pending
ce4395e2d9810a3cdbff2771,pending,pending
d99c75e772b10e8e33e6cc3c,pending,pending
35ff9399b229e5c96ae90af1,pending,pending
ff7c694ecdc25fe31c53d950,pending,pending
ffaebcd6a862f5ae7f5a0047,pending,pending
652e7aa3ee62a57b63924147,pending,pending
143ab9eb29e12e81c9a53682,pending,pending
9ec472747126f75033d8c061,pending,pending
0ea404991e0d31172b4baf09,pending,pending
9048d1d78bc6ce09c20a6d3c,pending,pending
af1f7123481ecb01293bd1a5,pending,pending
3f68d8689a1dc0883931eaf4,pending,pending
bd9b539089ad3d6de33fa256,pending,pending
e12544ce21e78e784383c111,pending,pending
97d57480332304ec39fa2a84,pending,pending
09745f4178c518628a617510,pending,pending
06e7526e695c296d80fca7cb,pending,pending
fdedde7417c1f01cccdb4f35,pending,pending
1e3b35678b46818fb8130687,pending,pending
0a4440ce114eb20eb22e3196,pending,pending
246a6268f87ef6299b766a5a,pending,pending
f8544bc1a1534706b95f85b4,pending,pending
98b5b11fd67585a5dc0b4c69,pending,pending
f219a9e39c75118fabc3f0cb,pending,pending
cebe29092dd7633476d67283,pending,pending
3882fa9a9334c1b13783f60c,pending,pending
d7bbff9d5d60e4c543d5d80f,pending,pending
25cdf23916278e2ac61ea466,pending,pending
15fe31238fa6648c25f3002a,pending,pending
7d4ee5c5a4e2e33f99d49066,pending,pending
450ac92d5e9c3ab7496d9c01,pending,pending
96445dcfc9aa65430db30192,pending,pending
7c5a0a11950ef2159f36f310,pending,pending
75109e3d5823f64bdf16442d,pending,pending
e7ff4755bb04f2ed1a308cbd,pending,pending
1c05ac5d9b51a5766f2c96fa,pending,pending
6aeeef8ebce8c1d1018cb8cb,pending,pending
16da070bbd822ed8062fd2c6,pending,pending
a0dbd81d01d16dbe29cae96c,pending,pending
367ca2794fd5f794377e3258,pending,pending
b4a9e8c481dce42f7800fba3,pending,pending
4223c2115d5ada24d13f0180,pending,pending
5dda1123c50c49fe7da9725c,pending,pending
c171b8831f28f8a44cc69f35,pending,pending
ee31daff653d03cfc38e4a67,pending,pending
7e902c41ff51e1939a58b76f,pending,pending
532065758457777359593b83,pending,pending
be43ff51ad05c5a6c3537b24,pending,pending
7b02b8c8d61739f9dc7a3619,pending,pending
4c6f6ff64188b1c34c459555,pending,pending
4144fb2bf6fa4e0b9691acd8,pending,pending
df87bcc0281c5eee837ab727,pending,pending
ce85dae6ae2c26c0d3964752,pending,pending
8e18edc82755055347da9eef,pending,pending
44743558b5a376626530fdd1,pending,pending
e48c1c9671eadc7a503db9d8,pending,pending
53305596c163442e6bff1c1f,pending,pending
4340407137610d0d124e9fdc,pending,pending
de3a0d48ec3cffc20daefe4a,pending,pending
0ee5b5fc13cf8b3ea31cde48,pending,pending
4c71fdd149b614eae2c81c71,pending,pending
1cc09fed75704492b515e3d2,pending,pending
00a7f3424324447fe2e3f931,pending,pending
1d3a36036ebebda3ccd703dc,pending,pending
ca9bc1fe27a087be7f7d23fb,pending,pending
81889989f10dd719b0112dcd,pending,pending
f3a26dafe4ceebad2306b17a,pending,pending
57bd917d2b9f87166f8dbd9a,pending,pending
d48c9da461a8c9a3446daf0c,pending,pending
5177416d774a826360067924,pending,pending
e4c3a9bc0dd798a5c16970d4,pending,pending
815d06d30ce3cca2846ecfab,pending,pending
ddc8e788df150e676a76d45d,pending,pending
35c218dc7fe2d3d723125110,pending,pending
88add452f48293d56e25a9b2,pending,pending
2b9bfc21c4fd0d5cec61921d,pending,pending
140a911f7aa8d7cabb50d4e5,pending,pending
50de54ce540e2eeb1a9b0ec7,pending,pending
a4e5baf49e7056864d43d652,pending,pending
89c012f668a17192add7fbf7,pending,pending
b4916e7bf2a89197d8477fd7,pending,pending
d5e33d75cfde6eec6cf550d4,pending,pending
79439f21593819861d8f6b75,pending,pending
de3e1b56d44f5c9efa6d8ed1,pending,pending
fca9ae602162cd96a44751b0,pending,pending
2a083cca675fad9ce91fa771,pending,pending
21c0321ca55807f79d0208e4,pending,pending
e3d0e7941ca3d3593a44edbe,pending,pending
f6ceb4f0bc1c4a5793a7ac18,pending,pending
e0f718f74b43ab20ffc85076,pending,pending
c428b20a1953f754ead14b48,pending,pending
b0eeaef0cec311cc56c5601d,pending,pending
237406eea0ec1a066acee5e0,pending,pending
1d716c95ba28df0c7a1aa124,pending,pending
ae57f2b85e5468e9d4cd73a6,pending,pending
96d479ac152e12f1930f2657,pending,pending
decd49f17969db1cd417a36f,pending,pending
314e9e8d80fca9633fc199b0,pending,pending
d3dd92e294ca7730aac47357,pending,pending
17061870a632e9289c977571,pending,pending
73267d32eb6836a8be5e8050,pending,pending
a56c44bd8ede6f08eb03c25c,pending,pending
c2527afd27c298ee15a570a1,pending,pending
e12957e9c2f8bbdc415f18c4,pending,pending
968c994b15535adeb669d5ec,pending,pending
bf9df05fe9c570d0e35458e0,pending,pending
9a81c69077d4d34880af0bbb,pending,pending
a83a9e082a89da1a354dabab,pending,pending
9d14e9ff605a2308a7d6d0d5,pending,pending
96f74f3bab05a11eb89816ca,pending,pending
93e2e7f27a624866d59ace1e,pending,pending
a9504202511aa3dedc4d5b5a,pending,pending
bb243d7e99301b8835e2d1db,pending,pending
035f978e90c9f8241673fa39,pending,pending
d54d53f9377e3a87bafca803,pending,pending
eeaa9fc5743cb389bfb43362,pending,pending
695aa19dcd128ba484a3b609,pending,pending
cb29272427fc11f149f61c0c,pending,pending
a9ad1a823afd8069bad93147,pending,pending
fb7e8486614268b623dcf008,pending,pending
bd308518b9d49db6c5c048ef,pending,pending
f816e5971194af6fb7aa73b1,pending,pending
bcd4bb929350338f17e9df2d,pending,pending
147f42d538a4de4e6cb74dc9,pending,pending
11110a3c4c85e04fd35484f9,pending,pending
5e2f74330ac8071fce17edb8,pending,pending
d456d9677c3dce0152b7f055,pending,pending
24fbe82a33b57809484d4c4a,pending,pending
b2f494eaffb9bf0bfd8e4241,pending,pending
83431eb63118d63761311fa6,pending,pending
3f06726feda1a66764a2fc6d,pending,pending
e25576a47192f6b8110f2841,pending,pending
52a9f1f69e325712b3c79d51,pending,pending
43e8a0877735654d53cc8e2a,pending,pending
eed888e24136c8388dc14e5a,pending,pending
bac63ab2dfda575fd4a25e59,pending,pending
b69f308093b170f85500455e,pending,pending
9b1d2c9ca578e2f6da794bee,pending,pending
8a50f72f69078309f7bdfec1,pending,pending
c734e540d2ab53ab67783bc1,pending,pending
160cc6f4dd777eadfa138c9a,pending,pending
962eaf97c184119182120e5f,pending,pending
36d02ebf1a8080696a708b35,pending,pending
f7393e6c9cf2e4fd46f62231,pending,pending
b82fb7b40156bf45b930eb94,pending,pending
71fb4665938f5d0bf22e7896,pending,pending
dbc2334fee6877f0c839b8a1,pending,pending
a59ad10106a7169cc7b45bc8,pending,pending
623a78997b869b48b98321ae,pending,pending
701b039a65dce3e456ad6f9c,pending,pending
4ba515e10d2d128e72b8065b,pending,pending
75963b4ba32eea248b8e831e,pending,pending
dad26605e3544b7f607c474c,pending,pending
f5d95728ad52e1c56580dd1e,pending,pending
1f029b30d89772a86673cf8e,pending,pending
268b1ad3e94f3ff876dd0f6b,pending,pending
79079da48ed3670825898633,pending,pending
10714446bdf272ea6473f4a4,pending,pending
32b795e6ef0bb5fdd3fbc619,pending,pending
835ff6009832b3218ef9a53d,pending,pending
f917497a98f6247dee9b5f1c,pending,pending
31d6867b4a164c6aa7ba1aea,pending,pending
d431db9de8122e1680e013d3,pending,pending
2cefb068efc7408df21a6ccf,pending,pending
2bf236ce261847d0c6b17d5f,pending,pending
5be21ad0ec9f0f0085856799,pending,pending
5e5857b8c96cb71eb6b6787e,pending,pending
138120981b27b285813b8401,pending,pending
dc23186f3c25f37dfe0569bf,pending,pending
9161d6f8a994778c165c0cdf,pending,pending
4b58a250091a75d256d6d567,pending,pending
ef580aabda0d5cae4b809700,pending,pending
c9d7bb1cd99d1f77c5ad9432,pending,pending
47378caa6d4202abd3dd05d2,pending,pending
502cc179809176c3c2e518d0,pending,pending
a4fcfdcc73df991471f5cc09,pending,pending
8e45b0bd91bc0a0d9ee88297,pending,pending
d4f602d9c0cf0072c3c824f9,pending,pending
89012ac0d2b391416d0708e0,pending,pending
4b6e51c482bcf06f44a979a8,pending,pending
e259a0de7702ca66611c0456,pending,pending
7a61fc215c16b701bd9f8cc6,pending,pending
3753b850e804428353d186b8,pending,pending
94d03fbae4c3ac75c413ab65,pending,pending
cb03faf02255629322bb4672,pending,pending
8ec9228d2088dff3e4910f58,pending,pending
2aae4944292220f5a6fecbd2,pending,pending
63d3df4a827114d6c1c69f35,pending,pending
e6a8846bf57651258ad68ec0,pending,pending
c2217da928586f2140ae660d,pending,pending
c258c600b5a75b0fee27ed35,pending,pending
99588f65384215ed36dd7b09,pending,pending
5edb0f005c134d00e3cf2bd2,pending,pending
afdd3c0df11d4bcc5818eb22,pending,pending
bf57cdd4cf00d2d244e21749,pending,pending
1206ef6b35240be84dcd850f,pending,pending
8072a4385f6d460ba234e1f4,pending,pending
58477bd4e8c497b14ab28f66,pending,pending
b901599a22bb9e7c16577812,pending,pending
bd1372c5732d1f62c2575aa3,pending,pending
6b09a0ccf0212d34dba8a2b0,pending,pending
fe843d6f703505e65753bfc3,pending,pending
0f2267d7ab9c902b6bf230c6,pending,pending
6347d4ac03256db593d6bd7d,pending,pending
9fee7a9bb0d1032e36a5d968,pending,pending
57acf1af876f9a7cbb35637b,pending,pending
c09756bae2a1642f29c9e59f,pending,pending
cae5dc8d961d63140a15a4f3,pending,pending
54fe54678ec48c3a0f03d2b2,pending,pending
5d6af3483f724e3871fb072e,pending,pending
97adfd73c79e5a2897471577,pending,pending
81e3d786a69625af94d96c7a,pending,pending
2ff7d66d82907ab20977fc78,pending,pending
d81dc9ed2cb8b8394517d887,pending,pending
0d631ada334752d8b215b550,pending,pending
de4033d12bff4a6005d97585,pending,pending
3f61e7e55b091cca46e0d952,pending,pending
dca0ce7054a629a06b0d94c9,pending,pending
7df199cf1528faf82eeb613b,pending,pending
68b51642725497e7342b2cbd,pending,pending
47127af2f263cd10a7ee3cc0,pending,pending
189215b517a91953d4c92a77,pending,pending
1c8aa454e9536241625693c7,pending,pending
3d5e8a7071fe02e51c71ec6f,pending,pending
439a8efba0d14efbf1f8ab0a,pending,pending
98bce1e2917750a9d99c8fbe,pending,pending
d9ce7597e4cc8e6bd0738eae,pending,pending
fea1476ed27350447281e8ed,pending,pending
030f2a4016ad2c1b05452aee,pending,pending
fa15bb0c7283fbb38ac397b8,pending,pending
7390de99615bab9aee794375,pending,pending
4dd33ed66658b072b7f227f6,pending,pending
6f27824804a66da1c15ccc0c,pending,pending
d458b9fcc2958f146f00b4f8,pending,pending
3e684443e19b3911d7e2f6bb,pending,pending
389059cce0f75d9471257cce,pending,pending
52962faa9fdedc9c27ecaabf,pending,pending
f5dfaaf0252efc7f50dd5912,pending,pending
a2b669422b4b2a5e4882ee1f,pending,pending
14abf5296d2a183b51ee0ab9,pending,pending
79cdbb99ca8785c811601640,pending,pending
a831d5b21c1efe5c236c1eeb,pending,pending
9acb03ce5eb36051c30de7dd,pending,pending
370df75f81abeee2d7c99389,pending,pending
44f3c12594cd1a515cf28619,pending,pending
3868a40c231d17415f954236,pending,pending
6aa81b5223db7c362a68b610,pending,pending
1035788092eac124fd2b9cf7,pending,pending
c91e4ee4ef5b8de2eaded48b,pending,pending
f0d791fd7693d702dae6dfa5,pending,pending
691aa40aca6a99d69bb227f4,pending,pending
39dfc38687d7555cc54b82ca,pending,pending
bcc9d8f88ab1e8bc7cbc1902,pending,pending
3080b5e2898739319f90a096,pending,pending
5073c500e3202fe76950b306,pending,pending
0c933f390ed1ee56d182ea53,pending,pending
9a5a1472af9f4cad6cdc35ed,pending,pending
2ea7071d745b11734fb93dff,pending,pending
f2ae17e9e6cf8039c49b4151,pending,pending
acb4d56ae5986c5fa2e6d6bf,pending,pending
12b0d1aa07fa5b2fc65f244a,pending,pending
6787ad7e2fd362c1638c208f,pending,pending
5b686187c0d11630022958c6,pending,pending
c6a30b03524eb5305cf78632,pending,pending
662621513d0d70206f6046c7,pending,pending
5a1e2d1c96fc2aaf4ebd318f,pending,pending
b64d1c4f23850f12a2207945,pending,pending
1531c8fb4d5d6e7b13e4052f,pending,pending
036423ade5c0ab03c8539cac,pending,pending
b1a1ac7a1ee1838c4236d182,pending,pending
49b6556b3fb220c920351e47,pending,pending
d35a47dc5a0a2fd1a4a5242d,pending,pending
2ac77b4df6b7d1dfff29409e,pending,pending
a3eabd3ccec76ab3d30cc349,pending,pending
82d8dc7d1a033a1216762fd2,pending,pending
d8f9299c240de5410fd59c99,pending,pending
a694ec0b045f1026d1b735a6,pending,pending
04dfd7f3fe413e0a90ace219,pending,pending
d91626914567e76caa746335,pending,pending
2ef7b66853f71686ba858085,pending,pending
26b91dbe71ad0fb299448e3d,pending,pending
8fdbe5f66dc6c82201dc0d5f,pending,pending
a51659c7f833d04556b61664,pending,pending
168a7a14b6afd2b5c4ad5844,pending,pending
73af27c191533585c27bbe36,pending,pending
a714f6fbf3ef60a92d882d7f,pending,pending
2633976a8290eb432c735630,pending,pending
4bca4cc1dff77b4896e51c99,pending,pending
a613e1d858456fca6e7f9472,pending,pending
663444a01258e10eb0f38114,pending,pending
22734b54dac2765138516817,pending,pending
8130d8e8ada959a1062ba06d,pending,pending
f0519ce0f991a9caf4890971,pending,pending
6ff0426b7993a45793325ef4,pending,pending
62898dfffdbeeedd016dc7ee,pending,pending
0ab4676aa6b89d0657100640,pending,pending
2883404050631166f2662821,pending,pending
4f372faef1f210f1583ae9e4,pending,pending
3372819b3091953d4157edd5,pending,pending
a3b71756121ff46b0b7e763e,pending,pending
e7e282a0d5f5906faeaffe2a,pending,pending
a964fbbfaed3323d7f3df077,pending,pending
e4e3e193dbac62c3a42b35db,pending,pending
e112d64d511b53c2d27464e9,pending,pending
252e6c858a1d94947b08e3ef,pending,pending
01be9e2b2a7f4a98c650f99c,pending,pending
1fb62e5436800280c97dc264,pending,pending
f088365f49a04610f7004cc2,pending,pending
b92d55d6da76039ff4578662,pending,pending
04d68c01535e8c8dde43a5fd,pending,pending
7b83e0b960326f8a49ef3915,pending,pending
bf896c75f0f74877d7a23818,pending,pending
bdf7cc3d39b185e91f614b22,pending,pending
90a80b78f797d0ab2e4d9005,pending,pending
f31f47ac768dbc7af601672c,pending,pending
9a1fc2c80d52e52bdb3b6447,pending,pending
ebc80e4f293a165ea9cb6323,pending,pending
a649f4d57abc158fd4b1c230,pending,pending
fe1040a7bc26b282fc278f41,pending,pending
97543ccd430195e48be4d231,pending,pending
1fabe8ab9db89d1d752f27df,pending,pending
c87f85edb40076be696b59ba,pending,pending
4ce70d10451f1e6b31670b4d,pending,pending
cb7cf7757e2ff1a470ef2aca,pending,pending
7272caba2153253c3e73ab6d,pending,pending
52a89089365919e02c94019d,pending,pending
deae4df2aec2bc1c98482169,pending,pending
eed42e9f4226dea9330f72ac,pending,pending
55c7106bed45a3879e0bbc52,pending,pending
2e24cda11bc8dcb2dc9bf01a,pending,pending
96109007324d1d578d0739a8,pending,pending
f72d68c317e99c5fe1f69b30,pending,pending
84eaba810dcb9940a00a9fe2,pending,pending
5fb2c5e3054d9321be895952,pending,pending
e4c93657f51502373cd25336,pending,pending
aa8794eb14a06858d5baf80f,pending,pending
3f56d394927376d36c31554d,pending,pending
fc3853c9635c329a0eba0cc4,pending,pending
b1833cdf1cf6f5890efd0563,pending,pending
1eba347e34b6c837032d8e5d,pending,pending
8a5a2a49a40938c438c93b61,pending,pending
ebf39ce5d8c6205378123754,pending,pending
c6d8cbb9099b5c987c4d61cb,pending,pending
61afd4fac9e118c12575e3c3,pending,pending
8219c4e9c14daadfbbf63b3b,pending,pending
81c1b392057f38a9e5a2741d,pending,pending
635114485f55d81250c54fe0,pending,pending
742c0be804cae92aca7c55b2,pending,pending
76a84f9e468f39f583502ede,pending,pending
06ed15cf21a2366b010d3912,pending,pending
9852adb6cbf885c758f6edd5,pending,pending
c2bd7cd8fe77cc1419e57344,pending,pending
a758543791a8aaa2a57fd39a,pending,pending
00317d45aac23ddb791f8a46,pending,pending
28f2998a8eb8da432b97c6b8,pending,pending
4a0d38c3bf7b5ddbb6b38896,pending,pending
4a6028ac8b348de92c0281b3,pending,pending
58f9fa7aba9c57b65ba57be3,pending,pending
d43cef8e61de310a1754ae4d,pending,pending
078dd49624fcd80de2fe93b0,pending,pending
ba2fa1e8d000565d31ec7546,pending,pending
48928391445a30e8b5147980,pending,pending
17c7523d0ace8de081bab56c,pending,pending
5b7c73c79584f3a4c6fcdc83,pending,pending
4db6eb93e8e1cf07f4d2b0a6,pending,pending
245d3618b933f83941ecc4a7,pending,pending
233059093352b4feb057e5fe,pending,pending
2eef722d68c8ad8de64f2f40,pending,pending
4d3b1431804b36a2438f261e,pending,pending
9b97904b523f3b307468273f,pending,pending
ca656413447dfe1b449b138b,pending,pending
668a14853db63bd6133be8b9,pending,pending
57e8efbdd49dced41409be17,pending,pending
46c76d363bd6b6f5c23ad09b,pending,pending
29a300e2fd1029f8ba5ec5d3,pending,pending
d2e64a5e1c4aadbb14cb1e70,pending,pending
31a80dc2107e472ffeedee11,pending,pending
47402daf82c27958f54c9165,pending,pending
d896a8ee6bbddc3f7ac2f6b6,pending,pending
b4ad66a5ba14fcf743ee4fc4,pending,pending
1e8a22afcf74887c9cdf97c2,pending,pending
b161518b9b3bf5962f8e10f6,pending,pending
2508fd782660e90d33a36fb9,pending,pending
e86641140f5c732c50e18ba2,pending,pending
d0e5ad3dffe6d156a29bbc11,pending,pending
ac445b946a0f695d51a8d589,pending,pending
81a646c4573c44fe43205258,pending,pending
eae59e378f3dac6f567e265a,pending,pending
2030f850fc1c96c18d7796f5,pending,pending
a4052c0822e98c9d950c4f32,pending,pending
7212a8ec0ae56c3cb15ca737,pending,pending
ad65310eefb448a9314e81af,pending,pending
3ff7f4de95be049bd7f40b55,pending,pending
91970be9856d39bc1ab5553e,pending,pending
11422a2316afbea988e4db78,pending,pending
11df34a421784320c84a58f2,pending,pending
09173347707afd529188a772,pending,pending
28913183dc1553d6c5a7f720,pending,pending
6cb18b0faf3a07ea324bc818,pending,pending
455e045eee1c6d0601792100,pending,pending
d5e79753d4d71c6460514ad6,pending,pending
016c14055159f30515e822bc,pending,pending
ef13accdc2681246610300aa,pending,pending
e02aeda7ddb57ed0ca23d1b7,pending,pending
7f728802eb1709a34af8ec2f,pending,pending
8119e87a862729e24430d7d9,pending,pending
669d599281e7d751468befd1,pending,pending
861f04f77767f21caddbdbb1,pending,pending
f4fdc36fc13db72132886c48,pending,pending
1eccfb90ce67164e1a151cd4,pending,pending
8397bbf9daef9634f510f2ab,pending,pending
01eed0746dc1e604e17c4119,pending,pending
27e2b8450c6b1ebffdc41853,pending,pending
bb8695b58d79119059717462,pending,pending
b532b2bcb0d5497d07a93f59,pending,pending
519e87eb7bcf6871909abc80,pending,pending
c461d5c6f628441687a10926,pending,pending
c5a251e645dc312f55fea97d,pending,pending
b456d1644f16a462525b2007,pending,pending
157b6c2ad80c60364fc6958a,pending,pending
76aa8914438e581cd1b30eb8,pending,pending
bd57bb2ef0959c12c8751865,pending,pending
91d2495f79295dbc0142a1a4,pending,pending
0eb16bb7620e27bcd83e8ec9,pending,pending
d601987c0a3205ba10276e7b,pending,pending
1250fea0fdc3a1a12151609e,pending,pending
e88fc65f7b633e3dec079f47,pending,pending
cf2e02e079091ff428194cbd,pending,pending
02f66d658057f0cf7e39e99c,pending,pending
159521ec52be8b7da7ea19c9,pending,pending
805e7bdb411ea4c2d5ebd1dd,pending,pending
860a147fc762b7f75d3a58ca,pending,pending
95d788dff79d41b23ba1dec6,pending,pending
8063a515fa4849cfa8d12f39,pending,pending
06d6bfca6dee6953c1c5a664,pending,pending
59b6749d352570e633a806c5,pending,pending
95df5723577d91a011372056,pending,pending
758485f3fbc0adfd0e2bbd84,pending,pending
d887055011eb381feaf4d425,pending,pending
e7395db6ba25c4d1292aaeee,pending,pending
9b1f1a5659522bbdbeef4c21,pending,pending
59d3d16cd4e5d1fe0dc46341,pending,pending
e993253458bf2b3431388082,pending,pending
c083ea3a212ebdc9169b55af,pending,pending
bd91446ff36855e1e2c4910f,pending,pending
0255ffe20f0bb14988da1760,pending,pending
c807e15e585f39e41018b3db,pending,pending
0021118983d7af8074356292,pending,pending
c9d7742827bdd4e63ea16bca,pending,pending
11080737d33a1b47f4cd04e2,pending,pending
e192a686f6ca49348799f343,pending,pending
c61c61ffba153af3da1d1d80,pending,pending
803de3feeaddfc8f4936d490,pending,pending
d4ff0312be7d02548f07f5a4,pending,pending
f4dc8d70edc7d0a1d682e5cb,pending,pending
a2a2cf9b8ef3ca7e6df1576e,pending,pending
29976667b98093e2a9ace1b6,pending,pending
b99d8eaf6c53b0451fe1cb2e,pending,pending
a085cc307c07ac1812cb0ab2,pending,pending
312a09c32e3e8cbc557bc3a1,pending,pending
0a5c32d68d86bead0c9aa889,pending,pending
4a0dd392cf423b93c087b020,pending,pending
6494888340dd22a89bb9e015,pending,pending
359b50e721012b8cbea1e3ba,pending,pending
f841c87540d40b6ce39fa0f7,pending,pending
fb60d7454a4acf8126b73bf4,pending,pending
bdaf5f7bb58df62fa0cb4a40,pending,pending
3dd4c8fcb78164bcd1f97ad5,pending,pending
9cdb3ded517d6fb63b599497,pending,pending
b823b66d0bfeb1192ebbcd3a,pending,pending
a8e88462ab6f451e5dc02fbe,pending,pending
6a362fd2f5afbc602d4d7c7b,pending,pending
57e67f627eff46aacd91a09a,pending,pending
4b7e6ea8d34f1d28ca167776,pending,pending
518b11fefb2ac4384d922f9f,pending,pending
1c87aad607bf76c3cf32fc32,pending,pending
950e40222a29ed13214848ba,pending,pending
e08e39d46bbeb52a5f23531b,pending,pending
f35369e2b4b4cb45a0fdd078,pending,pending
df1ffd448c052c02eaafde3d,pending,pending
0b81ea72db37239e3eafd899,pending,pending
b194e14b7f2b1c00c33c0ccc,pending,pending
3609d9d8367cc4cea2d8bd4c,pending,pending
c5e1329e61af1401e4704f2f,pending,pending
1c55d36aa20929523919fc07,pending,pending
640b2126b9bda17bbcc11ce0,pending,pending
0dbf62193fba281fd243c453,pending,pending
2f931509cc36ea01b649c2a6,pending,pending
69f626ead30b03679751a023,pending,pending
5aba9147ef90e84152594d07,pending,pending
4697d3e4a71436eaf14de4c4,pending,pending
f3617f97d8861de88dfc47ac,pending,pending
24b9d6ae9a006ce444cf731a,pending,pending
3a6a9b549d348a22b551474f,pending,pending
54504a7b975daa8908aedcf0,pending,pending
6536a2be6a927369da4f3124,pending,pending
3e8228d8c1af79eefe6b82e4,pending,pending
d435d27d4e8728bb0422b3c3,pending,pending
3e423a6780ce37223b96dff2,pending,pending
1b0f003ebedbbec5b050fd1a,pending,pending
fa5eabb2daf41626d383c272,pending,pending
9d237031eae91fdfcbf1aa7d,pending,pending
3d682d2c9dc20fbadcf52d2e,pending,pending
694f265aa8d4af2015679eca,pending,pending
2c70b8698a2eb7f47e6c9199,pending,pending
4dd84b280a5ae61908c2dc09,pending,pending
bc8fc887863533946a0e58ab,pending,pending
0849ec890af5d802ef724749,pending,pending
39f02967d90ec35fb5d6ee75,pending,pending
cde7efc592087edef4fa08cf,pending,pending
65a3222ed1adadbc6578d9db,pending,pending
9a361fcd06676bb1f73a0b67,pending,pending
a20fa2b5f02b0b07f84333b0,pending,pending
fe6daaeeabb3bf851ffee840,pending,pending
24ab7993f161cdbf50b5323e,pending,pending
a067fc50985ac00fb2a69653,pending,pending
8d4d8a8af7ae7f76eec028ea,pending,pending
0f32e9169089db6d345fb8fc,pending,pending
dd4e6363990d168fee1ed58d,pending,pending
2718c58acfe774b0572ff8f1,pending,pending
5debb069f589cb6a9b045912,pending,pending
724972d929c926e77edbd1c2,pending,pending
d8b26852c3778add029c3fae,pending,pending
1865ae6cc015712afe69e10a,pending,pending
7f7140096d947ffb39d8a21a,pending,pending
246ce418fb8f999bfd305c8b,pending,pending
bdf8f86f236bb566609dfc81,pending,pending
e7f568b9e80aec0d8c74ab7b,pending,pending
207d8648700e2413f77b367f,pending,pending
5a1cd0d7bb2b1c7b71b14a35,pending,pending
61858326284bc5d2d8c3b446,pending,pending
11a582e7ce21ab3827b4ced3,pending,pending
5bb0550bb340811222969ac5,pending,pending
ff43ec61a1d34590d44ac93a,pending,pending
9f1e83313a904d67cb73dde9,pending,pending
fa5d0920243f9e6db655d65e,pending,pending
72f975b867eba7b2325faab9,pending,pending
63d0ecbb3c812fc76a9f52df,pending,pending
6345f30b3eb6dfdf923198e1,pending,pending
d01db40f8be37c7d4ee05e71,pending,pending
61d1b7dcbbab8982445cf23f,pending,pending
0dd8b56287b301973d0b4b57,pending,pending
06e77619c844ceb15834e7e5,pending,pending
e734de3f2be048f10e5c2bbd,pending,pending
0e24447c734fcc9995f94f42,pending,pending
f77b46967179833eb6b7016e,pending,pending
a7610d94e484cccba39fcfa9,pending,pending
05be8bbab2d4498419de4f20,pending,pending
d10f790d83428e13628a9327,pending,pending
1fdf327de8311593509d1b38,pending,pending
d2b3ab1e002b2d7f115de14a,pending,pending
522c6709189d64c9b0d21c1e,pending,pending
e54bc4c759e884e845965094,pending,pending
f484c3aa592b83324dfa6300,pending,pending
162dcd7888f916dd1fea6134,pending,pending
5fb1878474af115888ccd4ae,pending,pending
ac0bb0935c53e34c6c026004,pending,pending
c4dd3349100a7bf0c1f854e4,pending,pending
eaa5cd4586a6fee7f47408e1,pending,pending
c4c6cba5367cba8158df6de4,pending,pending
52bec3607fce420edcf70b5b,pending,pending
fface9c3a83617a067059942,pending,pending
29b24ec0b574d3b3a340c51b,pending,pending
c13ae5ca30a5f84751cecda1,pending,pending
589d34bb61537a9b4fe351a5,pending,pending
792d5011497d119a10e1de40,pending,pending
530a6e5899dd72efeddf3268,pending,pending
d904162c69ca8cf33fc0c35c,pending,pending
e11160ea745e7f30cdf32dc9,pending,pending
bce2a2edee566e511abc6ae6,pending,pending
da848b29a84c300e8995cf56,pending,pending
38dc2f377cace9032caa4bd1,pending,pending
4ef2e482210e87ad357b0760,pending,pending
8a278866be06bb3bb9178fb6,pending,pending
20f352488410f2d6101e37a0,pending,pending
3ed29dcd0a49f4fcfacbfa41,pending,pending
44d65aa86440ddcd5b3dc418,pending,pending
c7cd5f116023cf350adb2a8c,pending,pending
b74b5319ac3cda5438125858,pending,pending
bb8a7dae0c67e4f946dda3b1,pending,pending
57c05014472a2d350f4bf5df,pending,pending
52f7efaf85243f69fa8a24a1,pending,pending
40d7b3b7c7d3c3607c7f90b6,pending,pending
ff53e67c054c1fd3747c54f8,pending,pending
8c1db5dfbd38716d1be41bed,pending,pending
bfd2b5c3b3041ee373f89b0a,pending,pending
e82a00954267c411cd17f767,pending,pending
5beb793db78a5190f5ff8857,pending,pending
59a94d79bf68327d5315eb36,pending,pending
eb5a3cf019751eb19a7e1c3f,pending,pending
a5403b6d4e2638a5d6401b13,pending,pending
9b0859a3590221fb681350c6,pending,pending
5deb83408deb2067852fcc99,pending,pending
14c60476d05ef1547c282ecc,pending,pending
d0bc0709f879eef822609dfd,pending,pending
1178d1007b6048e51c91a2b3,pending,pending
47b80f6e962495522f0fdd30,pending,pending
07d2b8bd0ff6d69ac5626ca5,pending,pending
588411b32c1faf76130526c1,pending,pending
8ad0dbc7c6ce6d095f947945,pending,pending
daafa2ed270965e23de2180a,pending,pending
411e4ec6050d8421421b8043,pending,pending
b9f7650dc3869639a3bec02a,pending,pending
90593bca8a3ea41e5f551ef3,pending,pending
092b227b0e18cb47504d98ba,pending,pending
847316abf9e85df3e220596d,pending,pending
25a109036124d9ce823bc6b9,pending,pending
92094aa118c535072f44f822,pending,pending
b93bc8324ada6274e08a4dc8,pending,pending
fb69946dbf2f6fd3498835c0,pending,pending
97ca3ff4a6a0eea07c6dd511,pending,pending
c9e3bd45b3d693dec9484558,pending,pending
d4bae8b576b83fb64ed19d13,pending,pending
b5a3d266fe808731ceab4aa5,pending,pending
fd92db768e4e7e56de0f3e87,pending,pending
aefd614187a26a312c0c83e2,pending,pending
7c5ffc8680b69d5d009aa2fe,pending,pending
a1caec1b6faa9b409a7ca4fa,pending,pending
89edb4d0861ab39113dc6df1,pending,pending
ea773bc39a53fea7913b2de0,pending,pending
48b1fc9c756afe283b44a442,pending,pending
1a3f9ec00d93efadf5a1fef6,pending,pending
2968f50a9c9b5d38fe813597,pending,pending
9856a18a0ee809d7225dc45e,pending,pending
ea3536f74629a9068963a374,pending,pending
f9e98e7090217646c0cc4041,pending,pending
f6fbb6b5bd09ea657ef0519b,pending,pending
7485d5a9a59dea66eb355917,pending,pending
01fbac750d76f0bea648bfc8,pending,pending
28da6cb9cf345d490f9f01f7,pending,pending
f32eaca4dd0fdff40235e2f0,pending,pending
1f80d31d854db35e7628f47f,pending,pending
4d07892029b4dde2f5b23acb,pending,pending
ef97e51aceb4d5fd32992f30,pending,pending
d08b6634173605461ee91427,pending,pending
f5c7ee3543b55a5db1c6a5ca,pending,pending
26365e4f662e3c952ed1115d,pending,pending
5d2f2fc50cdb0a77c776ba6e,pending,pending
490f007f3eca78c02c3e43ab,pending,pending
fe4a2f28e26208e909fa7eea,pending,pending
282ba09cb9f4245e4b6666a0,pending,pending
736402a4728504b88af4094b,pending,pending
3793028973fcbfb7654ba35d,pending,pending
71c02d4dab243ac7ced965bd,pending,pending
e2b52b34b971452d7637358c,pending,pending
e82ba16c92e80f492b341af0,pending,pending
143351fb71d50459649771d1,pending,pending
18d1e8f2584e2e3714dc77a7,pending,pending
ffa55b5fc6c28ab9fedb44f1,pending,pending
19045aab6150598521b0754e,pending,pending
05e8f568a3e4ac5fd97e6ea7,pending,pending
db51fca0f62b85d175a6c39d,pending,pending
35169b157cddef63051e879c,pending,pending
48052824c603a1b9b02684da,pending,pending
3a58a8d5bf3359dd7217bb73,pending,pending
91c888e12b46302ebaf1cf33,pending,pending
7a389cdb60757429a95e3eb2,pending,pending
2806b9396219653b1733d44d,pending,pending
c11ebc4509ef1b6d0f7f8306,pending,pending
8ca5e86c958ccb9e0251e0bd,pending,pending
05d0d154f06f5400725b354d,pending,pending
244672c637e89772da74673d,pending,pending
bf11ae2cedeedbcf3f8b170c,pending,pending
241092cc2f068621d7a8f624,pending,pending
463aeb83f03862260bfbbe69,pending,pending
fb717cd9ea521302e9fb2c4e,pending,pending
2ddaa1b91d00b2befaa4a568,pending,pending
3fc4c76f91c0573416042539,pending,pending
a962a66c9c3d1399ce795b6b,pending,pending
ef384946a39a3f7106864915,pending,pending
2549a84229072c91ccc19c14,pending,pending
1f7f6d58419f0bb8121fed46,pending,pending
a5d5b28f363508a8cb911f5a,pending,pending
87dede6fa2ee05ef60747964,pending,pending
d680bebc7e88912d12e135dd,pending,pending
5a70b4dd84c65917fc4f3a80,pending,pending
4ff2d2b38dc15eb86e2d1a38,pending,pending
d11e6a519355f2c48667108f,pending,pending
0fb683ab62e01f6e259f81c5,pending,pending
d38e3c2e71cf441fec6d1044,pending,pending
c42ec4bd5024883d8f1f1ccf,pending,pending
e5948b460fba50e7effbe586,pending,pending
8e15a3643740a3edcc9182bf,pending,pending
c1f048d84a2b9b889a93a526,pending,pending
496853888c900e61706466cc,pending,pending
2ed1e919cdf9ae4441c2fafc,pending,pending
9eb5e23b075c630ad0e4ec6c,pending,pending
0bbb451e150ae7f3724c684a,pending,pending
a01bc3cb7e599eb9881196fb,pending,pending
45d8c6f06f3e04432f5733ce,pending,pending
86adccbaa4db29624298fc26,pending,pending
d95958a46a77aa89bdbf83ef,pending,pending
e5b3a461a4d74c4e53576d32,pending,pending
a2de602864a6121814e7d011,pending,pending
68af837404c98dab153d87fb,pending,pending
4d2d961a946b8eae5dc99dc5,pending,pending
a5dfa94460ca22c8716c5bc5,pending,pending
5134e8ad67dbd450b955a694,pending,pending
7ed06813a7bffb846a5c8f4d,pending,pending
8bc1f97329bc8c4cdfed373a,pending,pending
d3e486724702fdb8eed0f355,pending,pending
b452d6fa40a8616ffd98784f,pending,pending
3920092ac8037f2e7aec24ab,pending,pending
9e7be26c2c62e814ef4a00c3,pending,pending
563ebb02eb1862d2f306236b,pending,pending
5c15bd9bd9a0033c93e19dd4,pending,pending
db23bf8d6d9535e1001f03a9,pending,pending
a86d5625c7225958c3c38e1a,pending,pending
1f3e469ca71891e60a3508d3,pending,pending
dd7f737305358acc8ee48cef,pending,pending
8d672bc6829ec0bf3ff504ed,pending,pending
7c8dfcdfbbab6528f8b4d6bc,pending,pending
cb2cc743f0b46dedef01a9c5,pending,pending
64b8605a81143831cf11498c,pending,pending
4c610780c2d8cee9b9b1d2a3,pending,pending
0b062c52fb29ac66a5a3a4ff,pending,pending
7ccdc878e75dbcdc92471337,pending,pending
75c39e0c20f333108a3615f1,pending,pending
69e4eaf08648f63b04dcb3b1,pending,pending
d86c022e26b9d5e23cda468d,pending,pending
a3bb837a1cd12d2091332a72,pending,pending
469d177b76a7c0dabcd20788,pending,pending
8e55bbb203a269a6cb770051,pending,pending
74376d8c2f97a9fe7432cbb3,pending,pending
1bfa4dec8c038e4759f43d95,pending,pending
82cff9492bb228a6796d27cf,pending,pending
a430f5d6e4859a7f48c15010,pending,pending
a7cfed4251dd3cfe34eca535,pending,pending
9a87cfe3472456258fef73fb,pending,pending
1f313cbab731b946a7316ca8,pending,pending
0b9de287fc957920dc0a8547,pending,pending
b3299bfa2ba534ce265f587f,pending,pending
661f5c3fb17c372bb351dbc2,pending,pending
4908599d80ecd2db6fe1d209,pending,pending
58fcfa689e7cae65db60e59d,pending,pending
21c36a79a747177d282be4fd,pending,pending
0392f8481cedb5ef7b9d31bd,pending,pending
0ef1f79e5b052d99ceffd265,pending,pending
6d5c8d3f8b630c60d5503d32,pending,pending
6fb6a1db689f241b6af4bb95,pending,pending
dedf810dc0f981d2c45fd6ad,pending,pending
d72f6d77b024178b440dec58,pending,pending
a4232587aee10e9bfa85c5ec,pending,pending
af15e299906648f11b713a42,pending,pending
2d48879824d8a29c3a77e485,pending,pending
1de9f30fab536b8cffa0e163,pending,pending
e4f02b5bf9ceb6ebe5d296e3,pending,pending
6ef4587f6338b4a00123226f,pending,pending
7b1ebb1c6d1f32830769f3f2,pending,pending
a68f11cdd65f920fa1930631,pending,pending
c08cff50c72643ee8819bbd7,pending,pending
16f451812731ef655710bc80,pending,pending
b9f2c2972359f0122b805f87,pending,pending
8ef7c69abc651e1fc76ceeee,pending,pending
d82cc11c773ecae33f28fcd1,pending,pending
68b137d73dcdb9901c4c0ab8,pending,pending
a23087ffcae7ce4e47a26a43,pending,pending
f669c97d0717c28d648d790a,pending,pending
79839891048411f827888600,pending,pending
8b73f4a740fc587f0cde25f3,pending,pending
75d76d0ca717ee404e15162d,pending,pending
23ded80d0bc4444da01e637e,pending,pending
a14b303f40405c4f8a5c914d,pending,pending
44c0caaf8da2ab12bd298b8d,pending,pending
7fc34916466e6ce934d1779b,pending,pending
08a7f9dd4953e825884f4b83,pending,pending
ff3d3a25cf6afd547ca57cda,pending,pending
7112021283b675114af3da72,pending,pending
5f7910c71f39c1e88f3463d0,pending,pending
a186a262bd383a81bc9662ec,pending,pending
19d38481ac754ac86efa41f5,pending,pending
a3b1806d226ac4ec44f0b61d,pending,pending
cb8304e6a8e3593338e7ddb3,pending,pending
585d6248fe318cdbadc9092b,pending,pending
600ffdaa43fa98e4cfab2fc9,pending,pending
c960ddb33787447602336331,pending,pending
74815a32f5646d2964f5e881,pending,pending
ab1c7079258066b9b84e63d4,pending,pending
ea3c938a09d630f0ceb7bd18,pending,pending
c7c28413b177e481999825a6,pending,pending
84cfe74955f6103f2fd52043,pending,pending
d3ed8d2d85e0f96ab8510cc2,pending,pending
135ecb0a4d7f88dc02d3fa0b,pending,pending
b4333c0cf8fd0d49f9b1bfc5,pending,pending
fbb92f1a2bacfe4605c4c259,pending,pending
6da631312510d69e72bf31d1,pending,pending
022f57161665309ba7ffd525,pending,pending
ff469deb22cbf5772fb03d96,pending,pending
e27f876b47ba62c98f6deb10,pending,pending
6df9e6629e5c2091b9711a7a,pending,pending
79886cbac7f6cff1e1912be6,pending,pending
bebbbbd5481c4d0ca594951d,pending,pending
1d5480f9eaeca3a0e2dbe0be,pending,pending
ff4c92261fe0d4f01b4e8861,pending,pending
05d061cc8f078057e678aeb9,pending,pending
1651464e7fb0b9f3d9244938,pending,pending
aef7773d2f32928ec8943b88,pending,pending
4709551e0b19895ba711974a,pending,pending
bd0e340a5420fb0bb86ec163,pending,pending
7eec098a02ce9768fedc77de,pending,pending
d34f44d169d3e38317a180fe,pending,pending
fea80a5658252738d842dd56,pending,pending
0ccb34b0a42a31f66dc5c5c3,pending,pending
06c478622f7b2eb12c49a6a8,pending,pending
81c712156da8d19d34b07502,pending,pending
013e257b97cb6a2fd67fc048,pending,pending
1e543489c87929d813944b80,pending,pending
e499896338d69588ea6b2bf3,pending,pending
2d6015fec791b4ea2e33018d,pending,pending
e88d36ac1244051479dc4531,pending,pending
40d0bbbe819620c6533d56f2,pending,pending
21f89c59d6b2ede9b92fb0f4,pending,pending
9f9b51f2c2438410ae23ecf5,pending,pending
8348c3a17abd63478ae26e6c,pending,pending
1a9d32efe1072f73dbbf569c,pending,pending
c13d3567ed0d717a79c4ba04,pending,pending
958bfeffb6931b9e764e00ad,pending,pending
6e1dd5eb9b2f39574b84c6c6,pending,pending
816443674cb188bc4e2c8bca,pending,pending
2e58c6ca15aa458e416ca82c,pending,pending
039e9d18d9df5f4dd25641a9,pending,pending
bfd4867a082bd37b5989b080,pending,pending
63d3760843a2408a05dac1dd,pending,pending
cccb1b300ff382decb598b8a,pending,pending
a02125ee3e077ca2e382142d,pending,pending
f0fc0b22ce8e4e2196ce2ee2,pending,pending
c30b44b6111657260daba8ad,pending,pending
7a634be5ab4e55642ab99028,pending,pending
9d17829b2d908aad92afa651,pending,pending
36624d14670714da0a1ba8be,pending,pending
8608fcdc2c447de068af5cf8,pending,pending
41a91661dcc82047553bbd83,pending,pending
13f0300344131d47f613651e,pending,pending
8b2b0e84295c8016ee309a64,pending,pending
bdab1052d8141e4fafddab1d,pending,pending
bcaa8b2cc07608e9efc0cf36,pending,pending
d8b6cb252b2a41b69cba6da8,pending,pending
f51cdf543005dad2e48040ac,pending,pending
ace37f3c11ed24a0487b5647,pending,pending
c372b41ef2b71ec98af76df3,pending,pending
ee2dce003da1bd65c32a1e81,pending,pending
90dad85d23047e22ae875159,pending,pending
e2c521158338b97af380759c,pending,pending
481f7cb2a74a3602967ecd8b,pending,pending
83ce87517c7f9726d8d1e9f1,pending,pending
06f0a377b5e1004a3f237385,pending,pending
ed4d2c69a99afab7d8778e61,pending,pending
bedb0eb353b24e8961edd32d,pending,pending
5821d3f359e3b4e4d9059fda,pending,pending
9171a92983fbc3c77ef15502,pending,pending
60b07a3b00a0c9c1230138b2,pending,pending
5f8012cddee83a1fdccbc69c,pending,pending
75de5b74b5247179b7361652,pending,pending
3e032f4b17d0713b04d197b5,pending,pending
ff6f2a9e6388bba0737e93db,pending,pending
df04e0580b8c0a0759271e76,pending,pending
54eebf566bea9b32705b0fd5,pending,pending
1600422d672863c98648441a,pending,pending
c6193305ab685be703a61f36,pending,pending
0a5b80e757fe5603e3a71831,pending,pending
84543b6c8aa27f245bc5227f,pending,pending
7365ccc86e9876993a831905,pending,pending
dbdfac2fb80b04f3c60579c4,pending,pending
51870cca1ee42e6c08eeb68f,pending,pending
d1dab1667b1b482ae3a58e3c,pending,pending
8dc118789cec1d40f4f0e2dd,pending,pending
a0cc811bba368f427b70662f,pending,pending
0788fd654703c7373e2cf3d2,pending,pending
db3c38955550ce8cece581d4,pending,pending
ecd408ba8a35efb28a9946f4,pending,pending
74dd5526c9b51ebba4220b0d,pending,pending
ec1844656cd046b5855aeb21,pending,pending
8e93b55d0f3cfe05df4721d3,pending,pending
ae5c29549cb402341f3c1b55,pending,pending
685efe65f78cc62d696d6df3,pending,pending
0440467e3c01a98032aad74e,pending,pending
89528e36dbf634c2aaac14c3,pending,pending
68e66b007b210f65a253a3db,pending,pending
748030fe94431b7f8c677732,pending,pending
a6932fd88d40f35ff7a0da04,pending,pending
5030f09499c786e1bd45894f,pending,pending
e855847e4824a186ee3cad4f,pending,pending
b12a382b13222ad7c2dee3c9,pending,pending
b8d02b989099d4f5e5335247,pending,pending
25c5f97903abe268e07f5e7b,pending,pending
e9b6f491aa97e8cb2148198b,pending,pending
b440a0ddabe5cfd0bb6fab91,pending,pending
a1d1f6e50b9e59a2702da705,pending,pending
7f7aaa4f33f92b7d274710cb,pending,pending
ca9c37734b5177e93d41c62a,pending,pending
693fc0a527faf3fcd7c0bfd5,pending,pending
0d5351701013033be816c5a0,pending,pending
fa6bf3e330b934b5126725eb,pending,pending
ccb56d9eccfdc6a6ed6ac655,pending,pending
7fa2c3a572ea185d47b25413,pending,pending
37ce09ca81fb5a255a8bf513,pending,pending
4cb239de22948bfeb8d9eb2e,pending,pending
533129df197de061ed60efb7,pending,pending
6d0c48e0b2755472a533ab5e,pending,pending
8427002f4ad81c839d6d46b5,pending,pending
cee3c2a371f1a5a1f9c263b8,pending,pending
85b33547e626db77006c357b,pending,pending
eb940e3f2753171200d6bfa2,pending,pending
90d85b7adbc1659cf3147aaf,pending,pending
5036ec15d8077d9010c49cdf,pending,pending
89040003a50746f5c50b6b72,pending,pending
5a429e0b0bbc74b50626c055,pending,pending
575b909e5d2b5c0dabd625c4,pending,pending
86708e96b7621f6bd9ef5955,pending,pending
20516b898a8838e04d42d7c5,pending,pending
e19aed58816b214fc590493d,pending,pending
09fa0822d1cfc61d788e3ca9,pending,pending
2a6a0d6f3f4990cc8cb7dd29,pending,pending
48b9b3983f248fcc623670f8,pending,pending
2fbec50cb003b4807ac13ce5,pending,pending
d50bdcb1a2920d6ce99c6a39,pending,pending
82b6054a4a1cec2213a46266,pending,pending
799956ba76d045baaf80df0c,pending,pending
cacff000afb5f6211bd9bb92,pending,pending
31a0931bd766b5aac25c4984,pending,pending
8af379538dda7742a5408159,pending,pending
8d1cdbdafce075ddb2925e8a,pending,pending
8e153f8c45c1bc40cc2bf792,pending,pending
8daf964db49382006e6542c1,pending,pending
9925fb3208df81aefa99829c,pending,pending
82164b3491fc0a8b8780537d,pending,pending
24eddc1a2d1cb1f47f392726,pending,pending
4049c050289d83d7a288328b,pending,pending
d5140e2a97e0bd29a85fd4b3,pending,pending
f037af8e7ed4e6029ce5dcc6,pending,pending
483b73f864b0be0af776729d,pending,pending
5a65926b13e12d29a4e2907d,pending,pending
8c72ed53b2835fef593f699c,pending,pending
64f4e83ed02fa3ed5a3cd563,pending,pending
24aeb97394818847d8ceff9d,pending,pending
d568b249ef5b73e96cd51ad2,pending,pending
10cbf32dc73e3bccddd5a250,pending,pending
2376ed9697aa8e4e31849c4a,pending,pending
128c81645c2142d63a13e430,pending,pending
943fbadea63123f94b1b9984,pending,pending
40c22b99bb72ec068d6d8a0e,pending,pending
b7769a0863431ea11853e45f,pending,pending
1c8ececc45ae7ee8114015d6,pending,pending
d50221abfadfcee31c9d8535,pending,pending
6ccc625990f6daf07c49ea9f,pending,pending
7787b867978013612e6a57b4,pending,pending
cc0c8462d8e4d8f373cc3f0b,pending,pending
73c2eae545e73a87152b21c2,pending,pending
40886233cfbf7a2350e61b91,pending,pending
2166fb24818d66c958eaa19d,pending,pending
22483209c9346937155dd4ea,pending,pending
5aa668b92af4e7341f570d5a,pending,pending
a5b4fc7abb2db7469edfe0d8,pending,pending
fdf829942f91908bb333c4b7,pending,pending
01938a33d8dd1a365e244076,pending,pending
f0cdba799b516e879a93b2b2,pending,pending
51e7b2dee0c4d5781fd0b08f,pending,pending
c5205598935ad9fe4abeb178,pending,pending
89e530bf93489d1790c841aa,pending,pending
40e8223aecd333177583f481,pending,pending
4f703a210cbb39edcc13960e,pending,pending
f1c851d3db47b98924c0ee55,pending,pending
445044507e0bbd94c8a073b9,pending,pending
df6209e955f15fb47a58e7ea,pending,pending
1149f04c396902633c89150a,pending,pending
40ee539b31794b99dce3da88,pending,pending
6d92fe0ff77f1e179215f20b,pending,pending
36e23673f1548769f75066ea,pending,pending
0a0b95fe3b0ba7cfec662321,pending,pending
dc3f33a4f31a2c0aecc9f7e6,pending,pending
f0d42e16b3f1d95bb71f6797,pending,pending
1b78879374dd0f208bfab666,pending,pending
10d0c00741ea5235dd233bd3,pending,pending
fb2c90f8685621385891baa3,pending,pending
81bc52694690d2a247861df6,pending,pending
481ca973fa9a0c80c03341a4,pending,pending
89b55e60bb221295c98a9ffb,pending,pending
7957d5ee80305c7f05acf0e3,pending,pending
55451bb2da72a501ef4c4fd2,pending,pending
632d8c081bc058adb40c2c48,pending,pending
11cbed8a40134ae440cdb752,pending,pending
1361491a7cf9c71afe79bebd,pending,pending
5410a4c56311ef618c8060f8,pending,pending
c3c6216c1658edc4f2b5e33d,pending,pending
a14722f5426a3da88581ca36,pending,pending
b7d3410717ccba39a5f05ac3,pending,pending
bcc74f88cdb8be200475e917,pending,pending
612299c39c5d8d13078403db,pending,pending
938cd50813856a9c76118f07,pending,pending
2eb366dbd3322b2337627c1c,pending,pending
4469535d7e4ac952e9dfe242,pending,pending
4df9a83698308ca8d7f3af5d,pending,pending
f7860dc41be80a8227329b4b,pending,pending
b7e0ec17bfef3391cc3477f9,pending,pending
ca2731ff879ed608b66462e8,pending,pending
9b606a9b0968d4314ab47636,pending,pending
7c9a3a9be17781aefc8448e7,pending,pending
984e35c7e0f9321bd975a1b0,pending,pending
72caf70350162a7b10ce362c,pending,pending
0948fc7c56e1e00ebf50dc94,pending,pending
f92794054e02c0c235889623,pending,pending
e551e7b7fad419ad2161adeb,pending,pending
be46cc9d32198c6517d7eb99,pending,pending
4d9f6826f96580cff9404b19,pending,pending
ca861f79f1e58b175394a0c9,pending,pending
d82ddbe24ccdcfdb9492545a,pending,pending
dc4255bfb8b0faa990410035,pending,pending
29410cffd88b9c1708e6d9f2,pending,pending
d5a2a2ce813f3d0a695e8214,pending,pending
0ff330ae6f42c83b0d07f798,pending,pending
e3dfc910b168a0632de8d4a5,pending,pending
5f1f326537b27d91edab5123,pending,pending
0510d766b68fd076a38f96c9,pending,pending
a7d7dd2037b01069564ab3e0,pending,pending
df984b9326e888a25be0c47e,pending,pending
f1d44084312bfeea9dfd9c86,pending,pending
2f6ff422a4db58bfd19e8f8a,pending,pending
68bbc955d12171a9ce9fd78c,pending,pending
077d7da2ed96390579d9c5c4,pending,pending
8af4aa05585b109d407ac49c,pending,pending
5fd916b3e57bf1ffbe2bd05a,pending,pending
d3f638f4ce891473272f8714,pending,pending
eb01fb45fcc1b7b90b66db26,pending,pending
446db22f9503927378f801dd,pending,pending
6ebfd6683d9bf71d0589560c,pending,pending
4b0f2b6cc20fe3e863104965,pending,pending
b7259f35e48a2184d36a13b9,pending,pending
bd8c7ca64d91a6e736e8d3ba,pending,pending
d0f9aab7abb20017d75a6437,pending,pending
792acc04c2cb33ed7dc2e679,pending,pending
5417d6bc678ff7342bbe7053,pending,pending
e869f30a959f179c6e4f7a69,pending,pending
b6a5d6601bbca0e2e1017028,pending,pending
4e5b564e86168d203d914121,pending,pending
5dfca21d6c87a52fca851a5e,pending,pending
740afbdaab1df9f33df30fde,pending,pending
d648d6e36eb0669ff1c3850e,pending,pending
cfae95377700203de4b8cfd9,pending,pending
fccedb3201e98ec72c286a9a,pending,pending
4568f3c3350f88eb7107078b,pending,pending
0d6933ecfb5c2e7ce5b1d7b7,pending,pending
aec808c83cda87c35877f44b,pending,pending
de5f7a55766e6223cf3da2e1,pending,pending
b4100e6f7e0df0f7360a4491,pending,pending
076aa7b3a7ccb49226655f7e,pending,pending
b4211efc34c0558fc342b7a5,pending,pending
b8095b529d8400a8d8cadca5,pending,pending
4b38385dd9f935a3d24bb042,pending,pending
7980ed6c66f2e2f88592e942,pending,pending
1447a2445224eaedabf9c8da,pending,pending
4f2e46b32444230bf9948a69,pending,pending
37275d80aef7fbbc4fadfb1a,pending,pending
875d05ca17c63c312e91a9dc,pending,pending
cd1940adce4ae4c40ab99623,pending,pending
1a2154afb1b1a7a1653aecd0,pending,pending
dcb287185e7397dc16662319,pending,pending
f57f1df69d981a90aad66d4a,pending,pending
0a55a3c024bcabd01dcc5374,pending,pending
a5a567b0aea4de30b91d12ac,pending,pending
bb219ba99ca44bd70512adde,pending,pending
ea81cf52afdfbdc5b2b213c5,pending,pending
41f2a197fcc5992c6ad90166,pending,pending
3bdd1c6caf484ed9cfee6b07,pending,pending
7345663d277fc971a7adc726,pending,pending
b82775e4d90596509159c45c,pending,pending
71bd4e215c3c8e2b109daf5e,pending,pending
d97d1224cc61db8f5550a12e,pending,pending
5832ceb4887f52636e5ce2a3,pending,pending
09bbd86131e45b90d015f949,pending,pending
496a2b164c78bf4c4bcb6a93,pending,pending
3097d6f5902aa457c42b56cd,pending,pending
a56674c677e1cf024097c413,pending,pending
9ea491f22542da96893646c8,pending,pending
c46cfca3f65d22d4d979497b,pending,pending
2fca5e277f7c3f08dd4b4e65,pending,pending
539d21f305cb1e95024f4bed,pending,pending
7366be67a9f9b32ade566438,pending,pending
060fcee418eedeae88f4b85e,pending,pending
90b447fd316f62723cf91bcb,pending,pending
d9e70abbfaf3a78f2ba70981,pending,pending
9eed33f9140cea5d10299231,pending,pending
252be96f1533929eee6e8bd4,pending,pending
b76bfbf954a0c05e67aab6b4,pending,pending
c673ee153e8b59b88aba9d32,pending,pending
8ad60b402027d48fe2afbca4,pending,pending
0607e3212f385807e3f709ea,pending,pending
98489bd5e31c24381d12bbef,pending,pending
aeca1c74981b60e9394420ab,pending,pending
a963dff9a2dc00a53bf3ab47,pending,pending
72a07892dc966241667ebeed,pending,pending
3df3e5b2a1610b9d2fc33779,pending,pending
6261b41f391c86a792abf535,pending,pending
8b1e30cf4937fd2ae4f4428b,pending,pending
2848f6c920d5f6de6cd30e8a,pending,pending
a42d069b2c7475edad954efd,pending,pending
57262c4f6a86e7a1065ab661,pending,pending
b06f6090b68ae89cf5526844,pending,pending
2d5e47203cf70fdddf0749c1,pending,pending
2ccb27da167c5e22c8380f94,pending,pending
e58f9864336e18b60390eb8a,pending,pending
4ca1b6780476fadefa85d1f4,pending,pending
bbd7254622c5ce9162470292,pending,pending
ce191af3e0a350afdf213988,pending,pending
c7a13692de65ad3fb012ae51,pending,pending
4c1444552fbfc4d3077d1d99,pending,pending
873d1325f84caaf43f6c78fd,pending,pending
6e57a3c0da353fe75b2d040a,pending,pending
b0fa89fc94ccae2fd0c781e2,pending,pending
6df00b4eaa8b250d5109aeb2,pending,pending
46d21280ae594f135c8b6909,pending,pending
161f64c0fc16279f4b4989fb,pending,pending
8aa413d863c2ded757337d58,pending,pending
4a9b596b2f9960e1df9f4cd0,pending,pending
96af2ca200104b2800c7388a,pending,pending
fce50e55d1b1798251738048,pending,pending
b3cdfdd6727d7f69ee2ecd1b,pending,pending
450e6fa27cdae07513e8621d,pending,pending
384fd38c4276f31b210be644,pending,pending
7d03f51f73858468af9ac167,pending,pending
9d0ed53439ddf11ccc4f0daa,pending,pending
c01824f706368cb5fb3a4db2,pending,pending
a13813052ed2e5d1faf924d3,pending,pending
b0800982f89accb56deb2834,pending,pending
3a6a896efad4adfce4ff7965,pending,pending
355df5c63102c5343f36d554,pending,pending
80a74cf996346b6319d1a116,pending,pending
99976378e6032a7ae1041319,pending,pending
b3773071139ffacdaaaca65d,pending,pending
791a23e3d2e89d31206e0f8a,pending,pending
3fa6a636d957320f22cb2115,pending,pending
aaea6515b41ec69850c88a13,pending,pending
e32ada1e730d0da319b305d4,pending,pending
f32579af39c997a721bf3c60,pending,pending
f07b050e23aa389e0c15bad0,pending,pending
c154236425fab5c69b8e2a81,pending,pending
a47d0182a5f68f597f10eb34,pending,pending
14c9d7ac5f0ddb480015e561,pending,pending
be89aec6081be58380571bf3,pending,pending
2197a70d8a092b49b425c66c,pending,pending
9e07cf73c94e931b519e3278,pending,pending
d372e6bd462ed79da3d76b63,pending,pending
9f6022c6d39509ad831bffcd,pending,pending
efc95ec233f4c075c6bc7044,pending,pending
4048947a0f577e3f750bdba1,pending,pending
0a3e173849c1931580d25eb7,pending,pending
ce35fdaf0e5a584fbbb6c65b,pending,pending
a6974a5b9803278fce844a87,pending,pending
8054c35bed147bdee57e620b,pending,pending
1c45bf36b775c0751d13626d,pending,pending
6f7274113c5c71860015ed6c,pending,pending
14b9d85308a8c1be489cc85c,pending,pending
1e46a7ef89f475554eb49c4a,pending,pending
9159ef03f17dd94dd732ade6,pending,pending
76bfdd832bcc2a28f69e5d21,pending,pending
c4106014dbcab678745e3085,pending,pending
bfb2c58be8fa3f39168a2af5,pending,pending
6220e713cfe1e43b66c20f67,pending,pending
d37fab0203d9be8da78fec36,pending,pending
77924afcb2961a5d19fd4a00,pending,pending
2de2644d9c26620684a5e0e1,pending,pending
6cb5cd9ef22c03ccae022280,pending,pending
136aad2618acbe2dd039f489,pending,pending
3c7ff757f4bcb5212d8be25c,pending,pending
6f72f94e92ac79db6bb0852e,pending,pending
d2feecc9d093f40a00a7317a,pending,pending
4b9afc6a7ae55901eabac2d0,pending,pending
1bdd0c0803df9e46371c953c,pending,pending
ac8ce00695f7bdda01755108,pending,pending
306704dd6482e540fff3fe3a,pending,pending
c2e36665ca9c3549d59d03d9,pending,pending
0bf818cacf8b8a152e364961,pending,pending
8bf2b559a50ae68a680af33d,pending,pending
e97ad10db0bdce66505aa490,pending,pending
ce98e5573b5b5161d7bdcf2d,pending,pending
37cde727e35ef37e09a6ac40,pending,pending
a76894c937cc5d233cab3a28,pending,pending
aad24620565183b598ed5cb6,pending,pending
6054996069eb674a0014a959,pending,pending
966d74867683090810eb169d,pending,pending
959abb3f4decbfca055db4cb,pending,pending
e25fae330b717b8684600ec2,pending,pending
a2fdc0fa9707973e7ace5e24,pending,pending
6313ef8242c43ae4378fda64,pending,pending
1b995e53618d00bc9303131a,pending,pending
95a6fa3205732da4e762ed76,pending,pending
8da27e79ae679bf5decbbb70,pending,pending
21bd01a16565f171393e4ae7,pending,pending
1aac3344014a3aaf603b03fd,pending,pending
3b3a233d69baa7b1e7d21b4e,pending,pending
47356612320a2895bbacbdf5,pending,pending
443576d71ca83ed2a5a01888,pending,pending
2d7c0e585afbc1902cdd6ec0,pending,pending
68cbe6d5e80b472689a190a8,pending,pending
c3d86a0bac2b07736047b613,pending,pending
2f29845d33b4b57ae55cfd3e,pending,pending
6e43a84dcfe29e2cbf9d55c3,pending,pending
d09aea4e297b3e828623770d,pending,pending
6b1dc0cf4d898a278a889d00,pending,pending
993ef40a6f7ccfb542591965,pending,pending
86e99d12869d83b0de712715,pending,pending
d2ed68735397167436fc9091,pending,pending
fc5856ccfb7cd687d9c36d56,pending,pending
f6803c1fbfab043518fa8c68,pending,pending
1f05ca63ce0b60685e261314,pending,pending
9eabec04b4214b35b192dafd,pending,pending
d400617ceb28d0f10051ac08,pending,pending
8e8e3043b1c36a90075e8dd9,pending,pending
98fe033b0f03bcd6e1484af9,pending,pending
1e80d1da8da988ca946e76d1,pending,pending
578ee40b887c55dd228db255,pending,pending
2582b45800b4507b4a7baf56,pending,pending
ac4de115c0ad944355456225,pending,pending
da83b47dd164f7a1e280c2ee,pending,pending
1624292c7a6649e24e8228b2,pending,pending
6b09cf48f03584e7741bfd2c,pending,pending
53b97fdd49caa61e536ac16b,pending,pending
280c85aa9f0f0605a1e1bfbe,pending,pending
5bb881d8f3fb1f1cee2bea41,pending,pending
de5c7fcec7611cb7181258f7,pending,pending
bfebc7dbe44406627c46a9bd,pending,pending
bca8c79f06b185c557e00182,pending,pending
cfc1650e1066cba8d957e0a8,pending,pending
c70157c96ab475aa2b97404a,pending,pending
700a07e73c9bd5c5cfa1fc89,pending,pending
f720bf436eaacc9fea37bbd8,pending,pending
d953514a49bc77a1427b7c9c,pending,pending
10b9ed2dfa6fc30372686fab,pending,pending
48a5349d16ca25b4d79e09c6,pending,pending
420b32ba1b37ef002eeb1839,pending,pending
d65bd991e3e49a7896e0a209,pending,pending
1bc92d615614f81d012a45e7,pending,pending
c66825422500545bc97c9e9e,pending,pending
b5a897ef7afac9729478bebd,pending,pending
ac6a0b3bfaaab90719dd5642,pending,pending
8059cc97cd179a75608570d5,pending,pending
4b1cc7ec76c86cf4d3994078,pending,pending
0b69bf3143239f62ff881ac2,pending,pending
666ce929cda60f69df663617,pending,pending
f18e70c8c67ae1db019e711e,pending,pending
b27c878a02c618256f10b3df,pending,pending
9363faef96f89259585b289a,pending,pending
39b9b3361d11b4277a1b39ee,pending,pending
bd017205a3c8ec9e45205b20,pending,pending
89c6b56e08eebc51e2c63dd7,pending,pending
1a090b4d556e79e59bdedde2,pending,pending
08646a4cbb89aee26655c557,pending,pending
3035b0e7d3a5332a3a2f9cc2,pending,pending
c23731b7824dab36fcc6db3d,pending,pending
cbcedc4248308f2ccbe686ce,pending,pending
52f7a45a18a26ca4d62333d2,pending,pending
52219be19fc845d682b3b48f,pending,pending
6367748962f94f23a1c24f28,pending,pending
c5d3d48359dc1b6c665ef955,pending,pending
5a5c42dfec717e9aae1bd285,pending,pending
09d68f4618b6d2186ff4200a,pending,pending
b92dfe7875f12dab53a02d09,pending,pending
826245e192669156a340a630,pending,pending
04eaffecfad6328cea7861b2,pending,pending
ea163d32df9c00095fdc440a,pending,pending
ea0113edc42d099e802e5e0f,pending,pending
d5ab7f9509319f6c715da775,pending,pending
bc13fc3c85177cfb62def7db,pending,pending
5bfa9320cf0937883e5ad2e0,pending,pending
5d1067de642d9b79b6239058,pending,pending
763521c150c692860346c31a,pending,pending
ec46459b24a85ef884bfefc7,pending,pending
c02a9857563008facb372dff,pending,pending
441d213e1e9425c905b77337,pending,pending
7f72db4176a82e60c6f98265,pending,pending
54aaddc3aeb7a74e4e6c4a62,pending,pending
9af3e9456f4e5bb711c87c6c,pending,pending
879629cff041d2b3c34d418e,pending,pending
ccc79ad475f57369f59950a8,pending,pending
cda8f375154a8970e3249400,pending,pending
a48f1baa877a210363200cf7,pending,pending
8d5e6093bb7695356eea6054,pending,pending
70e923261a92ec95e1e8a6a8,pending,pending
6d2d1aa85ae00fd9d648c090,pending,pending
8614c6e81dc220f17d14ef3c,pending,pending
e7906f2f245d2d24033b23ad,pending,pending
031ff71f943405cdc0ab8f30,pending,pending
5023d2595b1943b510023da9,pending,pending
732d33f93652d3b8d63e37a9,pending,pending
5f1444b8a645a6df613ee4bc,pending,pending
014a3fe266b868739b38f643,pending,pending
3da530e5c521d979b10da5d2,pending,pending
6fde4525758da5d5d714857a,pending,pending
6247bb078b2bada0451ae0a7,pending,pending
d629c52429c66695ceda6920,pending,pending
f726943cc5720cfcba4a8f53,pending,pending
ad651792ccfd75bf45c6dc24,pending,pending
16f5648fcbc41848cc2ad502,pending,pending
3225ceee27ba188df58936e0,pending,pending
f57938717027ae4234566c46,pending,pending
6ecafde81e13e56575462c9c,pending,pending
cb42b4b94a28e10307497852,pending,pending
3deccd130e77e87dfd9fa62e,pending,pending
355bb4c95ad721654cb43c08,pending,pending
e3fb1f382c12d00e0e0d67c8,pending,pending
03cdb1dec1df363a12065ff9,pending,pending
b52509a9fbedf3b36d8df255,pending,pending
04e5b8192e30f6058601ff58,pending,pending
ed7ec96fb7b4ce68e35ca590,pending,pending
b5bbc9622e14d0af36ec1239,pending,pending
73b400eb9349ff99554e30c1,pending,pending
32dd98424f90f818c0f06d2d,pending,pending
4f63a2c276513865b25e628a,pending,pending
74e07dcd437d5072b44fa5a4,pending,pending
2cfd2d0e421d90b3374edf8b,pending,pending
93beea8e0f22a8475ea63376,pending,pending
dce688dbdf26a24d840f3ae5,pending,pending
62cb129f6f5a9bfab257f046,pending,pending
3282f68e46a1082efefd0fa8,pending,pending
261225da5d57910cb8c6baaf,pending,pending
ba67fae255999be8fdbb1bdb,pending,pending
4c73c0ecac54c603307b6b96,pending,pending
d3c6a5df6dd2c2ab6a1df794,pending,pending
bac852a8879ced568854fb5a,pending,pending
4baa115d333dedf026332e73,pending,pending
284c133f6686e7c5f5df5537,pending,pending
76530c6ea6555ac02905ab98,pending,pending
b7117e707736e8c7b72e297f,pending,pending
714e0dd6d9f6a4bcb5338933,pending,pending
9b5090e1bfbe2ce2df1007b8,pending,pending
65454732a8cfbbe65733adc1,pending,pending
d096fce2c1efd71f93d44354,pending,pending
cf7e1e6d7482d6a41400279f,pending,pending
dd7f0ee44a08c246a82ad1a7,pending,pending
f85969821a49b4333b066949,pending,pending
0b80a6efd2c5127fdcbcb2e1,pending,pending
74706932b3c0c6582d4c92c3,pending,pending
aa0147476d06162a9e3a4946,pending,pending
a67fc0366c7fba16ea7e2a7a,pending,pending
6033c9439f2bf45309a01cff,pending,pending
4495ed38a259e2cc28847aeb,pending,pending
53b028f13afa9ae7c5950707,pending,pending
8b9182739c1e885ea6f26568,pending,pending
888ba90da62a7698ed8807c5,pending,pending
07921a2fd1cae7ab0309c440,pending,pending
21fe0f4ea30d427374f0d77c,pending,pending
f70c52e3e736c68c33dc2864,pending,pending
008da161e18f6bd94f211687,pending,pending
7190969d478fa5ed4b3e3c06,pending,pending
d555100b3aa8668dacdd137f,pending,pending
f41fce92cf399c9afccf0f50,pending,pending
7838eaca0eabbb727ad98ecd,pending,pending
a7612bfc3b9fd8ef02ef44c9,pending,pending
d1ede6245234f63c0b48bbb7,pending,pending
91e66e0cf4aed2182f32f86a,pending,pending
b7ab35b9a0f1abd59f386616,pending,pending
18e17c8151efe74b9ee8a87e,pending,pending
fac227a876c4b4b22889c940,pending,pending
e4ad691c4700d3368c155016,pending,pending
a49cba99e8e878e6daae697d,pending,pending
e13222b3246139d7d6b8bd65,pending,pending
a7311b8e0ca1bb8e2e81e868,pending,pending
fffd08a2396f67496dbb8a21,pending,pending
6dddf84c0bbf08b3a648fd3d,pending,pending
342ea84c9e1cbcaac96f9a38,pending,pending
6b6d3c559f447b7f1f8ca22f,pending,pending
27a18582bbb16a66d04bd425,pending,pending
77a7e42f3fb60331deeee841,pending,pending
ba7ed54ac5800140cb5ec94c,pending,pending
09331aa8da7a96451776f64e,pending,pending
bbe7c53625c73f0d85cb9480,pending,pending
f8adecc9b241598b0f6d853d,pending,pending
f61659073b76c6ab912c561d,pending,pending
96ebcc7b1ad8e5875f499b04,pending,pending
b6ad1ef8c346401cff63b234,pending,pending
29f5635fdebbfd21946aef2d,pending,pending
7bbed89c19e694c5ce04193c,pending,pending
e93382c807a0dc69c1761acc,pending,pending
8e841ad1bfabc87950ae95ff,pending,pending
aaf968332325b36a59fe65a0,pending,pending
2bd2463e4f9803a2cde86ad1,pending,pending
6fd3963f00ca41a8e8ac5dda,pending,pending
42a95bcd3be9f287d892cb41,pending,pending
c0ad218070e1ff08abeb3cba,pending,pending
2835f502d5991c549164b3cf,pending,pending
3435da00142c13e72b9da9a2,pending,pending
94faa1b7bb150ccb1b9e316c,pending,pending
00fe8f860e45af3d0577820a,pending,pending
650e512eb87b41af6356d641,pending,pending
dcee63f91469abba3aead134,pending,pending
29363ecee2844e1e2b588ba1,pending,pending
752ae357f871d18117daa0c3,pending,pending
2f1f1aa1f65abb16dc21d02b,pending,pending
b3763ae1cb3fe5bbb1e7a587,pending,pending
8b1679d632d7531a88b95352,pending,pending
ee781ffe36a80b1398b57583,pending,pending
7ec5f969ad01c49197138281,pending,pending
605fa7c578077e63feeb275a,pending,pending
cf3303e85539c7f4bbcad45a,pending,pending
df17d6dcced4422a45614150,pending,pending
75ec104f5e29c6fe8c15c319,pending,pending
d010f5add5d75f89581a3103,pending,pending
c38d4edb14ec01ae30d0f0de,pending,pending
2fadf62482bca1bea9dd51f7,pending,pending
f359ae941ca407411ba0f2e3,pending,pending
96f4d7e7ea5ef455eb3a7d62,pending,pending
02ca4969e744c564e2bd58d4,pending,pending
6bee355fff95dbbe0235f96e,pending,pending
763db86c7b7301a024a2a14d,pending,pending
78c64e7e7a822e8eb55bc716,pending,pending
76a59b4c87b0dc4d0900cf15,pending,pending
027e75aacc3c2667f932e4cd,pending,pending
0bf8410af2d84dc89d7e8eb1,pending,pending
2fd12744056669da062994af,pending,pending
744904d5a3f073476fbe1b87,pending,pending
4470d071135b6b419e711467,pending,pending
e058f2b06c27d7d2d81d6319,pending,pending
bf59d248d24fcb0c2e9b2029,pending,pending
af2b2a17a633dba0c8d902ea,pending,pending
3788f9d6b7dc676c2e7311e6,pending,pending
5279ccf88c1d0831e06cb04f,pending,pending
7f1d1ff6e15d43190d2c87ec,pending,pending
9ed316d853ec6e7cb367c45d,pending,pending
883290940c37abddadf24ed9,pending,pending
31fb8f84837a3e4f134dec14,pending,pending
43a99c6a8c01c0352e0d8cc8,pending,pending
27d1211faa1b11853dcced6b,pending,pending
5dfafb2722f40dc54e94d786,pending,pending
42c2e5fbc395c0af28f92fea,pending,pending
d1adbc9626449307d9fe1bd9,pending,pending
64df53c3c264bf0833324d9f,pending,pending
fbc61fe99ad30ec0f8ad7b1f,pending,pending
6e673b0830fe48dfeec2218e,pending,pending
579dfc8430a40c50c3dc1dd3,pending,pending
4ba24079a7836556b9ec65f3,pending,pending
0ec5ae44383bc707f972a0dd,pending,pending
d5b7228eacaa23258de12b1e,pending,pending
cd8af849dac801d215046071,pending,pending
4580d38fe41b784f53f0a6d2,pending,pending
0a0927fc65badccffd8328a0,pending,pending
e24ef35cd41976de688982f8,pending,pending
2044c7aaa5d12c4f4a83e930,pending,pending
047163d0fc87bbf820ce3819,pending,pending
a5965d38f47fcd32151d227d,pending,pending
8b9aaffd16a1272a8d1c7e36,pending,pending
f0216660f2a262972941e4da,pending,pending
2a75dbf0c47dbbc0e69e6f98,pending,pending
d231279fd8133d658ff920e9,pending,pending
65285c8b91984f5ad5b347f2,pending,pending
d30ab9a45fee33d324db0ff4,pending,pending
820cfc95834b39d2622c4da4,pending,pending
49eec92b85bb390d38303767,pending,pending
21eb61e4619c97c8fcb35254,pending,pending
19fec071a1287f61a9ec8932,pending,pending
9154e5b1be391182b1844b1d,pending,pending
6f5a8b7de30c5b4a294e4b76,pending,pending
f3e325862f7ae7fa379b37cf,pending,pending
ca203c917f226407e23ca735,pending,pending
df8aa10e21f8dff668c767a2,pending,pending
58297c22302f894e01d2a047,pending,pending
4bd8b6ed5b4b5e5dd1963b09,pending,pending
9b88506d4caeb5cc81758e14,pending,pending
130ef2522b4d6eb43fb11841,pending,pending
3c11e293332fb41a0f1ea700,pending,pending
2562efd6b76a6a4ea6bba476,pending,pending
b91633398f3a2ccaf65cda2e,pending,pending
eabbd8a59c5d0eda70afe393,pending,pending
f738f2d762766bb09fdfe80d,pending,pending
e2294ab22617d6d1a1fbd935,pending,pending
568946a4fdb8d5b66e72f147,pending,pending
bad3a29732e7ab58d135c01e,pending,pending
4d06a67404500d437c63547d,pending,pending
f94da3f9413c63628af834cb,pending,pending
93ca34de43ca343e4a962288,pending,pending
a2a14e4e83c3dcac05717c97,pending,pending
5067f4fb1af3718d9aaadeb6,pending,pending
02d1fac9da39fd0754b8fa23,pending,pending
fa761670c2936a668d6fcb97,pending,pending
c9ea1d5f424c8d25984362ab,pending,pending
dd6e9d1cef09cd9ba056f998,pending,pending
f83a45e7a373f1d2d99a7c4f,pending,pending
11284c3177b9a3435b539f6f,pending,pending
11711b7e9ecfb19cb93952db,pending,pending
33f904dde025c4aa2a1c4923,pending,pending
d73a88a8e844342ff7754548,pending,pending
109b19659a690eae0e32b0a7,pending,pending
982e9aa2f140be875e86e660,pending,pending
9f457febc2e92cab87c550ae,pending,pending
26403ba9c0de8e0360906687,pending,pending
1b37e22a54ee5062a1da9377,pending,pending
1550e283d6f26930539e0503,pending,pending
bfa2b7be148b9cdcda0daaae,pending,pending
feee693d3ff1f9e650f1cbc3,pending,pending
3ef99c4580eb435fda4cb062,pending,pending
521fe729709374d2bc11ee6c,pending,pending
58eba3b5f8f842510104daee,pending,pending
47646537fc04a07c7e1aae0b,pending,pending
ea8281a8de046062485f9e13,pending,pending
2474247eca1420cce9ddb0dc,pending,pending
a6b4fd5c9db9d52ec36501e9,pending,pending
e678eadb49c0f90803498d2a,pending,pending
a1dd2d21002df5a59b5e685c,pending,pending
9c12ad9bcaed08a8cf807bf3,pending,pending
c49ac55e2eb1d0065bb183a9,pending,pending
8ffdce531dd003205aa95983,pending,pending
009576754da06f18af82dd5b,pending,pending
b701c9371a3b9c067b6a554f,pending,pending
45c5f7865d54d3a2c022ef54,pending,pending
1101923853686776c9f0e4f9,pending,pending
3cb20c09905197fa09a0df8c,pending,pending
a6317a62dddb56ca3c3ace27,pending,pending
42ea7f296ced39ee192ab591,pending,pending
66e6ee09d39804dc988388da,pending,pending
77f7df1f8899231dd5839001,pending,pending
7e67d35c4c522cf10f4ac14c,pending,pending
2755a16223bc3df32f9d2762,pending,pending
98924acaa670d33c02fd5cfd,pending,pending
bd10c27740e55c6b7ab05c8e,pending,pending
7ac2553e13010fbb3650da18,pending,pending
d2eca01a0dc653c62409d96b,pending,pending
a1fd8e4ac2bbf7c9dd4054f8,pending,pending
0e71a8e7c2e6187411321273,pending,pending
0b1a4f4b0b2180f87cab3324,pending,pending
38c56b567e4b8a4ffdbb5ec0,pending,pending
76001808b41b5f912d71a098,pending,pending
1907ca89176ef2a84d22cf02,pending,pending
9eb67efe8661c9c115b760a1,pending,pending
07dd83d7e44cc5f62befb2db,pending,pending
dde879f687aaa485b244fe41,pending,pending
9dbbc9067d6536063c5b5fc4,pending,pending
836b1bba69e5528bb8ae5063,pending,pending
051976083470787e48441c10,pending,pending
7131a86cf2fd74a0dab3b4a1,pending,pending
a0436145532450e9d35349d0,pending,pending
637efd3acebb67cdccb9fcc0,pending,pending
63c0f3d1bf141755ffab84d2,pending,pending
481661492e940625b470c8a0,pending,pending
73a02e7864b85144ba6bba82,pending,pending
6266030cca5a78d4e3e8339f,pending,pending
65618fdc3ea3ca080a9ade8e,pending,pending
ac020269a002076a4a7a83f7,pending,pending
ff3f302218b7d1fbd54028bf,pending,pending
751b5246dadd26d9d6f552f0,pending,pending
ccd9b689c3b3bfd9316a68c0,pending,pending
5b7e666fd086b691e96bd1e9,pending,pending
891eb8adb1f0aa943d1a1ad5,pending,pending
e64a5119ef73921d37e733c1,pending,pending
004482fdac7ecbfdce809092,pending,pending
95f44c986ec4599b49c38908,pending,pending
362860c085d505157cded53b,pending,pending
49ec1d209f414d5efc69c26a,pending,pending
1771fd30e6c57726df8af546,pending,pending
fb70731b7b40d2204c6644ae,pending,pending
41ea98805ad8af2de28cc075,pending,pending
e0e4d21d932bd712920fed75,pending,pending
a68a54699e119fcf85f09d02,pending,pending
98becd7f9912f465bf60a16a,pending,pending
8cb5857d856ced5c7864c8b1,pending,pending
f70a9c6ad6eb39b93764c8de,pending,pending
0e2d3278ddd36236c789dd7d,pending,pending
8120ecb69d74b59cdc3c794f,pending,pending
1215e3a0ea6203f7afde12da,pending,pending
f38fab08bc56489b279714ac,pending,pending
7d9a5cd17c68a7e7f7633e58,pending,pending
a0fd223539fef280dad4e814,pending,pending
d859def1aca3b445b197d7e2,pending,pending
fcadb4f84cdc34256b31ce1d,pending,pending
df9d1e257df220dd366c9746,pending,pending
b9cc1b0a530e235696001873,pending,pending
f1c9252b0f57afa6a7e16f5b,pending,pending
93888365b7d70966ccfc0572,pending,pending
5b969515b23fcadf6d2e1b61,pending,pending
79d8d52c4a43348b752b1633,pending,pending
212804ba94326f455a6fd616,pending,pending
e5729b92b42c853987424569,pending,pending
3b6d098bfb3d55ccccf76ceb,pending,pending
8ac18befce5ed1ed287d4fca,pending,pending
cc253b8eb73d39205e62f954,pending,pending
9136be429c4fbe51c07463cc,pending,pending
35c88dd9e685898a310f2c98,pending,pending
f869934f56714388cea45637,pending,pending
2e9fd1344302be1fe60517de,pending,pending
f9beb71e3d13a44510d2b1bc,pending,pending
afc11d346da5796e1ecba29e,pending,pending
9307faa577288c5590858376,pending,pending
f09d9d23f0caec2d1576b533,pending,pending
e987e3b2524fae0b39e5fdaf,pending,pending
cb7d11a9ff07891b144dd3c8,pending,pending
ca4c66b0fb5492df9dbddeb9,pending,pending
b6fe8ee47e4131ca423c2f44,pending,pending
2078275bef51d7046a428e8a,pending,pending
236c31dee4295d4d0008b20c,pending,pending
99bfa87491c67662fe5c074a,pending,pending
496df127029f541421cb9271,pending,pending
16deac83e193e070dfdf080b,pending,pending
8f87ff1e96db72be929ba2ae,pending,pending
8fdc690117b75172464e7669,pending,pending
83092b74fa220ac487fb7f20,pending,pending
7bf44f877ea9a6a0fc472dd5,pending,pending
4eb18ba50266a35f42a8950f,pending,pending
2c416a2e9ccd486cfabf9a8d,pending,pending
a99b111a291029e84d1020b7,pending,pending
c55a4efcf6dcaf88180426fa,pending,pending
8d77c6cb31db377ea3bf379b,pending,pending
ed2c0db800cb0e3bf70a59bc,pending,pending
5bc6525464448fe959129a55,pending,pending
5711f1dbb8c5f9a30544be71,pending,pending
50f249977fc3b05090f974f0,pending,pending
8995c677f64bf3740bc34049,pending,pending
cc53d517017decdb8491ea1f,pending,pending
019d49e76b4778680a614e12,pending,pending
cb5d8c949031f02dcf31cf37,pending,pending
9bc2edc72f699c9be1a9f2d3,pending,pending
5f3d5cec856cab8ee15270a9,pending,pending
f63ccb86616456a4c2ab498a,pending,pending
7ba59b68cd72e6d3c24eb907,pending,pending
3641e64450de188c31418eef,pending,pending
6b76d187302b469df4e721e6,pending,pending
4eb64b05aa5e9d7fbc66dc77,pending,pending
a587d9c0ede197a61a2e61cf,pending,pending
96da8f003f74b5137b06e661,pending,pending
aca7849500378e8e6f1c51ac,pending,pending
fe1ff776b0e5800b1b18fd5d,pending,pending
4ca7c34bfc550dc5f10eb548,pending,pending
d68ffb8ef9808885e185e3b8,pending,pending
0957eb2f266406cd8e6ce687,pending,pending
ed5ef62fab82d3d642696fa7,pending,pending
15b7081f949b78ce61bd1519,pending,pending
2949a5293d1b0748af47e29e,pending,pending
333a7159f162621e0e38e107,pending,pending
b2402c6d50d206db8c878907,pending,pending
41228b265c882f670edc7c74,pending,pending
d8459cbbf657b0952ed6afa5,pending,pending
142eda39d85463f1c0347c5a,pending,pending
47f63975628941c8f36bdee9,pending,pending
089688e78121a85b5ec44d4c,pending,pending
2a3d091105cccd9738e79079,pending,pending
24d42d803e5b63f2540c5290,pending,pending
700e476c36e1848a8f1b9b3a,pending,pending
adcc4c692be98fb9d3170aa8,pending,pending
88eb37a83d5b2246b8121743,pending,pending
f69d0244d6953a5071e30d5d,pending,pending
db1dde825a6fc4bc835ab9db,pending,pending
b6b5503cc66c103320e74914,pending,pending
41f11dd2f55b5a96c0f329ea,pending,pending
14ecc08ed74110fb7cafccaa,pending,pending
c0e5076c48c2c1a65fad7b7e,pending,pending
9c4744dd317a47327a0564e1,pending,pending
d344a2c5635b989ee0ef1762,pending,pending
0d385edf2340986925f947c7,pending,pending
71ac3c18b959f8c62f410f0f,pending,pending
124553fd95557f41aa0e4ece,pending,pending
1866ed29a0ab434279476f97,pending,pending
a297dd3fe2c7b243972353bf,pending,pending
48cee56a27f3a8dc0fe28643,pending,pending
28cfee20ccf7d30c58ee64fe,pending,pending
14f8ecaabbe166fd806d8256,pending,pending
996c41eab633d64dc60a5039,pending,pending
5583b538d44291b394218d0f,pending,pending
a5950b06f5fe2c8e40505723,pending,pending
d87409a7c482d673c857bbdf,pending,pending
f9a1cca9a26839e2c04c554e,pending,pending
8b5b81c0cc7971cf6a6ec6f5,pending,pending
51f50252ecd5738e44c27018,pending,pending
89e0b756b2b707ae0563d14a,pending,pending
cc1eb579e8697f505dc6d0ce,pending,pending
1941b15a3b831533fb01e266,pending,pending
2d6382e16fb1ff9779b5cea4,pending,pending
09814b5562b949673ceaf9fb,pending,pending
bd8ee47964c89fa3cd523c06,pending,pending
a9d4f1437250b6992e112c98,pending,pending
e77a62e7a1af7e099a927130,pending,pending
1d34c395bcd7f87809074c9e,pending,pending
d07f75ad3bf030bccb847a5e,pending,pending
28d34b9bc6f23f5a1dd4910f,pending,pending
7a5207d21cde5ab2c8ca176b,pending,pending
65808c5eb386b71633531470,pending,pending
bafca81d9ba60a3fcaf94f21,pending,pending
e8415157c112ced43f2a2b04,pending,pending
9a4e6e64a59d42bf5976f3a7,pending,pending
711d691d313bce01b22b5e30,pending,pending
717457256410989615c80c01,pending,pending
1f617a194c696b462697b182,pending,pending
2ec133e80c4636182dfb5664,pending,pending
9f6165796f1d77d1485406ae,pending,pending
8e2b6a35dbc967682c0d60e1,pending,pending
3bae576ddb32946bad96b545,pending,pending
ad493ee48514e09d36fb0acb,pending,pending
8e81d8da85382a0295dec2e4,pending,pending
882ed3298e6e3e033f459b77,pending,pending
029abff0e7f590ba1e830255,pending,pending
82b7165366a8550dea4aaa7b,pending,pending
1081fab5453e9f04faf97aae,pending,pending
f9d0cf9d51b051dd6b7000f9,pending,pending
65958475b844faf5700d93a2,pending,pending
cc1915fbd44aafeefe0f8c17,pending,pending
384815cd4b8cb5825c3a7519,pending,pending
972ee00fa370e90bfaf6b018,pending,pending
676d27a3fbc97ebdc85cc8b0,pending,pending
25c1ac9f6c98f5949002e41e,pending,pending
c3650406ac7a7f3372fc3cf0,pending,pending
b7c27faf76f01f3b1f315f11,pending,pending
fb78e49c3bc921a3a2b6829b,pending,pending
1922fcdd50a26d2290dc9da1,pending,pending
e61ba36fe86eb246efaa1980,pending,pending
24536dc3433329285bd0d8fa,pending,pending
99260ff6ace20d97ee4d22f9,pending,pending
03603d1303fd35561a3c8b7d,pending,pending
5e19df52b8b9157b610e8e16,pending,pending
c03847b564c52717925b1709,pending,pending
b450c5051228ef57eceea8c4,pending,pending
cf3d847f23e561d5cda24e12,pending,pending
621708f3d009324c83d3a7da,pending,pending
f858ceeb0319a8de4724d7cb,pending,pending
49eb993c81cda95c1de4326b,pending,pending
d4fdaa163e8c387dd0185f1e,pending,pending
7157c2403f0da1ac07e7f325,pending,pending
1588f262d7e931e59eb9be3c,pending,pending
6f99baf18db7ed6a114b3534,pending,pending
e3e7f9bb00fe6b022e47d534,pending,pending
6ad62295e80b1b9b6c6efa15,pending,pending
34a7140735e2137bb7e75998,pending,pending
188dc35b3fb3ff79ca4d264b,pending,pending
e439513a55afe9b8dbc4dd19,pending,pending
2120a10fdf033a100ab35add,pending,pending
110b86329ab933b1ade17fc6,pending,pending
d790a3e2f286d81263a663e0,pending,pending
72c9549f9b64741decf4b1da,pending,pending
6da90f8f22a33cd6a3259591,pending,pending
31b0735bfab1910a9bb053df,pending,pending
a0ea47ff53f7311cbf71ad98,pending,pending
9323a4fb6679464296b4e3e7,pending,pending
21bfe4ab9f887691a45d0b9a,pending,pending
fbf490f0b91c6df939979d20,pending,pending
46e2d02a01b3eb7a39a3b311,pending,pending
6cdbcef7a10173c5af2341ec,pending,pending
fc01734cb504d9b89621c27a,pending,pending
71b1d96c6044184c9f55ed1f,pending,pending
29f150df2457c8635ea32dde,pending,pending
89a9ce6c66731b470a8509b4,pending,pending
a73a3244cf5282527170cb5c,pending,pending
b23a80e2ab31a26219a20ae1,pending,pending
58b0cde93f372fae8f8f3382,pending,pending
067d765fdb0a83d8fc1981a4,pending,pending
fbc2ae6957c926814ecec7c9,pending,pending
97b38812ba42a2d0344ed90a,pending,pending
b1fa9a2fe3438aad100758ca,pending,pending
fac6118b8b7df4db5a20dc6a,pending,pending
ce760d37c74ad6b9ace7641d,pending,pending
71183b67139e50369d6dc9e6,pending,pending
1ddd6b356d7df2e0a5c5fb16,pending,pending
e906e0ea153d23b57022d7bb,pending,pending
5dd950486cbd2e018f2859ff,pending,pending
d33cfbd696274d66fa3d83a6,pending,pending
7caf4309c9d5da6764c330ba,pending,pending
c908224409de723737c6bd9e,pending,pending
0c44c944fa0748d2acb4b4b2,pending,pending
511782eb3ac8951e44d95fde,pending,pending
86d0eefae32eb319fb12b4b5,pending,pending
44f9bc3a57d4b27a47ef57e3,pending,pending
8511ac54bf816828450b4479,pending,pending
9ac503f7f40556173cbe9e98,pending,pending
498864fa14884b4b47a7ca7a,pending,pending
b87e95fa59554705b2e77612,pending,pending
cb192eb2fa371d3e07d73356,pending,pending
cd33b5606f2028bb80900985,pending,pending
5bb53e808c53b19724774608,pending,pending
fb2409b240e0bd007f1517c2,pending,pending
472ea364bb96992cf0ad8e93,pending,pending
21ab2e0e66ea321b8964d4bc,pending,pending
62cbcd3572c4c536fe957c9e,pending,pending
9bf4a10bf0ef775329ed4f3f,pending,pending
ee1e33c562f561f64f867457,pending,pending
8edc8fe0a593667e84fe1299,pending,pending
83a9d0f5466a51b754a440c7,pending,pending
087eb087751682e3044a5d95,pending,pending
908eb32efcafbf26fcf5d46d,pending,pending
3eda3c02f96f9eccc466876a,pending,pending
ae8b202fbf5d3d1bb2f4f4e2,pending,pending
2d86ef6b2447408e9f8bf258,pending,pending
c80616a0f8c7859923a59664,pending,pending
66b98ffa85b31fcf1cb793a9,pending,pending
e24d180b817df36b84f70d6a,pending,pending
668d3fd40c87167fc0dcbb2f,pending,pending
a802bf89d311736b50b12dfd,pending,pending
818630834543589847f6ecf6,pending,pending
7782878aecace452882ff541,pending,pending
4f4674136b9fff28512e1847,pending,pending
d285ba2b2cbcf4ad2c9f7bc3,pending,pending
ec28fd9239a61d669d7f6cf7,pending,pending
b89793a1181ed03119cf629d,pending,pending
e0dd6cf8a836eec0d4c522fa,pending,pending
ab57cbe733a254c6fc4c3ec2,pending,pending
ab8cf37af36f82cebac890c2,pending,pending
bfb2152c0ae969fa406be21d,pending,pending
2ae9ae8664f8355077da2b85,pending,pending
af2d6418490f76623134ddec,pending,pending
be8a8ca4e8a57e4dfa4a60f5,pending,pending
5b7e436b48e10e5d7b517553,pending,pending
97b9f812b9b04f0bb800802e,pending,pending
0ecda3fab42271f62f554689,pending,pending
746963e27fe1678a301d60b1,pending,pending
2e645e5094e3ec6bf2c0377e,pending,pending
f127d0fcb65ca9fdea7b8e2c,pending,pending
b5411672908d9762b8283b84,pending,pending
10277ce68acedf24196681b6,pending,pending
6573b7e3f7ae33e8bceed8ea,pending,pending
aea1b2e6ee22a27bda2eec86,pending,pending
c1689d21bd8fef3683931962,pending,pending
5551e933bdd98b21eb9548ca,pending,pending
a6e6f24c326a4a8ca0624073,pending,pending
191c52fd27bd9e807b7890a3,pending,pending
a03a7f14ed888a97bde35892,pending,pending
bec37e960c04fc0c6dd38f2f,pending,pending
396704657bd801b3305e5e82,pending,pending
b096fdd4e1485ea1e6414b7d,pending,pending
e69d190f44da23e0bff15ba7,pending,pending
3ae3154d6b956c00192cb9ac,pending,pending
8cfe88a990c1ca723b23a2cc,pending,pending
ab5aa9ac891a8af933876688,pending,pending
a702858d0449ebfd59ea685e,pending,pending
79714042334b7d7f8f4d07e8,pending,pending
f4813ca6369d77cd74bae67d,pending,pending
1265d26d43c1be90265942cf,pending,pending
3425252f36407bbab0a1fe16,pending,pending
6b290683c9b0f7a758d24890,pending,pending
1fd9ce578a6ef9f15eac9300,pending,pending
bce41ddf83bf5fac295018d9,pending,pending
f16ee5f274b662f12e9c115c,pending,pending
93a58101d72d4c79344f2428,pending,pending
8d694f88e19c182db2d3bdf4,pending,pending
0e0e9fa15aa7c8bc014da943,pending,pending
633b3fb771895f8f5c0ca6eb,pending,pending
d2adf0e329ea854d05ce248e,pending,pending
5c94cc7c9ef5e3b0de4e52c4,pending,pending
5fa497345a01cca0bd231221,pending,pending
44715411f4552e7e09fa3170,pending,pending
2e82450072bfbacab3c1f542,pending,pending
051c2f96799bbceb2ff70b0f,pending,pending
7efed620132d6bbad1ceb594,pending,pending
04e38a03df265e86c89671c4,pending,pending
c40c7c918cba78931c18a091,pending,pending
47792a6cbc06bc5df0aa4c9a,pending,pending
8845e951bfb03658c6c07187,pending,pending
dd04c51861be8bada6692786,pending,pending
a1af74a49ec79b82e34b0d2f,pending,pending
3fbac993ad71a9d2a00422e5,pending,pending
068c50d4b64b16213685d01a,pending,pending
b2b2a04deac7bf573975981b,pending,pending
53286f2f4daa8ceea4724990,pending,pending
3f641a8804527916313feca9,pending,pending
7450c00549c271323c1405f6,pending,pending
b4afa334d90c59effcb2ef99,pending,pending
e8416d4edada3673bb71442e,pending,pending
66c694d2a02ccd416793febb,pending,pending
0badd086d135121adffe0048,pending,pending
612f0a681dfa8bd4fc42a179,pending,pending
29b61747b5d203ef574ed50e,pending,pending
1cf2c8d22acfd4d9e0f10b80,pending,pending
52d38085012077119035e83c,pending,pending
ff8ca71a372bd95471bb97cc,pending,pending
5257c235fbcf2df1dfbd0941,pending,pending
10a74ef3b17299d877c9ea54,pending,pending
101eed6d1097e08536628a36,pending,pending
787813284f64672866d63159,pending,pending
78b84a1267bba86317f40d00,pending,pending
5dd1f04c72b3b2389d00887d,pending,pending
e2e98b36796ec6e1eeee41d9,pending,pending
75ae32208214cfa74831712c,pending,pending
b16451d51eea2b0fc3da9489,pending,pending
d1aa45fef478fcea18763b2a,pending,pending
1051bb25c0c8a9144806744d,pending,pending
ab468de1f40b2291d472c7eb,pending,pending
3cf45f79676b41d67bbec864,pending,pending
f20dfd9192a6ea5ac05a2541,pending,pending
455cb938b2e68cc156892f24,pending,pending
7a7d66219e0db27782ac23df,pending,pending
0837e6ad49e0410e75526d3e,pending,pending
435d9509a67711d9c344701b,pending,pending
42a91ca30845bc862d94041d,pending,pending
c6e36ce5cfc2436e76d49943,pending,pending
76a3301dcf8af3c062954577,pending,pending
087749a2d2ed7f5baf26c1fa,pending,pending
4307fb4d8e9d27212d71d3a1,pending,pending
f99cbe434c4bab15d478ab5e,pending,pending
d5128d238c939081252dbfd1,pending,pending
25cdb6f55e26b8196b422537,pending,pending
329bae28e34e688662f332ce,pending,pending
7bfdb7b04bc3c215b439dc3d,pending,pending
b072615a92738620cb3da9ec,pending,pending
33c0629c1fc72300bfecd022,pending,pending
2dc55440270163f8b4c9c900,pending,pending
11331ad2f1ccbd4b0aa724eb,pending,pending
d7c52f0b77aa9939fbfca757,pending,pending
4a58402c2255d5791eb41021,pending,pending
199f9227b50cf0c06651c6af,pending,pending
8ea1d3b3f110bd28cb582c85,pending,pending
8f1515cb72fe079d3c468cf2,pending,pending
842179238b2c02172722476c,pending,pending
226e589bedde35a61e156073,pending,pending
1084ec44bd89bf238a24bd7c,pending,pending
308dff6ab634d26d77295ea7,pending,pending
f9e3fd41e61ccee5ad23bb36,pending,pending
a5e11c713bba112a9a0e746b,pending,pending
894db0492952490e5f90888c,pending,pending
026402cf675c43a5447dd895,pending,pending
b38fa0b9319079bcff202bb5,pending,pending
080239feb5fc9bc47765f83e,pending,pending
06a58ee39e6e68ee7ff24435,pending,pending
c06fbb19b68602bb14ea44b1,pending,pending
cd48467836a234b1cbf307cb,pending,pending
6e8b57e31cbb912a47cfda36,pending,pending
73e16898647c7fd63448cebc,pending,pending
4a8aa0b8c13ec9907b82b828,pending,pending
a1f49f30653cfed8113cd9e2,pending,pending
2e6080a9e1b08984ef661cf8,pending,pending
c19f2e9be8df806acf962a03,pending,pending
bb0b319533bc5443605b9b27,pending,pending
6973fec82e70d7aa4f0a9d57,pending,pending
d1d100fe0b7826578a638c6d,pending,pending
05c24bb0fad6fb94c7d082b7,pending,pending
5f36fd0b1bd3e2e3445ce6b0,pending,pending
98d316c224dbfc1a05ae48d5,pending,pending
983b69f6179721d3281f8b47,pending,pending
969320137ada2f2895619610,pending,pending
77be60d0e7f2cb667391f8eb,pending,pending
d7bd22590d3f9155bc6b5124,pending,pending
bca2501bbb546994c39e3672,pending,pending
d144fd141a122a804fcdb9b4,pending,pending
5a201fbdf6cd7a0a0e0e172f,pending,pending
92924124f227d30f9f44af3a,pending,pending
2daacaf78d1848effbbc56ec,pending,pending
46f4dfd5acd9bcd588c5d044,pending,pending
e0a8a5fd0f33e3eb04b00b3b,pending,pending
b0c5c8b425f8b61c9c3b7905,pending,pending
9ea6e5ff9dbe346263bcedd5,pending,pending
16954cb77968606a82b23063,pending,pending
d407aa4f725d7e48466cf8ec,pending,pending
ea5e1da323e6b451dc6ddb12,pending,pending
24166c259e57211fe34f6116,pending,pending
2720066ce19bb4389d8364f9,pending,pending
4ac8640482be83804daf8bbd,pending,pending
55c45ad3455d9c47cd178d42,pending,pending
b3681faee1fe6df2c98a0239,pending,pending
12a97cc461ab06a39aa576ee,pending,pending
57b70694e51b8c5d00d874b4,pending,pending
8806560f7a1f25631f57f9bc,pending,pending
9bb129431423619de49bd024,pending,pending
6f6c1093163a9b1ff396c0fb,pending,pending
c2c331eed8697cd395a07e04,pending,pending
743beffb981c0e713dde3966,pending,pending
09421552b505a2da8a1d24d3,pending,pending
fd0c53dd363ecf255c403e8f,pending,pending
090b23d47f78e4b05235bb0e,pending,pending
dd7b410c9ad487985175ac0f,pending,pending
647773654d499ad5b1f440ef,pending,pending
bfbdeb95654d752af038dd75,pending,pending
9b659595678c47d0b4b68ccb,pending,pending
ba0467e90920aadfd482d38f,pending,pending
8ad2779ae996647588b652b3,pending,pending
101bdf0c13f38423cda19514,pending,pending
b60d6a8bf73ebbf666773c09,pending,pending
40f15434a5878ee24f59c775,pending,pending
3561f9b5e5958819500c4de6,pending,pending
a00d0f06293ec843fa070a09,pending,pending
aaae6fdb70df5b90ca2dc2d2,pending,pending
bb54079705079e5306066388,pending,pending
ba1f2c915452dc548d915b52,pending,pending
743cb14aa0e959b435360061,pending,pending
62dbf8ed077a70dba1fc7afb,pending,pending
f969d93b196c69a17146e19b,pending,pending
daa85a1825edf16c54b22390,pending,pending
4ab068bea4f4761937408380,pending,pending
5218a5a549113eadd3e8d9bc,pending,pending
612980493b2b02859bb75c6b,pending,pending
3d360fda68ff8c441b3584a5,pending,pending
cb197865227a901a39244836,pending,pending
4d9435adb0db86760a26c8cf,pending,pending
c20358b40cb5d104bb03c5f6,pending,pending
195a46719cde554114466a92,pending,pending
1e1f193b33efd8cea69e7100,pending,pending
009bccd955681b2fd9a38ce7,pending,pending
dcf5143374b989995dd67f68,pending,pending
c52c2749e6dc771ecada3fe7,pending,pending
9a30c089300c60d3b2df287c,pending,pending
a0731cdcde4fde7cbf26bde4,pending,pending
5a797c6035a7524398b72630,pending,pending
d35f7e9bd399a004d0e68ee9,pending,pending
94a81adb98aa5f422a691e61,pending,pending
fd4292f498d2fe81f043069f,pending,pending
5cdd131635d6963c6a0da528,pending,pending
595b1cfd803ed5fff9e7a98e,pending,pending
6e3aa17a6f2f9bdeb42a08af,pending,pending
8602228ad94cdeac9893889f,pending,pending
11887bd85d21a44240613639,pending,pending
793814be630d2675b39d44e6,pending,pending
a17423afdc7828029e64a4dd,pending,pending
e584a58e497cd15dcd55232c,pending,pending
907a919b1c1701dd572bfcbe,pending,pending
2da42d2c38a8761b798e49e2,pending,pending
e1829bb780ab2392464f9c67,pending,pending
0210caecadb7222584d007ab,pending,pending
3ae0750ef880520f29d16324,pending,pending
b0873a114b5fa8a214b9c131,pending,pending
3fdd8a9da316c7c5ee61e796,pending,pending
5f8496177f3890187b3fc6a2,pending,pending
ca0cdfd49d4205afc4c074e0,pending,pending
31d33531be43bf8cffaf6061,pending,pending
436464b6b2b58e201a31bd51,pending,pending
e1ea636208b50d402a53d1b3,pending,pending
d0839f11ceef8a241966f917,pending,pending
4fb9537cc256e6f06ddaa544,pending,pending
a6779d6c5cbd0110eaf63eb3,pending,pending
b5b2968d026127dd6033da82,pending,pending
394600defaf613a3029c9723,pending,pending
c61eb2aff4a508accece3eb6,pending,pending
e80b17bad2c60a089cb37740,pending,pending
82653da460bdee0d8da19795,pending,pending
2ecd2d36ca86bafd3b03ce1a,pending,pending
fa84844f283d54f01b90c3eb,pending,pending
38919ab3127c5f63b2dd35b9,pending,pending
75252f74b702d63648818a4f,pending,pending
cc1dd9c6ac242089f57e8525,pending,pending
7319f6f7268731eed1e65036,pending,pending
5baa9da8a555e7fb21d95c46,pending,pending
045db2e4be3c79713f33f13b,pending,pending
623bfd9634e3cf6b649e38df,pending,pending
33e87e8bc658d76b3f4ddcb2,pending,pending
fd3265ddcfe0aa042c646fe8,pending,pending
f2f42cf9bcd062bf611590f3,pending,pending
f7d1e7c83e19b9b0ff83fd1f,pending,pending
b0ce2a6a2e1d86dd6ae2c1bd,pending,pending
c354f32f63615b2499ab8238,pending,pending
a45f907c1fbdedd8b5cf7935,pending,pending
0e1b97c1f16a1a25e5832da3,pending,pending
2c9ab7d42957a03315491da3,pending,pending
ebebe10fe98dc3420648320c,pending,pending
8db09d970cea8fddb6abb793,pending,pending
ea47ccb38c1a54798401f225,pending,pending
171d15be35a845ebd67a3064,pending,pending
3315f171a96bf1b4cd8644a9,pending,pending
8c6f79aa10d76be2351695ca,pending,pending
fb690b089dcd595935e41ce8,pending,pending
8ccc84abf06acca63de3e544,pending,pending
bc3e20204dd0d3af07903a4d,pending,pending
d61322365763cd12dfa20518,pending,pending
c0311d038ce82ce40aebe0b3,pending,pending
f58dc8baa9dbf3278a7f268a,pending,pending
633bd5643fa3091bf8feb447,pending,pending
1101716f9709175025f500f3,pending,pending
6946a17c305f161fc4f7e96d,pending,pending
b4b87587e709a2cc138a92e4,pending,pending
e29708f7801979ce7a56d53a,pending,pending
8e8d6d8aef1166575fe54bc1,pending,pending
fb0f0ef7405d39ff40d2970a,pending,pending
f6f40cee46495fa828fbba8f,pending,pending
5b38260fcd77e7e77b3105b1,pending,pending
31f145bdf1f7521d9dee4410,pending,pending
b01b26f77c23a7423cbe4f83,pending,pending
d4a498268c3dd9395bbeee66,pending,pending
486352b438a3eb8faa7978b9,pending,pending
53a7059c62d61b30a0cb6b32,pending,pending
fe84baeade4a7086d499edbc,pending,pending
6b71ce23d6e05182f70162da,pending,pending
93af7eaa8757c3c42e141354,pending,pending
93b70602a423d26605a2f707,pending,pending
53fd6df58808195e83cc192c,pending,pending
fb032c3f15f5cf456f909e7a,pending,pending
5e9f413ccb0789751f9bc9d8,pending,pending
8aed8bb01407007ae3f4facd,pending,pending
7fc60f13b4a0ba6356a139f1,pending,pending
633dd925d0d156066915e589,pending,pending
5175fd5257ae6d57724d0c44,pending,pending
acc1e07877c2b5938198bd33,pending,pending
f0358b553775cd60db86596b,pending,pending
1bb439a9debf4f96f428ba27,pending,pending
41e524c475b5073fdbf54c32,pending,pending
338b13b87c9d95b51b0f6508,pending,pending
38159b087b60b562c14481dc,pending,pending
327765755a9612cdfcb98d81,pending,pending
b641b710ec8f6f95c6cc7e4d,pending,pending
3aaa3fef5394a0df0f5245bc,pending,pending
4b83b2eaca638501d197caa1,pending,pending
5beaae2e44326e9aae381d7f,pending,pending
47f469933bef8bfd35f7ba6f,pending,pending
54a6bbd2ff3431482a892e7c,pending,pending
a8213b9f140bec1af517c302,pending,pending
b2a3c362fcb30f6181af9098,pending,pending
bf1298368c759938d28c4188,pending,pending
f3890816f50625e938aed168,pending,pending
772c24aaabbf1998887a7f95,pending,pending
e7efd9866f504a7e498c0336,pending,pending
e08e2b0923d2b8b0abe63f64,pending,pending
312880b8b8b303127fe6210d,pending,pending
fb580a549b23c97762cd96c7,pending,pending
bf4063be7454bd88cde96e16,pending,pending
1ff28b538983355c9378bef1,pending,pending
55ece7546fb624ead34bc138,pending,pending
64eefc854357d4520ef71ab5,pending,pending
b46f397517f1c5b9de309e3b,pending,pending
920a2a3566e4121d8009ede1,pending,pending
37f591943443ea9ab3debabc,pending,pending
5954f1c6ebe546d99d0a262d,pending,pending
dca14af20591206b0dd4078e,pending,pending
118070bad545f34f44e8ef52,pending,pending
eda14f2a1a288ba9337cf6b3,pending,pending
bda6ee41f08d53f172927c41,pending,pending
8156a9cdc7842becfefb1ea1,pending,pending
085c230b9a08f3dd44a21322,pending,pending
3ab8f5cbd141c4368d504232,pending,pending
7b368f7addb18385df6bc7a7,pending,pending
a4a59b0286e1cea421868f77,pending,pending
2614fc1ec38116637f12b8ad,pending,pending
0afd7064a022c81f9fd79cda,pending,pending
4c42920cf19e49d3b337cde5,pending,pending
4d946d5a772ba69f3d0d511e,pending,pending
a4fc6ed95f7f23d3a8036da5,pending,pending
ed5ebe1ea26df08038b7490f,pending,pending
97aa519593932c0707296c43,pending,pending
a79e24c11daa1cfa8f7ec5b2,pending,pending
90c8f8814193ba8f94e2ac85,pending,pending
ba381c1bb9bf0b6664cd1723,pending,pending
96b863342350d254396552a4,pending,pending
383d1a3ddc2a6f8d57a293f1,pending,pending
21532439d611ff19a0035406,pending,pending
981e2cb8cee31bf8dd058abd,pending,pending
857552645c6fb3d65d668bdb,pending,pending
a0ba081e4771a83bb092a048,pending,pending
919805dbe4b4cefc0590c6d2,pending,pending
2f3d124cf5add0eac029fc03,pending,pending
8a7be0c59a8b316aecc7a664,pending,pending
0ab4d3388474e4079daf54a8,pending,pending
9d2409ca1f15f4aeb2063807,pending,pending
b49054432fc5b0b5e9399868,pending,pending
1849a60e106d5748bb3a0e23,pending,pending
a75bea2b643aeb28c731ce9f,pending,pending
7c70a0de504f3078c12658c8,pending,pending
c420009315264a492c31e6c4,pending,pending
3c7cf250649821c24362cf82,pending,pending
7a2b1a53d1b28e9d5300d561,pending,pending
c1aa23b6b5400e4c0b5a2595,pending,pending
0e00054ffce982c69814e07d,pending,pending
bd40d3192d7e3f22e8403d13,pending,pending
2eff0ece1189257379a4f17a,pending,pending
b9869494eeb546b56f260fb2,pending,pending
e27fb1e8358e098e2e038551,pending,pending
811c27e6d1dc924d2989b9a5,pending,pending
49a73bb4fe183a9e1196a46c,pending,pending
826f9a8c363440612fe26350,pending,pending
74ea769bb10a55168be478b7,pending,pending
b7478579069d29152a227ebd,pending,pending
b9a6f0592ff642d334a68160,pending,pending
9ff0b57afa967caac9713068,pending,pending
db177888384547a1f8402229,pending,pending
731620a58250392cb0f7248f,pending,pending
33204ba33d0b835e31d2dbb6,pending,pending
76e7473655612902782f0068,pending,pending
e6daef188e6573bd3163c29d,pending,pending
8d646095fa90f8df9ca6966e,pending,pending
64423353c7b94dd2976172ec,pending,pending
d81b74df2e50299e83d3cda0,pending,pending
cedb2059d566e2d6f14d8485,pending,pending
a9f4642ee34102c33b4a63bc,pending,pending
420af200fa72db0be51c61c6,pending,pending
4cf19a24a27b698a0ab64cd8,pending,pending
19574e4c4adf79e04d42d82c,pending,pending
f0e5a5dd8cf9cb3bae6d46b4,pending,pending
cd1d2bfe7f62f1a799db7fcf,pending,pending
52d72c709ecb8bac11305736,pending,pending
172a205292676fb628d3f9b7,pending,pending
de73ee5f035e86f5dc5d12c2,pending,pending
a4d4ece84edee78f8de02620,pending,pending
9d9cc8308458cd709f172db9,pending,pending
0f9da1a048b924b65f0d6e74,pending,pending
cac209a0b0518a9b2688140b,pending,pending
33355429fb89a55c6f1ee440,pending,pending
94ec635cb336057f7b2f8af7,pending,pending
d81b5f31a359eca7dd942ef9,pending,pending
dc78cd51e30ceafae8d1bbd2,pending,pending
9ddbb30ab56971ba7fdfed68,pending,pending
c763a325d25dbd36b3baa2e2,pending,pending
c11ef567d58cd0abdae43b11,pending,pending
7193f528301b9cb99c0bffae,pending,pending
d5eacb59de200671eacd54c8,pending,pending
a03d01ba06e44caec9d90445,pending,pending
452e6d0abd1c694316a000ad,pending,pending
b0f3b289db0461e1e0d1a21f,pending,pending
5e096a0b54d27a38dbe8b0b6,pending,pending
c3877e1c3e1a977d5142906f,pending,pending
d2466feb279f49c8c59e87a1,pending,pending
8d38332ba7d7c0c1ed031e6f,pending,pending
04bf961ea0821c24cb20f449,pending,pending
4010c7df69f142ecdec3591c,pending,pending
212f82579b69bd9803d7d89b,pending,pending
322792fa7c34bfe2d29a1020,pending,pending
8feeffece8fa89c16ad9772e,pending,pending
ddf357112758684dd08ecbc6,pending,pending
81c3ff586554b0f94892ce8c,pending,pending
34b80fca416a8ff7c38925f6,pending,pending
a56f4ba3bcf1d4dd50502ba0,pending,pending
762c37428f42985a79e9c51a,pending,pending
8b4b40b4dfcb5163d0336cd3,pending,pending
a588f4ae1a36b79502e0619d,pending,pending
243534d545febb0bf060e7c1,pending,pending
246b4782a804de62967094fc,pending,pending
e905790019e16b8e9b786683,pending,pending
673922062c7a2162cde78e33,pending,pending
46e2856bee1c3480a0f5a603,pending,pending
7cce86c3a34e6acd0aa18299,pending,pending
09e3787e5bc722e081539748,pending,pending
b6ea9b66a77f93801c26fd05,pending,pending
0458e8a49c879b48240c4ad2,pending,pending
e8b185f04572b539517f1065,pending,pending
386f2e45064e16887be25c8f,pending,pending
895ba19cbd7c3c1d654ad64a,pending,pending
3a7fa72c15657d1eaae0814e,pending,pending
d24b26b3d174bc1b9a041325,pending,pending
19c493b896329e8f524ed5bd,pending,pending
175c2cbd06ce4f306f383f17,pending,pending
8f98eb979f65a1f0e35b3cd6,pending,pending
40f8a53f41d982564ada6197,pending,pending
64d89ef3815154c216d066f8,pending,pending
176a6271fcc2afa9151fde0b,pending,pending
a8dcd2497398a49e132a3149,pending,pending
67203f8a89dd1a78cf8c7acc,pending,pending
508a1248545c04c7786d486c,pending,pending
cc4c588a556862583be346a7,pending,pending
4e4336aff9923e1eff70658d,pending,pending
3184bab93f5a0c4e93a53528,pending,pending
3a0e08ddd507c1e330b8c70f,pending,pending
e00218871ee147f2321547d8,pending,pending
8f5f95da4a9734a2d346c6ca,pending,pending
b96ae14abc0db3adb4f68943,pending,pending
c48d9f13f50cf69390800c36,pending,pending
61476ae9c5b16fb0f397cd4e,pending,pending
70c06bc7b0d50160b31493c2,pending,pending
4701a382e30e9bb06c0796c7,pending,pending
bd10c95cfb3ed24ae61c068c,pending,pending
e5064929089baa3682374ec9,pending,pending
5b32d60da7aeea0206dc0b61,pending,pending
73e40f104c9d07b8374b06fd,pending,pending
1a86ea04446aeb85fcf1eea1,pending,pending
ef00666634d1b9154574f345,pending,pending
d6271c56c5d2a561a3a275cf,pending,pending
d926207e3e5abcbf2027b2f6,pending,pending
0f2266b9b68f1e5356d94f45,pending,pending
71a656919634d57142d98a53,pending,pending
ca04464910b6f567a313901a,pending,pending
f8501708d89d6f61b2628020,pending,pending
d8c93748939dcceb8bc7e309,pending,pending
8fd0ac3711186ad012edc4ac,pending,pending
5b0823b96d1dfeda84b79c88,pending,pending
033655ddc0b993068be2f15e,pending,pending
98403af23b1b2b34bd0def1b,pending,pending
9897052980fe022b6f6360d2,pending,pending
b0cc6fdb13afe73a68cff6a3,pending,pending
4f0c8ad9ca7dfbcfa553318e,pending,pending
628b0ef4f6866fb40bb296fb,pending,pending
c6dfbec59b515b5a60502a56,pending,pending
fd09e93c60bccf942f4a7279,pending,pending
020a187aadf00b0f3ebdd519,pending,pending
abcec745956196482b07a734,pending,pending
faa68d06b15f1193563b404f,pending,pending
5458767769fc99ec8d7b2477,pending,pending
6bb1b1713053aded6b9f3ad0,pending,pending
c7c04af092a7aa212a4f8ca5,pending,pending
4e1865086086441b8fa1f104,pending,pending
634b82d4af852b4ec0660bd4,pending,pending
2f4af0b9f62eae5047b8b5bf,pending,pending
b9ac5504e2d6933fce918c3c,pending,pending
3b6ab098cf5cb4b01f18af77,pending,pending
20bc108e1334c3134527941d,pending,pending
059e39802b9c06059f4644ca,pending,pending
c006d0f6a1fa2a4fac059ea5,pending,pending
27ad49fedf48c3a24e5bcf68,pending,pending
d87c1213363ca405446153eb,pending,pending
deec23a1efc94081c79408ee,pending,pending
703ee287cb3e5258ff3e15a0,pending,pending
976189b63aeafe9b7dc65e23,pending,pending
32b8fab79da88c35f3ae3131,pending,pending
63b8cf460ed9ee7cb2214450,pending,pending
5747737ebefe280b99eedf48,pending,pending
29b6e91dd178a4641b805277,pending,pending
cb7b9d7f09c4a46cdee89633,pending,pending
d4254fd24362ee45800a2799,pending,pending
7935cb2039210faec4154af4,pending,pending
f11502f6e8b851eb4af3ce13,pending,pending
d6260fceb3136526b1312569,pending,pending
f44f7a06f6bdd70d643aa427,pending,pending
8b7513f5ba243086d4d913cb,pending,pending
0b711df67975e06999bff4ca,pending,pending
23e75a4102fe127a3d52aed7,pending,pending
f324b427769590279182d295,pending,pending
bba0106f28bba8bcdb7dd4a4,pending,pending
0679e606dd4c7f719683f3b9,pending,pending
a496351213c909f9ae941eea,pending,pending
5e309988e37b26af768eeeae,pending,pending
825d25a208d5fb1f0a8ae202,pending,pending
b7f22a647103f4439e9b3961,pending,pending
8952e389193e7c281c286377,pending,pending
59d6ea50f3ea404946b8410c,pending,pending
083304f9eed53d3e251d372d,pending,pending
f33f14a04ec55a9412712060,pending,pending
361beb02112c273f733c4b43,pending,pending
3e335ca3b150e7123ba3db92,pending,pending
d921f5d0ed77d07d24c209ef,pending,pending
1794b86b215f4473a00c170b,pending,pending
8c3d17f847b92c8a9d182023,pending,pending
8932a6a103fb4bbdfac8e27f,pending,pending
e8e08f51c597edc437684d18,pending,pending
23e582f4fc0c0d0a90a072a2,pending,pending
39afac4fda8ec4978bc7d194,pending,pending
6dedc187b5484c70336bf8a2,pending,pending
ad95d794b2cef67397078976,pending,pending
8b4fdd06b1a2d4221bf4a4b1,pending,pending
7493ad18735d1639bd9030b7,pending,pending
52317e4875640a41e26921d7,pending,pending
fa5d44cf9b0a58c0c4af714e,pending,pending
5474a88c730a2f2ea9df726f,pending,pending
5d0ffa91fa60769fc0663578,pending,pending
30a6f0313bcf7b8604197309,pending,pending
4d85e39a8b24b26cce612b87,pending,pending
daca15d5fab2870654bfe45c,pending,pending
ba74f681cfd77e53bdd5fc8e,pending,pending
8cd19de2148910c083b467d8,pending,pending
eaddd4f9c49434085ba6bc42,pending,pending
746a07e87c088b5800393264,pending,pending
e797bb7582fa6db434bf111f,pending,pending
97ef5ae4999e50cf2861bfea,pending,pending
6ece1f26aa110bc71cb98a42,pending,pending
9d8c207fecb4042728bb2d85,pending,pending
2e8262cb6ebe7cc1f0a65e5b,pending,pending
0b1ad815b85b023af1266503,pending,pending
7c60889a3c12ff81a82335b7,pending,pending
b4660030fcbe3160b965ab3e,pending,pending
08f9712abc58b97d03e299a0,pending,pending
49eb99089365f6a13fcd1a56,pending,pending
29d0c3d722f8d7d78fabff95,pending,pending
5ce8b49253b8fc0f48f832d5,pending,pending
1224740a06bb001bf9af0d8e,pending,pending
02dea2a735a6adf58d25a877,pending,pending
18e7bb0a1df0770d1a3dd145,pending,pending
fe0c273841d73ed51c515826,pending,pending
5fdf53e640c919aa853c7fee,pending,pending
d440740bf80ce3025dff10da,pending,pending
fb730d67a43f7746d8d02400,pending,pending
0a21e8d3caec7dd01a99326d,pending,pending
23d75ff902cfef60574e82f4,pending,pending
298b7d3d14f8050b40c716f4,pending,pending
4bdd02aad51d8ed1e8fc20ee,pending,pending
ea4405c1e8c996dac4451c3e,pending,pending
dce65155d0083c760585aa01,pending,pending
e92a73bb772f128d6b3e9b5b,pending,pending
38852c5567ad79457193ed5e,pending,pending
b8a466debc8a1cb1abe5d638,pending,pending
02cb6d5d6d0cdb021467ec73,pending,pending
427495fc8cf14c516e6f1976,pending,pending
1e60ab42d48297c87a6164fb,pending,pending
ffb90302202ab4394df043c0,pending,pending
eb1658af79bbba508c2ba1dd,pending,pending
021fd905baefc3509756d8a0,pending,pending
3cf40f13177234dcc0cd0cc2,pending,pending
2690d5fac7a10d93cffea978,pending,pending
3cdaf9f0298a0725ebdd8059,pending,pending
79268e8e66c5d59d9ccfefaf,pending,pending
89a3b0ab2abb391da0c65dca,pending,pending
f1201123187256b18a2e0b6d,pending,pending
211b14e3020c11777b77031f,pending,pending
388a389851f511140b49475c,pending,pending
e6519b7bd13b3c0f3bf1a3cf,pending,pending
16c3db2d9f269ff668cdc2f3,pending,pending
2ff1b0e22ca131b741fbe4cc,pending,pending
70bb8a57d4e80a4ad527f44f,pending,pending
bef7066128ac1bc5688479b6,pending,pending
efa18bcff5a2cac2b726386d,pending,pending
8dd1aeee3a874b58cf41e661,pending,pending
48d1d34caaa97a9282bd9c8e,pending,pending
e783d1aa304e30577c7e57ba,pending,pending
8fdde0af3c6e3a6220a5ad0d,pending,pending
522b2fda91b73ed665499c6d,pending,pending
a7228f1bbafeae1277fabb83,pending,pending
9d31cadcdde9090e55246b1d,pending,pending
bc237e5abdd11ddefc72cba5,pending,pending
af5aef961d296d7e328af8b2,pending,pending
88a87c2cb1bfaa145fc86dd0,pending,pending
e463fd3f21dfaef35838d12c,pending,pending
452f32abb06e45408cc5f49a,pending,pending
96863e564c30f4b5fe2d12c7,pending,pending
3b5280c2fe10893e33276555,pending,pending
632de985f4cbbd4b4a2a8978,pending,pending
5a2c6cb1eac78dd3277fef91,pending,pending
bfb0e3cb3672a941a0a69839,pending,pending
7f8649a569fbfdfe69881272,pending,pending
297687902f55ddd56efd0e61,pending,pending
4c0aab4d9423b2585ce5b4c8,pending,pending
6eec217dd89a3e6f9e0a039b,pending,pending
6133418dd57c9eaaed1c5f16,pending,pending
ef82b2f7ad143d414f16fbd0,pending,pending
25d2d6e6818fb8356c284e6e,pending,pending
2d136579deb90a63f602e622,pending,pending
611ed3cedc2de4e10681d1f5,pending,pending
fb1ae90990d350077651095f,pending,pending
a092c46b7d2bedb1fc20418d,pending,pending
bee35920c73d778a59f94607,pending,pending
74b1d8145eba3892c2924b21,pending,pending
0a79607f72aa6804a9c2fd3f,pending,pending
5e6bad06620ec062d8358f98,pending,pending
36a6d5e5083ac85f3a34983f,pending,pending
c4113689220e7e8345387c25,pending,pending
dc2f32e5347228f89b3d8c51,pending,pending
2bfa48c0314315c2ff372e76,pending,pending
0e77c25d295acf7d9dfdd181,pending,pending
aba908759cb11bff16282775,pending,pending
2804dc8985293f06246a8744,pending,pending
d36ac5343b5cc3bcceed9f73,pending,pending
dcd5f6cab4cc3d0df9393dd4,pending,pending
e6700cbaac54a3ffe0940d5b,pending,pending
8dca056e869b81ba4bdb8ee0,pending,pending
d17cfb649e4660f8e361a395,pending,pending
8f6fc92c04afc439fcfe5eb5,pending,pending
11869e6181249caff57af6b5,pending,pending
b5ab08553272c03953791ab0,pending,pending
bbec0f23d9a6a7816df23cb3,pending,pending
e1ce9809e7fbde9ff63c0b44,pending,pending
ee1c9f05dd84398a712289a7,pending,pending
1448156c5fa0a4eb128294da,pending,pending
d46de57635cf742311a99f1d,pending,pending
475b282b4be8b0e27de65700,pending,pending
a26ebabbbb00a2407d7cd5e5,pending,pending
c769f34220dea6c01ae30eb9,pending,pending
8afb5d0c7f612d5483edcf2e,pending,pending
e24c931d24626940f0e4b866,pending,pending
5ddd4cd15f7b168ec65fd6e2,pending,pending
9d2efb12a5e37febcf76f6f4,pending,pending
9439f75e83bd9ef44b7c4371,pending,pending
5ce55151a76be9875f90aa0e,pending,pending
44c1527af7a05bf688979796,pending,pending
2fb655cbf698b8deb49de1bf,pending,pending
33424bd9c02e540baefdbbc9,pending,pending
04393adb6c463c84b39e95fc,pending,pending
d14e0eecb8532b5eea7ab617,pending,pending
27fe9258eee043184509b6e1,pending,pending
dc90132462ff2708a8de201c,pending,pending
cd0a2b034d80561207fe1e68,pending,pending
da214cdbd174d4531915b463,pending,pending
aebed03fe3519c11b00d307d,pending,pending
9a4c6f82b3c20961b6203c71,pending,pending
2d6bcbe3022de904cc506fd5,pending,pending
2c0a70d88b456aae518963f6,pending,pending
76f8f04523937a0cbd7803e5,pending,pending
d9ff1ab2f09514a2f8b9d91a,pending,pending
1d5734ae85251969d6ed35b5,pending,pending
7d25a295fca5c5318bfbaa3a,pending,pending
e094612530ab6a57dd1a33cc,pending,pending
9f43e48329c23e21237e6b3c,pending,pending
1debdb5ed6dc04e7059dcd52,pending,pending
4e125ef7aaabaa7d242187d2,pending,pending
f3adfbbb3e381fde141a87d1,pending,pending
6aabdf852ebf13c585848f38,pending,pending
cb49ef91c3d3fba2e370bfb0,pending,pending
f798b6322f99e239a2896cb8,pending,pending
7173ed82cdee4b44775fc531,pending,pending
8d7b5acaa707eb4ea4e90778,pending,pending
b558d641c1be41738027ffe7,pending,pending
dec8c12a823986edf4dc9e6a,pending,pending
c179fb5dbd76c40dcd13f1ac,pending,pending
01fa21eea5397cb1cbd21fda,pending,pending
e7c5dfdeae62d3808c33e45b,pending,pending
00d1092298694c3fc5aca170,pending,pending
7b1d741d35d5c430dc322db1,pending,pending
27beab6a959113f36d65edca,pending,pending
372679951a78a6b456d66023,pending,pending
52e6ca8fa4374e02515fcb81,pending,pending
ea4409f2babe2617ac07f9f7,pending,pending
c191f99615fce64d0481f1d5,pending,pending
78ccb7ced82a869e66597010,pending,pending
2d5b9e82a2a1050f250b3174,pending,pending
a69bf99c3bbc99d35a8204ef,pending,pending
61ed3836e7c64f296ed676df,pending,pending
8f1d29d5e248b6df2b51bd47,pending,pending
34cf73ac68bd1771450dcb67,pending,pending
6b867a10b1f1b70a960ded2a,pending,pending
d1b2da2a931460af7ce7ff9f,pending,pending
9e7ad9b76a762916ce3b11a9,pending,pending
9439e8c4a12eefea210e1f48,pending,pending
8c3d278ad800898aea43473d,pending,pending
d77527fe8e81e76ebfda5641,pending,pending
00f7ade0adf6c00c8e317a44,pending,pending
48e4f2d32af43a31c7f3082b,pending,pending
09caf3eb8fba67dc0b38fb6c,pending,pending
c8b282246f56b6add2857db5,pending,pending
ee47bd7643e2e0b4d887968e,pending,pending
6e6a8dd711efb4226761328b,pending,pending
e3783cbf778656d5040828d5,pending,pending
174cb39cb8c0f1f9fdd9cbad,pending,pending
88d11f7d50fb8270d6a10dd2,pending,pending
3fa5d3e52b74a01a3c85fdd9,pending,pending
62dff8f8c38a95eb42dbfdd0,pending,pending
58d62f57d9672435e64ee8b6,pending,pending
8fff1590cc75f2240d0eb406,pending,pending
241a699d423099040e987201,pending,pending
f320d945572b904323fa1c2d,pending,pending
80f794811fcc3518bbaf5c75,pending,pending
b82755399b0b70cee3768125,pending,pending
e8022f7698c2d2592c30cb4e,pending,pending
1d644404fa6939cc8a1a31cf,pending,pending
48263cd3e9ece3ca47adf655,pending,pending
9be15848fc8eea82d7b06629,pending,pending
5abc9085c1bda6eae19a07b3,pending,pending
10c585e353cd6413b072c93d,pending,pending
989774d198dca1c22f2af976,pending,pending
2d9727a8fcf3587749c52958,pending,pending
a7e7202bab1241b739f68916,pending,pending
b2759d5924c427f5ea5fcefe,pending,pending
1bd8e03e330329df7dc4ea8e,pending,pending
e46b20d878770e66c3013570,pending,pending
3c198218c6579b2154a80f87,pending,pending
d735847dd172511b39a1d8dc,pending,pending
dfa12f1752bc518d3b5cb688,pending,pending
303fd3d75d5368cbc4f77086,pending,pending
45eb33e4713c3dba7b206709,pending,pending
43e8f4f50dd951123d86d029,pending,pending
91288bf0195e5ce4724f0a92,pending,pending
7164a1b0ce37141e73a9c40f,pending,pending
2fccf4d7dd93cdd66e70303d,pending,pending
0477b431f2664c755cd1c299,pending,pending
a4749f002bb7d1ebb22b6d9d,pending,pending
e1edfeb0a254e51dac3ac338,pending,pending
be6a6a5c022139d688749867,pending,pending
97e781aad10926d89ff595b6,pending,pending
455693955de45fe7cbd967e2,pending,pending
bffdc77054ffc0898c3f837d,pending,pending
aded6872744f18f5c5bd98a6,pending,pending
ec0cc10b8e70644b48505a46,pending,pending
885de7c5da24927bcc9607d8,pending,pending
d2307323247930766387107a,pending,pending
fec2dd2f01ef5652099c5720,pending,pending
816359e0eb6c205047eac554,pending,pending
c690cc8b4cf6c781c06f16f4,pending,pending
12808eb05a4aebc58025e408,pending,pending
79c8cc6160a333027c0bc258,pending,pending
8ce0d01d4173745b09c8b16a,pending,pending
951b2889056b1213beedf4c4,pending,pending
e14a7291c60b4fb0f524f1d7,pending,pending
35031c84307b08fa55d18163,pending,pending
63a9660e2ee759e15465bc3a,pending,pending
576fdc628e5cbc87c7540984,pending,pending
14f1837acedfe87639132474,pending,pending
82359dca880340f5b9e33eca,pending,pending
6198040204e90a17f258a1de,pending,pending
1e9955c31492fa963b7cda1e,pending,pending
93b60b719c9c445d46ae2830,pending,pending
7003af73b97f72b1b80c996c,pending,pending
d443b85caeaeb50910d86566,pending,pending
28b5309769e4d209d4736b18,pending,pending
6e3b7e8bda0fe89f3eedbe38,pending,pending
968433bf8e42fb1b9cc3cf3e,pending,pending
cf577c8453efa536a1f9ceb3,pending,pending
6b7b4116ffbbc2ec9d192359,pending,pending
bd86e3726135e728db77d6cc,pending,pending
b25dbc6bbf2de2fbca7efb56,pending,pending
5d831f9b65178caff0b2e7fb,pending,pending
a0dfcd69ac031059f832c0fb,pending,pending
6d4e4030b118707e276dd6b8,pending,pending
254bdb7073fee1451d69dca4,pending,pending
d79a5a1fca300ea0ff974fc7,pending,pending
de446d8e334d138aa2afcc52,pending,pending
a1a6975a604f353fa22d524b,pending,pending
30b539f679e054b18e67e159,pending,pending
920b20aed99f39b70ebcc0dd,pending,pending
8db8884b6b8967520b78ef8a,pending,pending
ccb047f7399eeb07a46ab4da,pending,pending
f40862b021e7cfaae4036090,pending,pending
9f281009d55d92bd41d7b586,pending,pending
abb3e4195281032a33a78829,pending,pending
056519f2c6481b2a6d3bffac,pending,pending
2f0f457423df367280938f8a,pending,pending
523981b19f8799ce888940f2,pending,pending
22fed6b11ccf3ed87ba37155,pending,pending
9fd4db25650bbc2ddec4940e,pending,pending
6755505b06fdd3cde05e5463,pending,pending
4b253bafcb668bf12e89b402,pending,pending
f21fa160e9fbf25cdb32d398,pending,pending
bee1c2fe3fe229c6484855a5,pending,pending
67c49c5df8930a97c42bcb3d,pending,pending
a00d3d464d48185453ca953e,pending,pending
63d1a519e798a80776806938,pending,pending
6e31740d8b3d7e3de0e0eb92,pending,pending
89bb53c04f199af977fd33dc,pending,pending
499fa490294232cece2101c8,pending,pending
c747c80f9cc6ca70cd244fcf,pending,pending
a538abcddaef41269e0896ed,pending,pending
fa755572358778490d3e5b48,pending,pending
ece9ecb188e796bfd11c2fab,pending,pending
dde822d6ec297f636caf7164,pending,pending
7286919b5eb4e372c270fedd,pending,pending
4ef8ba760987b230cb7ec5a6,pending,pending
be64b7a4dcfb96054dc5784b,pending,pending
b24939b26db26d6ddf577e77,pending,pending
0cebafebc0f3f258da28d76c,pending,pending
c927e30fbd31cce43ad26981,pending,pending
46f22334f7a5ded0ef5b8f60,pending,pending
b78acba45a3ee569bfcdc126,pending,pending
2075b5e59fce89e6dae204e8,pending,pending
8d4e8de5c12d358ecbe80f89,pending,pending
c0a3562ced86d4baa2e82385,pending,pending
fa1e0dcf3cfb12bada8ebb79,pending,pending
73d989004fee62c5094b5e85,pending,pending
89b2eca4a24baca6af26bf2b,pending,pending
9d46a3e5a4cb7fa69ca87d62,pending,pending
f5421481f5d2b2c352cb6ed1,pending,pending
1be7f937e19cb09a412e2183,pending,pending
567ebe81771c639294cc6669,pending,pending
ecdd96c81dcc29c8eed9e330,pending,pending
d619626051e184cc8fc41c71,pending,pending
eb5a7789577ef67c5831bef7,pending,pending
1f6ff4040ed0f2c86ac0848d,pending,pending
8053e730b5d72f7523b1bf22,pending,pending
0ac81209b0b81095693d688b,pending,pending
967177c2f4f5308179c9e20e,pending,pending
0b610e0faef5beddf9f230b3,pending,pending
fd3473f6b3b2a1ec87f40a5b,pending,pending
9037b05043bf8dbc7e476a07,pending,pending
199b1922146797adb806b854,pending,pending
024c877fe06286b68f22cb92,pending,pending
e22426e4873abc5f9b8e21f7,pending,pending
268ad238561b327bab622436,pending,pending
408c25a21ab6a44977874913,pending,pending
695e04e024c83ac8e89f1c42,pending,pending
c9c371095546583288f59d95,pending,pending
fff8136af5252934662d3e6d,pending,pending
1ff481f413ed9315d7030a0e,pending,pending
b0befdbd688053fd7a845ef7,pending,pending
914bc38e94987bf8904119ce,pending,pending
135607ace5ade2a5ec7a1529,pending,pending
c0ade46831effd9c0a32d8f4,pending,pending
f52a5a3b9f4ee8cdca516ca9,pending,pending
de3920e8aedbd78fd4df8c56,pending,pending
244c3e5bb098f84fec662682,pending,pending
a4cac4320411780b67f8d0db,pending,pending
5c5032081e6794437a37639c,pending,pending
e83afa50d46315b12e43e52c,pending,pending
a10aa0db9d5b9316234f50cc,pending,pending
9c02201ab24da8fa0fbe333f,pending,pending
ecc4ad5a53f56332dac44e35,pending,pending
6a102788181547b065b3f648,pending,pending
3966b02f795721e9119fa37c,pending,pending
4aa8e97268e4ba5bba952130,pending,pending
24139aa2148999621a846e43,pending,pending
0282884fccdbc2282f8ec555,pending,pending
d51e15deea5717002a68ebe0,pending,pending
4ad4ddce6c21dd21767991fc,pending,pending
f5b905ebf754149eed94d753,pending,pending
bd6c8d0863a7abc5a4eddad1,pending,pending
eff1373fe405a4010e20cee0,pending,pending
fb6ed887c8548c8e3e028a6a,pending,pending
76967c9b1ca16061ee90a998,pending,pending
59ef6714b09c810782ff6dd7,pending,pending
85d859398ba63aece910e7c9,pending,pending
30658491edcb2101b82b7a52,pending,pending
74572123af4e773de3e819f6,pending,pending
d0736b5b6697385335ca7569,pending,pending
88c215d0be28f53b55381411,pending,pending
40b3464af95f74ac5ce421ba,pending,pending
ce8fafe933e12b3d6876be77,pending,pending
90b4f48e02e55718b5afb89e,pending,pending
28d91f616c277c47ac4076ef,pending,pending
6b07a958d70c01dceeb8738d,pending,pending
35a1ed9cd20db6ecd857b14c,pending,pending
d80454be8928c70ef53cc687,pending,pending
3596edd94a9ec4c8a8dcbdb3,pending,pending
dc38a7417b83cb2c53c01dd7,pending,pending
a2285e32cbc5c404d2d9bf6d,pending,pending
d6e6e9dc95677c8c6448104a,pending,pending
862b729e7423552a4de80670,pending,pending
9fe84f0eb25049a907a5b476,pending,pending
27e96d821aa8330c3e83f667,pending,pending
823621613842f018a4b1dfda,pending,pending
1e0d6b06ed00a2e94ef9a57b,pending,pending
424766d4d84f788d8f5be614,pending,pending
2cf7e543bab2de8d6acf5f05,pending,pending
b5ba3c2f362342d4d9b2ff47,pending,pending
d5bd77d3ef40a0b428784d88,pending,pending
07d09623456e92269073fe77,pending,pending
bc3cbf4eefe8c77bff6fe4ff,pending,pending
4b4717abb4bb08366cbbbfa3,pending,pending
58df4c5bddc399d5d4aa1f72,pending,pending
5247f2a8b9958033cdde4f83,pending,pending
978fdc8a11d7d87292a1389f,pending,pending
51701f324b1b85e2c3096625,pending,pending
771ad9c5c6184f74850aa866,pending,pending
ecefa5f509f8cf232435087c,pending,pending
8432610ed1f8c39a17528daa,pending,pending
2971ff683594cfbf6e636dee,pending,pending
938ddd4b527a09b81ff9c087,pending,pending
bf5b0040c56fb4f864ff08d3,pending,pending
70651ab8a439bc3bc84c868f,pending,pending
4609f3943b07adbf7d2ab5e9,pending,pending
8f46e99bd34df0d39f3ee5de,pending,pending
9781c4990ed2bdfb1d24f1cd,pending,pending
94f62fe03d9d56ffff4db346,pending,pending
4712078db00274448aa614a0,pending,pending
3c8951e6f87cd054802bbf31,pending,pending
7c34b76e597d4d5080fe068f,pending,pending
67a95ae9d251a47edfcea647,pending,pending
769e336f80e96c07871d37ce,pending,pending
bdc78ee6b3c941c0d67e344a,pending,pending
039698c2d44e12c4fc8a5eca,pending,pending
a1aeadac88eb76b090089d48,pending,pending
6d2ae80e91e3b3bcaba0fad2,pending,pending
8e57c3d227fca935f890b4fa,pending,pending
00300a88eed809ee76a862a2,pending,pending
c95e39449fff6fb730198c0c,pending,pending
2b65c05ce73991428ec4a3e2,pending,pending
730c730fdbb4cf68d07f65e8,pending,pending
7f2118eccd5ac6d8fbc331f7,pending,pending
facfa1e03b1ca056c63f56f0,pending,pending
86161de701d5f5a9b726012e,pending,pending
4848f4ae0bfb43c11405a91d,pending,pending
b36e50a5239de1ad1f1ff835,pending,pending
dd3197bbb7e2c67677878021,pending,pending
0fd3fe245c88d35ccc04c192,pending,pending
cc9c9918d3e85ffa947feedc,pending,pending
8b5b0277f2c4ce1b516fa49b,pending,pending
5d146a527402cafd4c93d915,pending,pending
ec636de1116a527befe36775,pending,pending
2fc4ad259977b3675190ac6f,pending,pending
f5987743b36e0a13d6f3a234,pending,pending
0b6e80dc6afc68545d155071,pending,pending
b96c349cb9f1a134482a6859,pending,pending
f2955460b6e18f85dfaf9645,pending,pending
c02d57ca6b9ee4aee26f83f2,pending,pending
fb7a8a8dc053628b449fbddc,pending,pending
4cfd3c992a7265594f80186e,pending,pending
25d57ac0fc295b810acd28ff,pending,pending
a5a14e7d0b4dd18056bbdce3,pending,pending
6ff3a0662f9079cd4d9b94ce,pending,pending
5d833abe0773d3ddfb0d362e,pending,pending
48c9f1f388ff1cc5d52d213b,pending,pending
44d8086e5d870321cc2c89ab,pending,pending
c3a30885f1dc78ce07acc571,pending,pending
2b05d636f80fc1c80a64a31d,pending,pending
70669c3b475ec0153842ae83,pending,pending
d196c297cba1f5c59486a680,pending,pending
d3a88c1fbfa2a5ccb0bd271e,pending,pending
fea4697d0a12fadd9160830a,pending,pending
41fb5bc331907de7cd7e911f,pending,pending
927d64d4d27bf12f6827622a,pending,pending
0dd6f5216ccb93fa3df8ce78,pending,pending
50a64a640f81edf42d6ef1af,pending,pending
578e871edd85c29b4b6480db,pending,pending
a06e5283ae27f8a183bd1f50,pending,pending
e95539b6e2078a977ead62b1,pending,pending
77214123ec57b31283f95efb,pending,pending
734dd9f4be09406ff00136ec,pending,pending
67589806ef263e3c5a9b9a2a,pending,pending
7f62351fdb6839c0fd2fbdc4,pending,pending
0ca672d185f3df8ade5fe121,pending,pending
029872023279bdb573fa9762,pending,pending
c431cb49c59b7fc3ccf4f290,pending,pending
2965d021e48f31223c573864,pending,pending
fc135582961af0bda42af43f,pending,pending
032bd2a569826db39c755425,pending,pending
e617add744b6e9dc2f1e5dc6,pending,pending
64c6444fadd0b650c20be5a4,pending,pending
99c8318cf1e1d3625f2d8b61,pending,pending
8d2d3c9b7292a03a501e992b,pending,pending
75211c28ca2d84e607f13e3d,pending,pending
dc76a351a1e0e47494da44ab,pending,pending
9dfd41a3899711f3f8604506,pending,pending
4e2afee2da62fe4edcf77367,pending,pending
9cde4284fb1e7487d14a327b,pending,pending
b0cd5cdf233d2a9c97fe2ed7,pending,pending
f9260683bfd5d75b893e4be7,pending,pending
5502b62cb321a07dfedc42e6,pending,pending
cda2cb546636f354d7d3fbf8,pending,pending
e54c2c4732061fc5a2d9b900,pending,pending
85c5d336e4b3404f8bc9caf5,pending,pending
edd6c5a8e3e52b193fb93e20,pending,pending
99195a4dc61db7d16362402b,pending,pending
c0bea17b04e2807d33c80a95,pending,pending
5f847f7ec80f5eddf27b3f91,pending,pending
73e57cb3ce0ce26d7ac21ea8,pending,pending
98f6c30f4bbcc6e9299ac5bb,pending,pending
619afe8acf33d6022c5be4ee,pending,pending
0b6b43c14c0931cb32f31349,pending,pending
a3d43d6c9fc9b53ba539da50,pending,pending
6e6e5b172ca31b050d8c4d05,pending,pending
ee4e5c6d177253908902278e,pending,pending
dc0f9a6850409141545b5524,pending,pending
321480987f16af94d53e3ba1,pending,pending
a62fb8b144668435f90132d5,pending,pending
5ac9e734ba32f672aa4c7f06,pending,pending
177110b620e0a0c6e10ea4fd,pending,pending
fead1294fab12115792f6c45,pending,pending
81c01088bb7fe1372f118f84,pending,pending
40f3d8770950c07f998dfe29,pending,pending
82999356a3b3a407bef475e3,pending,pending
1788edeb6de482813c3e0399,pending,pending
40334d9799a26340d2e2f765,pending,pending
fe496ce9a807c1a56eae6ecf,pending,pending
9f26225b41f1abf88ca5ec2e,pending,pending
95f2a03fb8f72ad162d820c1,pending,pending
fab4927dc5c3a296b506db52,pending,pending
4de0db00c1dbe5023c252567,pending,pending
df7d8c7c2e87351e0848ff3f,pending,pending
0589aa24263d43945dfed86f,pending,pending
466431842abe024ac8dcf2c7,pending,pending
fea8ffffcd47ab743016dfdc,pending,pending
68d6036ca0162bf8b2aa5a5f,pending,pending
add4ea0545b8fba8bc3fa41c,pending,pending
0ad9039c42555252a19c5399,pending,pending
185d1c97d560bf9c656b40f5,pending,pending
62f1aca3ba7c02ccab69ff21,pending,pending
b08b8725d8e889d69497b682,pending,pending
2280c57b23d97243e70b1b8e,pending,pending
705ace7d67951c9d6e238212,pending,pending
d9d376fbbbcc8d5d9b0f5eb7,pending,pending
72813815afa39e6d4fb2d55e,pending,pending
4533fdf17b08047cb7cfb957,pending,pending
6d49d6274db423957d72ed58,pending,pending
32d723883a253b7847fbe284,pending,pending
0f43b5a2d9996add394baa87,pending,pending
29d443175bc7708847d73d65,pending,pending
bc5025166c7a53f6814864c3,pending,pending
afe9bbbe380b40ba908a02e7,pending,pending
1a3f5c636bede1dee62dd4f7,pending,pending
ae2b93faae66c137d3a6720d,pending,pending
f8cafb461707a3e4a1acfebf,pending,pending
2d6790c541c98fca0fbf4402,pending,pending
53a32564104a02ad29f4000e,pending,pending
287462abbfd0e347fec7d4fa,pending,pending
f496c7558679cef89b0dc5bd,pending,pending
5d3b522eed6247c8bcc457fa,pending,pending
051b4743ff985c727b866641,pending,pending
63a451e9f619de43806669d1,pending,pending
d3f6839ba8e8b83cece5691e,pending,pending
1a5d9f7c8d486f79d50e93d2,pending,pending
cf347845ebb57874a2bc8e12,pending,pending
e12a82452ddb509184e99222,pending,pending
c5244e43509377afbafddb7a,pending,pending
736e67e4467fd9c183c57106,pending,pending
ae6a66ae586a58f24048c0b2,pending,pending
c589c18842b25599c748450a,pending,pending
8a43827f6b4ef42f3e3294d6,pending,pending
c1e0db45ef5b55948fb0b883,pending,pending
7fb045eb84f220fdb94fc1a1,pending,pending
77db10ffd9eeb63c7b21d996,pending,pending
659d5648e10e74fa6ed5de51,pending,pending
066c9ac0064cbd247c2a7235,pending,pending
c2119f9a6ce00247eda49f9a,pending,pending
38977a832805db8898b8378a,pending,pending
9ec9ba61404c37b116c0ba6a,pending,pending
fb4b23c6481b1c3b2cd1c47b,pending,pending
a4795e72e61520c29b0e2158,pending,pending
333bfd86377fbb119d655fdf,pending,pending
1c42d7af82af8dd815c3cff3,pending,pending
ff7d2bd3bd7c0d4cc3c56b13,pending,pending
bf3da3f62523faa21dd2a01e,pending,pending
9fab3c55c6d96863a60ae6f4,pending,pending
4d04c9a51822569151674dd4,pending,pending
5d49e928987a4bd33bb63f49,pending,pending
ee87f2cec347bd8ecfbbd860,pending,pending
c4fce296aa936e4dddaa5e40,pending,pending
4cc8ef5fd01901142ec3a3b5,pending,pending
e0f1c57f842c40887ef4c1c2,pending,pending
6ffce1c1e0cc1dacaad6b60a,pending,pending
c1d660496dd131934d87486b,pending,pending
6ee00f05974dc6127f56acfe,pending,pending
652fe48a0ef612f0929bb80e,pending,pending
35ff19aa12bbddf4ee658035,pending,pending
7b52d62472594ed925af3b65,pending,pending
67c683afbf8159fa173c060f,pending,pending
467013bc0b10e8fecbe1599a,pending,pending
57969ce5566351bc118e2fcb,pending,pending
726951007f29dd15a301f612,pending,pending
4442e58842b6860846163d19,pending,pending
c7252246880846514f8892b3,pending,pending
eec32708ffd4ceae6ff8962c,pending,pending
affca71247d8eb03372bf385,pending,pending
d595af64138e60c9cbece90a,pending,pending
bb60d160d9e26f8a1c36504f,pending,pending
972f00b7aefa9ba267840ca2,pending,pending
d203b6d332aff14e4034f9cc,pending,pending
5cabdbbb771eed3d6cd30677,pending,pending
9f19c07006f0f1fa498a6e62,pending,pending
8dc841dc50cb7bc840d1a89f,pending,pending
d019b2eba599776fb34d00f0,pending,pending
c2080c54c4ada2317fdc5c28,pending,pending
76d7be631833b159462e7ede,pending,pending
3cc7622c264dc5c49e9f4c5c,pending,pending
c5cda580129443eb36e9009b,pending,pending
dcca935bc46cfed9f7631bee,pending,pending
3e680b6cdf224db8305a5d0c,pending,pending
82e117ada4956566460b66fe,pending,pending
72aa28c7227987ffc31b8c9b,pending,pending
ecebddeb09baa36f307ad78c,pending,pending
3b29c613ac5a9674e276bb0d,pending,pending
cadce795451a764711c2c111,pending,pending
0c8f734fbe3d64e886d08f07,pending,pending
cd33ff11fb23b177c42aa543,pending,pending
528e9a2b4ebd893356ad3976,pending,pending
f316c7034de0328686bd178c,pending,pending
2bbd06edd77ec9a3628eee1d,pending,pending
8171995f48082e742e7ca7aa,pending,pending
b739dfcbf9c1154dabcb74e9,pending,pending
684fc458ba9e4b84a678de74,pending,pending
1d745e46f1c00f166ac2a052,pending,pending
dd04ad9717f55712a464d26a,pending,pending
971143e7cef13f07d1e3bd52,pending,pending
efeb4347271aedc9ae461b43,pending,pending
8bc3b06c4b56a722a4958335,pending,pending
fb905013f9b9f7e7f1a68947,pending,pending
89e92cf31e7db6ebcde44e3e,pending,pending
6250d81e97b7e52fdafa191d,pending,pending
bea2c8cc2cb77bcbaced3ffb,pending,pending
fde07b854805cfc2b396fce3,pending,pending
43ffe51c2361133383fd461e,pending,pending
3535f031b6f0366fb27f7e8d,pending,pending
35cc3da329882339d2af97cc,pending,pending
06897002f32f134000f72285,pending,pending
4e8f578689eedf97f5a99aa3,pending,pending
93e65c9e0234ec958503c2b0,pending,pending
f7a86cee5f4d5cabd1ed80b1,pending,pending
f88faa12577313626fa1394c,pending,pending
51306a7950d52faf7ba8672e,pending,pending
6b682194192a3269427335a3,pending,pending
c285cba66fee0e51a37e578c,pending,pending
90ccc3e794cceb6f048cb357,pending,pending
882827a9583c87784f6f2ca9,pending,pending
56cd950e5d25180f611bbe28,pending,pending
7ed6401ed5b632e26c2f7b6d,pending,pending
cc4038f21ba7c394866042a5,pending,pending
357c080326d549d7a868be5c,pending,pending
97f158ac2b8744b604f9b0b0,pending,pending
f82c6795d871a752dc28031e,pending,pending
e01eff343fa15cdb8ab789bf,pending,pending
b45f806ac8d4e32f28c8b89b,pending,pending
b2533a5b989a3184f77c19a6,pending,pending
f40d2312bca7de562751aa0a,pending,pending
022bd1fba5b6c19ce72015ff,pending,pending
11a00955c6fdc1b14d5ec5c0,pending,pending
fe743ddb401819d8ae350104,pending,pending
d0b2780452ee8a2b3782ae7b,pending,pending
1548364722c80e1ca5cdd1f4,pending,pending
ce876f00d776ee687e708a19,pending,pending
d7560b772f31895b05eb0770,pending,pending
144b79b9f6ea5abc6659fd17,pending,pending
b48d96956ab91e12b46e5fcc,pending,pending
9e9820ea97ca54943bf7926b,pending,pending
83146d17682f706061f05edf,pending,pending
f2461e2627905ecd8712ce78,pending,pending
f61155d6e2a80b1fc7861db9,pending,pending
64903d4ae6eac877cfa00d61,pending,pending
3d6597435bee52d6395d7732,pending,pending
b4e7bba4895373d7cd3c7da4,pending,pending
a10d3904523ad824b3323ad8,pending,pending
c83de26e72f3f54d9f7800c6,pending,pending
618d159d7567deb760d12997,pending,pending
3869923748089b074a3a857a,pending,pending
4d4fc4fec6e672727d561d11,pending,pending
e2ede10bc63c7a364e69999a,pending,pending
ee3fa2a59b6a5594087ba526,pending,pending
ce9fb75d28c9fbffe264dfd9,pending,pending
63c14fce763d1d16d6bb5e5c,pending,pending
b7eb655de0b01383d7352d3a,pending,pending
3506f329ea7e80a5768fe7a2,pending,pending
bf181fd77929b996a94dbbaf,pending,pending
60e577b2307787e2a7e5cdd8,pending,pending
efe223863f673c221236e5bc,pending,pending
92795f851b9986582fda67c0,pending,pending
53aaf0c173c86aca9f091907,pending,pending
0181b976438fd316997ddf08,pending,pending
e9096fa2c81044f71948ab72,pending,pending
a78db3ba20a4f460102b3173,pending,pending
d613d483e9193fb90e537507,pending,pending
1a41a71b52a20db8d2d1bc4e,pending,pending
baab0eeafbbd02e619321726,pending,pending
a792feec9a8f27d3ee754165,pending,pending
b8928e63299e37457e634dd7,pending,pending
9b7c722b5526c405a5b0b292,pending,pending
0bfc5c259fa72d200622e306,pending,pending
1379e024215a729ac28d25ed,pending,pending
9bf2dac5e55e534aaf60af9e,pending,pending
2f88ae3688c2265a03a1cd17,pending,pending
8972dc5a777f24ec1b36bb4f,pending,pending
75ff3369b4fc7795de77b0a2,pending,pending
e1a773c7037a251f5f39ca60,pending,pending
e25515876fde854f511017cf,pending,pending
2af98f829ac52742bd64bb5b,pending,pending
72d451769f91a1b5a918c9d8,pending,pending
f78a584d35e8f07f4ae764f0,pending,pending
1355dcedebb3c7b85b739f44,pending,pending
fca8982f7c04c6b81ee06c96,pending,pending
aad421cfda007d12d89873cb,pending,pending
454ef4bbf7ed55b1861c1231,pending,pending
6c47225c5202dd3355c773f6,pending,pending
6306b3fe4dda31ecad7bb1f0,pending,pending
e16146a0f62747a4bf60075c,pending,pending
ea33959badc3253efe3e28b7,pending,pending
aeeb6c9e990cb3b718b7d02e,pending,pending
6b3a31b07c1ba1e8cbecaf73,pending,pending
5bb2da6a22f4b23194106408,pending,pending
db49ced4f45dcc849f040bd9,pending,pending
36fd787f7b37408f3f8f777d,pending,pending
b6c9e6177d4c893bd1f687d3,pending,pending
64ac23b607235e1409b722df,pending,pending
9059880ff0254652c18b81aa,pending,pending
6bd796f1250035b66037584c,pending,pending
1e39443b4676ae5a9a11ab69,pending,pending
5382b70aef396c109d58e73b,pending,pending
85b4ebcf4557d96010d4495b,pending,pending
29983c12a5aefcbd2bcbbc75,pending,pending
0810cfb5a1598d42ffc83e9a,pending,pending
0c664093ce2428f6de402aa7,pending,pending
2aa8a35a377ccedcf91a2e47,pending,pending
3f64d604ea1240547da96b24,pending,pending
3e76ff8bbd910d90a3b5de55,pending,pending
b86c943a40715a7bc7314234,pending,pending
96a5fb344097fe7940fb0657,pending,pending
89483eec50c7e12112f0d74a,pending,pending
bb14d8215be7c7b03def4130,pending,pending
e29c0b5306ab3418917beb33,pending,pending
177e557e3b42a8ebb976b58a,pending,pending
97403ec327c0e313661d3c68,pending,pending
321c303738390c5bc43e1de5,pending,pending
7fed0e8c8b05fdbab25f6f95,pending,pending
3504562edb8df3cc547d19cf,pending,pending
c6257925d89b716e3afe64f9,pending,pending
fd8b3c861730f26e6f4ef6e9,pending,pending
fee3f9f119a4d4d2ea1b7d63,pending,pending
e73ae6d74f5af38afa77a01e,pending,pending
faa9b296fc35a4c22b8ad33b,pending,pending
5225a1d47c3fd62afc827e82,pending,pending
145786ba6fe2c510cc9b68cf,pending,pending
acde8a0f2805747561fcb4f1,pending,pending
690d976f40921d4b1612a886,pending,pending
8fcb004863d5ca57b439ff8e,pending,pending
cbf7ae9d40d0b2ab8eb774ef,pending,pending
1d3c5c7aa6b090d6335db9ca,pending,pending
774a932084184c906300d864,pending,pending
a682a925f331c409cf7acb84,pending,pending
a477c951a1c92f5e42eb0163,pending,pending
0d00404cdd48d91d1452af0d,pending,pending
3bb43a3aa4c37e56be140053,pending,pending
07026914304342ce14d59895,pending,pending
b2a9d5eba737f4d0df3d391d,pending,pending
a23fc52458cc58d717fdfe97,pending,pending
816cbb7e17317cd9cdd2da72,pending,pending
abc74e04dd128eaa702a6fe2,pending,pending
980ab9b834a340454720bc3e,pending,pending
39f5b78127b6bcca3a67e9d2,pending,pending
27ce89e3e2c6bb9d807f0dbd,pending,pending
4aead886c331408fed29f42e,pending,pending
36a83a274b990632d71f7565,pending,pending
bfa0d3706bc19f03b3f77e78,pending,pending
bb6b026b7fa7b0c21b8540ef,pending,pending
cf4f4d14d18d91e5a84e4ad5,pending,pending
795640021baf4d5e71770fff,pending,pending
00ed2953e2fade2b51b3aaa2,pending,pending
7194f295a7de57984c56834e,pending,pending
5c54bf939c9d8a96bc5741c9,pending,pending
4d36b9d5199cfaa0f78b432b,pending,pending
22315b629e837052669bc258,pending,pending
424d5fb7399d47792492ed35,pending,pending
6fed911dbf4f2055fa8e98d7,pending,pending
c9c25824e3e71599358540f6,pending,pending
f2d09ed72d831a36782dc1c7,pending,pending
302b7c0b565cca0e650322de,pending,pending
64aba78e0f79ea6f2c22b191,pending,pending
79e1fc1a7377a24cbd3c81fa,pending,pending
02c4a7f6650d891207d4a3ea,pending,pending
69352be1c4ee7bb6b2483bb7,pending,pending
0efb7c19359add9ce0f5949b,pending,pending
781c63cce5fb2ccb5f32ab06,pending,pending
74288f1f135e1a701643385f,pending,pending
bc3ceb68b77009a703c54ef3,pending,pending
138d58c379cf92990957921b,pending,pending
937fe84e52515782a707f15e,pending,pending
b62cff8f22adc7c24f515691,pending,pending
2045ddb0053ecac9028e5c2b,pending,pending
b7b29f93b1357a0a590197a6,pending,pending
386fd56fa5b6ef85aa0d0112,pending,pending
72e33c5d792086bd77551793,pending,pending
105e5e931d639a9943c40f7d,pending,pending
1e6e943d2e96e38b99451802,pending,pending
820cfbefd119067d05c7567c,pending,pending
940dfff0115af6ea620d683f,pending,pending
bfca21952710976b94b007d3,pending,pending
5e8e4a10d0d4d10827da6b97,pending,pending
9bd58f5613b9ecfd79786e33,pending,pending
4b00c922a0e32e2d91ca30f4,pending,pending
d0bf4ef6de8fca95f1a4df39,pending,pending
43c7ac17ed2444b86c6e069c,pending,pending
968300c80c7bba6ded16290d,pending,pending
daaea2003264c0602fcca8f0,pending,pending
3ebc001ca169c132d85017e0,pending,pending
0735350c6df530778c4e21bd,pending,pending
a29e2055789bf41298f50942,pending,pending
014202bbe43ff1fb72c92756,pending,pending
b83ad7d5df2419f7037f9e50,pending,pending
ed02da069165994a144096e2,pending,pending
4ce312dedefe32cf704d6f9b,pending,pending
7fc85d2ec69aaeaa423b3091,pending,pending
bcca71e90964b4b16589a41b,pending,pending
dde28c0a621b8a8a388d42f4,pending,pending
c77f3efb8d41435b0ef6d976,pending,pending
7c4954768f3cb27d486f7de8,pending,pending
34871fa4b1db5374dcc94cc8,pending,pending
7709bf7e216bbf21ad170a33,pending,pending
ea3fc9c516b3b59670749884,pending,pending
b7461427bda9861f55b96527,pending,pending
85554faa21ee2d6783fcf9eb,pending,pending
f56083897cfb470e2d3a5ae3,pending,pending
d4b8e3dcaef4f1fa6e1d6ef8,pending,pending
dc2fbc6637d75e2b13515b57,pending,pending
888b8a12e3bf40f7997d6d7f,pending,pending
d82e9b6703c9f53da7364aaa,pending,pending
468e889f4f25ba336bfd8c18,pending,pending
4d2b03fde966c11b9412e61e,pending,pending
364538faf4257ed06389bc61,pending,pending
5b259121c7dbbddb44fb0d92,pending,pending
856fcfb4e8ed599a112689fa,pending,pending
5485ea86f27bf59a29af6b7e,pending,pending
a9da2d17689170c6851cd7ca,pending,pending
d7fc81d2d2b8e7d705b2276f,pending,pending
b95e307ffb36f14439db55d4,pending,pending
ee19964b30105a4b5a8f5c2c,pending,pending
4497ca060e07e39b23af1115,pending,pending
45857ce2fd5d24d3606b9b03,pending,pending
beaa93da9d6192d3af8f0e48,pending,pending
ca6170f5103e30e92bca7f81,pending,pending
d664e3fff4565ee73920b0bc,pending,pending
13aa561244c3015befbe04ef,pending,pending
abb8a737bd085709e6be3fd5,pending,pending
6b9f68764a2ebdac27acdfff,pending,pending
3beec5ce9f5973132699a236,pending,pending
7d0e85c35540a10b6f3d6199,pending,pending
c20118a7a8494c8665d7eba6,pending,pending
1bc25ecc64013ea87028344a,pending,pending
755880eed0127316ecc0b9a4,pending,pending
3be7bfe52ed2b5b53028b48b,pending,pending
927702f691d5dfdb348653b9,pending,pending
9737cae15af09630ec08dd0e,pending,pending
8817d21f89cd8d8fdd5c15eb,pending,pending
668acb988bf8b991c956f259,pending,pending
32c05f72f8b6345f1ba01822,pending,pending
d8a60ce195f46029983a256f,pending,pending
463f1d84d16bfbaf6a8e14ab,pending,pending
ec497bfd4b8f8175e4e6c734,pending,pending
746fe66645cd74fd580b63da,pending,pending
86afe31f2f51a505c99816ba,pending,pending
eb1757d06bcd5d909c833224,pending,pending
ad732b472cc0276528abc75b,pending,pending
64aeaca001c6457fec6cccd0,pending,pending
96d797daa8d33537700ab86e,pending,pending
b5405db18f688b2349fc995a,pending,pending
f9bf1e3920137ea70049d77a,pending,pending
934ad293d63b4e1ebf1f9e93,pending,pending
1a7b1b0088eaf5d9081c56ba,pending,pending
b84bfac739b266d5761363bd,pending,pending
1011ac6137adc37236c0fc69,pending,pending
b517a4f37f941bd2c0074b53,pending,pending
d3252f854cf13e224681f184,pending,pending
db36a5bea5ac3f8dd9c9068c,pending,pending
f78936511d2aa039a8bd0b32,pending,pending
aaee46e9ee13167902be93fe,pending,pending
bd9dcc4a9d9e8649fb319985,pending,pending
7bc1e083fa9433ffd2561cdd,pending,pending
ce48b69aba31892dce209688,pending,pending
bd222f84c3ade66074082311,pending,pending
b0fb6044e855dd2e64028eab,pending,pending
26d9f1ae69679221ade6bcf9,pending,pending
43f7961846e558e90a5726b5,pending,pending
493ed5f105784a2617ea6a18,pending,pending
2f572d413742a5c182e39a84,pending,pending
b22ef6b94b769572c025da2a,pending,pending
084e70d754f8deede7c2af08,pending,pending
b837f4bcc25c7383cd3d0e9f,pending,pending
8cd2b88411ed4ee1d2afd021,pending,pending
1ecd13d93e1bd8fb6697068f,pending,pending
4f9a38b6e071d57adb29f78f,pending,pending
9943b094d1344c7f838824aa,pending,pending
8ed3cbb88fd21d417c7d4490,pending,pending
0ec87e557cc66a7451dc7a6f,pending,pending
6088ced984c09c37a2a50811,pending,pending
c6d20ee9075edfc58f2b4249,pending,pending
d5c23127e1e07f056892d66a,pending,pending
2a52a13b56378a4e09eff1e7,pending,pending
45ba91eaece613a60b926d40,pending,pending
7dc76d9afd64790b9d33f891,pending,pending
d26d4281ddec163a7d348458,pending,pending
cee35b0d084777e82bc45d3a,pending,pending
cb7c221e35e7c4ee0ef0c96c,pending,pending
03d96e45e55a1ba855055d8d,pending,pending
9471eaf342a7d9c0e5cb28bd,pending,pending
23b3f1bab850e6d4083d30db,pending,pending
da1b950957e0ff62029f05f6,pending,pending
97b446b37375577cffff3f1b,pending,pending
7be750ae3d3ecf552b4d958d,pending,pending
fd07ce89e70db2c79a978269,pending,pending
70493c01a100330d807dbd3c,pending,pending
e9321e36d8916042dfd0e7b2,pending,pending
df51f51d0a29d600792e72fb,pending,pending
6d12c8c1ee846a5bbec17f63,pending,pending
4dac56d2f55ed1277e547e2f,pending,pending
c55600af4837347bfb7acc41,pending,pending
89ec9078a6d50ce4dbc373e3,pending,pending
eee273303cd1cf830cb54340,pending,pending
53e95761952ca7f748148e70,pending,pending
5e79deca52e747d62b38f77e,pending,pending
697b41d76f3d9bb27b205386,pending,pending
21ea13387c96b132b60e69a6,pending,pending
f0ccaf8a8e0542a28fd2b87d,pending,pending
0b2e609ca22b2c684463d83c,pending,pending
830a830d6977308d7fd5485b,pending,pending
25d641eba4d860e6a6fd857f,pending,pending
6ed1cf45d311f700c6f529b4,pending,pending
9054ff3b670b9bd271d77324,pending,pending
83f71412a6c4b0f87ac48f76,pending,pending
ad8e31aa8d9e5600bec79d79,pending,pending
50d7f07522d6558bb7895d2a,pending,pending
79a3952443f4233eb894c9a9,pending,pending
6275a59d8a514908b66539ba,pending,pending
f97f5e3891a2c8b78187b903,pending,pending
661bd77079b360f58d2f98d7,pending,pending
35670bc1fbc6493fb255149a,pending,pending
ca42d2e5a48f93a82bd7e19f,pending,pending
2b9e6f3616e38c4b60ad727a,pending,pending
03535140a6bf264493e2cdc7,pending,pending
a6abf72d2d8cb2d7187106f9,pending,pending
904fd4541031525cd72e79d0,pending,pending
2d5261e64bc166e6d461e53d,pending,pending
f5f0b8931fc07a2ac9cf8135,pending,pending
837ae3e127e68d759b4e0853,pending,pending
143c3347e417aca5a83236b0,pending,pending
e00ed701cc51bd2b13983c6f,pending,pending
46e4aa0c833abd0c64abec94,pending,pending
5dde7c192136d08debd9fcc4,pending,pending
6725e1dd892e61ae52016e85,pending,pending
42320eb423346299fae16d23,pending,pending
2ce8ab3fe70200c025a85a1f,pending,pending
cbd1db4416048d7f76997abf,pending,pending
64546ee9c643388adb9770e4,pending,pending
0093f7af3158f89b2ee166a3,pending,pending
448696303f3af9f1328c17d5,pending,pending
f9399db8c19bda8d1529e23d,pending,pending
9b438f61b60a22dc5559bdf3,pending,pending
afc0b0ea75b99e6c927bd345,pending,pending
162238cd97b79e54d010293e,pending,pending
224a59e10c4455039c1093fd,pending,pending
fd9feb746877a1c7500f51d9,pending,pending
31241f800e3c30ecbfee029e,pending,pending
eae7120bc28599a95c2b3f0f,pending,pending
7cb48f1fd4d783d65e604caa,pending,pending
f0d80de6ba4f91b1a12b4084,pending,pending
0a4902d8ba2bd4aee0f1a6ad,pending,pending
dee290094aab8e216fbffce0,pending,pending
07d06b612aa956d10a58d616,pending,pending
9e628fa157a26c425411cf5c,pending,pending
d8cc1e682bc4761568fe7ad0,pending,pending
17786655d87a4a6873abc981,pending,pending
eedf00caf5173bd89c106f8a,pending,pending
1d4045adf7987594be69b6ab,pending,pending
30dc9023ed5fb9100c307aa8,pending,pending
09b1065cee71f05052f150b6,pending,pending
06074ce313d50ae67cf5c46d,pending,pending
2d424539f7342a0c0b3da123,pending,pending
71bd244b81485309482b1636,pending,pending
7d75039e27db1fc2cdbf4a5a,pending,pending
c3c17ada4f4f44c5c35547bc,pending,pending
118535d61f39e0c300d6babd,pending,pending
a62551d1dd63938d3a348c8c,pending,pending
00fc2288807ec25c969df3b3,pending,pending
06eb2ffb3f6302faf81bbf56,pending,pending
41857920d8909a699ecdef8d,pending,pending
6308f2c9edb832d3adec086e,pending,pending
8c85c868d9ee6acee03e0a7b,pending,pending
c947430bdf9465abeb8bc301,pending,pending
d4262ee97792643dd49e3563,pending,pending
5a60a6cd49ff1a243a3aa0e3,pending,pending
4e9e7d039b2e22c2b203c582,pending,pending
84aa71a51bb8b4a3b150460c,pending,pending
25372e6117f38b05e1298d03,pending,pending
d5c6a66d19e22f717b71d1f4,pending,pending
6d9c1b86526f7e109e58ba55,pending,pending
2c34c221a224aaeb80f86e3a,pending,pending
ec8861f22ad452a50de84b98,pending,pending
4ead21babf5f52d8f54dc7df,pending,pending
c297a5625cb50f4f44ff67bd,pending,pending
f91aad0413ebca70d69a1cde,pending,pending
b2fc49d39211b6228a6fac8a,pending,pending
f187f8d94a7fbc66d417b69c,pending,pending
0c803d4dd7eb33c96c99355c,pending,pending
39025f2a2efbf531691c20d9,pending,pending
db141974595f583be284d3b6,pending,pending
03fe3e0d3e6e82191f40472b,pending,pending
54a18d8d972052a50bbb0757,pending,pending
f6b18e47329241ff5066d152,pending,pending
132378da5cddc6f90a6af28e,pending,pending
a143d7035dd3863b7acb8507,pending,pending
1ac736d7f1c06618334d754a,pending,pending
0a84e393d58545841edf7580,pending,pending
297538a1c2cfc145f315db3c,pending,pending
9c207be61d56bdd01f4d2b88,pending,pending
e4770391add2a913736ff1d2,pending,pending
5416b66b9242607aa17b9e53,pending,pending
2a1f5751bdc4774856d8cb29,pending,pending
88f203f552ce6dd18b9e556e,pending,pending
67aafca16d0a0a94bca3726a,pending,pending
f858de5c1b7086b42bf91f9b,pending,pending
95d4be56f08b2fe78260140c,pending,pending
e0f41adea3a3cb702b7cdc6d,pending,pending
43b77f8bace0b11e763798b0,pending,pending
756ffb8a0e87ce2a7f66f074,pending,pending
911dfc6c81cdfc5e0da938ed,pending,pending
e528353370fb7dfc33b69d6a,pending,pending
cf4b61c0f482c9674840a212,pending,pending
761c576b68c57905e0ab3fc2,pending,pending
4ee45678859a548b92ad96e3,pending,pending
5411c261f728ae2225e44272,pending,pending
3fc3151384e1057da59808b0,pending,pending
67bc364a8c5401cb19f911a1,pending,pending
628891b91811a9c856eb00db,pending,pending
f36111f74536225f4e9bdaf1,pending,pending
092dd139da5472a001dad397,pending,pending
d5f2d07b9540bd8b9a114dfa,pending,pending
6f1a3b10014bce7b5cfc1386,pending,pending
6f25b20d1890856b314bf798,pending,pending
5860ddf0056834f71b23917a,pending,pending
dc5995c5d31af460574a3277,pending,pending
9e0136dfc63cb281977050ca,pending,pending
85cc5359ab7b53d51ac9b519,pending,pending
2cd6558619772f8cb405fb87,pending,pending
891a942eff1e7622fe8f99fd,pending,pending
685da3e9f5ea6b135d90873d,pending,pending
38a3c8f70416afb95a5c4aae,pending,pending
deba1707602a1b1bf60763b5,pending,pending
f7b101e9c859b9d74b1375f7,pending,pending
4e7b8762d7b0032e8118b5d5,pending,pending
3c5777cd56082c1e12f06472,pending,pending
da43d85078d08777a1f05413,pending,pending
efbef98fd32936629843f426,pending,pending
886a33dd5d729cc0749de954,pending,pending
1c36a051b0ef5e632d8e8bcb,pending,pending
1f333abfda4b16bffcfdcdbf,pending,pending
4bc2efab51cc7c62c3ebbd4d,pending,pending
c27e0744eb59b2ce142183a6,pending,pending
d3eba85667ae44d98cc0dd31,pending,pending
3613527d3260e5aa018cc33c,pending,pending
297a85d2effbbdc417e4297c,pending,pending
bc740a1e3c2783f976c6aef8,pending,pending
923008d1ab3ddc0088000c99,pending,pending
7e96763995d83503aade984b,pending,pending
653d2bfd3561505e329c1b5e,pending,pending
438d3366607326d5b6beea14,pending,pending
6fbf5853445f35af733eb6ef,pending,pending
44a94c5c966b269af7cf1154,pending,pending
b3ba1d30fb8ffa2f83d81e21,pending,pending
94d65426d5cf9335da013792,pending,pending
cf632d28fc2d2f61e7f78dc6,pending,pending
2f0bf6b959c6defd4f2d07db,pending,pending
bf645fdc6e3fcd25ae2ab677,pending,pending
2bc863e21daf77f2df07b9c5,pending,pending
6203cba43096b77e23bcefb5,pending,pending
55724af6f267dc47bbe6ed6e,pending,pending
f31fed52e5cdc85b02066e2f,pending,pending
7251ea26485a28f174e77f4f,pending,pending
fa18b92e37feea315e7d433d,pending,pending
a04f21ec8b9209ac00be616c,pending,pending
296a6d1e93fa62f515a69046,pending,pending
4b74825c050567c1b6ecd22b,pending,pending
843b19e532dc056a7a32981f,pending,pending
487ae06580f3ae03df9d6cb3,pending,pending
d01371adcc47e63a3ea74b43,pending,pending
e015bdef5c6e41d9ad94b45c,pending,pending
896a36ced58d2994a8ee2448,pending,pending
b2b3784e74c3a7cbc5157e77,pending,pending
a163fd0587befbebb8263297,pending,pending
81deb8be6db3b0104ddd97a2,pending,pending
fb6bfff12f979ca4543de2f4,pending,pending
cd63f8b346def08bb3861aa7,pending,pending
b4b794e365ce4d3acea8f909,pending,pending
1d476ea6a3a9b919c73d6f1e,pending,pending
8a4d05a1496bfa537a9edcd5,pending,pending
c4c27654e18b984d56d53c20,pending,pending
a37eae8fb36feb5d3ba2273b,pending,pending
f6452fe2255ba29ce57fa6b3,pending,pending
6c065f70f1e27000b595927c,pending,pending
0c0398a0ed95ae32fbc585f8,pending,pending
2173b9af9314afe2bcba9649,pending,pending
0851a7e53f358f327aaf3d97,pending,pending
48e38b8e5bc34d9012784168,pending,pending
65fc164c2be38f285779ce03,pending,pending
b1b511f363a0c8f306ded6cd,pending,pending
84bee7ad11e7f81f2adb2bb2,pending,pending
6b5c52ce567a5c74257fd035,pending,pending
1be2eb42925d0faed48d94ff,pending,pending
40132975af07e07aecb240d4,pending,pending
e33477502faacf72355dae96,pending,pending
34668faf5b0fd44946590c7a,pending,pending
12402335e178ea31b95803a0,pending,pending
092ec08c290ecaa94175b7a7,pending,pending
274ec5c3a27d50f85ddf01bf,pending,pending
510527dabe4f92dfcf52f710,pending,pending
f9eba9e82b511bb6976778d9,pending,pending
701431d4ab60e14d11e5920a,pending,pending
578dae09c3af07ac3f9f1432,pending,pending
375b05fbc99f0a00ae2316d6,pending,pending
81e17763a9b576bae3d5eb78,pending,pending
ad4654a4a8aef74bf073975d,pending,pending
b5152041cd4560ad9b8f0f4a,pending,pending
14a22fc15a634fa96dd704c8,pending,pending
0d5ee390d8ef2671fc6267c6,pending,pending
c1f380513a1e715d2482a032,pending,pending
86b1b4c95d2199c3179f15e1,pending,pending
88351040615407093e31f78d,pending,pending
49ad6ec61c3ed6c121dd636a,pending,pending
98c37c7770ebe5f5e69875e9,pending,pending
1143b8a1d3fda1d2c4502cc0,pending,pending
354afe6c8c92eeb9ba7f9058,pending,pending
f22eb28ace02256fded9cb83,pending,pending
7a58218b63e4ec598feb0f38,pending,pending
53411e939d19a04cfbbfdda2,pending,pending
472a2696aa8b6f49dc32576f,pending,pending
ed84d7eaa3f375b74f2e992e,pending,pending
afa1dc1d5ebfb75a9a725061,pending,pending
44c8b03225e4991063be1c00,pending,pending
d1a10f5a14d4476d33e72582,pending,pending
f6535bf215cdcacd3533aee9,pending,pending
090a0ccc11d1f2777a29ddd2,pending,pending
1592c06649b8be86aefff540,pending,pending
e88c40a7e90c9a071139358a,pending,pending
82f673b497cfc246032ad0d0,pending,pending
78fe600669d4a308580b9dae,pending,pending
d5fb80c6a560cac783859142,pending,pending
0bc216a3f3b6cbe31f8ee6e4,pending,pending
a0cf44a34d78172cd325e72f,pending,pending
48888d0a21679fea4e7ce216,pending,pending
113b74b6525dee610aa86ee7,pending,pending
5568764730c65574309284fd,pending,pending
a8ce14583f6074db078a48c9,pending,pending
ecce51d0a4a4dc70b210e012,pending,pending
368b9384c43b6a1df0ac781f,pending,pending
fd3130771fb5449095dc4f2f,pending,pending
2ee0d3af3c3797e799f5ed67,pending,pending
66ce3a12a2d01047289ef66d,pending,pending
49120d7dad55bcb3e0808b09,pending,pending
b9c9cf5e743cc910d12cd347,pending,pending
b2a39aae723c8a9e09feefe4,pending,pending
99dd48b849b4b11eaf72a7ae,pending,pending
24fd682377aa961d1ed5d79a,pending,pending
5ecfec2084f6fc3fafaba543,pending,pending
186744573ccb990203fde8f1,pending,pending
c14dad9d965ca2e7084503aa,pending,pending
2d0de9ab24db1efbe2cfac97,pending,pending
e9eac0e069aaebaa70a825f4,pending,pending
6701d7afa873c79e79f78ed6,pending,pending
35eae9787b3c2b66a23ac344,pending,pending
94f7332d9f429678cf0a9ef5,pending,pending
fcc3be1ac6f305fea51258b4,pending,pending
c7184b2cf4f47093960b86f7,pending,pending
9bec3cd08dae309989592ec3,pending,pending
39bf3ebc8ec70508fb484b12,pending,pending
d23c10c2ba5488a35b7cbc36,pending,pending
61b1f8ee198b64bf345abccf,pending,pending
0f341a90b714aec24035892f,pending,pending
18decd81670d60d263772613,pending,pending
e10659779d234994d1f31b46,pending,pending
52ca14bd80f118bab89722d7,pending,pending
13f3580828dea49fd8072339,pending,pending
d6969532aa4f2727b1bbcd62,pending,pending
43939a507802ca4da2f5cfda,pending,pending
3a0ccc46801aeafffffd010c,pending,pending
9161f31f6adc8262f9b1dac0,pending,pending
665f5a46c4d619d149be1fb7,pending,pending
c57dc455dbbfdecdb6b37998,pending,pending
62bd50d8c806216954cb2e8a,pending,pending
fd3a3703ddeef28868e24a01,pending,pending
c8364c0ad536b476a0fd149e,pending,pending
b9102a8a2df251a66972acb9,pending,pending
9116be18504c33890da66537,pending,pending
7935e80eb19413955573c374,pending,pending
36bb15bfb2bc6999f69048e7,pending,pending
ca97716f6790619bc141a4cb,pending,pending
7471018cce416cf4f7752f33,pending,pending
24c972fa1a9f816bdc3b3a81,pending,pending
c7743703d9252b290dfa0fdf,pending,pending
c02fd8cb47c1cfd50e760281,pending,pending
7b8309d9e55c0e9a3f94a215,pending,pending
0c230956092576c7ed3d27db,pending,pending
13be2e9b9f902c69cdf6d636,pending,pending
d41c1df29ff46a1dc62339bd,pending,pending
a92a4fac59798c1b6c59cfd9,pending,pending
f9795b634a5a34a841020dbc,pending,pending
c7642e5dbd94def668e867c8,pending,pending
bcb97e0b36fd4e7150143598,pending,pending
69e022a31b47cc241f33355c,pending,pending
6c007511e23cacc02c4ea6a7,pending,pending
0c2ab89369963302a6ce679c,pending,pending
86e163f8b40be17e2f479336,pending,pending
7330aa84ff40ef1babd2d22d,pending,pending
2d7dc88e9a1282cf11fd5174,pending,pending
d85f4159fff02733ddc2d4f1,pending,pending
46060a5d11804dd9ec311f77,pending,pending
accd1376d51ad9e9f2018deb,pending,pending
4636345023606b60fc19eb86,pending,pending
20d06103e6c36278390785f4,pending,pending
c82361963d3e9f89332092c7,pending,pending
469f96e3c9caa1797a1ab52b,pending,pending
7808e06e7b042df2dc90ace2,pending,pending
e5dfcd2cac0d3175f87dc684,pending,pending
b12f34f6078c5c2a49314de7,pending,pending
46ac037f248bff47aea77f45,pending,pending
4214d6d5ad81b8a9c6216388,pending,pending
0d07e9ae534c6417a583f22f,pending,pending
140472211a00f6fd32e3e430,pending,pending
e3f9a80ea69533a6d0ae0d5c,pending,pending
2d3341fe813e206204e58b5b,pending,pending
27c8893a0a35e3feff8699b1,pending,pending
5cf49f73bfe20c819aad193d,pending,pending
856031d7619674a983c24104,pending,pending
d0c8b063b5b06a789fec0f85,pending,pending
56b69ea844491106084ca5e1,pending,pending
4080dfcc1f248b07c503845b,pending,pending
bdeef1bf00aed61f59a9e666,pending,pending
14f75cb3eeb35efccf760f23,pending,pending
b86a3b55969e85836684053b,pending,pending
a7ae5c4d0310dba373dc9bac,pending,pending
e9cb0884877028781b122bc6,pending,pending
8f1f91455efe458fc2fd8708,pending,pending
f00f46f40ba7cf2bcb0e8e08,pending,pending
789067caf977daf6cdbb327f,pending,pending
e1438c5770c88e43517f2474,pending,pending
9767e0eabb238039d3a073f8,pending,pending
1b3b74f68f17a95c30c0c462,pending,pending
8eb5bfeea09b77a6360d9467,pending,pending
2a35fcfa198d202fe659393d,pending,pending
2e4e0d5b66ec5a6793c51815,pending,pending
dc33a258be5991171191f6d2,pending,pending
13eca89a1e3a45dcafcba02c,pending,pending
4de574f71ddd000bfeb55c32,pending,pending
e92524107579d4e3d14101fb,pending,pending
8047c1776b29b71d03589b7a,pending,pending
0fd269d2629d27b496cecd23,pending,pending
a2ad4f3330a10ab7c775caf3,pending,pending
77d45e3fa49dbe0f1c83c223,pending,pending
9fae54f55c4fc116d3747b6b,pending,pending
b207d16b00bc9e824f218355,pending,pending
b232eac736ed2e21c1c4d38f,pending,pending
996e7747ef0f805f0fca8730,pending,pending
33effc7dc56ffc4c11141e56,pending,pending
b7241352fd59b393866bd004,pending,pending
570560d719cf10b10d6ed70a,pending,pending
26f34502b6121ab27993dc54,pending,pending
9b2b9d4dde810f11e1ed892f,pending,pending
900b7f35569d3c1eb6a0a679,pending,pending
6f4a86f947ac7b5c74613072,pending,pending
f3b919a175ff1b91d7c21ef6,pending,pending
db5ffdeb6b7669d49a8270e7,pending,pending
890414241caa4f8b32d54d14,pending,pending
68bd6448a3010b53c83050e4,pending,pending
64eb4054cd3b65fb422df4a9,pending,pending
956ff8d253e88e58e0faa3a7,pending,pending
238ff1caedf4517313fa8277,pending,pending
c020d60e869ebf29b9de967e,pending,pending
51fea386a88b1e20d416e4ec,pending,pending
ea0c5322734fb6c0984be824,pending,pending
3c1e0dd3426022993628af39,pending,pending
61956b853f0c838029b32b07,pending,pending
798af474b9aed0a8f8d972de,pending,pending
df5681c3ae6c9090793177ac,pending,pending
1a8af48856a30a50414a5c08,pending,pending
32fced9d88d8fde1fe2bcf50,pending,pending
deec432f0886ced00e2bf69b,pending,pending
b107e02818263799ea2eeee1,pending,pending
c06222a4b0f6a5d514be3935,pending,pending
fd22741f8ee602817c14635a,pending,pending
66df85dfb393fd9ba5a7e555,pending,pending
4f08eea3817afb9267f33244,pending,pending
bc6beb4a5d285b93bdadbc16,pending,pending
7fa6a24b88d52f2bd38f4f76,pending,pending
4a3c8e1d34c0f5d45be906e5,pending,pending
cc451e9a9376ac39466db860,pending,pending
5a3506ae036130d164e6f76d,pending,pending
41b8b2a1eac5d2d96cc03a18,pending,pending
a4ed7a9ce2fe6cdaf446626f,pending,pending
fc0935c16619232ff15a1cd9,pending,pending
9322fa38dd579b94ca4c5bbf,pending,pending
dad60ef88e0bbca29d347d53,pending,pending
028e5632936bcf29dd6af80d,pending,pending
a6e606a72496b4a70f7d98c9,pending,pending
30794abbbc5d9a1f1e128d9d,pending,pending
e50a93218ee13541650d312c,pending,pending
a5682fe34e06d943fdc27e19,pending,pending
88581d3db86c30c1879d1a61,pending,pending
6d67c840f889e3ac785ccbb4,pending,pending
02c0b8ca90a7841fc962a7bc,pending,pending
f848d6e0860b4dda88524982,pending,pending
ccb7f129b1a595f6464a1c96,pending,pending
7ea86bcc6e92377f1ddce247,pending,pending
7fdc221f4c12151504ef19cb,pending,pending
f0af77060fe1a3c53de18e25,pending,pending
75f41437a0d222584d47b667,pending,pending
faaaabcc4874f6d81682edbc,pending,pending
4244cd1bca68510942af6596,pending,pending
5046dfacdbad77c446d090ac,pending,pending
ff38eb52230a79a025750709,pending,pending
58a4e77f154f8902be43a77c,pending,pending
d0a59a7a22bab00af5d8a88f,pending,pending
00dd8b2b51c1282b31a7e391,pending,pending
84c9b547034adccd7b217a6a,pending,pending
c262ad802619d7133bb6c087,pending,pending
fd2844f29f4a55cf04b21639,pending,pending
38dbaa11868ad18137fc777b,pending,pending
46925657a3e8c32f09560f11,pending,pending
54591625e9c69e43517cc477,pending,pending
59cab8c37b46b16b936f42bd,pending,pending
d49d9175d759954bb5df3838,pending,pending
db85367eb563d7fee311e52b,pending,pending
5d75105947e4f82e6155ec5d,pending,pending
8cb3db01eb8fba0fa8f54afc,pending,pending
bb9631906f8888b57c76565e,pending,pending
962c34ee94c975d437340485,pending,pending
5bc4ff9e18d054b0aa6a2863,pending,pending
12ee0e6fa63c06a98de8d111,pending,pending
73e664de95cec7bd2ca52364,pending,pending
72fb8508121db94bdd4a73e9,pending,pending
bd0aa54e6065bc3c707036e4,pending,pending
10a36d18c7b5c5c1e9f17434,pending,pending
4de09369907451e87ef4f72c,pending,pending
fcb053de857f24660b600645,pending,pending
f94b73a2c78e7ba2f977e723,pending,pending
a8782322186c6c3855ed5f82,pending,pending
d52f47dc428685ca984c7187,pending,pending
26a6dbf17e231a86ba0346cf,pending,pending
e5995731ba0055c4bf29cd2f,pending,pending
318378c98d83334ed5b44d41,pending,pending
934d9e55b360efb3f2d04b9f,pending,pending
e2ad5112aecb6e4b53bd0556,pending,pending
0ba9b2613cad4f8239d136a4,pending,pending
3be869a61d5531145a993f44,pending,pending
46516e05c17bfcc1e2d453f3,pending,pending
b3144cca8b4d749210747ce7,pending,pending
63b12d4857fd355771be4bad,pending,pending
bf4dad1a74b44a3a9be4815c,pending,pending
82314e08de78e57edac16d9b,pending,pending
9fa3dfc654e48234e3740a10,pending,pending
f45fbf8c02acaa87494b21dc,pending,pending
0dec438544a3a60cd190a4f6,pending,pending
9cfbf390e2285f446136eb00,pending,pending
1f0baad3042f586edaeed4fa,pending,pending
10f807ea8e937ac3885ea26f,pending,pending
8ddd5cec8bc6013d404a0a86,pending,pending
d38e3d0e0cdb54a75b489ca1,pending,pending
207c429e2816cd3c2982dfac,pending,pending
2bd1ca2e1972e0a5b2e2eed7,pending,pending
3d13280b5d944a2807bbe16d,pending,pending
34e7c462c8f719951b45a3b7,pending,pending
5458bf704254bcf18b7881c3,pending,pending
7eec182a27a9acb895a228f2,pending,pending
efdee1f9cf8990658d8fc2ae,pending,pending
89e4c62274fe148fd21e4006,pending,pending
ed6d9faa184c1a517b219395,pending,pending
0f814580eb4330d246086a01,pending,pending
7e94bd3bb92c7db69d4ddc48,pending,pending
4bf1da0b75e1d4fcb32644c9,pending,pending
c8745223425da89697fe1c2a,pending,pending
f9a73a0d78d32faac9c9c36d,pending,pending
8152878dd9171297b9f5e932,pending,pending
dbad3e87d35e0d69feced256,pending,pending
09b9cc50baa6aabff65ec86d,pending,pending
fe42f61c4f0d3b3fc28be98a,pending,pending
47989f848a61cd679f8489f9,pending,pending
5a05669474773c40f09bfbda,pending,pending
7b0c80471efe028d8ae4cf6c,pending,pending
2eda946816f0f8adc59ca030,pending,pending
b475f598ff56a7e2d5505791,pending,pending
1a369c3ed674f48bb0f1684b,pending,pending
2629d12a68713890b0ac4049,pending,pending
ec1b2601c74f2a471f37b3aa,pending,pending
1fd6226d1466590223093f85,pending,pending
a75ca0575c87e5be07c6d351,pending,pending
bfc40040f77e69e80618105b,pending,pending
7b3e7f625690901c0d9320e1,pending,pending
51b7eff2dda06a3b6988f0a6,pending,pending
0b016a4889355bf01c592d4a,pending,pending
7b12be8dff4e4f388a3d59d6,pending,pending
7166d1e0b1a062a72a8d62d1,pending,pending
8fe997a9210f159a1939844d,pending,pending
eae28c094151400fd5f73342,pending,pending
ee8935770456dc1fa230bab9,pending,pending
35fea2f71a7490954523386e,pending,pending
02d481a62dc6863e56b4c90d,pending,pending
20e8c6d23a0dd43d80306778,pending,pending
8a86a3c390e9ba4512017652,pending,pending
c01b2f3f3ed5bcf272de258b,pending,pending
fdc97286a86251d8b3dad3ff,pending,pending
fc602242c8301bd10e0d7e61,pending,pending
e7318888813dcb1e9971e0fe,pending,pending
5c217fe0a35c1db4f9e64c7e,pending,pending
57339c720894704d01394a1b,pending,pending
e0bafeb7f1a4fbce053ec642,pending,pending
c3a369f9a4e71fd1cb7aa9f7,pending,pending
680a9ebf4486d409faa55060,pending,pending
1bec046d2a1c74447c580d19,pending,pending
9b277e0f2d3b7f9be6855cf3,pending,pending
cacc5956c6f32f99b59ca204,pending,pending
ec441953a2f3a6ee92c1f63d,pending,pending
44754559df712b629b282225,pending,pending
6c479717bcbe9c4fe344e48f,pending,pending
94605a631b29a8f7b896f2bc,pending,pending
2a701c7379c162e9bf46c461,pending,pending
e40192c90b16bd190a86fb87,pending,pending
8be117e999e9d5477792e946,pending,pending
f140f58cb00f75f6c1e74e8e,pending,pending
82459b43a7d174a8ef94c7bc,pending,pending
9a4de5f409790b8f266eb4d1,pending,pending
9ff85187c6dbe6f0573a1a17,pending,pending
ba4f591e1e4b0d5fb605da79,pending,pending
2134306a26ca206db5755514,pending,pending
2d5fcedc2a032aa08ad32a73,pending,pending
db7abaf745f4d367475c363b,pending,pending
eea597e12fe0ff6665831671,pending,pending
7f4b1181b9bd7f7e339a622c,pending,pending
0c3550bf65fb0b955d875a6f,pending,pending
f6986742e4435584d2c4ed1c,pending,pending
6ddd7e5e252f6a607e9d6a96,pending,pending
3f1beffba35d8f60fe161d8f,pending,pending
31d27e492e84e6d419a6d052,pending,pending
ad7d3c32aef60f97db2a3786,pending,pending
c059bb4a1f4d7866fc865127,pending,pending
baa58e9d4c7dfa84e5049898,pending,pending
a1c208f6badce240b4a7ed92,pending,pending
6d5397c2610ee38ef1ebe429,pending,pending
75ca46064d297e519f130cd7,pending,pending
9715737c05555bce8e7dc4c5,pending,pending
a923346743798a04539caaa4,pending,pending
a49014af6bc16cf9cd681363,pending,pending
82812a8759e13f297ad1b4b2,pending,pending
a0283e8719b5f0285e368c5c,pending,pending
99f289ecd32e764175c64490,pending,pending
206644970194772e8de6f8fa,pending,pending
3e4b89bbf4c0df4427b4f55d,pending,pending
11e02f0d5360bdd399413b09,pending,pending
a4f4a663e72689ab0a768d9a,pending,pending
677a3e948a538586fb8b4ba7,pending,pending
28173766d5edc029e5ab1435,pending,pending
17b3e7d48c4f9abb500145cd,pending,pending
b19bf020541c39ee241163f2,pending,pending
28208de7d0f5ee30b6507524,pending,pending
215548e3cd7261d7e72769e2,pending,pending
b1f2ecdac6add53bcfbca12c,pending,pending
d5c2378337373c49d58f677f,pending,pending
ff3fc9042dd8b868facacad5,pending,pending
39b2ccce972d8e5346156d20,pending,pending
2ac28535d1ec2c201a972a34,pending,pending
783da0e86a01ca9ca19637b6,pending,pending
3eddacf7f0955a233a6a0e42,pending,pending
c63fca704103a2a4c362885e,pending,pending
9a1a596398f0f35a1e08bd34,pending,pending
6bb61f5b1770f0903ec95a2a,pending,pending
2b63666000efba70080ec20e,pending,pending
31d9a085d7e13af0afe58510,pending,pending
4a98846811796026667b7a41,pending,pending
30e218a077dd5181621c59c7,pending,pending
e9074052b681c8492115c3ad,pending,pending
8a014d991a14c1631d1de945,pending,pending
3020fd4ffdba9a29cfb43430,pending,pending
e421a0fb8bfb139a6a76e8d6,pending,pending
21ea899318f9ef20afa85b58,pending,pending
9291e5186fc0c32381984b36,pending,pending
31625b20052328d566e224a8,pending,pending
d7e8538db72cd7060f1bc9b8,pending,pending
007dbf068243e74acf0c10b6,pending,pending
bbfb7f5c88a8c5406f43e88b,pending,pending
b665b138e25311bc89d3ded0,pending,pending
07af49e2e423642082070ded,pending,pending
15723ee9929646bda8b6ef11,pending,pending
0d2a4223336be77400ec1bfd,pending,pending
c90abf510a0a8f6fd0d43f7e,pending,pending
2869153b9da8044d0593a92a,pending,pending
88f30bbefe8dee658e329813,pending,pending
5bddf87c3549857dff24753b,pending,pending
9b89b97331e448a198010ea2,pending,pending
792a8b0961764348f89ef5bd,pending,pending
90440dc440db936ee1476ec9,pending,pending
ec30171e7ab5afe1139b37aa,pending,pending
07ba5b9bc5d01ac69d9cc839,pending,pending
9d708ff259ea897b01afa36d,pending,pending
cec09a6cdf7b8a0311d53036,pending,pending
e7e7ed76fa74a1e2f3c70f69,pending,pending
605f4794e38901a53db1fd06,pending,pending
53a62136bf3da16ffc9c1511,pending,pending
811b8c682f7bcc0dd3641494,pending,pending
256d27f0063848dea66ac843,pending,pending
a6f7cbd066e656048e695e34,pending,pending
0f8d2faf9a60b4800297c708,pending,pending
af9afe84c0a210499ce8f6fd,pending,pending
e1c4e9047fe6cd899cca9636,pending,pending
704b2c08810f0aec6f61630b,pending,pending
123981ee1a674d1f49affa88,pending,pending
8c4d92c236346e1483336ef7,pending,pending
ec42db3a1cba8d5f88cb874b,pending,pending
d935612c773324b416d4fc7a,pending,pending
a9dc64d03ff0587322fba71e,pending,pending
f646782360c0687111c0d69b,pending,pending
46ad9723cc258be6e8c3bbf5,pending,pending
058760336ff7ca7bb288c9c5,pending,pending
f456d52cfe8b01812e593393,pending,pending
2a932494a6517bb1ff3479bd,pending,pending
bcc6dac6d49ac391693c6f47,pending,pending
46024b60261623e2668279a6,pending,pending
8b63e76611f7964e17e3dea9,pending,pending
4386005cf79727a363fba565,pending,pending
c48ae367aafbad186bcd5d53,pending,pending
75ff15224948a1910bfc0643,pending,pending
6d87539cd2aad3269fdaf2ac,pending,pending
43c6cbb67613a8204048e65a,pending,pending
ec14f1a1db6230ec16b631cc,pending,pending
81f81e515c6603cff31696b1,pending,pending
b2d98fc0ae145566b9022fe6,pending,pending
eb5944b949f77343cd3372f3,pending,pending
76456a466acbc5680de60b9d,pending,pending
69c67ad8f846b99243e2dddc,pending,pending
a2bdb3ce1cbf4f5f03177e46,pending,pending
a189c2af22a3225375d36085,pending,pending
e7c3e8ccebf2931ad77ff626,pending,pending
a97608787c97812f8f0b251e,pending,pending
b71994905c1738a7b4a528f7,pending,pending
a97beb2b3532b14b974c6ce1,pending,pending
6d82578babaa53cc950900c7,pending,pending
950757b45612a22de5b5e064,pending,pending
c299676d0416b59d2a8cf15b,pending,pending
a8a58446c5dcdfdbf1b25110,pending,pending
f89ae2a7b15f8d801073b59e,pending,pending
74f3e6057a74f07401c09af1,pending,pending
7aed0b1b05edf6a81aba6910,pending,pending
eb1bce6deea8c357d3f0769d,pending,pending
9ec8a4370b2d4d09f50eb468,pending,pending
693f31940f1ff18db0322fcd,pending,pending
cd27ed8f3f42e7a18888249c,pending,pending
12f8b46c55265d05a31fd38d,pending,pending
c1f6baae880723f942d8a98a,pending,pending
6f85c3d7de23f33e09acc8fc,pending,pending
4764278b26cf6c7548f37ea8,pending,pending
918be7d4dccdf78996c5cb97,pending,pending
f7eb4cbd3b1b2f7b066f6b91,pending,pending
5db0140be035df6fde49213d,pending,pending
7f061b342e5977bf9c63d5b2,pending,pending
b6df7580dcc111da230c6d78,pending,pending
35f707f681c8f093f4a35a84,pending,pending
77056d3bfd8f96d688d4a9a8,pending,pending
f24e39cc8eb53f222211d355,pending,pending
5922bcaff33f9c71abb36dbf,pending,pending
048aa879d409d8a7fde15ec9,pending,pending
1bb40a69a51ad9f6b40b9cdb,pending,pending
bda0310fe4695a381b815e0d,pending,pending
b4f0c68e558237b7e4fe8799,pending,pending
44cf21aff0663e99d9dcce76,pending,pending
16635d7bcfaec3089c12e0b9,pending,pending
b9568db6f213281466873481,pending,pending
204b92831cf94ae85f6f4704,pending,pending
2fefd1a01a041c2b267fec9e,pending,pending
901540aeaf913d949762ab9d,pending,pending
d80e5c07f8a76833b8534522,pending,pending
e84fe409aedd87d72736d623,pending,pending
4aae5717b432af08d7ca5a0a,pending,pending
6c864efc1d40ae173c39e469,pending,pending
a1e5a2ace3060a27f3e61745,pending,pending
59084d8e554d08b4206e6f32,pending,pending
1c41b6291ab7db86fc85697e,pending,pending
879f732289939346bd8e5721,pending,pending
61a6182992768ff7324de8fd,pending,pending
7dc03e8f00beed3dd856238b,pending,pending
f7660fe7eed1c4f0ebd14f28,pending,pending
2e1f18c6b6cbd6a1c90ef0c5,pending,pending
68b78e2aae81d2a3628dc01d,pending,pending
8ebfac995cdb8cba3d748403,pending,pending
3029f77dfb675d5bd45d52a3,pending,pending
662c284276a0eb4f223e8fee,pending,pending
51717c84421ff42a87fa2f47,pending,pending
445e83d5a45e61bfb5abca39,pending,pending
ef32f846cff6f7a6f8b73851,pending,pending
59839b114116a42c22884360,pending,pending
22210a6078b747ca2febffdc,pending,pending
9ff8cb667d9f6645a9c4a5dd,pending,pending
7fe644f1931c928de4af9b86,pending,pending
3a31a4ebeef376d28330e8f9,pending,pending
20797aadf4b7a2b7841db330,pending,pending
71f3734774af37064991591d,pending,pending
bdcf2f6d3f0c6f1a97d50c5b,pending,pending
4817dbe7d4de2f338afd5dab,pending,pending
42e45be1e2c557bb35ac3c40,pending,pending
bd6134aa755d754f08b61857,pending,pending
d74cb8ffe9151b960cf13990,pending,pending
d4003cb8d596aa83b8a8d222,pending,pending
85bc7ab85998d10c1f816451,pending,pending
811959bb08542ccccfa9548c,pending,pending
21eb2d887c2ec052a29aa9d4,pending,pending
77e057d8709371a1ce01bbc8,pending,pending
b07ac881185362d9f060d87e,pending,pending
7e9a735fac8e4030cc1d2d6e,pending,pending
f8c5afef8256f8248a947dff,pending,pending
d502e6315b50c4f5789e4c14,pending,pending
f915cb8f95f09035ba825385,pending,pending
23e59010cd9628dccbe2822b,pending,pending
1e61ceb47b608a1d5d076a6f,pending,pending
0430c1530ca4ff6e1b5af152,pending,pending
f685444784f350f825360aa1,pending,pending
5142e883353b52445437ed4a,pending,pending
ae5f98325a81d36761952f91,pending,pending
9b9f436226c9edaf64a97c2b,pending,pending
83b11bd7a46c3221ad7780f1,pending,pending
078496b0e0cceccdfe8b3634,pending,pending
30feb0afa9a543aad49c0a69,pending,pending
1a6fe6367337cedfd88ac6ae,pending,pending
1b514f64cc176aad555ebf8b,pending,pending
db8c3e6895adc09ce817ecf7,pending,pending
4b67f2e030a95fe1f82c1340,pending,pending
3fc36a877bb1094a7d508967,pending,pending
d14234633bd3cc965f7b3eb4,pending,pending
a914fa5460c16e01d1849fd1,pending,pending
49e96068d722709a5796b61e,pending,pending
997615aed07e193231e90998,pending,pending
c49525f814bd13ddd0ddc4ce,pending,pending
1b945f041b327d58a40eb23b,pending,pending
b6b6a9c84495f0b256412882,pending,pending
f13d4d273462fd56564cce06,pending,pending
23a4a7384421880d7f739d7d,pending,pending
ace25975fd2f5e30a3869db7,pending,pending
d5e26e2da9e7078498195f94,pending,pending
92c88c57312a886ee8d2c4cd,pending,pending
5423ebb0947ea0b44447f0ab,pending,pending
9f356d84fb53291c96898e89,pending,pending
e243c6a971dc8c2686129735,pending,pending
6279d1b3c6f30d110e23485b,pending,pending
1aa4c2c85cf59bcb9041b83b,pending,pending
e5e486a121d1113ceeebe994,pending,pending
3cf6cafcebcd738d12a2a5bb,pending,pending
2738e08d02204512af923571,pending,pending
7c95fc7733123b3a1084c26c,pending,pending
cd242b59ee3b7508db936623,pending,pending
02d00dbb6d3a4bfc805cd815,pending,pending
08cfb1d393a0b455c725715d,pending,pending
ec8f7028375517dbda33cf1c,pending,pending
a9723bae7b4ccbf11efb4aca,pending,pending
6309d62a5279e22210b7c193,pending,pending
95ba537b3291aa02e73d902f,pending,pending
407daa846e10303bdc73fe2b,pending,pending
d0fc3aec381d86121e65ba07,pending,pending
b5ec00ec5f3cc94575561b39,pending,pending
45d169e83d101bb4d0054be0,pending,pending
e25a7b431040ba71fd6a49a5,pending,pending
c7c194f1a6cf908a684b08c4,pending,pending
ed25f5bb9978e341d67a6971,pending,pending
f4d5856df08161075f4cf58f,pending,pending
d94025c03e71e3a74aa989bf,pending,pending
b91d5757a71dab72ff34efa3,pending,pending
2e687174ab076979e6499959,pending,pending
64dab80aac870138998a2775,pending,pending
796bec0b96d52dbceccda9ac,pending,pending
7b03851b61faef591293a943,pending,pending
2c91fef10563c58e7fcb58e4,pending,pending
88cd46d632a5d137a3090bc1,pending,pending
cfeefd02b0c31a9a50fe4398,pending,pending
ad589fa17a319089b3bc961a,pending,pending
2eda56785b6df774443bafe0,pending,pending
4839fe1a634dd09735c5bc63,pending,pending
598d34f229a2eefcf2b1ed3d,pending,pending
16f927635a50fa349f6c8a1d,pending,pending
ecceae39126cc988a8baf2ad,pending,pending
d7075f707673bf2f4f5234f1,pending,pending
7e7d483b64a3b6040279e2da,pending,pending
8e2e32306032cda314f41c51,pending,pending
3b5ea3cc81051a396fbcb2fc,pending,pending
d38e4722c72aaff3bd985215,pending,pending
3cf0cd8723b401f06af6442c,pending,pending
c4bc1214649dfee31a578856,pending,pending
53811fe373eca245ce649142,pending,pending
509a8b99013fff95226edb08,pending,pending
139ec289398079147a588b34,pending,pending
1eb9d9d62d7cc5d64bfe4ef6,pending,pending
b1528053903fc96db4c69049,pending,pending
ac7cd83ab720dcbad7a6147a,pending,pending
1d4227a8c57c064a0f1db3c5,pending,pending
568650730f0a348bedfc023d,pending,pending
831611b69fbfa8dd54b4ddff,pending,pending
a13d588a4e24a733cca49a32,pending,pending
c9f298a6bf4677212ac59361,pending,pending
6b1ab91f9ec1f335471d1b66,pending,pending
dd163f500b02ef61ed964100,pending,pending
2249ec00ca4f7fad14126861,pending,pending
678002c827a029c9340941ae,pending,pending
bea5cb0870120c5d28f8c80c,pending,pending
41edd733efb4c01a54bc0a6e,pending,pending
3f448bd6e5abda9b5ceec919,pending,pending
7c0aeacf9e62d10dbc49efda,pending,pending
f2d06fc92f89d57644249a97,pending,pending
8ad468d9aef08a55fd5aeacb,pending,pending
f73254c024cf204e04fbbd09,pending,pending
1967c0e76e3fe88709397eb5,pending,pending
fe817a15692a28e8f8ccdebc,pending,pending
b52c62caf682585c23084c6e,pending,pending
06dcaea2671005bef9f8b509,pending,pending
d978edc1518956f994ab9d9d,pending,pending
b897e8e4d8bb46fc633369f0,pending,pending
36ea9d7819869e582cd62f57,pending,pending
fa0e4337b6ac63c8abb21a70,pending,pending
383d581706373cc3d5ab47e1,pending,pending
41185733fd70686699f6f356,pending,pending
7413d39460979d48140d77ce,pending,pending
16edb7cbd86df801d527378c,pending,pending
38b76cb4e87e8973ecf2ca13,pending,pending
fa81128ecbc16fe01ebb6dbb,pending,pending
b5264568a4746cd458f84d16,pending,pending
ab53b640696f91b911133a6d,pending,pending
022927aacfe3e8fbfc47cdea,pending,pending
d2f75b519da2d9fae309b485,pending,pending
413266d3583037dd6cf6fd6c,pending,pending
f3885dfcccd04f903cbfa97e,pending,pending
7389b897ed80146ea8206fa1,pending,pending
970aba8c8f71df566b95bb97,pending,pending
1362c75e782c6988abc3ddc8,pending,pending
91e54c60812761f09f7b8a8b,pending,pending
7674f5261459568884276a1a,pending,pending
cc93850d532cf9fa853a6746,pending,pending
4e844e04adb4fe3897fdb6e1,pending,pending
883fc31d407eabbb4de3e30a,pending,pending
2727c2bbcb4102d41161219d,pending,pending
d7a2d5bb499a515c74e6c197,pending,pending
c62a6b101e71fd1d0cd06c9a,pending,pending
2749f72c2c95eb7be2656475,pending,pending
ab61e97eeca3db8cd750ce9f,pending,pending
3ea408e445bc19b6e1148d30,pending,pending
e0978acf76466414879893ed,pending,pending
fe5560280073a338b5bdb3e0,pending,pending
cbea991b5df272e1bc370f7b,pending,pending
1102d41fb2989439bfaa4663,pending,pending
d619b5e7482fcdc9097b894d,pending,pending
08427787fe641c3d43d6926c,pending,pending
2c2bfaa4013ec7169011b4e0,pending,pending
8a0e4d5cc362b6badc70af52,pending,pending
5764d8e0a7f962951ce986f9,pending,pending
2df818730dc93039d57142f2,pending,pending
3e8bcff4052154232af38dca,pending,pending
f7d2d041f1e628904ffb80a1,pending,pending
48527f625e422dde47692ca9,pending,pending
207457958342eb04d26caf05,pending,pending
d7ae0b938b5b505c34c136a0,pending,pending
60aac7817996a8b94951839f,pending,pending
b5ffc08bf8f0fc2487264335,pending,pending
cfabfc64ccbe82a3a4e9e2aa,pending,pending
496afa48107d8991b7049ee6,pending,pending
70f56df8b3cba78c59b121ed,pending,pending
c46e6996dab7a3699455295d,pending,pending
4f73bbd764a5eb7f126638fb,pending,pending
25e3b14b0552f222085537c8,pending,pending
372402a91541135afca269f6,pending,pending
93281cb2c7c151cc135ddda8,pending,pending
aff3eb33dbd890f0e7497ed9,pending,pending
ff25c3917d1c756b09a68a45,pending,pending
89df89a2fcb861ac3b96d924,pending,pending
02530b79a9b14cd1da5d9aca,pending,pending
4c7154b5b2af0e90dc68c9fe,pending,pending
6461609f03b7369f072ebfec,pending,pending
10b4676162cd9db6558fcb93,pending,pending
296cbb8cafe3097f5277b366,pending,pending
52d3299357de964607b9fef5,pending,pending
822fb152127ea1ebdaadcc59,pending,pending
a029213313d524dd65d72ae9,pending,pending
6fe8e84c6f4bb6184241169f,pending,pending
13ab992e014ed6d5ce9078d3,pending,pending
eabc015f7887ea6857057036,pending,pending
6f7bb375f8dfc3d1b8d75cff,pending,pending
3c7edaca2938235b409766ee,pending,pending
a71c1902b29a4a8364ee2393,pending,pending
9053922f57effb0c67f6d8b6,pending,pending
56f8c1d4429591e950d235f1,pending,pending
5569b1c82cc74051acc21420,pending,pending
61f090e0d12b0c179b1c66dc,pending,pending
b6b6ef224ea5607dce45eeb2,pending,pending
1294c2d1ca6a83b849dac60e,pending,pending
cf6e119addb1970ef8112f33,pending,pending
7c955fe14ddf5d396bc6a604,pending,pending
42e389a54e6b6b0afda681ac,pending,pending
cb40383e9a2a01f293453a79,pending,pending
1c0b3cefad2d0a27bc98db8d,pending,pending
8cfe01170c169926fce15394,pending,pending
9f86f190ddf64b48220535c1,pending,pending
6226f500b5f87a8dda8ab681,pending,pending
49bdf78b4686797739a59432,pending,pending
89b4da0db48feb8b51056371,pending,pending
cc67a503d37d639cafa999eb,pending,pending
e01cbc0311c009b5e48ba735,pending,pending
51d0572f034e2c49ac665a27,pending,pending
6305c4119c0c23070a5aaf0f,pending,pending
24d4f25dcd24f47af89bda99,pending,pending
6ebb0712e6a9c5928bca458d,pending,pending
8d6c6902fb39ebc0062cb131,pending,pending
451bee173b3979d2fba36f05,pending,pending
c5087359853eee91a23f6d34,pending,pending
3299e1227798148f659069eb,pending,pending
7872a81de213d181e8f092a8,pending,pending
633cb6d5ee62902b296e2fbd,pending,pending
c952dab2dd8a885793e2e107,pending,pending
25cda44022c452cd42fd108e,pending,pending
74292385bf0204e7938a793a,pending,pending
7bb6284b004b4f524b69b6c7,pending,pending
ee0e284053b79b50a2a6c470,pending,pending
84271dafb7be8c44566fe93c,pending,pending
66e2bb5effc31ebf351fd6d7,pending,pending
0eb491e216414e87c8ca9243,pending,pending
017edd7c4a26879ee062c130,pending,pending
17c3289892044d808fc1dca5,pending,pending
e28a0dff280616a9bbaa585e,pending,pending
d178ddf27c57283bd7cb2e3f,pending,pending
ca464b168f981ee98e808687,pending,pending
f36ab3395d29c0445aee6077,pending,pending
71d2a143edb37cd0d8c13063,pending,pending
a26495de945f9f097ffbfa03,pending,pending
704a111d928b0ee15a3a62e3,pending,pending
bc037716e212d061f749e130,pending,pending
f4f05e478ae2dab9f31a6ac6,pending,pending
08bfdbd9213c1135d74a5ef4,pending,pending
ff14a48a3fd863504ae5b11f,pending,pending
70cb526aa77be0b8427404ef,pending,pending
30146716f94f7d29d3660d7d,pending,pending
87ca58b4b1d1aecffda47ae4,pending,pending
2a5fceca93c7cd20be3bf615,pending,pending
0c90b483df20e46e07cdd44a,pending,pending
0f93512d31c61fb08ea5d76c,pending,pending
ff2b1e0ef68840762cd58acc,pending,pending
02ab3941957543867139f7c1,pending,pending
d953f1b74319eacddee50c5a,pending,pending
46990aebf7231cef31c2f4e1,pending,pending
5297476b3f544d1077151271,pending,pending
80750eaf561bd93107650a77,pending,pending
e8071ae6044bf0167af00f20,pending,pending
12f100faa1d5cb1d5d8a3015,pending,pending
61cb5aef86035d80780010a9,pending,pending
e6f36ed1f6dd600c17dda865,pending,pending
020c14442ef8b463bbfbbb2c,pending,pending
7c7e9353e198c54fc6289cd3,pending,pending
2c6dbc81217a29339ed07c77,pending,pending
6033c0bfb0e63bdc246557c1,pending,pending
f77c59b7e9402146512f3a26,pending,pending
08d7b7324ce82630fc945519,pending,pending
0363546b29c42bf20b284845,pending,pending
558bf14e01fa7fe9ebec01d0,pending,pending
de3cd77e52f64774b4797ef6,pending,pending
2ba44895436607639240ed28,pending,pending
c0460dbf9966e9b5af165c76,pending,pending
06fc0e03f456d7f61ad7de5e,pending,pending
b5d1d71c8b3e2d0cfe00a57a,pending,pending
b3bd05729e220fc81023564f,pending,pending
b28dc55b77cd62b46354ef54,pending,pending
df48ddb5c2afd29b859dadc9,pending,pending
49979cc1158ef115ad792810,pending,pending
9e4fd4b8b1916c4551a45d72,pending,pending
0d9f59be81482dcc4b838925,pending,pending
7b96a1a2e6331cb120fe86a2,pending,pending
8f7d86d22affc90eea674c2c,pending,pending
c77c9f7b6a277da97a400646,pending,pending
944afaf416f59e5bb6f7fd09,pending,pending
497a1d81b0441cfa043e9a28,pending,pending
7613e11255ec1bdd328dba5e,pending,pending
68ae9f951550267247e89ed7,pending,pending
1b6df65fbe5b80d5f60102c6,pending,pending
fe04848b545836e5df37175e,pending,pending
866f81da647f1a50c9c91296,pending,pending
1f150f97d776ac1510356820,pending,pending
ee6ad7dbb38d3fbdd6d46a38,pending,pending
3a35c444e413f9650deacfef,pending,pending
dd1001395749128fe24e9a43,pending,pending
339a6e8aed9d78f060eb36d9,pending,pending
d053e5c9661fa1e3d60af017,pending,pending
574e477acb67f0f5d476d264,pending,pending
157c90f5ed6147f5d851b3ca,pending,pending
58f78dacd8bf8f7252119684,pending,pending
377461387d90e37c0448fbbe,pending,pending
d5ca10fca8dd5750027b1686,pending,pending
f9dff6f977f7fa08a6dd3dc4,pending,pending
e26d36df8a76bd68a1de4203,pending,pending
69de66962a6d490d1af213ce,pending,pending
640336e93445fb198df701a4,pending,pending
a496eda97176217285e6ad44,pending,pending
d2d08c3f4247b13452e6d448,pending,pending
8fb0d2f1b9cb3ab2be4086de,pending,pending
1bafcd01a865f30b14b64020,pending,pending
d2d05beb7ba3656d9164ba53,pending,pending
54da048fcfc05b050ec301cb,pending,pending
ea29bac6b1edf8cc1374bda8,pending,pending
1734de8ea1e5de4092158b0d,pending,pending
7cc252abd009eb56c6bb4efe,pending,pending
540d33b2477af31a848d31cd,pending,pending
6e03ea3b185e0ad4839e55f9,pending,pending
045a1c4ec442e93dad19daa3,pending,pending
e5b0cdfb9c64619c9e238a9f,pending,pending
c3071faf7b4d677847621827,pending,pending
a6c351607a301c33140dd01e,pending,pending
4f9078d2c6ead07f16c7dbbf,pending,pending
4f04682649371faf8a259429,pending,pending
ee043a1b77e574ce95658472,pending,pending
31cbb0f83d0d739addd87f74,pending,pending
78258ed86c0def041ca2024f,pending,pending
ab4df75019e3179468efc309,pending,pending
66d3e926da4000b341664ee8,pending,pending
05834a3e8451f31b753e28f1,pending,pending
d5e7f541dae7fa17d5a0a1d6,pending,pending
347288131ccedf82b549a8a1,pending,pending
7a62139c1d637f9cbb52d749,pending,pending
939df39b90392857c46092a8,pending,pending
f938df58fc78b2010ed3b297,pending,pending
5458f12de1866a4619bb7fcb,pending,pending
029c7cb136c4057af07b92f2,pending,pending
803eda3af41ba9554128838f,pending,pending
ce1dae3b492b4b8f6d4f34f9,pending,pending
2c2b2c41f982839301b510e5,pending,pending
33e11b624226a9c1112d7080,pending,pending
d5a8f151c2998f3843b0028d,pending,pending
099b86810131b8252caf0d71,pending,pending
63ff0864c6f6187c18451b9a,pending,pending
d38551bb922ae5503edff245,pending,pending
02d30d0c968d4c245a523210,pending,pending
84a2360adc307d67c8bef58f,pending,pending
cb372588aba2017de2997419,pending,pending
24923d4b3eb2a428626ec8a4,pending,pending
2e8db99f372b210173286a47,pending,pending
05b97efd3b57b9d7d77826eb,pending,pending
b04faee26a8561f9c757eced,pending,pending
abc1e0eaedaaa10354dd4ce8,pending,pending
c7cd0eff892dba25eb7b7761,pending,pending
fcf993d9333c4d6c534cd1c8,pending,pending
70edf2f5fac29c37d6072712,pending,pending
ba2e08a58678026c7c0f70bd,pending,pending
e44619209120413c28be8bd3,pending,pending
c1389512af414b4ac4882184,pending,pending
846ecc2933c7091da04b65c9,pending,pending
8968127b48720e95c4efa9dc,pending,pending
b4c3796791f70d91cb6e1823,pending,pending
6eff090cc414aebdb935982f,pending,pending
f44fc6a54fa5bd7aff03c1d9,pending,pending
b900ebb807bb272506c3964a,pending,pending
69a56582a1fb3b25ed1f4b25,pending,pending
dbade8f415bc5c7a31808930,pending,pending
8e1885ffbaa2f476211929b5,pending,pending
38020babf3602cc2d3b04927,pending,pending
6ec69f5baf2e4ff984df297c,pending,pending
f5c590207edbf2fbd7309a84,pending,pending
f24e68a6a3d69190328b9917,pending,pending
f89bdb405bfe1f451be70aef,pending,pending
53acced8ad8382a9a5665ee1,pending,pending
5a200bc8f6ec27acf36552f4,pending,pending
a4eaffe5eae2ca75300d4b47,pending,pending
eb69c6f7c0e40dec9a41c3cf,pending,pending
3e8e48bf3e8be84f4550c338,pending,pending
9ff4329c91a99f82f724cb2e,pending,pending
0c252b73da05257d499fe8e3,pending,pending
5c603d74d51dd4c40165bd07,pending,pending
c239a1bccc24f2527816b419,pending,pending
c6ef6c6e084fe25cb413cd3f,pending,pending
e2ca6ffea995e0aad4e3e528,pending,pending
765a91deac3d3c847a1a2de5,pending,pending
de419eb7735772758d51122d,pending,pending
8e213f28d520edfe9cc39d74,pending,pending
85649922f23b8d367481bd20,pending,pending
c09e9433ef5b6a73ac8de858,pending,pending
bb8054c54c7ac5a19fa982f2,pending,pending
a771991912e24546603490f0,pending,pending
5d9f0da1c8b0ff5139b3fe1d,pending,pending
f4bba52ab46777b304ac5032,pending,pending
1929e5ace8a7b1bd921c91aa,pending,pending
bd4bd1abe4471939a1c303de,pending,pending
541b18c8a5c001072164f61b,pending,pending
4ccddd173af40fe12b0d7765,pending,pending
cf8e8f9d5ff15b9d89ad947d,pending,pending
ff11799f3bad17d045603f31,pending,pending
fa60d2dad77ef65dcd237c98,pending,pending
6b5c792d1afd9d0bb8224272,pending,pending
6bca7aa782cbbb50715b8bf3,pending,pending
785fcbb0fa12f7499d3f659b,pending,pending
eb6a48488d18e1d6c5375e99,pending,pending
887cf31ea5238e559f8485a1,pending,pending
c6fee63f969adcb3b57b9514,pending,pending
b0e7676e3eeb14a4d80cbb75,pending,pending
e4acf4ae4348c8545dac8550,pending,pending
9e90531da575c74984099386,pending,pending
4be7ebbf6e1429bf4354fdc3,pending,pending
09dcb3635ddf11ee0c6ca404,pending,pending
f203d99c485b0de868d85837,pending,pending
385e8aa4686724cd5adb7f7e,pending,pending
82b5ef57e9fd456149b90aea,pending,pending
10e51663212f6f0771624748,pending,pending
042dcfb6728981ca10cb4f83,pending,pending
a00106e04a1716ff3602a5d3,pending,pending
430dbf64eb84aecf07703f48,pending,pending
e74b963372da0209e579ebcc,pending,pending
1d2b1e409c2492a823ba4cbb,pending,pending
2c0d3f9e86b520e85b0e1991,pending,pending
1ef9c7708f96c9f02a6a040e,pending,pending
34f4211f8a47e482ecd449de,pending,pending
573465342f16095a7d329d0b,pending,pending
bb19ce3964522cffbbb1c298,pending,pending
41ea018610581322d016e952,pending,pending
fcebdc6a289fa830788bd5f3,pending,pending
def30aee39cedde6f8b859f7,pending,pending
3e4e19017246deda93a2bc3f,pending,pending
45ad76fb65fbf0b87bed17d3,pending,pending
fdaef13701ac110fdc58f06e,pending,pending
7cc16add72a08bd70899e649,pending,pending
43418ed0a80c099856dd2b52,pending,pending
c309a26fdfc7144e0835fe35,pending,pending
7e9bcc04d98ac0ff7791290a,pending,pending
0e6d86180dd9469477ba58b9,pending,pending
0f9260ac24ede7a1c0684daf,pending,pending
eaad1ea8ce563c6a9d85b5d9,pending,pending
8b8c0935c90041de9ba4aaa3,pending,pending
24b8ea138a32dd7381557830,pending,pending
e23067a73e2615c4d81e33b0,pending,pending
b0d2c67a3e7ed4190a13035a,pending,pending
825f0475c122181d53672a6e,pending,pending
58381f4e0f64d0d2a143cdfe,pending,pending
bbafc083d401f64e4be5cb1d,pending,pending
c8d595fa3ee165d2345ec8c7,pending,pending
fd069310448fc171a4b5f895,pending,pending
428a4afa3b84591440795f6e,pending,pending
4623325abe58509052515616,pending,pending
890983a9988bb338ea4b3a94,pending,pending
525776a8a9833baa74d1562c,pending,pending
1e64ac2947760cd756ef5755,pending,pending
3545e871a44910907713b6cd,pending,pending
04b2f71df3cc22535734988d,pending,pending
ae75f9eea850a2f2a24c0dc0,pending,pending
a8adde4a1296229b76d98bf2,pending,pending
58b4fdaca4f4c53daffffff7,pending,pending
411aae2d2ce1d2071fd4c4a8,pending,pending
32d9fd2a056fe58d4e56b467,pending,pending
a322f1531342a56ab9a2cad7,pending,pending
1eaa0415e8f0876d58268afa,pending,pending
9ec4147d32d09def9b6dbc53,pending,pending
e459c9119ee4ded5055acf85,pending,pending
311c4d4f02a32abb1a1359a3,pending,pending
569cb15bd8370249c0b62398,pending,pending
34974d12f244beb6108b24d1,pending,pending
3efb571b2595580990517c2b,pending,pending
8c5ad595eccf19a6941f2d35,pending,pending
9c13b8e98b1c05a7ab0a4c5e,pending,pending
7fa4b6021221526b1e9d3a1f,pending,pending
9978495f20f55abb281f995a,pending,pending
31464cdf7ae03042e3addddc,pending,pending
dbdce0144ccc134e034bb8e6,pending,pending
01d8d39c77e8d0ac33546485,pending,pending
8c1051d7928ad4bd61e93749,pending,pending
75ac87250e9c79ddbc815216,pending,pending
b808540a4a005f91644e407a,pending,pending
17404595f05fc33b41b785d7,pending,pending
eb2031f2ad412317714597bf,pending,pending
a3fbbe8abdc3534b258e72c8,pending,pending
7581f389c74fa01c67180c02,pending,pending
96e2032a148d96a229326108,pending,pending
57d40718b791d21ad847b8dc,pending,pending
0ecd52e47a3d41a41c570176,pending,pending
f831c77f27e06d38ed9eb9da,pending,pending
6e9284c90138e159a3f3e90f,pending,pending
b228db05e2960614ef0eb8bf,pending,pending
4f6f24fa949320f2568276dc,pending,pending
e3a9abe43814a52e4292d1b5,pending,pending
04dc7cab12caae5ca05cc5a6,pending,pending
e850177c7582aba9523e7f06,pending,pending
661964b3400ef52e5707a4fb,pending,pending
b19674c99f677a4b9d3d728d,pending,pending
9c770e67eb79399578c87d34,pending,pending
009256f990d1bc6b5b36d092,pending,pending
039162668b8f218bcf0086d5,pending,pending
938aaab629d4181fd6904cb8,pending,pending
0cfc09ce8abe38639726b0b0,pending,pending
e30635621aae1a82263997a5,pending,pending
205aa1750c7177b916c29f2b,pending,pending
d9253d046bb85904da6a2db4,pending,pending
056837b2ed7d9088bd03f305,pending,pending
a2eaec21f60dff41c7317c9d,pending,pending
b8407a2aaa99561773fda193,pending,pending
7e13ff5735fb7fdec9393728,pending,pending
7af2acf491fa13e90a1ffb14,pending,pending
ce1eaf0e4167d35ebb78fb59,pending,pending
c86cf91f1e1beaa103d3ae2b,pending,pending
6284736ca63a1535b46796e3,pending,pending
65e6723a56462b4d353f7166,pending,pending
ee06ae81da6865668678e00d,pending,pending
0aa70ea0f64f20f6a51a9d82,pending,pending
3f275552781a9e84efb32037,pending,pending
cf2c873e329128046ac7103b,pending,pending
ec7c095c000e31b5288fa834,pending,pending
a3a65bbc7324c7e6e4a98195,pending,pending
3b13c4f6e9a87dd73a594e6f,pending,pending
ff42e1181e2ca18e2a209939,pending,pending
2daca118665f1ccd22f18403,pending,pending
c4dd70f7971073f4f7ff2306,pending,pending
97329c57de534c2adde093da,pending,pending
b11628b1e93f53dc86364f23,pending,pending
d94e562e9d799784c43daef0,pending,pending
6d91974479efbb30a56c00c4,pending,pending
bdeee3a483d7b463570f23ad,pending,pending
60ec85bfdd9b6fb0534090d7,pending,pending
2f1b9621581ab4b1f3590c24,pending,pending
fb3d880501be7afcb33f447d,pending,pending
98025c25767230768689f809,pending,pending
bbcb0d3982473c6d6b05841f,pending,pending
44e80c3cd1d08c38bfd1ffc2,pending,pending
9d51b5cca06f33f887abbff1,pending,pending
e2fb7c0aaa82c76555c34eb9,pending,pending
3d6bfab75c90f7c4538228d7,pending,pending
a41eb0cb7099e5f7d8ff7f6c,pending,pending
3062135a66d106d2f15902e5,pending,pending
fafe21bc8645b790e06012d8,pending,pending
e14341ea7875502796c0ecc6,pending,pending
f5149a3d615bbb108b84338b,pending,pending
2e097ca9dc13e2bb81edc72b,pending,pending
4e2a947208406afee03211a7,pending,pending
16e678bfc95cdb79770228b6,pending,pending
5c519a950b3979efb479d0e4,pending,pending
2e3e70b2911a14806a694778,pending,pending
64831d010438e85cc10aa1e7,pending,pending
c5ff1c427afa6179f1a19c02,pending,pending
0acc4abe395feb78d7ee25ed,pending,pending
7a448f932a362262fdda0cac,pending,pending
e450b65f8586b7e5b94fcbc7,pending,pending
24529f41bc8aea3da061258f,pending,pending
4260faf5ebeb4a3eef3a2cff,pending,pending
58c877b058e464c2982403bd,pending,pending
61d7e928385c4025ed81a058,pending,pending
40637a53799c00a5807e621c,pending,pending
42d21647020663e30a6ce997,pending,pending
a02b467f67248a196dcc47bd,pending,pending
af842320af8bf8e2d7d2c53f,pending,pending
1cf1354f10bfd42d23206017,pending,pending
2ac2698abf5035064f1faddd,pending,pending
ca5826a3e1cbea5736c44cab,pending,pending
afcb3ad8f88f4228ae50a1ad,pending,pending
495f7bff959f37c891995421,pending,pending
081767bb31529fd4419b3aba,pending,pending
76163c29474bf473dbadec54,pending,pending
0176ea748c8bd06d813c986f,pending,pending
fd4e502a6462e3b5ea6c29d7,pending,pending
c8763e57dad368a2d4db1846,pending,pending
ebbc01ed907ac290bc332b78,pending,pending
8a09372f4c14a35515edbdea,pending,pending
85f0260124a5311c311983ae,pending,pending
1e4a126e2053166e406e030b,pending,pending
aa1ead068c2f960519927702,pending,pending
5ec4bfe2e17eca262f100e9b,pending,pending
8b8e0df44ad02a8566ad887a,pending,pending
9d311bcb1be3333611af1823,pending,pending
49b87742b2f0e7a0c09c44fd,pending,pending
6af9f0cc55b40d8792423519,pending,pending
bc53612c9bf5c3945ee4cc09,pending,pending
73655f916d07d90aae7485bf,pending,pending
d575dfe0d25bc2c2bee02ec6,pending,pending
b7c91f2d0c69b37ee12c93f6,pending,pending
d199df277fd24546fab0e5b2,pending,pending
0be08cbb981334178b2a2b1b,pending,pending
f864230c73d3d5c309f14aff,pending,pending
26ddce0de7609a8dd7a1ba76,pending,pending
77c5a3f3a4e5c7b305ba47a0,pending,pending
f75a87f5fea9c7d94ec872be,pending,pending
e6712f91d91b18e9b97085a3,pending,pending
8bacd81035aad5c9f3842f8f,pending,pending
8adf7cfc6b8369ac5aaee02b,pending,pending
8d4bad9362b0f2087c143f3c,pending,pending
ecb1dd1280697aef2c54ef13,pending,pending
45a6ed600aa09db34be59265,pending,pending
d7a69eaa6430757c99face59,pending,pending
ce1be8af31c0e0a4898ce445,pending,pending
af8862e70a03ede344b211e5,pending,pending
87ddd6bb26464b6e5ec295f1,pending,pending
66ed8e2497eae1937db7f3e4,pending,pending
76e64d07319fe90acea4100a,pending,pending
4ff4d1d0e322619fbbbc1910,pending,pending
ac255fea8d134ff9d9632d0b,pending,pending
695dcc3bfb755196b4a654e5,pending,pending
85d4811850cd60d990161469,pending,pending
76b74d1c550a6989f9699e82,pending,pending
54c9f658bf1a682c5eb0568f,pending,pending
28be250d9309f7bba1e44eac,pending,pending
7e05a804c09a5bd5d5428637,pending,pending
f817152219f7e4e348769b7c,pending,pending
2bec309b98334622df1aed1b,pending,pending
1ff626a143046af972a67ca2,pending,pending
984b8f00306c7620b3465373,pending,pending
dca5ad76aa466d757c3c40b7,pending,pending
4bdfee27fad6fabfd698d204,pending,pending
cb3a3b722e74ff09c4a051bd,pending,pending
f2afd3a2fbb3612559c1e7f4,pending,pending
1cfd6c50b6db512024e72119,pending,pending
1ffe1446f4e49afa189a869a,pending,pending
7fed78bf02d9942bbc7a3833,pending,pending
ea38840cf0fefadb1ea91885,pending,pending
32a3c7417e11062357b768c2,pending,pending
063028dc4b20ec20824be09a,pending,pending
5033580a124d70616f4b8d81,pending,pending
ff4c636f60cd707b4840ce25,pending,pending
0cad5a8da50feb134c531d34,pending,pending
35e96d941cec8a71289b9034,pending,pending
e5d003a9fc8401435a6f77da,pending,pending
1c735e3dfa0719752d3714c2,pending,pending
2b70dd35b37038363e1beb8a,pending,pending
014b4f6e110485ca9645a79c,pending,pending
63ce740f925311b47d14f335,pending,pending
7a56b55cc02aab5b39a94d95,pending,pending
acab2a51fa3189d9a92a463e,pending,pending
ce34b8302bdb3a4bcda0f620,pending,pending
a5aee129525a91d94e813f7c,pending,pending
bd8c6c0d2816845f7679d39f,pending,pending
5b3a7bdcb9a7377307169b16,pending,pending
6879c19519382f74ae2958a6,pending,pending
93cb3fff693634a5d8375653,pending,pending
9e145f9ecf9a950892e2f8c3,pending,pending
a63d19781a3c4ab9f950acc2,pending,pending
50eb307f09c4ce7e41bba892,pending,pending
76e03e4b46e85834b5bfd7d9,pending,pending
c93b518633d5e5389c897f7c,pending,pending
fc94ed5cef91022003481b73,pending,pending
43940cfe254ad6532c27e244,pending,pending
bad65093ca0771fb31912bc5,pending,pending
6f326bcf6f383d41757757c0,pending,pending
3aaa19f7c6e3e628275f2f05,pending,pending
d279fcb23b446040b46cbee5,pending,pending
bd9403d64b7b5f29b3fb3fef,pending,pending
75fd188f370834e017f1d154,pending,pending
ddcd8bcc6b3fd46e5b00bfdd,pending,pending
dbc33c57657e4c5ba29df7bd,pending,pending
f1ee21056091f81c8064c17d,pending,pending
fd5a281a7a6c9d0d4f6d99d5,pending,pending
0bf0d09374e8e00f26c8d688,pending,pending
07dfd278145e385c827ce475,pending,pending
9afc954e7e7dfe67e1ceb7a0,pending,pending
f790860554b91b3ae4ce0771,pending,pending
b6142fdf9a994185a2168395,pending,pending
501ae00e0b0cdf5cf33c2f64,pending,pending
b103daf959aa0f88caa95fa9,pending,pending
e55b7f49b8d3eacb8733c634,pending,pending
a33b4d1ab338cf78f14fa52e,pending,pending
9b9428edb495c8413e5bf728,pending,pending
71e9e1e64ee9691ec3913b65,pending,pending
a4b04d40745dc4b303085f90,pending,pending
3d9b57007c22e537e61a4e1d,pending,pending
8b3fef9aa910dab2dc0c9930,pending,pending
3a161dc067bab2a6c6b5823d,pending,pending
7a3d37852b9b7ff0d7f806a5,pending,pending
b8de59ae7d42af6c924c3988,pending,pending
db43678cb97eb1105fb64959,pending,pending
796ecf6f9293a3c7613bd3f6,pending,pending
b7812a095d672dc8ac124d11,pending,pending
7fee86ba15e77e9ee39abc62,pending,pending
aa88c6f68245e53874f14df1,pending,pending
6d2f2dfd4434f7ba59f1e0c9,pending,pending
df6d0e1e72a0d69728396a69,pending,pending
1c0edc1f3a2cc22735e02dd5,pending,pending
7d736ef655422bde3fe20c9f,pending,pending
9d4bb5d01b3bd72c2e39538f,pending,pending
4edae0ea4ae45b42e2d68874,pending,pending
cf0e4394982b3b17faf12b63,pending,pending
a199107dd84f30f38d3fabb6,pending,pending
87853ed5f831f7a4829f7c95,pending,pending
50bde9754c7785327519ee0b,pending,pending
cce3e5ede47f1c4786fb464d,pending,pending
c758d8bd258be6ee2c2c1ab9,pending,pending
f9196367e797fdfa71972c93,pending,pending
a229d5c3c1cad24baa2d9583,pending,pending
26df48cf75548260d37bd5bc,pending,pending
01166a1f5fdb9313aba7d986,pending,pending
6ea5beb8a6c8230d1d6bd1bb,pending,pending
3a41feb383c541fca27cd081,pending,pending
9d3e062d9817747e3191f19c,pending,pending
e098fb5ae6b9fbd4c9b1626d,pending,pending
5acc22f72a8472da03bc7817,pending,pending
94d1e8ed08eec6777883f4b3,pending,pending
95fbc7442c9feb61d094b116,pending,pending
5c90c9cced07035ddb4d556a,pending,pending
4f53c8ebf9ea6c3875b5684c,pending,pending
1e307fc6a1153ef5dfdc1bfe,pending,pending
135ac21bd6bf952bb73f4877,pending,pending
64c07ccfb3edea7b4d0134a6,pending,pending
c8c9fb9d29550ccad1a69824,pending,pending
00189bc0545d76555003e1bb,pending,pending
abef73d312fddb9f44b7e50f,pending,pending
bbd192e5c909e9d610516d36,pending,pending
3a59323e2f46c4837728d2ad,pending,pending
261b8fec28d17efaa21fbb32,pending,pending
3d80ecbe4683380ea882c965,pending,pending
8be6d32e846fac5b79e9b82c,pending,pending
510fcedfa0de4a687be17959,pending,pending
b8858476e5c8ffdd8b80a79c,pending,pending
2c6c151ad665d61bb05a3b5b,pending,pending
123fa827536e8aee65ff19ff,pending,pending
4d508969c83e09064b2d3129,pending,pending
9046b217460539c22d47d53b,pending,pending
bc47f3b2b07a7a2e231277d6,pending,pending
3c01bd844440a0ea21304938,pending,pending
ddd719cf37ac622c89accda1,pending,pending
8dee30862992dd6345cdbcbe,pending,pending
42c7a1774c17efe563688276,pending,pending
84dae9b011309cf288c47fc4,pending,pending
ea5b9fa9f64cf52690149528,pending,pending
0a003742dd3ee0b6c5b8e665,pending,pending
72e6bb92b83ecb4807c23e33,pending,pending
96b3a2370183e6a067e41b50,pending,pending
31e4ada9087d609127a2af81,pending,pending
dc5bdfddd89f1db0a9158550,pending,pending
64392d78615903e3870fa6d2,pending,pending
4ed34ce0268af18f70d1cd18,pending,pending
16974450b8317373aa3f6240,pending,pending
1f92334903b8646e4299be10,pending,pending
200592cfd003fa066ec2a388,pending,pending
ce512eeb0fcdd688a06ab4b0,pending,pending
fd36c80c82350903feec1138,pending,pending
47806d79279e09a3d301941f,pending,pending
e9414d6b851c2dff68e98420,pending,pending
4038552518c5e8e7a8ccaa69,pending,pending
d61214f6f8fef4c7caaef652,pending,pending
d55cb291cb8382b1dd94d70c,pending,pending
381029fcd3155e1553c7a82f,pending,pending
dc00c8e073adba7c4aa4e785,pending,pending
679614e170432f940391d438,pending,pending
ff848e363dd4c83095398d69,pending,pending
183887a3cd4d45325d3017f6,pending,pending
b65841748cce0d9209646fd5,pending,pending
799f450f96e5119817ef6331,pending,pending
3624f31475bd7ba710eeb89c,pending,pending
7fdc7e5e5d5a12a6240ca1f4,pending,pending
41e1d589e7e20bbee3d7feea,pending,pending
dd5ce50c443469fbca9f34df,pending,pending
d0049f8e23d533d6a428fe13,pending,pending
680df30890927c54df093551,pending,pending
c7436253f31fb67dfec42987,pending,pending
d337ca8ba2bc5f310da54568,pending,pending
28f74cceebb561b1f97230d2,pending,pending
5b6d76ad259abc5be15004de,pending,pending
22df5e570efa1a95e7e58d0a,pending,pending
c31e61931eb4725c55c4ee51,pending,pending
b8839b51f13b81cbcb188b7c,pending,pending
acff5c192ff5b4b90764744e,pending,pending
8b49d2dd938090424c65a7f2,pending,pending
deb8c687f321bd00d8ff5f6e,pending,pending
3a1cf30fd84f564e11a19ae8,pending,pending
6d2fbfc4dd994990ee35b1cd,pending,pending
5ea7462d72d99160953059d1,pending,pending
ac4118348a57e05cdec3c318,pending,pending
c64b971fe7455172be5b16c0,pending,pending
d5f83700c8e2096bcf1cad08,pending,pending
c263178b6c626650f84fa2d2,pending,pending
4c22dfe15d894ed05f7b9177,pending,pending
2e865c4c6a6717cc476e33ed,pending,pending
a16556871e2e0d36c552e22a,pending,pending
ea0500cf486a1e233bd416dc,pending,pending
d241a70338774cdca7aa11b3,pending,pending
d4ab7a920037fa19e5d64928,pending,pending
cc45511bc557fdc6ab4b039b,pending,pending
49476b203922bb23d346b17b,pending,pending
e83127c4819ef5b273485add,pending,pending
5e2773246d12e7bb29ea810f,pending,pending
708d0ac2b837a942e6047d35,pending,pending
f231ce5e9584403f7034baf6,pending,pending
a368e7b90e78b86bd565b212,pending,pending
72d60cbeb3968d9fb1d6147a,pending,pending
ae521b5ea8632765467c2ae2,pending,pending
a40f70aaf92b78cf88635758,pending,pending
80daafc5e8fad3d014597de1,pending,pending
c89d1450d449215fa0525130,pending,pending
29e7bb48370f1c6891331ec9,pending,pending
9448e8c909850148713d6948,pending,pending
0b90e956ea8e7880c15669b1,pending,pending
b33a051f726a81c76ff1b612,pending,pending
85c913d13719f6cfdefd8b00,pending,pending
f8458ac6f5add1f2bc46c744,pending,pending
642199e54150976a3c8d0b36,pending,pending
f15d980ad41619bb78518af6,pending,pending
4eab91624f4244db0b32b306,pending,pending
a30e3bfb9044a26a8d68b364,pending,pending
35a8c1510ffaef666b6cb71c,pending,pending
2e5f59f868295ceafc6925bd,pending,pending
cd0ffa177add32cd01d91127,pending,pending
1fe3cc3301d7743016c00106,pending,pending
e48070036b4654e508d71a5c,pending,pending
188b6e3ed94b34275f38d6cf,pending,pending
2453780b32752036e8da00a1,pending,pending
bc7532ebab02a1210a1ddf0a,pending,pending
edc0004d4730b36acc787a97,pending,pending
bfc509ff61f6810190fe1526,pending,pending
dfe1f0e3e73cf0259efc4e9e,pending,pending
e244cff2c3d66d58ef4f4661,pending,pending
bf1b6af26d5f1c2789bd786f,pending,pending
7e41a3178091dd87d0778f8d,pending,pending
52dd9713f7392447903c3255,pending,pending
000aeb8feff04cdab14db04b,pending,pending
cd891dd9252c3b6a84307e8f,pending,pending
8b17a2e8e3cf007e3e6e63dc,pending,pending
f875387c0de7057af9507290,pending,pending
fa47456499a9064b3ad186e2,pending,pending
073a74889759a2427a4b9c23,pending,pending
e68d191b2ddb9b783f9833f7,pending,pending
bf3a27f51cadd9bfb8dcd37a,pending,pending
06c0594c596ada8bfa3689db,pending,pending
d92fb3b7b137119e70d81365,pending,pending
794e16aa6bd8b50d603de9d8,pending,pending
3d895b40e805ee3e80a2ec7c,pending,pending
442b4398874375527f9b1cf4,pending,pending
4b143999eb45d9dc6eea64d0,pending,pending
d82dcc659991ef0b560fd481,pending,pending
3436450cdbb9ecec76018371,pending,pending
b13a3e5c5c3bb9731b166ed9,pending,pending
143a31efb5746ea7c9842e5a,pending,pending
74d722b2bd7654cbaee6ca6d,pending,pending
5001984639faf6f8b50f5592,pending,pending
17e70b782ad8f9000df0d78e,pending,pending
467bc342750d43b3a83743b2,pending,pending
770e6ca261851aba5dc14f9d,pending,pending
460d52f6941068ef40a1daba,pending,pending
4a7c1faf88466aea596a4fad,pending,pending
80b7c49d0ad35fc79e4bda63,pending,pending
1a75ad1f6291869a65311d3b,pending,pending
52bcca55a1cebad1db77b7ef,pending,pending
37ffc04e8b381e91ac0fc82e,pending,pending
33fb12b74e3672cd841d4893,pending,pending
7cf2b63b03c7a60165cbdca7,pending,pending
a7abeb1141a5977263117bf4,pending,pending
efd9074fa7f0e5c51f9c8d93,pending,pending
605b10fa2e6b3cdde9323fc9,pending,pending
f5a3262ee5cbbff18e41a29b,pending,pending
aa4c092003d2045be6fdec16,pending,pending
728e66286fab0651213e4c6a,pending,pending
f4f43caf5d21f4a676e3dba6,pending,pending
c11fd3a3491a5e526dfb19dd,pending,pending
de0beaa7f5e4884c6f6af418,pending,pending
55df28fde9cab1ef8a330cd4,pending,pending
b50aa730148af7fdb77d39bd,pending,pending
987e9c4dbc30af0ce8c51221,pending,pending
e0e8fd760043cabda580a392,pending,pending
84083e76623136c2e5d2f0ba,pending,pending
5bee2abb75833beb6ee0d247,pending,pending
829b49e938a1f3931bf8923e,pending,pending
298f3467d5accc3e37aaf518,pending,pending
139b75fd9486db41278ce150,pending,pending
c4b7933b2cdc1bbb316b78b1,pending,pending
82cd96b68177434a1c5d7323,pending,pending
56846700fdc8cdfee101d9d9,pending,pending
78c0ee22a0d6f01a8b0a34a9,pending,pending
1328aad31d6ab2b4c495e2f8,pending,pending
d0376e76131eaca45f37dd51,pending,pending
1f0c0dea05bba9abe91b8af3,pending,pending
4a63a9fda1f6264d2c38d84e,pending,pending
f9fea059df55f38ca80e5a0a,pending,pending
cede331e9e0a1a02667b3e05,pending,pending
d4cc6c761380bc653388c6d2,pending,pending
b3ebda44434f0db2b9f96780,pending,pending
dfce08b6580ed2a3f97b8c8f,pending,pending
61437be8d8e551ca7ead0af6,pending,pending
ec36866dba1e8006010a3f29,pending,pending
85f04d4890b66f18ad61a72b,pending,pending
f532eab18bbb23e5eb02ed8d,pending,pending
fc95a041cfb2e31b8b655986,pending,pending
d281d35eedf4dca8fc6c4060,pending,pending
d42a531b12702f3373fc7c59,pending,pending
272560a4675bdaccffda3188,pending,pending
065ab4ac01e28b3157fb443a,pending,pending
fac5b1f00f2b3c146a786f93,pending,pending
6d566397277c06530db8e65e,pending,pending
17047844bb791a61b1bb150e,pending,pending
d1a3e08b2f93b176d9f776e4,pending,pending
f71f22e6f554741e35b80dbe,pending,pending
675c19cbf9808cdbd381479c,pending,pending
e8f013f23b674079c832fa46,pending,pending
05ab172ba3fbf56592642678,pending,pending
f25c4f75af6e19028a4d3d5a,pending,pending
6a6fbf9f916b7944323ac4f1,pending,pending
382bd2966858f03ee827b1f5,pending,pending
95d68e6d6a9272af1f96d41a,pending,pending
ac4f351bfaacedd543cf600f,pending,pending
d412a673da275701d10b6ac8,pending,pending
e6e176bfbce709f759fec7b1,pending,pending
6ec2c9dc36305434ff06d0a7,pending,pending
fd5d32b1d2257f66d8c8dbb5,pending,pending
312973efd0da8903434c936c,pending,pending
d3a98cd17d677fb28188054a,pending,pending
ffdb9752492afbfb33532c40,pending,pending
52986daa8ca63f2a5ef5f6dc,pending,pending
1df95aa8c96def956623a627,pending,pending
17f91ef9bd3255671d16c084,pending,pending
a8fc7a7162d7600643c5b556,pending,pending
7a6af4978b6ad4ad55ce41a5,pending,pending
08534b2cb5208112ed445d0b,pending,pending
aba85f3336bc8fb70ec55057,pending,pending
7fb1b6ae5cb9588e5e956b86,pending,pending
585ae37342b13d92dde5f4d6,pending,pending
0e479c40fcefd9516381593e,pending,pending
d4bd855904c31f7053563071,pending,pending
d1313257c64a41e15569c320,pending,pending
eba8c72c457c9a6e5e20342f,pending,pending
8868e5dec892c84138789586,pending,pending
7b6abfffbf9b55ac13d33424,pending,pending
0144c4dc7677fd8d1c68b04b,pending,pending
606eeea14aad8a2d243ca1a1,pending,pending
8f1a0471254b189f7ffb6ab1,pending,pending
6fc4668da30f5ce280cdd59f,pending,pending
4b8e475b66a4291fc56f6a3b,pending,pending
d107d6d555c318df4f30c776,pending,pending
1cbf60c85617a04a7707409d,pending,pending
406a0c36c400b63e492a580d,pending,pending
55c24602175a1a00eaff7b57,pending,pending
d2b8bbb9ee2cece607ed7acf,pending,pending
1ed7e558244ff2c483be4daa,pending,pending
b2ba4075d7d79f294b018d89,pending,pending
779d11a2190bd73cac109c20,pending,pending
98af647aa390947d6cd2a987,pending,pending
5a3d2e8f51f523f1c211c131,pending,pending
8fe35b2549594edeaff00100,pending,pending
e1e7e1399d77061a9e8f0d12,pending,pending
4976adad0dce5b368b0c0d8d,pending,pending
75f0784f1a9d38f883dd507a,pending,pending
5857ca3139c84d50a7b9cf26,pending,pending
b4816429983cfa38a10057d1,pending,pending
3d41db5d49784996b23a8cbc,pending,pending
7174d7df8befe957e4902139,pending,pending
f97e60a14532dbb1b16e7ef6,pending,pending
8d85eac00f6b6b19d9d11cac,pending,pending
b9e8cc8f2cb76356115f90e6,pending,pending
b926aff5e6c2ef3b2c75ea0a,pending,pending
a52a152a8fd167b61773a315,pending,pending
69cbefec6965b89090ada5cd,pending,pending
2863c94efc9fb549c87754eb,pending,pending
ffcbc3c956d158f46b2e8344,pending,pending
09d0b68f3e9d36ce2c6e7f65,pending,pending
01431a77fa6e4d8e346457e8,pending,pending
e0d48cdcf2b7db6242593b6f,pending,pending
31d457156db49b1914bf1cc0,pending,pending
99bf69fec1a401c0dcdfe8b3,pending,pending
3fe9d520800197af1d5711bd,pending,pending
14ebb394dd7a948aa11faf5a,pending,pending
354aef9f6b22bba8be6d834e,pending,pending
b14c59bb2fe538245ae49dbf,pending,pending
8ff03851851cf647208c03aa,pending,pending
e9a88f473a4b36de6acb3c72,pending,pending
5e412c69846bcc8cb0aa1e6e,pending,pending
b0026456a2e0ee5c8e99106f,pending,pending
c5ce8dbfd685d2a33c055241,pending,pending
aecb18f18be63a95ce890dd4,pending,pending
2e26b078bb1e5ac900a6e82d,pending,pending
c0e48cc71884b771c824d83b,pending,pending
ff3435c104722ee645cb0bc0,pending,pending
de0ce3944084acd0dda0c15c,pending,pending
ce37cdebbb0c34509b5f80b7,pending,pending
8126c3f7dadda691d34b68b8,pending,pending
4ee2f55e7d6411e9fa298467,pending,pending
1ae8d8a712ff09e8b6ab6ed1,pending,pending
167327ed8afd813c1e2b2dd7,pending,pending
e74027c84dfc76d4eed4fc76,pending,pending
36e0902b45eb493213f33a83,pending,pending
74cccd91f9e202eb95a63ffd,pending,pending
062e46c66b7706083e9c38b1,pending,pending
73f9bff2794a475f125be11e,pending,pending
8b92eaeafd3cfcf9a01c5f75,pending,pending
df1699a3e01a7ba757fb7867,pending,pending
620ebaa09738a9aeead61eb6,pending,pending
1f065fa778a2665349b3ba4e,pending,pending
10fc99c695a60e27c4383237,pending,pending
3d360d807a65915318a37aa4,pending,pending
bfb77f891049029f3305bdfd,pending,pending
4afd7006c99dec18eed045f2,pending,pending
675aa305260886bfab45a8e7,pending,pending
6bec4a3444fbc46e6f1285b0,pending,pending
0a2df025acccdbb675375d65,pending,pending
7c89d6f82db5bb8dc9b1f085,pending,pending
3077aa2fb3477fb9579517e2,pending,pending
ba7abcda8f854d43bf4e2701,pending,pending
deab9c4f6fbef2de5bea00a3,pending,pending
eab7d57ca9f2d23538ea0118,pending,pending
b0c0fa87cdd5e41360de01c9,pending,pending
f1aafa7952ab50701960cb44,pending,pending
60807a28daf3e5df57b340cd,pending,pending
4ba2808c64ccd24bbc0dcd0c,pending,pending
6a8925ab776a1701371afaaf,pending,pending
1fca070e7e75a105f9d3a755,pending,pending
553825a57254d9dc30741157,pending,pending
716432e32ccd56edcfbb7fe8,pending,pending
d630d7d3466fbc4d4bff6fda,pending,pending
4400b6a4883dc652282f1a2f,pending,pending
482819371af738387fdbb1ff,pending,pending
95d50f818d1381e593679657,pending,pending
02fc90d9cc866223a2f8901d,pending,pending
424612be248c597a405c8da8,pending,pending
a11f6781630fc41db917f0cf,pending,pending
153bd23f37df6121fe9fbfca,pending,pending
d38894741005d3214f502839,pending,pending
9d78f7da0906a45338541bce,pending,pending
717f6ce7e01d14cd7f4638dc,pending,pending
9db655311101084d5a0f3f47,pending,pending
aadb29db09c0f4d7a25dc78b,pending,pending
8c4deef048d5bcf0eeb73bc3,pending,pending
22a5f34ea3c541b14b153cfb,pending,pending
ac41ec36074ae725744a3a65,pending,pending
9d8d96fbf971fba669388526,pending,pending
d8646eb20b449cc7c94cd9ad,pending,pending
73ea3011adb95b1c7f6a0a80,pending,pending
58117ae3a870333a466b658f,pending,pending
e5b5c831d1e530ee6a74b3d6,pending,pending
1fe4b048b2a5cc1af1f77587,pending,pending
6a97db783fa0cb7c0070c3d2,pending,pending
5b57b3c8823ca38dbc437281,pending,pending
2f013acd3b366030ac30add5,pending,pending
a4fd70363cd38563bc8cfb48,pending,pending
7cb04bbfc50a10b04954ef30,pending,pending
60a71528a9faf94a6c89bc86,pending,pending
efd99a60cf2d9fee2614beb5,pending,pending
f62b14d850eff5f9905ffe27,pending,pending
d791c3ff585dedb8c323eba5,pending,pending
d4aedd4f4eac72baedbdd1b4,pending,pending
585c068a19805693fa0f281a,pending,pending
44f6c9416add1a91ef43b65d,pending,pending
9acbb2111bcf6d23faabf4c1,pending,pending
4c15435b960aa31c34e0cd08,pending,pending
3bdf0752c83f2716931bfb5a,pending,pending
12e3ed280377d7fda790abf0,pending,pending
7ad9cca8eb2a156f6d19cce1,pending,pending
3c8546f02500d8959e648fd1,pending,pending
75e4064c893f1af7d16e7a23,pending,pending
048a59d95406075fd396048b,pending,pending
ef72d8be185c81ebc1b0a017,pending,pending
0f417f7f5c8508bd98b24444,pending,pending
3e2fc2ea3d38fd4582414938,pending,pending
01595e1ebd7bd19bca45beba,pending,pending
427f0927e446237dc4edf3e8,pending,pending
598325aa4b41f0347e3e2b75,pending,pending
33983c2883a693995664d8d9,pending,pending
d133078e75b9fb177c4d2208,pending,pending
98d10e4f63d18a46eeacdb26,pending,pending
4883a5d5136c4f0ee9078578,pending,pending
205ae4e8d4b728a213ed4b40,pending,pending
79d0734195636f9decdc592f,pending,pending
a9b40e4ed96b68c21704d99f,pending,pending
16cfd69302b006a2e142826c,pending,pending
1737025d08019ba51e6198bc,pending,pending
977f9fcbf8a5f9d58de6b0bd,pending,pending
b5b2c395442a5cee4a8a0b81,pending,pending
35d33dbaf8bc51b130b2d8b6,pending,pending
0c6678d0fce2d192805917ff,pending,pending
88936835a76118b395bacb11,pending,pending
e5418114e1ef8a74badd1cf4,pending,pending
56dce6771c4b2031283499f6,pending,pending
23e31ecfe2923e064b06293c,pending,pending
cbcad3f1ad717f5ab4894b9f,pending,pending
f13216771aea8029e0c59129,pending,pending
292d772890b1d160496c09c9,pending,pending
3c6e1177182c27b3ecb92ed5,pending,pending
e198a768fa16e772b0cddf8d,pending,pending
03ca261b8f51baa117aac4e5,pending,pending
56f057ec148057df4a10c346,pending,pending
973155d9ac83eab8670a1c61,pending,pending
aa42b45cff1fa94d74e20ce0,pending,pending
6dffc28c2df69f8789abc9db,pending,pending
afbd8570393299142454aef6,pending,pending
9d0be8c2bd2ca95a78d8ce24,pending,pending
8be7dfe4c11b146e7badd49d,pending,pending
2421022f4145b840d3bb35b7,pending,pending
04ca0126042bb67aaaef6e5a,pending,pending
f02643781ef9e58e1a4ff86f,pending,pending
cdfddc83a3f8c6c2b02a4d70,pending,pending
c0af6ddd6ba22012aea4c266,pending,pending
585e792793cc7368bbf2c2e9,pending,pending
c223a09b166680dddbed2ee3,pending,pending
4335551ac2ce0d23bc54e9f5,pending,pending
60020b1a99399d08f9b798dc,pending,pending
e5959cfac2eb350e4bb8bca1,pending,pending
ed91caab5f5326b357b98592,pending,pending
6b256cc78cfd8f2827b1a71e,pending,pending
b3a27f5e70348d652dd87622,pending,pending
f3116357c60dc75ea4111b0e,pending,pending
7cec65f9be454064efae63e8,pending,pending
54c10293f4cad55e7ca69b9b,pending,pending
0156f7d08e21a6c1d2d1cb7c,pending,pending
f61ac34c7faa736e9688f666,pending,pending
da3d28b8e7d459e1196f225b,pending,pending
ee2c7de0de30e873829844d4,pending,pending
ebc2d94adb820516142dde3d,pending,pending
e23fd97315a3201d6a22410f,pending,pending
5ab4b204b0b3fe8b44205bd7,pending,pending
851e5f45ded5eb938a6613eb,pending,pending
bd3f608f6851f67766c956ed,pending,pending
e8a73a98dbbb73071b8dba34,pending,pending
74cc92b0baa25fc45a373b0b,pending,pending
c512f7a6c11fd0fcaef74028,pending,pending
5cb540661dd818a08cb3009c,pending,pending
3d899ac5b04b4ae46fdb686c,pending,pending
29e6630338ded774f9527ea0,pending,pending
21c468c9129812500469a878,pending,pending
9c16e1803d4626c118ebc0f0,pending,pending
e374aaf17643df28c5204da3,pending,pending
e4e83668ad69a4d208dcf618,pending,pending
774960a3656b8805279951d7,pending,pending
1584c58d8b80b1ad14d4296e,pending,pending
03c151bc83c2132cb7c3965c,pending,pending
b8fb7cd0db5e5685488e70f7,pending,pending
2e1460b1787b5ca9c9d8ea00,pending,pending
b166405afab77eb6f3bfad65,pending,pending
5be68b8fdf3f562940b95c43,pending,pending
f53a74e290c66dd932fd8bdb,pending,pending
5177ded969e072f5089e1f61,pending,pending
38a6010cc2ccdc0386acf3ff,pending,pending
2f0a771ae6c1355a8532b3a2,pending,pending
37c819363f80a202b9476d79,pending,pending
b2b9abced0f8178fcff26bb2,pending,pending
4e57832ee421fbad4c5ed48b,pending,pending
b620d1c21b6339dc87fb6fb5,pending,pending
7b47da6171f8d5a5c732054e,pending,pending
6d373755e4f7315f4a77c8e9,pending,pending
04728ab523272f4c4110fb2c,pending,pending
99f7c2b80fda906018a1d119,pending,pending
5ea1784a677be21aca32e61f,pending,pending
2f01d637758302b680f9200f,pending,pending
e0cdf46751acf865efaad09a,pending,pending
affc1aea10947872ba0e66bb,pending,pending
6b177a1d27c4894dc0b48cab,pending,pending
efaaed4a0feba0364747eb81,pending,pending
e7bdf358efc1f200c4f6b85f,pending,pending
855e522e7a479e77de38ad9d,pending,pending
573d1ff45284293bed728df9,pending,pending
5d5517b8328d83a83397bf09,pending,pending
50798fee91bfe727f6ae389a,pending,pending
9240faad64882834dbc5668a,pending,pending
25139c0c77c9ee1f40bcde5c,pending,pending
32789c8f1308e5817ba66b31,pending,pending
d6d0cee44548bc139ec8fd6c,pending,pending
350731677271883c52bff08b,pending,pending
6c507c3d1d86cbb488a709f0,pending,pending
80f5d3bfe0c96e6fd791bbbc,pending,pending
f5cd627a598c91cdc8d16035,pending,pending
e85404f38f3c0e236d55c80b,pending,pending
c056ce63315c4ef6cda79ce3,pending,pending
3fdd71b47d82d10c682db539,pending,pending
549899c13cf7965ce1acf4e7,pending,pending
44862810399fec74179ffce3,pending,pending
f18c1319ccd3f0af3fe6103a,pending,pending
1cbea916a3e3efd798739eae,pending,pending
371f162e407dbc63bfdd523f,pending,pending
0fda5d6bd0f8c99f859d111a,pending,pending
e0faeb8c2082567ccf7f190d,pending,pending
15bde646e2252b454c6ffd25,pending,pending
298d3efcc86591b90a7208d2,pending,pending
c7c2b044f53740dafc2fa6cd,pending,pending
8a0c9758887b6c878e9951a1,pending,pending
71d3fbe6fc2804085a68473e,pending,pending
55d6b05d57adf9a96a0f0257,pending,pending
adcdc06e9f097ee28485afc6,pending,pending
3740da1c6d8644a0f14caded,pending,pending
9a8f4af450a14d481e115f69,pending,pending
500c5ebcaca513048ad3d204,pending,pending
08d2a0438f070498555be009,pending,pending
49df45033b6012f6163abeda,pending,pending
06a475a590b9175d4909860a,pending,pending
43d7522037e156ce13392b0b,pending,pending
3dbedfb8c539ccb65dcec841,pending,pending
fe4c3387d034e683f2c55ae9,pending,pending
65bfb2e1b61a9db7534441b5,pending,pending
1034e2e64cf3c7b5db93880f,pending,pending
ce1d4987c59e6ef8038279d1,pending,pending
6da67d43afb08541e7f48846,pending,pending
b97476811fdf004ad30a5e3a,pending,pending
5411bbf3da0e7ccfa056322e,pending,pending
d9a21ac0a2c95bcf8e1343d1,pending,pending
0298e2ce75a5943addb13b4b,pending,pending
08f5e6f0faf2e0aa2cba1c9c,pending,pending
980128fb833f4e4eef7d33da,pending,pending
e1f2b20932e2124f23da7264,pending,pending
4742f9f2ff5b7cdf3efd1e20,pending,pending
7796767781ac2717e4b15e36,pending,pending
f6d6ca16fcd2b35eca185fe5,pending,pending
fe8bbd949f28a7dcee2c0df2,pending,pending
f28910f16232bc65e0ab7cac,pending,pending
ae85ed18e0ebdd9ed84aacd3,pending,pending
cd0ff2a4344db21608335687,pending,pending
e51c2317567f3d9da186ac26,pending,pending
4042e37d35a5e0c8b5703c6e,pending,pending
ba94fda11cc170186afc23b1,pending,pending
c7ef47e7c76f0abcd269e1c6,pending,pending
d6eda6bb59cca05460486679,pending,pending
772c024fb42b955e7f0cf4be,pending,pending
f9dbb8d9d717d931896fa7d7,pending,pending
9f092bf8b4e3969a32c5b713,pending,pending
54c5450d0096df733314a3fa,pending,pending
68a084cbcd9d6ebb7586dad2,pending,pending
4aa0fcdf8df7c54755a16d7b,pending,pending
cb9dcf031079141e84e88bde,pending,pending
19df338f05949442d9f2fdd6,pending,pending
995ede85a9b9f05985e42465,pending,pending
f61af491a85403b0675d9944,pending,pending
fc1a9d6e618a9eeb77f31292,pending,pending
88323ec9f237c05b0a6fdd4c,pending,pending
bb2f1b49e2c220109e776771,pending,pending
6c6ed1f4f372283c3859774e,pending,pending
4c94e63b4adf040916acb829,pending,pending
518530ad614d638a87f6c431,pending,pending
c0110402c382ed311e29ac5b,pending,pending
3186c558f87a8098e42603aa,pending,pending
dbe27a67762a9256494826b2,pending,pending
fdd5c745d32d93d3c87c4b1d,pending,pending
a5fe6f0b43a45e4abf81b273,pending,pending
83375b5b5013b0d8476b94e6,pending,pending
706603ee16f8d35b295306ae,pending,pending
0841343ebbac1a0284e8dd57,pending,pending
444ebb88b8342a4e04a1d469,pending,pending
395ec7ad395ce2f5da362d4a,pending,pending
ccb5c4571fffa3a393a0cac2,pending,pending
79721ead201e7d1b6f7774ec,pending,pending
180321fdaee8d140811a6998,pending,pending
260e7b6339b3acae963727b6,pending,pending
cb7ce743405404c2e77617eb,pending,pending
d7595a7e6b68374894371f97,pending,pending
6f70fc48ae4784e208cafaa0,pending,pending
7d9a7d40621f77e2c1b69b89,pending,pending
b846c36d468dc4ff8994ea96,pending,pending
c76bec8be6d9480a7b379814,pending,pending
57af3df3dd6eaca11efcd56d,pending,pending
83b9f57a10a6f86562b7aa41,pending,pending
17f164d0036173a1a8900b93,pending,pending
af485f0e37988d21b8904763,pending,pending
7eb0319d318de7432c9dc43e,pending,pending
76306fd196a90b4077335995,pending,pending
d6d1c761bdaf41522a5e14c9,pending,pending
ac17ddfab5471df7cdc64d4d,pending,pending
d76c8241d3fdb66511c0c8c4,pending,pending
58e6eed29bb4608245207322,pending,pending
64058b7ce20d0c24cf07aa13,pending,pending
478281699479253d233339a5,pending,pending
5b4b221ee0175667bf87ec7b,pending,pending
8fe17b35e86cf0aed84650ac,pending,pending
42bcd76702dc5b4a4cab9d8b,pending,pending
1ef903a2590cbbba9eb69095,pending,pending
150f185325355f65752c767f,pending,pending
36470ebfff16651edf9e9b5d,pending,pending
d5d1be7156689fdee8d7efce,pending,pending
3c16b918407c8c2c7f588fef,pending,pending
b510c648ae05db97e1afcf9f,pending,pending
c9e1387b232537525a89192d,pending,pending
5444c53614f5bdf809ce991d,pending,pending
ced9ef76238d76f65fd77b5f,pending,pending
e8ff2d3933353458b6377891,pending,pending
bc30fcb94e4046186652e9d0,pending,pending
a53b068227e7fa682b53be9a,pending,pending
b9b3ea7a69c4d8cc4a25956b,pending,pending
7f62bac683a2cd30ba815e2c,pending,pending
ab9192462b8b56a2e5cba274,pending,pending
7183ed40347d5a07a0158b1a,pending,pending
35eba63e2f550cdd92d4ce53,pending,pending
33b7d0d1215106dc48dea0c4,pending,pending
99a92a222a7ce04e3cc4cb88,pending,pending
3a0800d1f43360a312c2b49c,pending,pending
884a7c0a18a9d1eeacbb291b,pending,pending
77564dce0e522fea2bf9c8a0,pending,pending
bac3f06a80c0c2c316d4b7c0,pending,pending
fa502b19ffcfe411918d3d18,pending,pending
3ef1f970508c7d0302f4f8cf,pending,pending
10d65387b7412d954ea9281a,pending,pending
0c96264e2147b44a75414b00,pending,pending
67af788f9097ed0fd5d3ebfa,pending,pending
2789c9b15b9e2aafdb627c14,pending,pending
f908c5c1740233f9997ba2bf,pending,pending
98ca9fcad349a36d3d3797ce,pending,pending
54b85379aedeba2f12dccebe,pending,pending
ecaf7811932fa3e4c797d4cc,pending,pending
2fc30c23dff01e270de96f6f,pending,pending
283f1c276d6851b4cb78c45d,pending,pending
35106878c96197562be32003,pending,pending
f0296578dffce125e616b9d5,pending,pending
531b7dc1530f91e335daae42,pending,pending
1d223c6e9cc0fa1a53066ec2,pending,pending
235d32542997e2cd6953950b,pending,pending
b28276cf641249cf982ee113,pending,pending
dbda4b64d2a8de165a920764,pending,pending
3cd9a3181531f172911ff97d,pending,pending
fbdcf84015bd380743d73987,pending,pending
479dd3cc873577d68df56207,pending,pending
143ec9540d582d99e78ad8ca,pending,pending
5e3b139c92352a3cf4304871,pending,pending
cfc1534f0eb36664b8731370,pending,pending
a3b27b0ac1f3cce6bd892d1a,pending,pending
eae4f679e9b11a4c63fe58db,pending,pending
dae9be914630677650f5e303,pending,pending
5f59b3d0eaeac3b4b511cc51,pending,pending
a28dca4a4c8e149f4e854d32,pending,pending
c5d36eee5de69a8ec58480f9,pending,pending
af5e186630540b9142c925bb,pending,pending
7ed1fa3ef55b5c7db09d0d87,pending,pending
a8fd57665682c7254737cd0b,pending,pending
db5149b45cd715428a914a9c,pending,pending
884ff91a4e09905ecf3f6755,pending,pending
903bea1c800bc984cecfcfd2,pending,pending
5e8076ef68763d03e48d222a,pending,pending
0552f476c43e7011e1c35f68,pending,pending
3eb57390df031ce295f65939,pending,pending
3d552f3e0333665377e2f965,pending,pending
a399166741fdcdf90dbd7cf9,pending,pending
2f572d673faec88f4ecba675,pending,pending
c2c16517abc2e91206019f03,pending,pending
193c43dbd181857aea89f49a,pending,pending
47f937888eab7d248097039c,pending,pending
2aed28740285389ab11acb05,pending,pending
f70437f55c55c3fa844ca2a5,pending,pending
750dd60f9d6bc7f798edd0e5,pending,pending
4e28cd2077b69da4eb970ed6,pending,pending
703087aef2f834c814ac7d0c,pending,pending
f02a45f28b589ad7580a0eff,pending,pending
dbd1c470b02d6d6d249ee998,pending,pending
38d1ee80df0cebddf4b7e640,pending,pending
10ce24cb7f711812f808ed86,pending,pending
a6a11feb42d1418fd4b7b26a,pending,pending
bc866e3a30dc523480989c4c,pending,pending
36cad9bbeb2b078c32f26ae5,pending,pending
a73baa5d8069b0b6a21188ec,pending,pending
3035141f49cff871fb70a786,pending,pending
a1cd49932baa9ffe83ee9005,pending,pending
6d773bfadc7bf92cca43a98b,pending,pending
46bb336447e24f53757b140d,pending,pending
e96e19067269e3bacdb5ccef,pending,pending
6006d3591d73f5b1194c9d66,pending,pending
9f85978472dbbcd399378059,pending,pending
e2fac0f1abb7500ef919d187,pending,pending
ca812d3f48b6583f40d13185,pending,pending
237a115d7d76317ed3e5dc71,pending,pending
6e9d6bf265a8a203c2424f1e,pending,pending
3467dd5adb4a12d7ce0c9ea0,pending,pending
6d9d0ae70dab5f7b30f9f517,pending,pending
8b3fe3abb7ff26cbe6fd73c5,pending,pending
31f8d7a118e3f2f4b65aafac,pending,pending
b3caf14d0840744dbc2a7ffe,pending,pending
592013a2afd64687f9d4cf74,pending,pending
8860ca39858cbdb92b0f528c,pending,pending
7687edd5c2f152cbca5bc04e,pending,pending
abfa115e26216497ae521760,pending,pending
1a5c109039f5dae8c4b99088,pending,pending
337d23c4db4e9adb0efa1506,pending,pending
f4dee7fe21b82f6de73462f7,pending,pending
c8d7efa0a984273f600cf7e6,pending,pending
52f29e68f63ca0d5efad4cb6,pending,pending
95015e99671fc39870a736a9,pending,pending
f68b31415a69ed416a26ecba,pending,pending
4d7ae352a252601d354dc67d,pending,pending
36e1802cd4b81f8ca20c006b,pending,pending
077a80bbc2cd3d574234d788,pending,pending
94f7a0d4fd2edcc9a04b09b1,pending,pending
b9d43e652690c6e5d7b7c578,pending,pending
d73f6e15636aa52decb25aec,pending,pending
1a5c941a27f571dd775dcfbd,pending,pending
c2e92334184d1c769cbf32c8,pending,pending
eabc95f507f3e646edd39fcd,pending,pending
fa67c0c4cc7e84be15c7c6b3,pending,pending
562d0c4da7429e4417ab379b,pending,pending
b2277ba3771182bd7298c11b,pending,pending
e2d2824db81efd85bcec6ef9,pending,pending
0138eac2965678a469524af8,pending,pending
e4e7019a32624ab42d755bd9,pending,pending
ca243836560990b8f30c8def,pending,pending
a2806f71a8ac1a7be0acddd9,pending,pending
2ad3d2a7c7297ab69365c89a,pending,pending
1c1daeec03603117f3574420,pending,pending
3ae23efb55dbf9308d1cefea,pending,pending
0788d58aca4895f15343744a,pending,pending
8f691fa8477dd181df78779a,pending,pending
cdb8fb228a8abb2ba7943661,pending,pending
5ec95b942da6325c942e9e32,pending,pending
5246c5de701360af29303406,pending,pending
f8602c8a0c86d3494a011822,pending,pending
6c1ef6491aae85fdaca6d75b,pending,pending
399ed943c8915f1dc5908fb5,pending,pending
f9b417a7dc53f6880e2f2455,pending,pending
bf3486d7d7d624d84e6c0b68,pending,pending
dab0c2ce49b26425cdc55e9d,pending,pending
aefbf49c0401681ef07c1483,pending,pending
0ae8a3b9654c04db6ebdb031,pending,pending
47facb2722255f4866297f72,pending,pending
962a6ea92664ed163f5231c1,pending,pending
0c667821cf1f1d662ae5691a,pending,pending
10468cae89c34f9ceff8d405,pending,pending
9e6b10f82c85cc0f37da24ca,pending,pending
e6938ab80b5153a2f042e238,pending,pending
82378234d3abcf582655dff8,pending,pending
5ac68e820fc20667928b6edc,pending,pending
fc87fbd0e240b569dcd72103,pending,pending
213da109810a8c8a06bcd82c,pending,pending
926ff901bd23bf090cedc6e5,pending,pending
166e5135a56154026dade7da,pending,pending
2e48e03a7d265e3105c66dca,pending,pending
969157afef7d882e2633c7f2,pending,pending
5f6cf06a64aaeec5fd783eb1,pending,pending
61955944da0c15824b6bd6ab,pending,pending
7acf75892d06dfd705db4ec6,pending,pending
682c936c517c12f673976cf1,pending,pending
16a11549355b0208b86e0276,pending,pending
133940e2ba7fee401afe26be,pending,pending
aa4f9d42a94a6fbd90c5100c,pending,pending
ce59a45d9257d8863ceff0db,pending,pending
da49958c8e78281bd4940f9e,pending,pending
cd50e34df7c4e324a2592371,pending,pending
2695f326fb7355d2e856cffa,pending,pending
6c554e6477c717ad1f77ed25,pending,pending
ea819eb354b99c550089a46c,pending,pending
d9f29544fdc68eee57155804,pending,pending
a829e4df9d33567fa0bd259f,pending,pending
792b4699123415cc528f4d14,pending,pending
50b3e43a7fa17d5cce77e66f,pending,pending
e9d33f8c7e421826b4c2a385,pending,pending
a01cf3ebc96f7655a7b57b49,pending,pending
ba2bf88ddd2c7771efca0062,pending,pending
3b6596739b74993910432939,pending,pending
dc61f7aba7c2b0ef27ee12bc,pending,pending
5e72d628d3524fa92f32912b,pending,pending
655f4e27bb84eb5c5c8dbafa,pending,pending
0ec4d14beef5981fb3f7f35c,pending,pending
9930584a7267a9d87586834c,pending,pending
d625e4ffb974e7c3cfb08a63,pending,pending
9cb728afefb2419e57f8d013,pending,pending
9545b6eba9b723459d01eb05,pending,pending
102fb8ddf330a1e373b5e7b9,pending,pending
69b5f419c08584f3760f794f,pending,pending
dd62d63f84e93067ecd38f55,pending,pending
8c5756ff761e41ae8450ab44,pending,pending
a95b91840415d0bb890915e4,pending,pending
9f4577345e663f63ece5683d,pending,pending
f4b1ab3a5835ff9bc4304150,pending,pending
ed7d6b0db1f09899cb43c9a8,pending,pending
2141053770443f55f61655f5,pending,pending
82db2b424f2e7e470289e81e,pending,pending
a14b2298b15ccb2e8073c6c3,pending,pending
4d94e6084dd3caac4b0828f1,pending,pending
f56429c2b71b616f1e62025d,pending,pending
a4d30d8dedb946fb55064362,pending,pending
c86d676415250c7e04d74c5c,pending,pending
c5c556cb8db551461f14f96f,pending,pending
7c759c2c4dd8f2f7281dcb69,pending,pending
11032203e55eeda0f887299c,pending,pending
6fe29d8677ac7eb138675f02,pending,pending
07a9282c4ca9a87b4373a04f,pending,pending
e7e617a83a3a23007074b45d,pending,pending
74c1fa725367321466f37404,pending,pending
9363e7f90519b313d569b48d,pending,pending
db0b0b27b3b1591f9b52043e,pending,pending
aad7f0d4dca3961f1ffc50f1,pending,pending
d7f980f6818c158267fb84c9,pending,pending
6f1a66d1c7682f01761aebb3,pending,pending
90ac45ed4b313a836d003057,pending,pending
323db79473a87297dbc7a422,pending,pending
3e02dda2c18b07e6ed463893,pending,pending
6a7568c55475df851c3c956c,pending,pending
4edec89e64c0dc99dca008b6,pending,pending
a554f1c624414cd5ec268fea,pending,pending
80e89d53e79b7b195e908f4c,pending,pending
4e0c16edc68f66b6d47e0a46,pending,pending
1eec141e4f829daf64b1a02e,pending,pending
30d3e2373cb5cecce635727c,pending,pending
6d7db98fd6d1b933ac89a42f,pending,pending
52569fd07c3e853cae79688e,pending,pending
fb6dfdb508a184b85b06aa5e,pending,pending
6eea4e031d08a97777e09132,pending,pending
3876a053bbba8cfa2fbedfaf,pending,pending
12840fc64635c2a6e25e8b07,pending,pending
5f60da93717d6d7615d71045,pending,pending
6fff4e383577335d9887cb05,pending,pending
b501d28a8584ec0573525903,pending,pending
3c3b648d1c7c742fd266d48c,pending,pending
cbc1bd4f94eac9c46fd1a3de,pending,pending
3a7653ef11096e473a738700,pending,pending
a8e2767782888e42d31dff67,pending,pending
79067ac760f953edac6150a0,pending,pending
f46588c212c93dbcfa76ec79,pending,pending
15eb8d58a13f26711937ef62,pending,pending
fce370661c059ab70be7322c,pending,pending
1800e55e961633a8eaa8bbba,pending,pending
6359de5bed5cf38f549339bb,pending,pending
ef68e37069b7015e327902fd,pending,pending
68b89e13315ad4680cae3ecf,pending,pending
e44fd143d7841c692709a443,pending,pending
fe17dc9399664052378e48a2,pending,pending
674956a94682e95e212b2fb9,pending,pending
87c525aba8ba7bc7cbad50de,pending,pending
01bfd4e8d9993c96bb379965,pending,pending
2525cd838903268b5619ed82,pending,pending
26d53b6b9aba7a0064766e89,pending,pending
88d2fc5b4747f6fa7e75bf08,pending,pending
d072735900cf4ce652e8c6bf,pending,pending
a5c46f36c94458f2bd0e7cc5,pending,pending
4b7ba76a2ff4dbcb5e3ac020,pending,pending
60ee182c66e005ee16fac193,pending,pending
8f02edb63e3c6190731c94cb,pending,pending
44ce402a0370969206401afd,pending,pending
640dde7c4c938ebb53ffc954,pending,pending
0249d8f1c9df6dc971362e29,pending,pending
6fa0ad5a8387365f949c9217,pending,pending
b14383a82cadec12ef3d10d0,pending,pending
1afc9aa5ea6f61989643d787,pending,pending
bf22b25bc38426e504ef6faa,pending,pending
58fc5c3eb81dfc8a5f983ce2,pending,pending
ebf10b801426aa438824db04,pending,pending
6fe8bbf08ad2daa54d0d6125,pending,pending
784ab202c8a822e84f66e689,pending,pending
4294250f4db2f8dd5ce3ae7b,pending,pending
d5db6f493fec6e9b124106ac,pending,pending
9310844e24cc3a8ba9f776ff,pending,pending
4ed1e2ce36c1fc022d545b7b,pending,pending
d3d6e322d27bbd7ea7d1dbf8,pending,pending
ff39eb93d735795970c389ff,pending,pending
7b95996932e9fedc068e8cc4,pending,pending
c379a8e4201f638f93fd3f6d,pending,pending
b26a6313e3195a6d82e90513,pending,pending
6fee3c18a1321431ab6dabb4,pending,pending
6683e6e882493daacf66bc2e,pending,pending
2ba43e9e04d4bc9a1aff0ea3,pending,pending
0c09ec0c393d5370d520d1d0,pending,pending
21641097473ed2b655527b52,pending,pending
54a9ccdbb60110e73a98b65a,pending,pending
f843003790304c307e456240,pending,pending
5b653ebbf808df0ae502bb6c,pending,pending
6410ac9702159cf7f9b3eb44,pending,pending
7ec6f9cb8eb8206966586671,pending,pending
e1ff3428b37d8d4cd41da8f0,pending,pending
13faf56c5172f71767be8442,pending,pending
4e24a5f1bc9db279c41afa3e,pending,pending
09dc1fcf22d0e319b92dc72e,pending,pending
c85a3cc72fd2915167984b85,pending,pending
e74ac0318eafe3e4fbb08720,pending,pending
333cbc4ba17d4b32a2c0c394,pending,pending
51a37ba8152faf95fb08164b,pending,pending
cea4b9a9b98f7101202a4916,pending,pending
cfc25cd39dd0bedc88fbcbd0,pending,pending
b8d03bff7239db36ade4d9e9,pending,pending
41931f69f19561fd41e01892,pending,pending
4f5e96de6eab3d779bf99408,pending,pending
355b3e8d92ffebafafec0da5,pending,pending
9637bf4313742132fbe68943,pending,pending
39f0219cbaea7ee5f6854b60,pending,pending
1aac533a5385428d341430b4,pending,pending
9f3642cd9d355127995668a5,pending,pending
a62f8d7c1493cda14be56ce2,pending,pending
f9be85df4dbc5d178ef328cc,pending,pending
ae788e745d0c31f711d2d703,pending,pending
8ebf0dcdf0ad04ad3f6fdd6b,pending,pending
b2f285e208d68417e2bc7315,pending,pending
756976cac5e75dac7704e6fb,pending,pending
f22ba0a0861096380eb32324,pending,pending
813b193524a8105340ee22a6,pending,pending
c1da3ebc8b3b7cc3cf4491db,pending,pending
28568ecd0fe96d267505d91a,pending,pending
87d0155a0fd25db9aaa8384a,pending,pending
7ec16928205811beadf53776,pending,pending
dfc20e93989d3e83872a75c8,pending,pending
b930ea804bb95aafebc0fb1c,pending,pending
c74b617e3c3ec77b87d53537,pending,pending
35b821f0e57446c58f7d3a30,pending,pending
f09933eebf7472a090e7143e,pending,pending
563c1f76cb232c6f85e54883,pending,pending
14ab8097fc693146f253bf14,pending,pending
0d978c6cb05b2cfd4174bb23,pending,pending
0f559fe2e116ec8b99383254,pending,pending
89a40fcbb64fc9839732fa46,pending,pending
9b6f47d952424a1495e6a982,pending,pending
41e37e932eceeb143472672a,pending,pending
13b09e155d91c2802c9cb241,pending,pending
e504aeb4779cc1a69de4085a,pending,pending
e0a7409c42887bc32879642f,pending,pending
b1b5bc8b55a693d4d2f4665e,pending,pending
96551fe144b34c087dace9bb,pending,pending
1e8cad77300440a137e7524b,pending,pending
3cb2289291349204989da5a4,pending,pending
85ca0b508146024b36244725,pending,pending
48231052eb52db55af6fcbc0,pending,pending
c91f409d19523e35f4585fdf,pending,pending
63e15e9a856ec1b7e6e2d01f,pending,pending
fcb6f4a884a181c0a8941ea6,pending,pending
b8754cf7428481fb42471a3f,pending,pending
1ebd1d3b5a027f4dfa98da10,pending,pending
364605f49d73fd60896b3686,pending,pending
5f30b78ed620c4b0a1cf67ab,pending,pending
9d1b31e584035873f46255ae,pending,pending
1d7f63db5d150fb5470ab26b,pending,pending
8f14416fdcb84e1fae3ce306,pending,pending
0daac0bb6b457b0462960d5c,pending,pending
2fe6ebbba75a30724e61eede,pending,pending
2ae2dbc1cc21d02000927bfa,pending,pending
b0308adee580a61af4835c1e,pending,pending
f82477e75e9be56b6498244a,pending,pending
f01d706145c65c8d85c1b318,pending,pending
43884089a980796e0b3c0216,pending,pending
62ab76c241b966fd46232df2,pending,pending
e23cfb8490968ac832ad8a78,pending,pending
c8fb1b0063a3cb639855259f,pending,pending
e6be54bed9b67f2413fb3634,pending,pending
c53cbef04d91548ef9583d88,pending,pending
b8de426f9afb1c677a8b1df3,pending,pending
e3b93df371a443a9d0fd890b,pending,pending
940f0d173718e03834fc7f02,pending,pending
92e227e20e034bbb103e626f,pending,pending
a65f5ccb6b7f8c619a5d78da,pending,pending
66ebe21f82ae80aeb73a839a,pending,pending
a99d49dc431ffcc8e8071a6a,pending,pending
28832e3700e174101b7939d1,pending,pending
bafc2c1f763a526b88a455ce,pending,pending
43f13f192b632616bf9a323a,pending,pending
88ce9d97cf12ce4a46bd4b17,pending,pending
ee9e3f03753722c9ea495ff8,pending,pending
75d5e7d63d1c707dfb95ac90,pending,pending
386bbec13f5d7ffd1c2fd503,pending,pending
ea67704bfbde475fa2505357,pending,pending
de0220d208ffbdc7d95a0e7c,pending,pending
a0afce83b8337616e2522943,pending,pending
1934bd9122d211abfa21fe2a,pending,pending
9d08d99add5e524ff446dc8e,pending,pending
bb8a17a82c88c493387e9edd,pending,pending
d23ff4e6eaf2e4ab2d58bc10,pending,pending
d82f882bd5b6b837ff570f71,pending,pending
c1b8644ce7d46aa9cc93cd96,pending,pending
48b22e92d53de42365e688f5,pending,pending
9d630632d016003ea1005304,pending,pending
560c364f54b30c76f7476ec0,pending,pending
c9cf2fbae564c862582e277d,pending,pending
0cd05fedd60417404580f2ab,pending,pending
d8815feb332cad1a8dee8d99,pending,pending
329e9e6ec74079f91d504df4,pending,pending
921749c8abed9b5c59b4d097,pending,pending
b4a090d1d02cd9f04c0773f9,pending,pending
71abe8aa626c7fe3ae8e4a91,pending,pending
6541739efb571653ffe6e481,pending,pending
b6844178bce33efe230fad73,pending,pending
910015d04876986da568ff52,pending,pending
7ba082b93eb7b2d801b58cf1,pending,pending
199cfc8b823659e040814e2e,pending,pending
84f7dd3fec0e8bf6eda83c2c,pending,pending
56d26b2d581fb5d65de2a1b5,pending,pending
d4bdc34053b2ccfb6ba80ea6,pending,pending
49c034e3807d64fb3310c802,pending,pending
dfca65f9a0e126d8a5ad1814,pending,pending
df27c86f0845ae28bdf32226,pending,pending
3fa3bcaf0355084a629e3f7f,pending,pending
de27846d1b8646044df5bc35,pending,pending
457998723a45f5e5c6fa9cb0,pending,pending
919eef2daf2f8b9a0e54f565,pending,pending
b7451e047f613321768ec25b,pending,pending
da418be806e1a92a38d176b0,pending,pending
d4756251f21ad145e7fe6b5c,pending,pending
7e0ce03a3248c75bb9304873,pending,pending
2aa0821ab606181c6ae13c3f,pending,pending
26b64bec4f975a5b24ead161,pending,pending
822200fe2b715433a1cb60e4,pending,pending
2b05a9e30b2a0c52f7d6425c,pending,pending
c56a52b6dedb43e93ac6312f,pending,pending
a0dacabc5b58fd4e3da04b96,pending,pending
4ae53cc0adbaf13a52897143,pending,pending
a00f209aeeee2037fc30cb71,pending,pending
5a7780f8019ca08715a94b2e,pending,pending
7d2facec1344064fcef06d70,pending,pending
596ac807d815ae658d19696f,pending,pending
43ec28e707a099747132a87c,pending,pending
0eba6012089ced83598a1aa1,pending,pending
59dadfb6bfb9ac4034955f40,pending,pending
9ceeab22bf4df4b66adad8ec,pending,pending
405eb01dc415a2a878f73bf9,pending,pending
9fab88325c13b5afca99c20d,pending,pending
0e8987be6b7a8140509b69a7,pending,pending
0aa196eadd829007c135aed7,pending,pending
9347631c3047b899afd7e23e,pending,pending
28be0c578ce95ea9881e3a0f,pending,pending
58bb29695e9c22e4f86a3a86,pending,pending
690372f44be2438babf4182a,pending,pending
249b2720346fc0226864217b,pending,pending
e328c9ae0cf9a3c0a8c7d0ed,pending,pending
474df30a6690b3beb404270b,pending,pending
b5d4130371a036b5437edb08,pending,pending
2f6a681db738232581321755,pending,pending
c94d28b255d10fbd60befed5,pending,pending
1751aa6a5ec3f36ca026a6c5,pending,pending
6a9dd4094e5834010c660bd2,pending,pending
b9b0946f450fc039e8840a44,pending,pending
5910c623d1435ec24d0c45e6,pending,pending
f228910937808576ca7aa617,pending,pending
950693397122b689023642ca,pending,pending
ff0ae0c95daddc6f58484d72,pending,pending
8e46bd606e19744c35ca25e7,pending,pending
a0968de796335363f735bf61,pending,pending
43d720322805e9c6803e619d,pending,pending
a7ed821a1852f3a92d3457fd,pending,pending
14b50a4e8f10f02dac49bb93,pending,pending
6b000b004a80ded5c9a7ea55,pending,pending
cdf4d8240d54b8f4bbbbc2c6,pending,pending
9b8057aae3dfbdce3fc40cbd,pending,pending
8538e2da3ec5ea7575e8b04d,pending,pending
0b4b682cc89e5e918e89ea1c,pending,pending
a53c8020f1f1803e39ddb404,pending,pending
f0bf7a32a440806ffeadd06b,pending,pending
7e0be621ced29655fd37557d,pending,pending
01475b0a5848f612c828d16b,pending,pending
d80b148aa1b7183760dcf2eb,pending,pending
c3c7b731b95c963eabe6ad30,pending,pending
9df3a88f9ef085fd3551dca2,pending,pending
fa8f56120b3a98ee02d7fdda,pending,pending
23673dbe917eb1f09cd140ca,pending,pending
fc96198cd493f53eb4214f37,pending,pending
ce73bb06f22b00ded6ecf3e7,pending,pending
d774ad5af822b021e90ea647,pending,pending
fb6813dcfca2bcc031035f93,pending,pending
1d6a1c3caf783b0f92b32c9b,pending,pending
cebeba58ec47350ea083069c,pending,pending
4efe1e14aab644fb4ac84bd5,pending,pending
35463d648683e4c090064863,pending,pending
b7a5434d78941cb061a0716e,pending,pending
aa5e9ca627c7ad59de43a00f,pending,pending
0ffd7e4b42e88a2a8fa9f9e5,pending,pending
af252aca57c6b8ed2e0de146,pending,pending
31797925f57ab4fc0e452c02,pending,pending
65ba9696674d3b1103cc8a42,pending,pending
03744d6569f31451c96c91cb,pending,pending
bf597125c00796e1c27eaca7,pending,pending
3b3e3942a6c42a9040fa0335,pending,pending
89e2399dd860257f618676ae,pending,pending
5ec87886fc067477a95e8624,pending,pending
0c5712695635801f5021a227,pending,pending
4a4b5d51d89892c36618f720,pending,pending
668b0c4eaa122b5ae6a0282d,pending,pending
094c7bea158b0d8bf4cdf631,pending,pending
5ce18e7fa0b93ce2bd64d35f,pending,pending
ee45966efcaeefa5a2a687ae,pending,pending
e9a0e77f208c896c95e8e7fb,pending,pending
365a0e9454f99c4f8b99aca3,pending,pending
8383e3bed7a4afbc1c931380,pending,pending
c702e94845c9b3ffae993657,pending,pending
783524853eff369f1a481a55,pending,pending
7346fcd4a9e26583c3793130,pending,pending
0eb5078379ce010dc0727ef7,pending,pending
ce3d9127a5164c0fdfc2ebda,pending,pending
28ecf9e8f5417fdc208b1845,pending,pending
2884acd601195350c7e205cb,pending,pending
d69b1894b2e1dfe0dccf5190,pending,pending
a2c94596f96dc714743679ee,pending,pending
07dc228b837e012f3e6d4d46,pending,pending
a0c92a118025d648bc4d6791,pending,pending
d5925b01edae0192d7271326,pending,pending
3861504d14e9efab74547b66,pending,pending
d66a830107ef0481adc495f7,pending,pending
7ffd0144e238f0ead83f1dd2,pending,pending
d864ea297ae4dc545d5ef715,pending,pending
a4b2f870e4683ce7a8bdaa33,pending,pending
aa4c56494ba9026d7091c9fa,pending,pending
41b376e54386e8270f44e863,pending,pending
c078d037bfa269f79401d5f1,pending,pending
9cf87997978220301dfc78bb,pending,pending
6eaabdb999dc7e7334a43daf,pending,pending
c1dfe37aa3e77eb83a9efc33,pending,pending
14228aa642e606d2c66f76f6,pending,pending
b5b72204eb3eeeadce3c4ef4,pending,pending
21fd363096219a14cff6ce5f,pending,pending
616e82ee5ff3d2695c310417,pending,pending
86c5cc4d3fc82c135299258a,pending,pending
9ab575529a2f1f2b80516284,pending,pending
f37d129c5736f111e72d2b89,pending,pending
793c2169538e95b9397b5db9,pending,pending
c80a327d98c8002c6f158098,pending,pending
76f0441ff5f5809a0843fc81,pending,pending
12d40fcbb925387121ebe3b1,pending,pending
db4dc5f28e649c0dea5f98a4,pending,pending
6cfd0a3b9564328a1222e6ba,pending,pending
1253ea48b7d9202e3846b8e4,pending,pending
86a35c271d5df84cfeedc753,pending,pending
7aa3b2d5aabef2c5a6ec33a2,pending,pending
514e642ec883715589541802,pending,pending
3f34876c6cf6757250674f0d,pending,pending
b4db9c5005cc87f31e225437,pending,pending
883f0f2d08e5c3ff62732355,pending,pending
054b7948ea26c519f4eec18a,pending,pending
890baf80d44a5652f16f5cba,pending,pending
81c2553b248035ba9bc4f715,pending,pending
303764e7a0ece72491000e0b,pending,pending
b6da1732f50d658c57512270,pending,pending
4839c20f1b95d3b06fec636b,pending,pending
8daa9b70373319cf5ef40442,pending,pending
cdcf36e3031c9d6438de8d01,pending,pending
bfa4f92c41f1e3958fa94d36,pending,pending
9dbd998f4bdef50a9b492fc4,pending,pending
e589bbeb756daf545de7113f,pending,pending
2c23df1a443f07de92e433d7,pending,pending
4015bccf8cfa5df3587f1e5d,pending,pending
a7528b35944b1fde7776fb97,pending,pending
4a1dc35703ccf54251127442,pending,pending
8cf1cda58521912c66874732,pending,pending
f8745e134d0c23518ac000cf,pending,pending
727db99cf5287bd59bdd4442,pending,pending
e69a84f99e4f6d93cc69ea17,pending,pending
56cee2e10521b51a276524b7,pending,pending
5c8a600a01ae0b52f82fdb87,pending,pending
77955a6eb7987cbd93265706,pending,pending
6a7c1eab5e159ff8b9b7ce62,pending,pending
b01faf09b6f34b2bcd1a0928,pending,pending
a816e877897e89251bd7fe35,pending,pending
c94e23a3d00f44a595918e23,pending,pending
ba993ad69273b5c21d0d8dc0,pending,pending
08652dafaa6e14633986f79c,pending,pending
d57bcf87c69e159137395238,pending,pending
b11a098af946c86bd80eead5,pending,pending
d56e31867565488e26679862,pending,pending
4e02822c5f641bcc8ff3c009,pending,pending
ac3c6d3f8ba207101bc91409,pending,pending
e50cf7afb03445585e421db6,pending,pending
9ace8931060ea5a1c98d2406,pending,pending
ba1e0ad34a732192890ae03c,pending,pending
78a385b4cb08545731b8ec62,pending,pending
a00b0a88c8fd774898f77bdc,pending,pending
e7de02ec32c9fe6b560dc2f8,pending,pending
fdcc542fb49ada10a36844de,pending,pending
5e6b6b46229e850bed42872c,pending,pending
780eaa043dead58eb192d8b6,pending,pending
1ad04c76262f196770080d68,pending,pending
08e3a87063f3dbc728c46a65,pending,pending
dd5e8898a7b4f93cec59bd0b,pending,pending
b9a2922e55fdb573e36fd290,pending,pending
6a62788c252692ee3bf30ead,pending,pending
f8aa7e839f1078a58a1b61e2,pending,pending
ee9652714623ebca5a1f5984,pending,pending
f400de9a8ad8fd543813757e,pending,pending
cc868ec4191f373ce0d57050,pending,pending
b7b29c9c53d561e545859810,pending,pending
17fdce4b4c804b19dae9169a,pending,pending
f4644f53a89ce08a5fb5c00b,pending,pending
126fd40e76c14c62fea0a2a7,pending,pending
dba803526dcb2591688bd9c5,pending,pending
7c87b60c1c7ea755cc5a8c0b,pending,pending
af7a6bbc897109fc8024fefd,pending,pending
2337a8a4ab40f3cf91289501,pending,pending
37b42514ad2887e46a3c4bfd,pending,pending
d25e5a9c30090aa2a883ab6d,pending,pending
3cb6f40169333323df28c721,pending,pending
d67df3f9747385ea5679dd26,pending,pending
521fc574ed1e8af71e5229d7,pending,pending
a9dab748f11c9ae00bba5cac,pending,pending
5f073e4ad4403e4281e90969,pending,pending
818f5b91c48fe1d9aa013bc4,pending,pending
0a99ef11334b3f1d321ba42a,pending,pending
aef01ae24bf899384941c7fe,pending,pending
bfeefcab782ef869062665b8,pending,pending
3f6144636367706503c61189,pending,pending
c1d21294776561092cb040e1,pending,pending
027c1e56110af6eabacf26a6,pending,pending
5874b9c35a5adab498b16dec,pending,pending
7c805fc00f58852afddfb32b,pending,pending
f24bd75434911cdca33ae382,pending,pending
60fe2bffb807bc7a9dfb2525,pending,pending
1d28ec53ad8ea71a7ff24ecc,pending,pending
8de5f8315344529379c1816d,pending,pending
2cf4a0c31e9b4c266655e6e6,pending,pending
10c74b472886ed43f0ca67f1,pending,pending
3ba56bf68ebc3559bbc03c64,pending,pending
ee63f410c1ef33dc94ce1c1b,pending,pending
1c1643fa19d545eb6dad1b21,pending,pending
bcfc608078afe1ba42ef8b2b,pending,pending
5b46e916380619a099efcbd9,pending,pending
9a100d394589cb95ff7415d4,pending,pending
4dd9a695818cbcc3251a9e56,pending,pending
f501aaf3c8ef62243f584c25,pending,pending
9cb131bfafcaa230dc91da38,pending,pending
fbdc100a07bef3e0e8a8ce26,pending,pending
8ac92d1dffaf95272306a119,pending,pending
d73b160d7765d22e1001630e,pending,pending
caf9a448ab64c002a66c636b,pending,pending
172cfaafd50dc99549987fdc,pending,pending
0ca07fe6fd2f37b830b6fe5b,pending,pending
ece304e1832672e78821cd21,pending,pending
69563adde4cd6c64f059f1b6,pending,pending
07302ec34bbcc5a56ebcf7c8,pending,pending
f6174ec296eb5102e89c8791,pending,pending
02b3cc2372db369aa63de0df,pending,pending
5c77f6e56a09325726c5e3f0,pending,pending
c7f69b7d5f7da3fadb8628dc,pending,pending
4634b8b5bc97cd0ccc07cc08,pending,pending
f6291c439f4aaa25847bc32f,pending,pending
9a610a42f2035fb288903265,pending,pending
44d606ebefd14d61082e1f10,pending,pending
c58ab2d62838e5195b426f3b,pending,pending
b6f9db4ffda7eac8d2d4b907,pending,pending
bc78223847abf544ebb83bfa,pending,pending
d08ffb70dc13dbe691d78bb0,pending,pending
c6a496c7e9ba91baa4970238,pending,pending
75701276e0ba1bdb24d194bc,pending,pending
3979431dd2401bd833829113,pending,pending
5dc830c5691b886576b47bc4,pending,pending
b6f3ab2e5d8d6f7f2c6270a6,pending,pending
c44d7e2005c024da06e435c1,pending,pending
2bbf9796e617d064f20eb073,pending,pending
57144315dc64e03fc31f9029,pending,pending
61a5ad08fe0d96b86753fd4c,pending,pending
f503770ca8babff87f0798e2,pending,pending
cc2cb2a88aba9519744baca6,pending,pending
a28d3d03719a2729318bdb2a,pending,pending
f75b2b49f14cdd3027e5db2c,pending,pending
889b9730a7fac2cada6e0f7a,pending,pending
24646fb2f5ef6600c9c676a4,pending,pending
15533240c4dba27a4f33b0a5,pending,pending
9e0fb25648c454348093d7dd,pending,pending
bf2d5022e5be7e2f2010653f,pending,pending
7e97e69e0759ba3154e0b08d,pending,pending
b6671648242651ccc3b74ae0,pending,pending
ba6bf3d73171214cd8f33367,pending,pending
d9b44f6b9fc8d4cecb4d1733,pending,pending
c414b1dd7596f0464e7bf433,pending,pending
1b0174587123d3e68dafe1b4,pending,pending
d66e4dab76ad08bdce576dbb,pending,pending
671a873214982bf3185885c6,pending,pending
0285e4d0edd2be22ebd7ca80,pending,pending
caa955eb97ce9ffea22a1d84,pending,pending
52cb39f5125cb37484a82f12,pending,pending
3166aa87c620f441553161d8,pending,pending
356690d96285dde5402bde51,pending,pending
74762dad282bd84818d4a2dd,pending,pending
97048b1a91a9355ede3c6844,pending,pending
b66b3925aa82ec8822923f43,pending,pending
cf19f10167e30d0e27fdcb92,pending,pending
42dde198e9e85d276eef8243,pending,pending
2d33f9543df871c7f05f5f3d,pending,pending
5a15be61e1d8bdb8205c7257,pending,pending
f0a66c9b37b5cf3c05b50036,pending,pending
029c41c4962226ba5c802368,pending,pending
a885e5b4566e8f855d72da5b,pending,pending
9e2ad7f7c43066172dcfe785,pending,pending
cae0bee79afd6837a9582c24,pending,pending
a2b2c330346e5603820dc159,pending,pending
85dd0dbb1702c9dcd68060e2,pending,pending
e027e6d62223184f56b0f8ad,pending,pending
821c765107d84791fc3ec10c,pending,pending
d8dd295c275f751b8283af5b,pending,pending
14683c6cff4ffac634c9c2ad,pending,pending
01a2a22767b4f6b16b8f1f6d,pending,pending
a184c58d4bc6fa5c4cb3011b,pending,pending
ba5b1505159a6bd708da2a22,pending,pending
f141be7c7a762516149f3238,pending,pending
8c5684835ec6f43082a7be45,pending,pending
604f54b656e6a16b957de49b,pending,pending
8995cf3c1e1a9ff010bea0b2,pending,pending
ed524d39ad9fab332c693100,pending,pending
771a1b9148eacb0209638334,pending,pending
ee3f8f83dbfa334d74904b35,pending,pending
1bbdcc2f42de3a60d8e03c29,pending,pending
620302f79ff7e8c35112c64b,pending,pending
7d8e4d3a1cb9e19731ce4093,pending,pending
e58a0c21a35a956d3a247248,pending,pending
ec29711f5786176e58e88857,pending,pending
6527c2fc81fe7eaca3b8d800,pending,pending
17059d262b54fcd0ec787b6b,pending,pending
66d0a5de5fa383bed8842fd2,pending,pending
5956dc3ec2ac24aadc2c71b0,pending,pending
e3a130413fe5a32fab371aef,pending,pending
ebe9c4f979641aeaad16c81d,pending,pending
3bf63c5484c9da7b03103880,pending,pending
09c412a94ffd72ffc2c638cc,pending,pending
c3708237cf0e82803949ef86,pending,pending
5b2738f98549c890116450c6,pending,pending
490c9325f3595a1a84991604,pending,pending
b0ba97e3865672309b54e886,pending,pending
b68ac1cbcb833f3f1ac90d4e,pending,pending
22ed2ff63fab477c30f5b4d3,pending,pending
2b370eaaa133e08903a8233f,pending,pending
a0e8befd967dd749b99a2e86,pending,pending
2201871cb85d6fddf6667482,pending,pending
03f24dd3042d3be96ca5d96b,pending,pending
5ff62d9e27a9d57dba9a1d5b,pending,pending
81cc9be4e8f93c390016a62a,pending,pending
cb3a65972b6a65a8252b4395,pending,pending
99fb0ea8b13cba78561987e4,pending,pending
96c99e8da19a964fdf366735,pending,pending
18459f6f350973cb8607a9a1,pending,pending
a51241fae5bce4d37e862883,pending,pending
109973f01379789950b34a6d,pending,pending
3fd0c882c846c362aec0053a,pending,pending
1426104d2f10086069c47a1f,pending,pending
c2c4eb6c97a8babe3fdb1266,pending,pending
07be0d4315b063180429295e,pending,pending
78299ec53cad964bba742d88,pending,pending
0693eb1b7c6f18b7ef8e62e5,pending,pending
752f3aab90817136578cf2f5,pending,pending
01268f5d6f6ccd0ebbf3048a,pending,pending
97a715f439b8d7a9bee43377,pending,pending
96fee63e9d3e1a7239fb49f1,pending,pending
d398ca6534e532b9d4da1c57,pending,pending
28cba6e98e60c736bca8cd34,pending,pending
dd3ee76850836e71a023632f,pending,pending
50591a984bef1754d8f8fbfc,pending,pending
9e87a724b954f488522b734b,pending,pending
26b8c23c4d878197ffaf5b8d,pending,pending
515a21358f1d3cf25a609dd3,pending,pending
ba26d1af85093214df160b43,pending,pending
9615b1f167f61f08aac7459e,pending,pending
9c76e540c4ca340c01023635,pending,pending
cc092844aab10bc855b1c17f,pending,pending
20e2031d24a48fb1cf7c0431,pending,pending
a870a86c79ec16bc8f9b87e9,pending,pending
080f00cfcc012b26f59d7a04,pending,pending
d5269c3cdde55fcf9779dad7,pending,pending
4093f4a1285bdf91470f4261,pending,pending
6548442c7514ee59074d35a5,pending,pending
21c9a1724ff19e819d0508bc,pending,pending
df4bcf78c91ab043c30710db,pending,pending
cc1f1fd0c7407e980614bcf2,pending,pending
689bbe0dbd781d9142d14a84,pending,pending
0760dae6bcfaec75c8780e8c,pending,pending
4e995073d4d2d633ca1241b7,pending,pending
861c88de8fbf0c64b0135971,pending,pending
1e8b131bce71f38096229005,pending,pending
7e75f1351b4ee1483f036d61,pending,pending
898b48db604bb58d95de8372,pending,pending
ea0fd1da09c54a05ecac6677,pending,pending
b5fea333fab4c68b3c14fa61,pending,pending
43c3fd462507123596a5d76a,pending,pending
6d2b30d579d0d97c75ddc302,pending,pending
3abc5ac06c550939bbfb0a32,pending,pending
4cfc414b245008fb2e13499f,pending,pending
53aa66bc93eae621d06fd3e1,pending,pending
e4d74fbe81f06ac9a1b22ef7,pending,pending
3dd7891a972596729b90d18e,pending,pending
9fc5b61c40513750a3619915,pending,pending
a1b95d06dbcb1950cadf06a8,pending,pending
75133274a227607dc47c4c42,pending,pending
1df8122597951d49c30db3cb,pending,pending
c9501098a22fbeb34399f03a,pending,pending
aad07e99615d3980b0fd3dc3,pending,pending
e535f0f3db9b851da2fe5e49,pending,pending
3e70d0bc2acf51fa475f326a,pending,pending
75f8d7b72b4fae92e82468ff,pending,pending
ec0dc3ed5d357ea235c2f4f4,pending,pending
60654f9a0bc608fa1784bdb9,pending,pending
9ddab2c569c68caac02cc5f4,pending,pending
f1fd90b5bc49d41c9bc6ce27,pending,pending
c4e9cf54be37fdfdd9063be5,pending,pending
e7ac2b6307125b2eb3505d9a,pending,pending
f7e9948208c8c0642e40ffad,pending,pending
920db2c25c66fcd424995d94,pending,pending
4efa23e9483bd2708c2dcf75,pending,pending
925b698380f3992cf4e7c8e2,pending,pending
3dfa6dbeb5e13cb014bbd1e8,pending,pending
ed311475e17f5fc98ecc26b2,pending,pending
7614de29e05fc5e56ffda213,pending,pending
d9c8fd5af1362472f1b117e0,pending,pending
d3392114669173528ec928d6,pending,pending
e2e13b3ce95da72d132d2be3,pending,pending
7f1749fa97defdf6fad4b8d5,pending,pending
f1225c31b972f64e35b59b20,pending,pending
8876aa36c369ae59ec74aba1,pending,pending
b7f94da5cf357740c3e01af8,pending,pending
03f9b2100a904b40835b76b8,pending,pending
19197c0cf0537293e285305b,pending,pending
4e5ebca8ac87a0e1d64c4bd1,pending,pending
d657e44a643105ce36fdf07e,pending,pending
a97855656cbf36f6c3231d2e,pending,pending
e1254a1ca0bcbefd913fa983,pending,pending
c2e7bfa11e0b26c27650922e,pending,pending
eeb9bc936dbcf624821abe60,pending,pending
6174c303075d638d42672f6e,pending,pending
4f5420549826eebebeb5a5d3,pending,pending
4fcc9964e322e4d72c8c5487,pending,pending
3357f7edb4f6323f82da2f73,pending,pending
d505b2ea438182a7c388df98,pending,pending
fd45b20812fb0246a1bc912d,pending,pending
03de0ea05bf7b797a40819e4,pending,pending
9dca90c40a642003adadc05b,pending,pending
d98ec4e6e542ee993154f8e7,pending,pending
e8bd70aa00ea051d1710d232,pending,pending
f52c56ee1e4bb3de39edf47f,pending,pending
5ffcac7bddaf508b024c8f5c,pending,pending
e7b2c1c656bc04dd4e183913,pending,pending
d4d20fe34e7e4e3520536bc1,pending,pending
cf0bf8e10222ec891161b85b,pending,pending
3cc4d1be6210b52b4c1986f7,pending,pending
e68194bbe45ec7fb2f9d4eb0,pending,pending
3e67e96da0fc5ffe2b8e68ae,pending,pending
e5c80a37ce37b1f4556dc91b,pending,pending
786535179f7dc46f2dabb7d3,pending,pending
0b873ccd89f5e6b27f3d1296,pending,pending
634faa26296d6c09bacd2674,pending,pending
180351f983206987f00b6c70,pending,pending
c19e0ac4dc8b033eb3357714,pending,pending
dd33fa96cfcb1c73a016636d,pending,pending
0e21fb01a57bd4468e3b3d91,pending,pending
bba329fb5d71343db302a890,pending,pending
94da15fffdd7043820f7d6af,pending,pending
dc301fc71e8177ef3c7070fd,pending,pending
f806b00447e6efdcfa9fcda1,pending,pending
be77243132d74187e08254db,pending,pending
2279800abfa0e4f1b9f9ee65,pending,pending
d4c27e9c8a94d8fc23dc6f68,pending,pending
faed02138eb11a8dd158c602,pending,pending
27138454d1e8aa13ff884656,pending,pending
535d8f3ad37ce98dd685f323,pending,pending
4c27ed5e805f2e308ef590b8,pending,pending
56faa271fe205888c1fc106b,pending,pending
0fdb94cc06bfe4db4d4cc0c9,pending,pending
5af76ba5a460614cb6b769b6,pending,pending
0f0760351f06974cffc01601,pending,pending
dd992ff33e5e11a9df6c6c85,pending,pending
8613d71a4871330afe162d49,pending,pending
8cdba64854b41434c2614942,pending,pending
ec577a787ce705db2476100b,pending,pending
c99a96e8503f262d7f856b63,pending,pending
c50994d112d625f8cffc6730,pending,pending
309ca9a1ebb7141fe40053a4,pending,pending
2b76c71406b93529c2b0fa66,pending,pending
1943443076fa403bd9599190,pending,pending
0c598d5f43e74aa1682f473e,pending,pending
5f171a982c4bb15fc2af2f78,pending,pending
c8b4d8b3f92dff9ff68a19ec,pending,pending
97dc16b421b820a05d2f7eee,pending,pending
358a833e01a5114501cfd302,pending,pending
610a9849bdf957bda4a9bc45,pending,pending
6d80f316171b4c7cee0b3ebe,pending,pending
762ba0267792a0a3486aa0f8,pending,pending
ddad7764d96943eae67cbbfc,pending,pending
ca5ccc12f308c932c918dbf3,pending,pending
810be26ba725bf3bcab39891,pending,pending
27857b44e06c399cd2b6290c,pending,pending
97036f1094ee06334fa12f8e,pending,pending
ce43689f5ddfd5979bfee8ee,pending,pending
498327695877960ed4c3b844,pending,pending
a9483a88d8e51c5254a697c2,pending,pending
5179f337f7ca651f5c12f2e2,pending,pending
df1d86997df5c48087137d02,pending,pending
e602c70ab7424ad6c156034e,pending,pending
4daf456300a29c2c53475ff5,pending,pending
ceff4210c790c17a2e2ad997,pending,pending
e86c1e1de69c3779c8e8f610,pending,pending
204ea9fd35a545f8797dd500,pending,pending
b70615dddb717f5f48b15097,pending,pending
e780e05fc29a0633c53fb846,pending,pending
52e5add3f53e2a14bde73075,pending,pending
37e1081888f5cdbd8714be62,pending,pending
83db85e595909f6b98e9e87b,pending,pending
b1d4ce5b582b3a9464ac9f94,pending,pending
19d7854295b4b44a04efce0b,pending,pending
72aa10317f4510abae2fca66,pending,pending
a714c0ed972a051054742934,pending,pending
8ba3f4ca1de554316deff6b4,pending,pending
44db5a9ca64ca07cfbcf1c41,pending,pending
1ec32d0b8e590ad82d25d7a1,pending,pending
52470e4126a538aea721d74c,pending,pending
5f172300515235246b9f79bf,pending,pending
b732dd293832b4e5be78e2be,pending,pending
fc057aeae2666db974b0ec25,pending,pending
4896aa9d3f186d78989db7b6,pending,pending
0a440e4c33831922dc17528d,pending,pending
3a35b206774dce0a254ffe0c,pending,pending
93a3ba78d693652d4fbe5005,pending,pending
6f81e5af87c694b98eb35150,pending,pending
f14c4865ae7fffbee2ed30d5,pending,pending
2817b0d500a1dbfb4bd8396d,pending,pending
eb18a3d7b8c60ea6278a629d,pending,pending
636a59574a3c65fba33f58f9,pending,pending
c0c8d45ade55eeaa8090bac4,pending,pending
e9c0ebf2d086c73ded7da7d9,pending,pending
ad638cc9fe0d925e4435d7e1,pending,pending
8e6ce9f2e672e2f912062a5f,pending,pending
7ae5abd88f6958fbc099c908,pending,pending
8da0a1c7bb0a217e200c4ebe,pending,pending
e79e14aad57b4a57eb69833a,pending,pending
09acea0e3bbf8db270de0c9a,pending,pending
95a2d75dc2c3d72cd0ca8746,pending,pending
45caba963c7dfca9fdb61819,pending,pending
7e52f0bd96f9276e6f6af6bd,pending,pending
af488813a92dcc4f7a3f587c,pending,pending
a8f8cfe593ada03aceec13ab,pending,pending
0411a868bdf87fe5e94fa2eb,pending,pending
26c2ca6849d7491ebe6cea89,pending,pending
d62ea83e574e4d8ea645d93c,pending,pending
b858be0b5bf9e5dda955b3b9,pending,pending
c0fc7db8df1004104ab873d8,pending,pending
26cb8cf6294c672f44a2e018,pending,pending
64b663071ddfc9dfb28d4459,pending,pending
dbb2ec6a4080450d22e8920e,pending,pending
23e0d48c755f905b4f24c813,pending,pending
b158645be0102ecb728e5a98,pending,pending
e8c0442309c0087695227031,pending,pending
89f9c7c32e7a4a930e38bb48,pending,pending
e6bc13e3ebe1e083295b82f8,pending,pending
e6434d4722c65a8c5e024621,pending,pending
3c1e8e32f69fafc8be26598f,pending,pending
7dd1a4f755c79ca09a7d2d4f,pending,pending
3453007bc3642148ee1921a0,pending,pending
c0f8a18e5d59c20bde2327dd,pending,pending
1cfb90c49f9675e729c3017e,pending,pending
fbc7af291098afa6f1fc3998,pending,pending
61e9e95db77a3506ec0dc63a,pending,pending
a48b70572920387e91a20773,pending,pending
ca470b447b20ac406c45ce6e,pending,pending
f6d7487f920e62c1d2b603ca,pending,pending
684cd4af454678ced0e34e99,pending,pending
7d21b3eed108ce0fdba510f5,pending,pending
cd2553aff19e802ebe059f41,pending,pending
9eca052a820143eac5e1f342,pending,pending
e3d7742cacea03f4cdd82704,pending,pending
a6011ac990e31fd80208e90f,pending,pending
7b618c142b033b00aa479483,pending,pending
4be21fbc88cfccd7e301e73f,pending,pending
11ca752bfba43050c96cba91,pending,pending
8ac36fd0fbd93c64318c9144,pending,pending
2879cce4178ee80b5e964021,pending,pending
cf904fd5d9b12439b6447e6f,pending,pending
69eb158959c023c9fdf38c63,pending,pending
98adeaa4119dad97a95868d1,pending,pending
3a6b49a9691f0d3bd58742d9,pending,pending
028803faa9a1c0e13355e53b,pending,pending
ee3ff93a8c0191198c4314e8,pending,pending
ab9ded19b07fe0455fb4ddc2,pending,pending
6b667ceb3baa321040f7e518,pending,pending
c6c86020e47d3050d570db32,pending,pending
cc49272192c20714aee15080,pending,pending
b9326cb3c6ef1d446a5116c4,pending,pending
82b81c227aded37447071382,pending,pending
5d68a49a996cdeaafd96f607,pending,pending
a7efcda7b56c4f640d903507,pending,pending
6fbb2b10e8b255e0879d9f9d,pending,pending
c69fef146873206cca066531,pending,pending
37877fbf9c9f31d7af5963d1,pending,pending
d33ed8bdc568b6d56d985d97,pending,pending
0266619325c36a046137f9e4,pending,pending
8f00d93edc47fec5bea83fcf,pending,pending
4044af07cef8fc105457ba69,pending,pending
42c5d950e96c9503f4822dc2,pending,pending
696114262e6a55a2610daeb4,pending,pending
8837f52ade2e444d848779b8,pending,pending
5ed7a59e66aaac5179b52661,pending,pending
fd0c21ee87527c9eef56e14e,pending,pending
aadd122c43b33c9df21f435a,pending,pending
9af74b8751b80cd67d02c2ab,pending,pending
107a77b28686b61faf938587,pending,pending
96cd046d3ece45a46580178c,pending,pending
b0c745da0efd2dd987144f50,pending,pending
3fd0469d9eeb6ce6f96f6c21,pending,pending
2f0a4d0589eeae558ce92908,pending,pending
d7692f301ac9b30248ebcae6,pending,pending
3c64536b563302be362c7c74,pending,pending
ad88910f4e8f612b60713aea,pending,pending
c9fec42824f7f7ece48b2e2d,pending,pending
90264961159e1fc3eb4aec75,pending,pending
a0a8de72874ea4ad0add6dd4,pending,pending
b5e7873754a908ca95718c84,pending,pending
a7120a92f77fef0b2ee4e310,pending,pending
bf059ddef60cf04e6cb21b72,pending,pending
45d32f87f546f8de9958bb4c,pending,pending
5fe5e7ad16da8dc6e47f18ad,pending,pending
d844fa8498731d1c4fc6a3ea,pending,pending
14c9fd0a8e6091d43d5f7a0b,pending,pending
fadc1fc42b99f15ebadaf6cf,pending,pending
c006718f0d9ed083bd47f81b,pending,pending
b6f574767a242d90f3eee083,pending,pending
37564f185161352c4d0ff413,pending,pending
e9de86686846d99ee21770c7,pending,pending
2147391b7b8fbbc8ce2a3701,pending,pending
05689026dfdf7120550a22db,pending,pending
823f8fd003baa9272c627f2d,pending,pending
a5fb59f4850662da298c7dbb,pending,pending
b1d0b2a344dab82b58f6ef71,pending,pending
dda02c620d49e7c29e5c23c6,pending,pending
9ba092478159c029c370a3ba,pending,pending
787d7eacf908dd5da1fa026f,pending,pending
6e57da104b8d440cb8ef3e64,pending,pending
fe42f7261f9c7c0bd08be1dc,pending,pending
25826da05a2d0cf1634f6288,pending,pending
2cc25ef3970eb836995eb6fc,pending,pending
f8db98421a1d109872416d5d,pending,pending
bcd4dfc5c04f86de10365c7b,pending,pending
475dad5d035968bf44103a2c,pending,pending
a4d0e2136eac9695dcc1840a,pending,pending
2797509efee243bf8cdce3a4,pending,pending
e4ca345d65a93cc570176e65,pending,pending
fc6082521080b60dcd221293,pending,pending
0b0a4afa6a10affc1fc93e27,pending,pending
a519acecdfa923ed49eb5550,pending,pending
1a5d52fc35c17f66b92fc5e6,pending,pending
f506a8ea19dba3f72f6dba46,pending,pending
ddb57e44c5a4b3dd74b0544e,pending,pending
355143f4be3cfc2dd5ea917c,pending,pending
3c11f98c766eb41115e8afd0,pending,pending
7491918f7605090bbc3a76c3,pending,pending
f85430ff4f67e8400b6de994,pending,pending
4b1492837062baa9a6b8a03f,pending,pending
61dd2afa78d0d8c6a72deea0,pending,pending
0d823e54059b531efb8e46b8,pending,pending
6a43c18b33302e6185f162c8,pending,pending
46741c2d30d923d9b06946fc,pending,pending
c6ced962e3115c7978b20d96,pending,pending
4b5d768f63b9c8d6724c281b,pending,pending
5045c97dad349624e21f6290,pending,pending
ea16cac64bdb7e3af2c0a5cf,pending,pending
0ef8c5785cff1f037c8544c3,pending,pending
239397e9be9b9c59cd61b49a,pending,pending
c3497b8231e465a89d308e0f,pending,pending
19cc4a6eda2a6611220fe09c,pending,pending
7dd0f89bd74a7623646344ad,pending,pending
3879bd671d4063021bb70809,pending,pending
5632df5c16134414b2e7b51f,pending,pending
98f898b48169501ca03ac653,pending,pending
98d25f5a3fdf8a300b6de41e,pending,pending
f2bacf9b0f36f4d7388a3b0e,pending,pending
aaa652d6dc76942e647f7380,pending,pending
766c7b677e3e928c66774e3e,pending,pending
dccd7b529a8d785283099da2,pending,pending
297a5e3ed07a2b9302fde126,pending,pending
9ae8d45ead427ae81bd89185,pending,pending
3ee67ae013340d24523f587f,pending,pending
18149f7038cb434373a93add,pending,pending
675b0e5ce79d2639dc012a0c,pending,pending
93f2638f5f100301a26fd0fb,pending,pending
b70f41e5295f7c2556f2e9f1,pending,pending
ea322e3f567d9d68dc77a3bc,pending,pending
c883bed0afe74b4dc0bd0f8a,pending,pending
9ab3dda676e9c86b4d3c73c4,pending,pending
95b9d7f91890dcdef2086c94,pending,pending
c46d87d6ce80e15b31822680,pending,pending
a4aa8e3740756fa6e441f7ff,pending,pending
d6058581059e46955e55e543,pending,pending
ce0c55af39700e94b8da3d2f,pending,pending
c9adc719bb0f50707a62f9fc,pending,pending
6c63709a67de1e494f2f460c,pending,pending
74251553162b621af575fe7d,pending,pending
76378f29659bbf862db250cb,pending,pending
147dbcd179982c29ed29c981,pending,pending
294d43113e04f98362dbf24f,pending,pending
5c59b441b2f163f15066089e,pending,pending
84c315eeea9229ab2d43b426,pending,pending
bd6a5e13db2de454ebc97ff4,pending,pending
72c2f4effcca1f58b65963a4,pending,pending
3591af82024b5ff1f56ee600,pending,pending
010377a6904476470be85376,pending,pending
ff8df5899da32397d3b468de,pending,pending
db68516f55bae72f730ce078,pending,pending
6f79ad1c79face56ca1a0753,pending,pending
b6ab1803de1f714bb7863cc9,pending,pending
e2646c672b925a34fe7607ff,pending,pending
4f2a045edad33f4bf2055ddc,pending,pending
a778553a20ff5f8653f72d84,pending,pending
413abe444259d2a5083840b0,pending,pending
457e300e6e9b58cbcb0f80c6,pending,pending
c5864ba88caa679f96071e51,pending,pending
343fceb3540a9ec134383fc1,pending,pending
21a42dffe434cada3a01f7b3,pending,pending
6afe70607c2c0255aab9b5de,pending,pending
54b482420b4ba897aa05d8fc,pending,pending
af8c97cd492e72e2bc77c58d,pending,pending
12fca7cc5671aee9dd9fc34a,pending,pending
7386d32f652e00027a231f9d,pending,pending
4b19f580e0dd14433a4e7566,pending,pending
b4d047cdc03e8d8348c25b86,pending,pending
b46c1be865ccc1f241760711,pending,pending
2a37442e19efa3b7abbd49b9,pending,pending
0b66d0f6bb75e33b86b40bd9,pending,pending
a3c205bf0eb07779f8043205,pending,pending
8fb8b1e5325d20ec996cfd81,pending,pending
e4e10a587d9ac62dc4e30d2d,pending,pending
2d2831e0f3a028d9bd420b41,pending,pending
02c80cd6f27e19c8232ff9a5,pending,pending
daf682b1f256d952205b1b89,pending,pending
19faf65c9661d3ad5d0aa39c,pending,pending
01cd7aaa03f8dab375c22e2b,pending,pending
d8acd389d2caa0af501a5ec7,pending,pending
4c13b538837a176488c070f3,pending,pending
e489f9c66dfcf86d63df2454,pending,pending
b9e766024ac247d443642982,pending,pending
2cff334512af5106fb616093,pending,pending
0a4c763aa7626250ad8477bd,pending,pending
e4a2e1c9647cafcee83d6dfc,pending,pending
b76d1ee830d4a28a7d12a2cd,pending,pending
2c4053be41863941027385b5,pending,pending
6cdfaf407a28bb089a153401,pending,pending
9cf4e5ae30f9967b98590494,pending,pending
736120ae27ad6a742545fff4,pending,pending
ac436fa96f4419615f57c106,pending,pending
e1aa32a3ee22e5b36276e8a2,pending,pending
9ece0459e55f19be90912b02,pending,pending
d4a24eb0885b036a98d0a4cb,pending,pending
47dbcd1e3cc60b65ae226371,pending,pending
33a708db904ecd7f9e5fcb70,pending,pending
b1ce13f0c1d76e5199153c68,pending,pending
cdc7fc7722c7ec16168876d5,pending,pending
8b09b998ad6362c0db308a9d,pending,pending
aba384309306e4f9549b0e1b,pending,pending
d0173f8b118f85ca36550e67,pending,pending
eadf4b0cf65fa455d6fbc650,pending,pending
b412c442441e6bced69ecf9b,pending,pending
65acd78951d55fc5a858681b,pending,pending
cc6641191d82694b2535a87f,pending,pending
528fbffdc4563458038fce71,pending,pending
61b87e9ca2372b3debfe0290,pending,pending
8ce73398bb037224f4c04a02,pending,pending
737e8246e6acd59f8f8da72d,pending,pending
75fe5663d8715ae59876b44a,pending,pending
f66277faf09c87ec6b19f7d5,pending,pending
86a38da10a54f9efe073ce86,pending,pending
286ad01672c38ec402dc2823,pending,pending
34b39f983eb1d1c97275f169,pending,pending
1a594666ea883a20798fd459,pending,pending
b28b449486418924d2d30c30,pending,pending
651e1263b2bd0272453d6ffb,pending,pending
8d5e4b16fa8d19501f6cdf9f,pending,pending
345cfbb5c9e0700d498a1da1,pending,pending
55066956e3c4aaa3a6d0a1bf,pending,pending
8d06e76d0de25edc33def1b7,pending,pending
44ba1cc1b75c7639601e84a2,pending,pending
b8f46dc281970c068636c19e,pending,pending
4ce2bc3f06b1436a7782fb61,pending,pending
e681474771a9b44180831582,pending,pending
17e8b9c8575ef984626830fa,pending,pending
6c3d7f07d7ebb7da00a38d71,pending,pending
ccc933ee05cc9b64b9b3efef,pending,pending
4648571e53ffb4d6eaf9a38c,pending,pending
c50f287b8868ce9901b70d40,pending,pending
721abbd0fe6c65cf1c7f3591,pending,pending
0d48323e51c98e9bf4f524e9,pending,pending
7d27de6bb2d2833f8e70617b,pending,pending
312bb0a59bf3d2f4b8d13ae7,pending,pending
aae646799bd14b63c6d3ab7f,pending,pending
8e895cc3535c453d129b7cf2,pending,pending
1916aed414618e277c5a3077,pending,pending
2f204072b4752f948bf5527d,pending,pending
eff00b40badea2ade5105d7c,pending,pending
a7a64cb9f70de36e8e313103,pending,pending
aaa40ea3a8f11aadd4825456,pending,pending
df419cb4e88b410be3205002,pending,pending
629d5f4f59f0c65e69156263,pending,pending
c60d057e4051a92714fa3963,pending,pending
151b250a218ec580961691d1,pending,pending
89e358426b1e98992067d6d2,pending,pending
08c947fe008385be9bb9fe23,pending,pending
076c1725e584f1e966a64a80,pending,pending
0aa4f85ad90eb8298058504c,pending,pending
bf8746754d0302714a3657fa,pending,pending
8a1f2f9febd623e444a09a5d,pending,pending
4ec42e994997482548169caa,pending,pending
94a0269272f3d133670f2a18,pending,pending
50e609f495d862331d088ab1,pending,pending
34e6fb75caa1f04f4904675a,pending,pending
9263d4cd20add9010dfc2e18,pending,pending
9f033eb8e1941c90974635c8,pending,pending
a0e9195ec15fb5f1ac9d40f4,pending,pending
a797442e381872afa7e087ba,pending,pending
edcf0d93de313a282bc29c8f,pending,pending
55d7160c07f8415ae5ea055b,pending,pending
d3db53f257617383174cb2e9,pending,pending
e9a4e7eeecd372be8038ca42,pending,pending
4e4ac81d65af10606339d44e,pending,pending
bcd867d73a6b6b0ec81248cf,pending,pending
e04b83f1470cdb08618fa2e6,pending,pending
acef0580dd8ba75e16061567,pending,pending
fef2fad9e58364045e58ecc1,pending,pending
602adca09a542865a4b3c422,pending,pending
a6dea8a0c3874c38396210ca,pending,pending
e39883dcf512e26e42e5d6ca,pending,pending
bf157e650f1443cb89d16a2e,pending,pending
a5ff52cc658ed6298fa76494,pending,pending
a8a48d542cb9d5a2960051d1,pending,pending
df645ae48a5bbd769f84d21f,pending,pending
ec5e8386c9a2311444196ad8,pending,pending
0a6fc97376aa6688e7160b0f,pending,pending
e9ac015f47ea687eaf15ed47,pending,pending
34f17469dddb5b1bd0e7c476,pending,pending
d0ca3e6858192f1949fc05df,pending,pending
a9c75e6c8d0d6ae32a9681cc,pending,pending
782f822cdb8976a207940c91,pending,pending
7389f2bb7dac308cf754a6e0,pending,pending
0f41691b6c4a25dba245810a,pending,pending
7f4a65c661797e0ce7866d49,pending,pending
78df947b3ba21888c5188ab6,pending,pending
53261fcbca00088c7da3e170,pending,pending
6f60e6d3a42287cc349c3c02,pending,pending
0fd2d84aefeacc00cfa00c9d,pending,pending
b852bd8f965e5cde8c40974a,pending,pending
117787652a65d7e0e7c64881,pending,pending
f190701c4de47a54d7cad8cb,pending,pending
7072181033d4e8102b9cc781,pending,pending
f935de91a15851ffbfe7ba1a,pending,pending
641db3eb38db81fc3a67caff,pending,pending
33777293fe3128662886b13e,pending,pending
cf520a408f71ae31e1a3f44e,pending,pending
cc447b9b99addae69379e953,pending,pending
bf3f1a15dbc9bb5f288aabca,pending,pending
1ed0e319bdbd1e88fb7f8829,pending,pending
742b156e7c257ceebd93fec3,pending,pending
729fd93b86e2eaf263d4d661,pending,pending
a30d16f4f39bd72027387f03,pending,pending
92bd39347feb910ba8671641,pending,pending
10a23ae95d9c71f3bb690c75,pending,pending
680754882203e5b00618d183,pending,pending
87f01bf4962932ff4254dc19,pending,pending
1bd5e06fc88591575c14d975,pending,pending
9539ef4d1cbd39d563ecc824,pending,pending
fd8471937edbab40edf1f3b4,pending,pending
293722790ea3df21dbb32768,pending,pending
31d76ff97ddd0c1a2c45c083,pending,pending
f38806b737e61c87f068612c,pending,pending
4b4803b8340839beac91d390,pending,pending
18f1ba3f5926936b8c353831,pending,pending
ff874051bfa3a49d7dc89f17,pending,pending
ed989d715f11296c50217635,pending,pending
b8aca91e1b95a03e550ffebf,pending,pending
3ea93a8fa44b60b9c938af44,pending,pending
8f335c910dd3c4bbeba239d3,pending,pending
bb2c5ea5ea758a8df958b8e8,pending,pending
6c5b5e42710d4d50a8753ee2,pending,pending
68434b4812197ea7adf1138a,pending,pending
a367afacf475af0f36855bda,pending,pending
6bbc1012444af78be4def2c6,pending,pending
bbb1eb64e32fa0db0f49403c,pending,pending
76e74ee13b57f00fad4cccd3,pending,pending
f1d79ad5d17d96a6b67aa11b,pending,pending
73cccfba33149fea29a30c0d,pending,pending
6be1d30e641261b4f2670ea4,pending,pending
46b6da78ca885ce6fe4f0570,pending,pending
beda1c5d882e65e55d511da3,pending,pending
1b0ff3381fb44f6b12448138,pending,pending
404d79f0633ec8295eaba307,pending,pending
d57676717ae9621d5be6897e,pending,pending
53711fb50c4544edbd76ac59,pending,pending
14dab324efafe5bc3d8efa44,pending,pending
bb63dada2c7adc49526b0fcf,pending,pending
0a7f194e0a08ea7f0ff70680,pending,pending
f5c3780625e3bbea1e03ddf2,pending,pending
b53560b75a8cab13f4c3a857,pending,pending
17d0ddd7337d4fa39e7b73f9,pending,pending
d67f38e62860e9938bf50d76,pending,pending
9b2df4afb8fbc0c80a766131,pending,pending
663bd654f947e39d321ca144,pending,pending
ff90848d1f3f9534c06076de,pending,pending
ece53389c6658172756260e8,pending,pending
fe7a786a5f33c48891e61037,pending,pending
c21f28a0509b319142bcf2b4,pending,pending
185d0c4fe6725fb8e02768fe,pending,pending
6efc3fe5f0650ae07f625d0c,pending,pending
ff88555c60de239263bfe920,pending,pending
ca114e5d1422ce587de23777,pending,pending
058f7bf5ec4cf19b9ecf5db1,pending,pending
f9b5a2c831188b21ced768ae,pending,pending
6b7a955b9243fe8873481949,pending,pending
c36a0cb6da270cc9b05ef42f,pending,pending
83398e8ea73ce00fda8e50fa,pending,pending
b6b01fc7553115215c669cd2,pending,pending
96ea1acd5a220778fa2239a1,pending,pending
9b239becb152edde8ab0beb5,pending,pending
e85b84accd4d38b279a6bd2a,pending,pending
49f443a280551e81cdc4c151,pending,pending
049910bf022c5dd159c29515,pending,pending
657606dfdd6e05b8aaefb2c1,pending,pending
6a0682a03effcd846862e0b8,pending,pending
077e1e1be6d64a04efe533bc,pending,pending
5f8b13006fe3f6c3cc373e43,pending,pending
6a31b1da4ff6f5f29e054ea1,pending,pending
679974f126d4f762a533811f,pending,pending
bb2d9fcfbf97025a3e85e7b2,pending,pending
b1596cedb9894ede2d7239cf,pending,pending
47fd54d25f49380234ee104c,pending,pending
98d1ba8b370c275288b007f2,pending,pending
41f1bdf4e7c5d2310f66e2b7,pending,pending
d115079880652fd41178f3c3,pending,pending
ea4b68da9368d722a90c8bf9,pending,pending
3b20a0d4744971b864c1040d,pending,pending
03649d4c691598a131e434c2,pending,pending
561d9ab1d19d3477208c73d6,pending,pending
f41ced9602c1c8c8182f3946,pending,pending
0c7e7c9b0304d60e6b236274,pending,pending
61bac7666be2155fb9a950cd,pending,pending
920d182d48cbf306b81d3809,pending,pending
50bff3bcce6c8486be0305f2,pending,pending
011b56c2ef8cd165d3186c91,pending,pending
6718f7937e59e87f4412f88d,pending,pending
94cd2651987762b4b8d65d98,pending,pending
9ff888c27e9debbf2cfd046b,pending,pending
823fa658cb2ba9ea1dd2c37e,pending,pending
a49afbd758b9ae34b87e2334,pending,pending
551fa3afff7c9854e628926b,pending,pending
c55e0be8c095bd68f6475bab,pending,pending
2e0b1be353df1501eb1c6c4f,pending,pending
fd909635c478b7320e3263a8,pending,pending
d4ff2f75aeaa59617890344e,pending,pending
5aa86aa05f1365df71d2b6ea,pending,pending
7bd331194d88e84f3fe50f88,pending,pending
4c4f9c4a7b73fe13594382a7,pending,pending
f270598d7f4b90c64def0108,pending,pending
23edd75b12c3fd41055bbae4,pending,pending
73e6c8b97d4a27a2a27d00ff,pending,pending
5844b8b3bc3e181b4d13db57,pending,pending
887366fda56a230784999753,pending,pending
593315bc7e69947983ac0d91,pending,pending
b6663bf806d1d56f4b24aee0,pending,pending
6b77c98ec2085bfe100df28e,pending,pending
c356bc466daf843423fd3893,pending,pending
5a8ff449b6c69562a69455ac,pending,pending
c26b070dc5e3891fa89d5dd0,pending,pending
4477c2818a438e3d1fc8bf75,pending,pending
c1990e2e41269d90ebf9a93d,pending,pending
eab16e176d672a2f8ed2ea1a,pending,pending
445d02423ca50fd82da51ec9,pending,pending
7b9982e1af24647f27b8ea90,pending,pending
7dbffb4fa8617ede8e88ef24,pending,pending
3bb6ec4de9274b8978e79edc,pending,pending
30e9beafec274de127bf3a7f,pending,pending
9381c0b96ef1891ea7689a22,pending,pending
455592f93e11e2667965c9db,pending,pending
f7b3f4a469ed0fab5360cbc4,pending,pending
a2ff8a9a1d60e7181a0f524b,pending,pending
b66106a5d4eabb070b417203,pending,pending
5727f61a200351fccf2f6512,pending,pending
96aa70cb4a2d1bd4c49ce2fd,pending,pending
ba14717c53c202a358f946f7,pending,pending
14868105e9cacf6356348400,pending,pending
a0cc2f3b85d72b35f823a238,pending,pending
f3a5740ecdb7dd96acb8e41d,pending,pending
edd5922115925ff0e0d2c0b2,pending,pending
665fc03aae924542e8eaf30d,pending,pending
7661c8b9334d78eb1aa67769,pending,pending
1385edc20a75f244f4ae666a,pending,pending
185dfe8ecaab064c0073aff2,pending,pending
de3a062214f77b8e47bddb15,pending,pending
1130a937dca4ad5b31060e05,pending,pending
331e137904435e950557a503,pending,pending
1b53905ab792a479ad1c1b8b,pending,pending
762a87943a0c94da0203e3f8,pending,pending
d43532ecd782354979d49813,pending,pending
8cbe384a695aca6d4bf035a3,pending,pending
72cfe3e14f85a30d325ef5d5,pending,pending
37c152439a675ec5722faf9a,pending,pending
54d2ec191192150d434f2c6c,pending,pending
e6101b22a0b958b2a0918644,pending,pending
7e594b2365b913b05f5200cd,pending,pending
2abace46076bf3b6ac6d0775,pending,pending
91e19de12df04f31698ce71b,pending,pending
7fc8bd37597397f24c5f4587,pending,pending
d38c13dfb4456a1532562d56,pending,pending
1eb1f7d55540f6fd0caf9de8,pending,pending
1a57d84c3d5f0e1cee19e616,pending,pending
70e08439bbc2c6b111c4ff72,pending,pending
8a16c3d91035d0d7dc3d0e41,pending,pending
ce99dfb38353f4e60be12628,pending,pending
2866bb0c9bc6ae8117dfb975,pending,pending
8355fe1361c277b5648e0ba8,pending,pending
0adba8783b1313c055f38942,pending,pending
03dcc87c92a8092b0858caf3,pending,pending
62d24e2dce935cde0c495790,pending,pending
4b0c76b5d73caae7a27ca280,pending,pending
4a1f8eaf6c20039d9de0638d,pending,pending
8b00c42cb74b48dacf590873,pending,pending
44420b5bb78f57d9aa6e6bf8,pending,pending
2e7a47db01b7ad0e0782a6dc,pending,pending
da7c3be78f79938a4baf194f,pending,pending
175481957fd82b61ba0f9b14,pending,pending
de24f37dfdfd0bffa804c175,pending,pending
e3e28e26e5892503b6cc18e7,pending,pending
527741587dfb41ba53f59470,pending,pending
d2cc2252440cefd57d007206,pending,pending
c4891190d1856c4f6732c051,pending,pending
499d3c2c83b9714267ed6eca,pending,pending
e35d41ccd1445dcc3a1487a7,pending,pending
59ca04b0f759d7187c1e11d1,pending,pending
8a939b073096e1e92d2adf93,pending,pending
3d9d8832989176e6812621a8,pending,pending
b0ecdfd412a4ac92e5b801f4,pending,pending
47ca1c173775c654b33ff277,pending,pending
7e5156c79178a43f90863eaa,pending,pending
916899c36d5345c5d8c314a0,pending,pending
f73e7508ddf1c3b89db6821a,pending,pending
c7c8f2f60beb0d65546cec23,pending,pending
79120981a74d66c0dd3d5114,pending,pending
0766d900bf0cb5323e7ea649,pending,pending
232dc57482a13f0a02cf9979,pending,pending
f2f53d724df900f2eb0485c9,pending,pending
505a84f05662e18f042d5bb8,pending,pending
80a9c6f6e9c94ed57364f412,pending,pending
a0b04ad1ffc0e5f3763aa775,pending,pending
2ce576305d429a0b32c674fb,pending,pending
61be9f5ab037746c7518f559,pending,pending
e6d3f8118ce7aca42840b4b1,pending,pending
bf770472425093098102f0c9,pending,pending
be7affd17b56bdc0c2927c70,pending,pending
39158dce0f357ba24c6ab119,pending,pending
019bc832f027f996b2310c1f,pending,pending
6c10bc6477c59133282dba8e,pending,pending
b342fdfc4ae6a2ece29f47a8,pending,pending
c950c16d447a82fbe8d47311,pending,pending
0d7d3714ee277c84cb9b3b03,pending,pending
0cb126f277e73828ae58feeb,pending,pending
f6d28832d72c799a3cecc023,pending,pending
90c6123c500683f9b9bc236d,pending,pending
6a01112daaeb8d7e6b028fe2,pending,pending
58915484db0b1dff5d300b23,pending,pending
e07650834843f82daff776e9,pending,pending
0dafd3de1a67d9f04c0a720f,pending,pending
d32a4fc64db816046a2e3194,pending,pending
f0ee279ab580001b6173fc9d,pending,pending
f53b8a9160de1e71b3f5bbe0,pending,pending
56c94e47d3dadcfaa0f0dbc3,pending,pending
c0235a810d284b87eec376ca,pending,pending
6176909cc4616723afb8d080,pending,pending
e03ec1b62200fd150299f181,pending,pending
0755443d9e7123b22eaa3ae9,pending,pending
8078e5ecc4ab05c498d8c6eb,pending,pending
9ac6de94a023cab537353fa9,pending,pending
a22d5740ef36c2986f105eda,pending,pending
d4102d2c7276dc40938c25fb,pending,pending
e61f40bfa23f0ab52298b1b0,pending,pending
13db6a814fe1e766c5131f8f,pending,pending
eee0d70fc5b23dc664ad31b5,pending,pending
8f57cce51d85c1699c802130,pending,pending
df1487704bf27ec069acb70e,pending,pending
5ba7bfca2090dc1b24f850ac,pending,pending
6a1083cf8fe2481364efb192,pending,pending
ce13086d8c9b383a2927940e,pending,pending
720da4755972fc1434038d69,pending,pending
55a576be3022bd7ce09848f7,pending,pending
a3533cb7d93a269764cbf9be,pending,pending
02b5ad50c85d7e235d758962,pending,pending
3576958b4e67bb5ae4a1df1d,pending,pending
f6699ec60ecb3648647316c5,pending,pending
3ae18195c469f7a97469a28a,pending,pending
f8e62d1ce07b03863a4bad7e,pending,pending
8b885cdbb0c3ad352eed8f0a,pending,pending
da9b0e3d96e8f04d844cf10e,pending,pending
791d4d8ad26b5cf0644d0783,pending,pending
b8f264449212feb8e09a3a10,pending,pending
b5cc16020cca280f5b9f112c,pending,pending
7cdb867082a4655da10ba811,pending,pending
2e026bb1fa5a45b4582aeab9,pending,pending
006b7542da6242f80304e6c3,pending,pending
d197c78f3d8f1d7dc5bab6df,pending,pending
b62ceac859eef4018b7ad271,pending,pending
170b22e09c24ca628f0eace2,pending,pending
ef88c858e5ee3195529ae720,pending,pending
47a612e4f654bcead4664ec1,pending,pending
ccd053e7f31b5d1d5f13d1e3,pending,pending
295cd6123570bf99198c706b,pending,pending
e3e8beda39b17e979d74743c,pending,pending
4a16c650c084e3f10a8f9fde,pending,pending
fccf466dcbf83560d9e820e1,pending,pending
0efaa393edf948d7cea51ff3,pending,pending
7ee72299e556251e3dd9e405,pending,pending
5604350f6183ff48684a0d58,pending,pending
e926ba72c23c73f65b69aaa1,pending,pending
3f3dcec64657b79d042de213,pending,pending
1d010186ecba0ab43fb7c563,pending,pending
9c59cba953d15ba1ab8d7ef2,pending,pending
dccdb03a46824af8377b5a43,pending,pending
174f49781c9906008db17afb,pending,pending
56cbe09a64f3f86f539e6eee,pending,pending
53b65e2b66e3083e91a5b8d9,pending,pending
667823ca296388d0948f15c9,pending,pending
83e05553928a0f29d681e561,pending,pending
f82ca4b4605eb216b82c5c28,pending,pending
10be1fcce2c28d9dc50035b2,pending,pending
d2c126b0c73a67e0ddff05bc,pending,pending
f50e0ba933fdd22a7e6e2c05,pending,pending
9897435298b86cabe1a91257,pending,pending
e20f8b227bd1eab68220a90f,pending,pending
99f7eed2e3580bf713ace992,pending,pending
23d242bcc3590041974acf91,pending,pending
9056779ddcb970f3df0880aa,pending,pending
ff3f7e76d2eb5500689c4da0,pending,pending
8c7f48d91b896d8d2e70b40c,pending,pending
ecc0a0494d08ac9282afced7,pending,pending
46fe13804e85b2ab33cbb2c0,pending,pending
380c9d213a33e3c84615c132,pending,pending
e12e0f752fc07f37113a864c,pending,pending
a12aa8c647671a87ff23c4bf,pending,pending
2e698ac0fbc86525cf2d56e8,pending,pending
673f577bfa7eaf1b70c1fcad,pending,pending
cf167b7fa34a15ea3e93e55b,pending,pending
ecba741a60a0600bc6901782,pending,pending
5958eaf34a9ef5b29bb571d4,pending,pending
70cfa20bc3d207ada44f9471,pending,pending
d92203c53fe0ebacedda035e,pending,pending
0c77ed62ea3daf5d1cc264fb,pending,pending
9024f31bbfad5a2c153133a7,pending,pending
804c52b49232f6fe2041af16,pending,pending
683aa955969031362119b9c8,pending,pending
694c51168636c833745fc270,pending,pending
005a12c4bb43641d80d65bab,pending,pending
dfa7cc87b54fe5732bce4730,pending,pending
215871d6c0b86f6ddd502701,pending,pending
b637481781158733e3ab436e,pending,pending
699deb6fb95827cbd8ea8070,pending,pending
8af322463c42e965759fc328,pending,pending
5691e351a1e32d2826b665ce,pending,pending
75a35353d12dccb1b512172c,pending,pending
36b148b948e9e7fe46f1aa27,pending,pending
813be1f185297ec2b226a796,pending,pending
6c7045a2f585b443e97d1657,pending,pending
892b9961e994d2f2974f7b63,pending,pending
dc54365c1395838686985be3,pending,pending
a5eadc6e073ecd2fdec8da6d,pending,pending
40fb0322ab1aeae8dff5bfba,pending,pending
1de5641ff50fb21153154ca2,pending,pending
9e4f1c8700720c0745c84592,pending,pending
8dd034e3a60684eff1826844,pending,pending
30fcbec0f9d7d63869175382,pending,pending
2e51055b60eb3518c6d4b1b8,pending,pending
39459bbe18f098ad7c2c5a18,pending,pending
30073fc5e6d081b910175bc0,pending,pending
5c70bddcbf48464ee387b9c7,pending,pending
a7ecbf02f854e30b580f56c9,pending,pending
e0e201f26d2a590e7d9d69fa,pending,pending
14df9002a19b4790ad8d7131,pending,pending
53c69c36fb8c650f18883dd0,pending,pending
2b151648c0ae39644c5c69d2,pending,pending
a41cf6feac081b4db9167915,pending,pending
29d7573abc5d47a0f268f79e,pending,pending
75bfcbcdcb062241a43faba8,pending,pending
8360159cfc5af7f0ee9d69b7,pending,pending
9606d15afb379da37976dbfe,pending,pending
7b21a94be14bf60600fd3de2,pending,pending
93b70d847055a4b782ac3033,pending,pending
d9157314114ca0e7a833a209,pending,pending
69ee156757268c5d68f69744,pending,pending
95099f614a363398b1e0d90c,pending,pending
35393c1f841e5a3a00cd7eff,pending,pending
1030af036c1974d77ed38678,pending,pending
c4acbfabc6352c639f19cd53,pending,pending
9f92f0e6cc549e779d13740d,pending,pending
303d8cf09afc3e50d92a22c4,pending,pending
1ff238a3d565b782e2b83f29,pending,pending
38273c696fcd692e9a9db1a8,pending,pending
948a0d58324c6c37a76dd8c0,pending,pending
0024cc8a2227032aa0d6d213,pending,pending
ebc7427956fff81628985c85,pending,pending
cf5187939bc9725bebe0c973,pending,pending
884fdf45d5fdee1dee373ee4,pending,pending
1607967876970a78962c0350,pending,pending
1dcfbccc1c0557746c018939,pending,pending
2f4b1d36ba1b1c3c4a4ff460,pending,pending
92dcbfb20935f8d8186aae3c,pending,pending
3f9651ef37307bfbf6a63144,pending,pending
cc2b0b779b87dfc01bcd5d76,pending,pending
4ac5874431a49540fd460786,pending,pending
97faa8eb2dbc12c64342b340,pending,pending
c2a4da00cb22807281532c9e,pending,pending
dd9bafc1b2ebb81b64efc597,pending,pending
e3486bd7e8494a5bd03dba3f,pending,pending
0d4db6cda9d54fe2f4591e1d,pending,pending
c81a27a395307ce7e5e2ce10,pending,pending
6b98fb81f54ec30ac4b8b745,pending,pending
a5547561ee5be9d08702c03a,pending,pending
544defd9381716e9ae9d4505,pending,pending
fa22870b41d643074503c62f,pending,pending
38580b7d2a6ad8d505c6b99b,pending,pending
091b65d78c5e96cb7bacc142,pending,pending
7e9630083a9f85c0f3f9be59,pending,pending
f826b09b20ab813475b52120,pending,pending
32498cf5f756d6b08decda91,pending,pending
5b1b436d4231ed8806571b17,pending,pending
f6d5d80e0421246434617d76,pending,pending
2905cada9226c3437c95fdff,pending,pending
84bb4d685fb0275537d402b0,pending,pending
eb304faf84e8ca58b8b40250,pending,pending
d52dc3646dbc93f72d4ce991,pending,pending
738d7f0223592b20049263c8,pending,pending
474551089b9a9a5334cfca5b,pending,pending
f5a257af93a45e809f2021e4,pending,pending
a35c17ede851b0917d3858ed,pending,pending
856cad864015af08302f7c1f,pending,pending
740742514957b7b4eff658a4,pending,pending
e216bfb96eb7edd0d6b725ca,pending,pending
573f089879cba19a3fa0f0e1,pending,pending
aeaf7310451dfe2032de71d0,pending,pending
b38f2c26e455aa3f74ed1d63,pending,pending
425ded1472b2a151e9306238,pending,pending
109c86041d44bcb5e1169b6e,pending,pending
1fda6076415f2c798e84314c,pending,pending
30b5cd1d6f11cd6c9f5c9e2d,pending,pending
c9a0506256542678bd55b26a,pending,pending
33e99e05e1cfa620e2e02de9,pending,pending
f3cc61172144c308c2d9961f,pending,pending
e4e4e269806c55540e1fde7b,pending,pending
e70354013fee32ff0d0b32bd,pending,pending
5b76b594474122abd5cc8e2a,pending,pending
6baebe17b3af607bc7a9fb4e,pending,pending
becf87ae31685c372075506a,pending,pending
6f2e813b563569e518d2c851,pending,pending
dfeb21a0bbccb199617f78cc,pending,pending
369d335dc4a0d07b6aa8c4f3,pending,pending
628aa699deee1fa35e25c1eb,pending,pending
6d27ecc87ca3ea1f46427d47,pending,pending
00ced01be3883f0426c0de78,pending,pending
72073b64a4afb16497e253c0,pending,pending
23d64f3373ecd200e6e34618,pending,pending
2d5d9373d1429c0b31c49f06,pending,pending
111fb49d237f51d819463643,pending,pending
35cbbf5c280bb6d89241491c,pending,pending
fb756f0a670146f5472c03a6,pending,pending
173a480d62ab72ebd37bda9c,pending,pending
202eee03c2b1f1ba3fe3b794,pending,pending
864ee4ca463ca73224f75ee8,pending,pending
f828772d663f263622cbebee,pending,pending
d30aa2fdece446a643755802,pending,pending
3132e0a6d93b73f72f7dfa25,pending,pending
2612f324f07f25945be9930c,pending,pending
6586c394b7681101147fccb2,pending,pending
524b991dec3b1dd021b88163,pending,pending
dfe8dee9585a421161702ffd,pending,pending
5bcfbc653079f721afdc0529,pending,pending
90589a7b844b5272af0b77b6,pending,pending
67e902267b339a80f02d155e,pending,pending
7bc5d8729adca238ace4a968,pending,pending
97520e3608be17319f8a50c9,pending,pending
d236ea165b096f87836e5a5b,pending,pending
d3c5fc6d8473c23eb0d2dfbf,pending,pending
039797dde7ea9b18e10aae6d,pending,pending
021e89f1edf22ab90314028e,pending,pending
0f443eac5cf46ecff4915f68,pending,pending
0e6afce392e50e545f9d45dc,pending,pending
51d4667ed60a1e4b7e3a8ca1,pending,pending
41a570e9b6fd7e43bee91950,pending,pending
c0cc553ccc4132bf4dea6b06,pending,pending
7037b1061842cdf3e1639505,pending,pending
456edbfe9055532fb03a6baa,pending,pending
4ac83bb9b1eae787a87dd874,pending,pending
8cdbb5d0e21ba613debc29ab,pending,pending
c554664fbd3693b11534fd27,pending,pending
077140fddbf8ba5c8384cf3c,pending,pending
57e6a9c919045628078b5138,pending,pending
019374bd7e75b443d3fcf2db,pending,pending
fa8cdaf0715a890b8b772bff,pending,pending
56053f86d7a05f9bbaf78c76,pending,pending
f0f3f03192b0050040de42fa,pending,pending
cbfa970a9759646345aa7674,pending,pending
c0110f488a7c7ba0d588384b,pending,pending
5264c5fb967ac2f5e0bc18d8,pending,pending
8e16af69d36d2a0be0a39873,pending,pending
cd80c4d9859d78976d7167c2,pending,pending
7e0cb394fdbb63f809462562,pending,pending
e99b006c5cf0164369aeafa5,pending,pending
6db76a78b1bcc0ec0f6dccd6,pending,pending
cbd05d69483165bea52aaa69,pending,pending
ce5cebac7757b6e773e08886,pending,pending
8fd281f18bf610c43a381c09,pending,pending
86b860f6c62e67727deea76d,pending,pending
bcbafa328a3f391001ac38a2,pending,pending
24d98b76bff3674bfbf8b27d,pending,pending
d839989d9461768a5e378cf5,pending,pending
75ed3003a28ebb2dc96480eb,pending,pending
01af1e6f5967f73e98170bc8,pending,pending
29cd7546cca18fe2bf48e07d,pending,pending
c0a57be868153e0307d977ee,pending,pending
b1d0094618b538ced54b7f92,pending,pending
f3007df01fb497410cb22f84,pending,pending
84362dd856d458959db52e1d,pending,pending
0ecf3cf672c106f2d7edb2ed,pending,pending
075dae15ad59c16525a8488c,pending,pending
225a0bfff900734c5035a1c2,pending,pending
770b1737a881aa587c3fb0fe,pending,pending
22045b363d81bc6de3927d75,pending,pending
6a08bfa3af20594aeabffc83,pending,pending
e46e6b22ffbf16fd795a14ef,pending,pending
7dca8898eb4dd68998d7baa6,pending,pending
f7a15ab500a8881688e769a6,pending,pending
52e26b7d72b5cc47f45b5c14,pending,pending
c03b8fdfc6710a16d50dc2af,pending,pending
ed380ff2142db824bea52d87,pending,pending
4f03624abdec3442d8b3d9f5,pending,pending
2b25201f30563d28b27f41d3,pending,pending
4308dcd54b8e19eb96c3b662,pending,pending
f5b78b07fe0271f226211a4e,pending,pending
f26b77432f4a5bf1a13d2a83,pending,pending
182a0663c0379678a1fa0f61,pending,pending
4c1cbd4ba8fb0d304740e882,pending,pending
00c6a6c07c64c4607f2e5929,pending,pending
7118ebee7887b16a06934134,pending,pending
be80bad5f8784b8973e2517a,pending,pending
80633f89076d18c5671fe3ec,pending,pending
f8ec4b8e93bef5421c332875,pending,pending
3b3ca8cb6bcc0e90fb16d2fa,pending,pending
05c9d73d81a36837838eb6bc,pending,pending
1c83fab3f1e75a7b7ac88b4e,pending,pending
0f8c752ee33e2a0aa86119fa,pending,pending
2115ed32793898088727f4f2,pending,pending
f88aca58ea7099999c3d9ed8,pending,pending
67aec96d4aedfd94a706174c,pending,pending
9d737964aaeec3ebec0936d8,pending,pending
b538beb6e8b91cd79fda1e2f,pending,pending
c736211e7cb32ff1d1254e2e,pending,pending
90aa47c904645b9690f62e69,pending,pending
b39e676605870ef0494b7ced,pending,pending
4dd412dddd6f1a6a74ebea69,pending,pending
8210db587b750026b23334dd,pending,pending
449066d7a873e9bdb683a803,pending,pending
7e31125e9789d6e46044013c,pending,pending
9f8982c26e73dbf34bfb1593,pending,pending
46fcbe31b0403aa707139059,pending,pending
2ce1581ce66649cae4764811,pending,pending
25c86279b8ac6776ba473bb3,pending,pending
a3a243d254c12a85b0870fe2,pending,pending
f95584f5a11b0a5bc585101c,pending,pending
e7c9fcedd8732fd0055a4e00,pending,pending
96cc116634267e42970debb8,pending,pending
a60a9891094967cd0cd7ffcb,pending,pending
c56156fe723a6a7bec321427,pending,pending
678d55a6f397983d49eaf9a8,pending,pending
6c81feac8a51dd56856423c1,pending,pending
089d46bbb597763571870c6a,pending,pending
0dfe9c0770e2dcfd2bee0a13,pending,pending
2d318f4bd3c46bbbfa776497,pending,pending
9e830b4b40d676a9d0e88b18,pending,pending
5607040409fab291c600196a,pending,pending
15b434534732d49d42838276,pending,pending
a412acbfcb44ecd045ccc2c1,pending,pending
a9af0358e252de98d03fde96,pending,pending
3703ce241728f0810e0f30e3,pending,pending
43f097ba5f3d67e8fe96c2ce,pending,pending
351aeb69a23cf9339c963fdd,pending,pending
27a84d5bd48ca46c5ce8e5dc,pending,pending
2dca034d8935dbf0aeedcd5f,pending,pending
3c55d325f13ace169b02aed6,pending,pending
2832dbf061a1ba81783fa5e8,pending,pending
2aac5b66e7694fcd98b65b58,pending,pending
07b08c1da89a8d87a5dae1d8,pending,pending
f857658a5848129ae7377658,pending,pending
4cf3a1a88979eca1aa677396,pending,pending
cf9ba25c8d7ebf21fdc4f01c,pending,pending
6de462152cd3daceeae04226,pending,pending
7281cb8ffe68a4dc4b33bce9,pending,pending
3e1a5be3dfa9ea752f49b4c2,pending,pending
f5e30ad4cc0a3e948ad71a51,pending,pending
21904e1e2f677b6412b5265b,pending,pending
025b79250af3be2fe7ce27fa,pending,pending
ecd8e91646ede4d1cd002a44,pending,pending
b3274f078d43a9ed061760ea,pending,pending
5685cb521caca02cfede0aa7,pending,pending
d5c025e59c40039ed88ca434,pending,pending
baa79aff0b9c70e2286b9438,pending,pending
aa3a1f47dbfd11a20791ec13,pending,pending
fe34208b5da3d5deeb06cf5f,pending,pending
3658eef1b79d7343ecbbd1de,pending,pending
0e5aae215b311b612524d183,pending,pending
da669b5b66da0088221f99f0,pending,pending
de786820baeda31aa953d8eb,pending,pending
47dba7d9d5244618eabb392f,pending,pending
08bfeb0497d25cfe69dc0e6b,pending,pending
0a492163ead9d30a38a7228e,pending,pending
a28b574398a689894817e890,pending,pending
8b6e39491828b032ac71349e,pending,pending
45d84ec57f3131e489a9e0ac,pending,pending
8e91081749ac574677941fb3,pending,pending
7c4bcf992763cdc1071ae8d5,pending,pending
e6376bb0f6763f5959feef41,pending,pending
cb0c49e073ee7d0a0804211d,pending,pending
67cea208228ae234ced4759c,pending,pending
67465eb547f4800cf9efe174,pending,pending
7fb355128fb61ae793df7193,pending,pending
086ebe2abb9a80d0540eff9d,pending,pending
1bae7c80653fd763e6394434,pending,pending
d46a3948e1c2a2726060050d,pending,pending
7dc880242277c5c2d8cff48b,pending,pending
4f8df163183bb4dfcd219199,pending,pending
6d86aa24f189679ea4ea6cd6,pending,pending
75abc424df18636dacc93734,pending,pending
dc889561d7f9f65274d604e2,pending,pending
c228d6282cdeb1c0d1d4bf5a,pending,pending
8a608306b22ddd79c5f4b18a,pending,pending
8da4120f6deb28e076fb9d4f,pending,pending
e1390bced1fb1981064730c0,pending,pending
9fd00f44767e6917d284d827,pending,pending
66281146334019910b5bd290,pending,pending
c32d02bdad547caa55fd4818,pending,pending
3fb37bc9d6ab81ff47cccedb,pending,pending
0f69ba5a6b0fa3b2dcfbeb6d,pending,pending
fa5cb4bd6f27f2127c2ec8dd,pending,pending
f3979e5b5704ae8caed303a6,pending,pending
efab6f998cbe4b7f1022ba90,pending,pending
b0bfec409511238e67ef7b0d,pending,pending
b8a375a828f484d2571d0644,pending,pending
cae2b801708b4795fb6dbf76,pending,pending
59499b2d737766f0dc8c506e,pending,pending
53aa90a96871b2ef7c1c1ef1,pending,pending
a8e629bcffb7e1c272cede56,pending,pending
4e45f72f9ba2edbcfc0e3ac6,pending,pending
ef7e3e497fab1457a848e76f,pending,pending
39d8e62755e895d538b28c2c,pending,pending
ba161da9db56335ebdf6f9c4,pending,pending
77731004afa5deae0eb06923,pending,pending
8417b20d829f8e0e2c37e775,pending,pending
43acf65b282589de7d52d8c2,pending,pending
5b42563b1739e7541f48a0f9,pending,pending
dd1a4e4b679344a47351a249,pending,pending
b3b8683236525cff77290bd9,pending,pending
d72a0a60bcdae20255f1e28a,pending,pending
8e4aac04cd62e8dea880412d,pending,pending
61f71a19cb25cac4bc1a2ecb,pending,pending
f99bd6a94ead06bbc6526847,pending,pending
2d09a69ce6d42239ccea268e,pending,pending
991bdbb6af7997de2801f30b,pending,pending
87b7fb723aff925ec14bdcef,pending,pending
90dddaf30adc7bf350310e3b,pending,pending
5dcf4b6cd164eb0ea0eff556,pending,pending
ba5a87517053ae1b060ce38a,pending,pending
066599d423ab03a5a8d81899,pending,pending
a19f36fae75cfa8fd651cf3c,pending,pending
9234b3e1f729e21214703eb6,pending,pending
57d73b5e8890332de2346803,pending,pending
e12a71c27c37dff83228fba8,pending,pending
9347fbfe419c2fb7af123757,pending,pending
e6e15dec847e96d942c635c8,pending,pending
e1304f651c41232afdb76b59,pending,pending
b3c6eaeb1fd0ea896fdcc36c,pending,pending
44b7b8cd17743c8cf20d0ca6,pending,pending
54e025f335ccd05085c77fe6,pending,pending
8c1cb052630985cf2903f0f4,pending,pending
c45347dda0a102b6e7bb77d1,pending,pending
fd6e1bade5a74ada386041ef,pending,pending
182c5dfe970fbee65ede11f1,pending,pending
1cd318a213128f6f7269a8b8,pending,pending
e3a7b8702a66e0cb8a3fa9ca,pending,pending
b98ff4e0db3f4c489da673be,pending,pending
534cb7fc0919c496b677aa86,pending,pending
eda339f5aba450183dddb584,pending,pending
8272f4c4098fd6504b14a199,pending,pending
2e11f4235a17a2a68b3942ba,pending,pending
3de877fd019f9eb98c185b13,pending,pending
8d24e5f849f1eda900857d77,pending,pending
745b79112f737c067b06e3f7,pending,pending
69fc8b435175206602b6c107,pending,pending
9c648a70ddb8fac2c530c8c6,pending,pending
1c5333082dc80a9530eeba3e,pending,pending
88c4163ba968b978b4d93169,pending,pending
617500b469b7da09ce125886,pending,pending
14d9ba1591013f10f1987bb4,pending,pending
c1ef46b93a953c2105026db7,pending,pending
323e4eaa7357c5b8cfcf4d28,pending,pending
f131b9e54e5d62e2d6d3a203,pending,pending
d977696ed32e7d9681f2a1b7,pending,pending
f7265c0912c6c3cb6ac69aaa,pending,pending
399d9a2a94275a9144aadcde,pending,pending
6b2c056bebcd9fb0a1489645,pending,pending
9fba028b9a0279d94ec13f1b,pending,pending
b60d1cb90f1235fb48d05803,pending,pending
d48085b0a1c7c06609a9b515,pending,pending
50068d2a0c866b70b07cd660,pending,pending
071616040d5bf657f794b8cf,pending,pending
3da62105453975ce1b300de0,pending,pending
39704d3fc519129fe0e5aef5,pending,pending
e042b95fb598fb9665074402,pending,pending
579c9c7a13516ac1e865ac80,pending,pending
f937c91994110f63f39419ef,pending,pending
224a96f1bc47053edf7f8a0b,pending,pending
3ec70d982b0a159f2f444977,pending,pending
3684df5e9662d7c8e0516ebb,pending,pending
cbc09761cf94bd596fff2894,pending,pending
5e59ac919e9603bcea7d88a4,pending,pending
ab1539e2551ed208e194bd6f,pending,pending
e0df8dd4bce2303d3056c6da,pending,pending
6662649d55a802a83a1ed699,pending,pending
49ecbba60bf83925d98f91de,pending,pending
e9a89b199952ee3c5db476b7,pending,pending
47e20c6d92c60ca5810f2106,pending,pending
7f7085cafe1613347b1b0c59,pending,pending
eb9941e95b99c4a7e39ec45a,pending,pending
c0cc916f9c7176ec3c5b6923,pending,pending
bfaf975ae335972aec982e61,pending,pending
11f6c5ff5b0d4ffffc4162be,pending,pending
9de8ff8ad9ac7c184a6e5259,pending,pending
193acc7b1686b1eae4ff09e8,pending,pending
9caf604d9b60097af9d9248b,pending,pending
345a61abb54237c623ab503a,pending,pending
86f3d220edfd1f095d308d7d,pending,pending
451e2bb838149b7ac97888e5,pending,pending
fe7079ef2d0c37b1c1844533,pending,pending
7a46a06c6e0f4feffb29a1eb,pending,pending
