annotation_method,augmentation,evaluation_original,group_id,height,image_id,image_label,image_path,leaf_instances,leaf_mask,leaf_review,leaf_state,original_id,qa,relative_path,semantic_mask,sha256,source,source_split,split,split_conflict,spot_mask,spot_review,spot_state,width
SAM3_auto,original,True,healthy:Healthy100.jpg,512,9e7b031e1d56ab59ba4199c2,healthy_source,/content/drive/MyDrive/Healthy/Healthy100.jpg,1,masks/leaf/9e7b031e1d56ab59ba4199c2.png,pending,nonempty,Healthy100.jpg,,Healthy100.jpg,,ba3f5e3123f022a261bd676258b50a26e9834d9090ea8bff47eca56350ac847d,healthy,,train,False,,pending,unknown,512
SAM3_auto,original,True,healthy:Healthy1000.jpg,512,f1ac37a9e63623d1b003ea67,healthy_source,/content/drive/MyDrive/Healthy/Healthy1000.jpg,1,masks/leaf/f1ac37a9e63623d1b003ea67.png,pending,nonempty,Healthy1000.jpg,,Healthy1000.jpg,,4fe7e153ff72f951e0ccee39192f4160846b84b7db65743427564230bf7a1b96,healthy,,train,False,,pending,unknown,512
SAM3_auto,original,True,healthy:Healthy1001.jpg,512,4eadc34413372ffcd635115b,healthy_source,/content/drive/MyDrive/Healthy/Healthy1001.jpg,1,masks/leaf/4eadc34413372ffcd635115b.png,pending,nonempty,Healthy1001.jpg,,Healthy1001.jpg,,b06d38442ee758194e0b3cc1528e6703fd0666f5aa8dc82ef72efe08a24654d1,healthy,,train,False,,pending,unknown,512
SAM3_auto,original,True,healthy:Healthy1003.jpg,512,f475ec1d7c953d534a15aade,healthy_source,/content/drive/MyDrive/Healthy/Healthy1003.jpg,1,masks/leaf/f475ec1d7c953d534a15aade.png,pending,nonempty,Healthy1003.jpg,,Healthy1003.jpg,,6a2c50c6e39293a5b3ee1063d818dac8cb3f1c258c0806dad32364c72157ef96,healthy,,train,False,,pending,unknown,512
SAM3_auto,original,True,healthy:Healthy1004.jpg,512,fe5bbd19f239ab62f709838b,healthy_source,/content/drive/MyDrive/Healthy/Healthy1004.jpg,1,masks/leaf/fe5bbd19f239ab62f709838b.png,pending,nonempty,Healthy1004.jpg,,Healthy1004.jpg,,6acdb58dfbbf384b644ad043b9b900c36fb7b616af11e449fc70cb10c13427fd,healthy,,train,False,,pending,unknown,512
SAM3_auto,original,True,healthy:Healthy1005.jpg,512,3b71792c58bc3301b0f696d0,healthy_source,/content/drive/MyDrive/Healthy/Healthy1005.jpg,1,masks/leaf/3b71792c58bc3301b0f696d0.png,pending,nonempty,Healthy1005.jpg,,Healthy1005.jpg,,962c5cf09b5ff648121cb97e4f595a196387beb618fe5b41fcacebac4efc74fb,healthy,,train,False,,pending,unknown,512
SAM3_auto,original,True,healthy:Healthy1006.jpg,512,91c4acd61aa6ce18d9b4a602,healthy_source,/content/drive/MyDrive/Healthy/Healthy1006.jpg,1,masks/leaf/91c4acd61aa6ce18d9b4a602.png,pending,nonempty,Healthy1006.jpg,,Healthy1006.jpg,,558dfb14469669eabc38ff412b7f38e07c7ab76c44c9ff6a811c36f3c801f290,healthy,,train,False,,pending,unknown,512
SAM3_auto,original,True,healthy:Healthy1007.jpg,512,1cc5214ca970e6fe2a259695,healthy_source,/content/drive/MyDrive/Healthy/Healthy1007.jpg,1,masks/leaf/1cc5214ca970e6fe2a259695.png,pending,nonempty,Healthy1007.jpg,,Healthy1007.jpg,,94c0796854773f7d2f4e3b3d4c2e7cec4410d45f604929c7865b05b1926e9526,healthy,,train,False,,pending,unknown,512
SAM3_auto,original,True,healthy:Healthy1008.jpg,512,d7a9d4d09b24b927eafc94f6,healthy_source,/content/drive/MyDrive/Healthy/Healthy1008.jpg,1,masks/leaf/d7a9d4d09b24b927eafc94f6.png,pending,nonempty,Healthy1008.jpg,,Healthy1008.jpg,,d8ec732ad1c4e9317b542117d24bc86430bff29388488bf8b7b501dd8e55fc92,healthy,,train,False,,pending,unknown,512
SAM3_auto,original,True,healthy:Healthy1009.jpg,512,ae780d0c25d4e72a975e9235,healthy_source,/content/drive/MyDrive/Healthy/Healthy1009.jpg,6,masks/leaf/ae780d0c25d4e72a975e9235.png,pending,nonempty,Healthy1009.jpg,,Healthy1009.jpg,,c47727f5c41dfae649b2655fd4725431d50de1e552b6bb5f0b47957d4950daf2,healthy,,train,False,,pending,unknown,512
SAM3_auto,original,True,healthy:Healthy101.jpg,512,7dd2fac4d29cfbe289ff6577,healthy_source,/content/drive/MyDrive/Healthy/Healthy101.jpg,1,masks/leaf/7dd2fac4d29cfbe289ff6577.png,pending,nonempty,Healthy101.jpg,,Healthy101.jpg,,a6f97c784e25c525e6d019a9e054635ce0e01e63e76c44ffd59f00ca87a14463,healthy,,train,False,,pending,unknown,512
SAM3_auto,original,True,healthy:Healthy1010.jpg,512,dbf51c55f3c5ac047195cb09,healthy_source,/content/drive/MyDrive/Healthy/Healthy1010.jpg,1,masks/leaf/dbf51c55f3c5ac047195cb09.png,pending,nonempty,Healthy1010.jpg,,Healthy1010.jpg,,da82623dde6fa6b87ca5ac04f4556030f28b44e9e5702fc80ac5f534de2c09de,healthy,,train,False,,pending,unknown,512
SAM3_auto,original,True,healthy:Healthy1011.jpg,512,f621868d1eb364c9df7db353,healthy_source,/content/drive/MyDrive/Healthy/Healthy1011.jpg,1,masks/leaf/f621868d1eb364c9df7db353.png,pending,nonempty,Healthy1011.jpg,,Healthy1011.jpg,,ddaf1ba1f4d93b97c76b60be6f0cfd3d1c7bcb5379dc0a99842ee60e395b6e02,healthy,,train,False,,pending,unknown,512
SAM3_auto,original,True,healthy:Healthy1012.jpg,512,13407883b0cf8bd2f9d918ad,healthy_source,/content/drive/MyDrive/Healthy/Healthy1012.jpg,1,masks/leaf/13407883b0cf8bd2f9d918ad.png,pending,nonempty,Healthy1012.jpg,,Healthy1012.jpg,,8e7d268ebf287cf8ce2ed0b31eda3e05c3ecbc336379d3f2096447324ca8f131,healthy,,train,False,,pending,unknown,512
SAM3_auto,original,True,healthy:Healthy1014.jpg,512,473b95b89a5d9cb6ef5ce3b2,healthy_source,/content/drive/MyDrive/Healthy/Healthy1014.jpg,1,masks/leaf/473b95b89a5d9cb6ef5ce3b2.png,pending,nonempty,Healthy1014.jpg,,Healthy1014.jpg,,3d7ada1a3c471ff89b5aa7cef697c9b170b3ef596d19c5eae77329da4283958e,healthy,,train,False,,pending,unknown,512
SAM3_auto,original,True,healthy:Healthy1015.jpg,512,c2889a06c248e8ac08670dd9,healthy_source,/content/drive/MyDrive/Healthy/Healthy1015.jpg,1,masks/leaf/c2889a06c248e8ac08670dd9.png,pending,nonempty,Healthy1015.jpg,,Healthy1015.jpg,,bf3486722387e7aca4c565c91e6ec0faf125d9a5037d5e21caaf1eec01b475c9,healthy,,train,False,,pending,unknown,512
SAM3_auto,original,True,healthy:Healthy1016.jpg,512,e41b3592f97b6976fbea7744,healthy_source,/content/drive/MyDrive/Healthy/Healthy1016.jpg,1,masks/leaf/e41b3592f97b6976fbea7744.png,pending,nonempty,Healthy1016.jpg,,Healthy1016.jpg,,eaf4d372f879f3e656543380daaddb69fab09ce021f24389decfbaa88a3658df,healthy,,train,False,,pending,unknown,512
SAM3_auto,original,True,healthy:Healthy1017.jpg,512,5257be63cd1c48b207c468eb,healthy_source,/content/drive/MyDrive/Healthy/Healthy1017.jpg,1,masks/leaf/5257be63cd1c48b207c468eb.png,pending,nonempty,Healthy1017.jpg,,Healthy1017.jpg,,5db2821d475155712bf3985aee9f7a3a22c06f079213e0735275cb516828ff24,healthy,,train,False,,pending,unknown,512
SAM3_auto,original,True,healthy:Healthy1018.jpg,512,761ea31bdc148aeffe9faf60,healthy_source,/content/drive/MyDrive/Healthy/Healthy1018.jpg,1,masks/leaf/761ea31bdc148aeffe9faf60.png,pending,nonempty,Healthy1018.jpg,,Healthy1018.jpg,,3e706a00eac8a8c49e154bb53cef2f1786b151aadf21ef715129a76ba3fa407c,healthy,,train,False,,pending,unknown,512
SAM3_auto,original,True,healthy:Healthy102.jpg,512,cf5b16d7cd1271987ea9f532,healthy_source,/content/drive/MyDrive/Healthy/Healthy102.jpg,2,masks/leaf/cf5b16d7cd1271987ea9f532.png,pending,nonempty,Healthy102.jpg,,Healthy102.jpg,,e1d131ddfd35909348e0bbd13da743a56797c59fe4bbc33beed0cd13ebbf92a9,healthy,,train,False,,pending,unknown,512
SAM3_auto,original,True,healthy:Healthy1021.jpg,512,36d12d0ad2079a9767e875e2,healthy_source,/content/drive/MyDrive/Healthy/Healthy1021.jpg,1,masks/leaf/36d12d0ad2079a9767e875e2.png,pending,nonempty,Healthy1021.jpg,,Healthy1021.jpg,,4ffaa79dc82934b0ebddc7aa12846f10899b10f96d89d195a47f0f958c594d3c,healthy,,train,False,,pending,unknown,512
SAM3_auto,original,True,healthy:Healthy1023.jpg,512,d6865d4de8a11eff12b08b22,healthy_source,/content/drive/MyDrive/Healthy/Healthy1023.jpg,1,masks/leaf/d6865d4de8a11eff12b08b22.png,pending,nonempty,Healthy1023.jpg,,Healthy1023.jpg,,bd15f62c6f0cc31bf7124cfbfa220c69a08caa1e9f008c6d60c37aa927a94347,healthy,,train,False,,pending,unknown,512
SAM3_auto,original,True,healthy:Healthy1024.jpg,512,535c029d027081c0d38ce033,healthy_source,/content/drive/MyDrive/Healthy/Healthy1024.jpg,1,masks/leaf/535c029d027081c0d38ce033.png,pending,nonempty,Healthy1024.jpg,,Healthy1024.jpg,,fe67c9c19a515af41d85ce5405e1c9bbbfde42a8a0b6811a7734f2df576c1c84,healthy,,train,False,,pending,unknown,512
SAM3_auto,original,True,healthy:Healthy1026.jpg,512,942b1a7c29a8396ff79a6e10,healthy_source,/content/drive/MyDrive/Healthy/Healthy1026.jpg,1,masks/leaf/942b1a7c29a8396ff79a6e10.png,pending,nonempty,Healthy1026.jpg,,Healthy1026.jpg,,7ed7f7d55be5d53ea5c1a7909125bdeea4cabf91248f9247aca82bc97d69bb53,healthy,,train,False,,pending,unknown,512
SAM3_auto,original,True,healthy:Healthy1027.jpg,512,29242851f971369acd30213a,healthy_source,/content/drive/MyDrive/Healthy/Healthy1027.jpg,1,masks/leaf/29242851f971369acd30213a.png,pending,nonempty,Healthy1027.jpg,,Healthy1027.jpg,,b206c16ade53894a17c19e942831c69f63a0c9ca53081f6e05abf2b23c9223eb,healthy,,train,False,,pending,unknown,512
SAM3_auto,original,True,healthy:Healthy1028.jpg,512,43df76c98bd982f9c282b7e1,healthy_source,/content/drive/MyDrive/Healthy/Healthy1028.jpg,1,masks/leaf/43df76c98bd982f9c282b7e1.png,pending,nonempty,Healthy1028.jpg,,Healthy1028.jpg,,4e9386798d720555e9dbdf739def2f30d2c7446daf57b04aa4699f5ecba3d32a,healthy,,train,False,,pending,unknown,512
SAM3_auto,original,True,healthy:Healthy1030.jpg,512,89303bff7984394b994247a2,healthy_source,/content/drive/MyDrive/Healthy/Healthy1030.jpg,1,masks/leaf/89303bff7984394b994247a2.png,pending,nonempty,Healthy1030.jpg,,Healthy1030.jpg,,0e6ef82e237756735052ab93550777bf375ae80d1d0d7ef8ea68dcb5b912d99e,healthy,,train,False,,pending,unknown,512
SAM3_auto,original,True,healthy:Healthy1031.jpg,512,fbffb36bc042594ab6d6a757,healthy_source,/content/drive/MyDrive/Healthy/Healthy1031.jpg,1,masks/leaf/fbffb36bc042594ab6d6a757.png,pending,nonempty,Healthy1031.jpg,,Healthy1031.jpg,,207c8714d0eac4303911e3029398b3ac6750bdb45bdf420f34c3204adc8e9754,healthy,,train,False,,pending,unknown,512
SAM3_auto,original,True,healthy:Healthy1032.jpg,512,9e5b935e34e0f4f9b0865268,healthy_source,/content/drive/MyDrive/Healthy/Healthy1032.jpg,1,masks/leaf/9e5b935e34e0f4f9b0865268.png,pending,nonempty,Healthy1032.jpg,,Healthy1032.jpg,,879c794acec20f189a3909eb81d2e4c0e8854b92f8b5faeedb6b28dc07999b7f,healthy,,train,False,,pending,unknown,512
SAM3_auto,original,True,healthy:Healthy1034.jpg,512,50eeac6c6c7e38aef2c70328,healthy_source,/content/drive/MyDrive/Healthy/Healthy1034.jpg,1,masks/leaf/50eeac6c6c7e38aef2c70328.png,pending,nonempty,Healthy1034.jpg,,Healthy1034.jpg,,725b16cabc69e6d4966d8e4d8b2b76083dbf1e16fb4ac762bccc05028802f3fe,healthy,,train,False,,pending,unknown,512
SAM3_auto,original,True,healthy:Healthy1035.jpg,512,cee763cc67f5614bf94a4137,healthy_source,/content/drive/MyDrive/Healthy/Healthy1035.jpg,1,masks/leaf/cee763cc67f5614bf94a4137.png,pending,nonempty,Healthy1035.jpg,,Healthy1035.jpg,,761669440e508b79b56766f4b68cf89eb39c37c72deef43a19ca77f94dacb2d8,healthy,,train,False,,pending,unknown,512
SAM3_auto,original,True,healthy:Healthy1036.jpg,512,a3a168eec38313cf1aeece5d,healthy_source,/content/drive/MyDrive/Healthy/Healthy1036.jpg,1,masks/leaf/a3a168eec38313cf1aeece5d.png,pending,nonempty,Healthy1036.jpg,,Healthy1036.jpg,,00ea4ce9f225434c0090bfca4199a6838e8976954242071968e3c91a6ec22e39,healthy,,train,False,,pending,unknown,512
SAM3_auto,original,True,healthy:Healthy1037.jpg,512,cebebff98ccffbe3eedce61d,healthy_source,/content/drive/MyDrive/Healthy/Healthy1037.jpg,1,masks/leaf/cebebff98ccffbe3eedce61d.png,pending,nonempty,Healthy1037.jpg,,Healthy1037.jpg,,aa33229d1c536623679ea515e68e2cb894e26f6e764c52154ef1cfa5b19ce991,healthy,,train,False,,pending,unknown,512
SAM3_auto,original,True,healthy:Healthy1038.jpg,512,74ffc1a31962445a542e7d75,healthy_source,/content/drive/MyDrive/Healthy/Healthy1038.jpg,1,masks/leaf/74ffc1a31962445a542e7d75.png,pending,nonempty,Healthy1038.jpg,,Healthy1038.jpg,,c003c16caf3079e52eb089dc2f32925929e3a430eef0629d77514efd2e693216,healthy,,train,False,,pending,unknown,512
SAM3_auto,original,True,healthy:Healthy1039.jpg,512,9e3a41f31b3bbeee6f6f5c7b,healthy_source,/content/drive/MyDrive/Healthy/Healthy1039.jpg,1,masks/leaf/9e3a41f31b3bbeee6f6f5c7b.png,pending,nonempty,Healthy1039.jpg,,Healthy1039.jpg,,97b5ab705754d3bd40bb3cd271d90414b219ad5c367693f0efc8621076caddb2,healthy,,train,False,,pending,unknown,512
SAM3_auto,original,True,healthy:Healthy1040.jpg,512,87ea3fad1a74e2861ea74ae9,healthy_source,/content/drive/MyDrive/Healthy/Healthy1040.jpg,1,masks/leaf/87ea3fad1a74e2861ea74ae9.png,pending,nonempty,Healthy1040.jpg,,Healthy1040.jpg,,7e650276ea1d9ffdd6a07d550c7229a5d2b309314579f5f6b50feeafbd004349,healthy,,train,False,,pending,unknown,512
SAM3_auto,original,True,healthy:Healthy1041.jpg,512,f4b94b17b6a8529dd067bf8f,healthy_source,/content/drive/MyDrive/Healthy/Healthy1041.jpg,1,masks/leaf/f4b94b17b6a8529dd067bf8f.png,pending,nonempty,Healthy1041.jpg,,Healthy1041.jpg,,f5289f2624a62403d40d257d261e258e9e7f1cd1cd401ff6f7bf31d00cc990c3,healthy,,train,False,,pending,unknown,512
SAM3_auto,original,True,healthy:Healthy1042.jpg,512,badbdf0fb8531eda0a08d4c0,healthy_source,/content/drive/MyDrive/Healthy/Healthy1042.jpg,1,masks/leaf/badbdf0fb8531eda0a08d4c0.png,pending,nonempty,Healthy1042.jpg,,Healthy1042.jpg,,85d3b02d7f2892326e13eb486d5dccb968feaba91f7ab3579646c3287d30e010,healthy,,train,False,,pending,unknown,512
SAM3_auto,original,True,healthy:Healthy1043.jpg,512,d7b959e348d42e00064ce00f,healthy_source,/content/drive/MyDrive/Healthy/Healthy1043.jpg,1,masks/leaf/d7b959e348d42e00064ce00f.png,pending,nonempty,Healthy1043.jpg,,Healthy1043.jpg,,002f3984c553470143900ec192d8909a4b89f39d54152b8dce846db955ba2077,healthy,,train,False,,pending,unknown,512
SAM3_auto,original,True,healthy:Healthy1045.jpg,512,d0832c7554afd9acf565ccd4,healthy_source,/content/drive/MyDrive/Healthy/Healthy1045.jpg,1,masks/leaf/d0832c7554afd9acf565ccd4.png,pending,nonempty,Healthy1045.jpg,,Healthy1045.jpg,,ebf7414afc3bbdf8060c1b7ef6600ba3f255a6d6392f09d4392f6f9a6c641a4b,healthy,,train,False,,pending,unknown,512
SAM3_auto,original,True,healthy:Healthy1047.jpg,512,109176a1a15b1e73cd0e7198,healthy_source,/content/drive/MyDrive/Healthy/Healthy1047.jpg,2,masks/leaf/109176a1a15b1e73cd0e7198.png,pending,nonempty,Healthy1047.jpg,,Healthy1047.jpg,,a85e6f6b0e8a7ef0d1994e767f576d0808b35ae3bf86876e7c143eb548b10af9,healthy,,train,False,,pending,unknown,512
SAM3_auto,original,True,healthy:Healthy1049.jpg,512,9485a5153a45756017e0a421,healthy_source,/content/drive/MyDrive/Healthy/Healthy1049.jpg,1,masks/leaf/9485a5153a45756017e0a421.png,pending,nonempty,Healthy1049.jpg,,Healthy1049.jpg,,9fa0f443711490e419b61a81d8252b0bf26b0bb0b61758c8314b77c4809ecfda,healthy,,train,False,,pending,unknown,512
SAM3_auto,original,True,healthy:Healthy1050.jpg,512,8ab42e7638e87c9ecf3f85d7,healthy_source,/content/drive/MyDrive/Healthy/Healthy1050.jpg,1,masks/leaf/8ab42e7638e87c9ecf3f85d7.png,pending,nonempty,Healthy1050.jpg,,Healthy1050.jpg,,c29c38530fe38adcc49863a5f1a657611fefb00625150cb1d0d60e6ad014630a,healthy,,train,False,,pending,unknown,512
SAM3_auto,original,True,healthy:Healthy1051.jpg,512,223d8bd1d6981695f3a78b03,healthy_source,/content/drive/MyDrive/Healthy/Healthy1051.jpg,1,masks/leaf/223d8bd1d6981695f3a78b03.png,pending,nonempty,Healthy1051.jpg,,Healthy1051.jpg,,c8a62c61e17320043bc7e7623ed74ff27d6efd07cb57440ce8838da28b9ab144,healthy,,train,False,,pending,unknown,512
SAM3_auto,original,True,healthy:Healthy1052.jpg,512,f74e102c0da11a354268c9a0,healthy_source,/content/drive/MyDrive/Healthy/Healthy1052.jpg,1,masks/leaf/f74e102c0da11a354268c9a0.png,pending,nonempty,Healthy1052.jpg,,Healthy1052.jpg,,fef84e07231738cd5a07a989744010ce53522b0e8793987c60f2b91b1f3170ac,healthy,,train,False,,pending,unknown,512
SAM3_auto,original,True,healthy:Healthy1053.jpg,512,abd070eaa6294eba05e76210,healthy_source,/content/drive/MyDrive/Healthy/Healthy1053.jpg,1,masks/leaf/abd070eaa6294eba05e76210.png,pending,nonempty,Healthy1053.jpg,,Healthy1053.jpg,,78a9fc83e5adc48a79d9a62af4cf3f0c225c9bbd06f4532dbf6dacf97593b8eb,healthy,,train,False,,pending,unknown,512
SAM3_auto,original,True,healthy:Healthy1054.jpg,512,6cc4e426c3c5e0f68c4bba93,healthy_source,/content/drive/MyDrive/Healthy/Healthy1054.jpg,1,masks/leaf/6cc4e426c3c5e0f68c4bba93.png,pending,nonempty,Healthy1054.jpg,,Healthy1054.jpg,,a58bdf3dc0eb38141231c121525d158de0726d62aa75d1479a0929e7efd47f7a,healthy,,train,False,,pending,unknown,512
SAM3_auto,original,True,healthy:Healthy1056.jpg,512,186a5c8ee4d95402a10ef631,healthy_source,/content/drive/MyDrive/Healthy/Healthy1056.jpg,1,masks/leaf/186a5c8ee4d95402a10ef631.png,pending,nonempty,Healthy1056.jpg,,Healthy1056.jpg,,6d9266f89eaa52039b29d489487f810895814c47100b81790b67f5edc615fe87,healthy,,train,False,,pending,unknown,512
SAM3_auto,original,True,healthy:Healthy1057.jpg,512,6b20506af43a1f60f8a14608,healthy_source,/content/drive/MyDrive/Healthy/Healthy1057.jpg,1,masks/leaf/6b20506af43a1f60f8a14608.png,pending,nonempty,Healthy1057.jpg,,Healthy1057.jpg,,129513018ffb26c58481a870e5e8be1b7064c3acc4a61dd44ea1e6653bd395da,healthy,,train,False,,pending,unknown,512
SAM3_auto,original,True,healthy:Healthy1058.jpg,512,6958e7064bedc1780cb9327d,healthy_source,/content/drive/MyDrive/Healthy/Healthy1058.jpg,1,masks/leaf/6958e7064bedc1780cb9327d.png,pending,nonempty,Healthy1058.jpg,,Healthy1058.jpg,,a2d8e7c5e4bc74e732692a0d31904d420756fd62486804c17e66d44152259364,healthy,,train,False,,pending,unknown,512
SAM3_auto,original,True,healthy:Healthy1059.jpg,512,f9c851370c48a98ae036e1dc,healthy_source,/content/drive/MyDrive/Healthy/Healthy1059.jpg,1,masks/leaf/f9c851370c48a98ae036e1dc.png,pending,nonempty,Healthy1059.jpg,,Healthy1059.jpg,,05033679cdf202c82bcd7f473d126834e3dac9bbf890e997d8286107e29c29a9,healthy,,train,False,,pending,unknown,512
SAM3_auto,original,True,healthy:Healthy106.jpg,512,ac096edfa93a18d58d105ecc,healthy_source,/content/drive/MyDrive/Healthy/Healthy106.jpg,1,masks/leaf/ac096edfa93a18d58d105ecc.png,pending,nonempty,Healthy106.jpg,,Healthy106.jpg,,b2abde34bb89e5bca61b749ba920c6a4c61992335815790ae8c803f65d7b2381,healthy,,train,False,,pending,unknown,512
SAM3_auto,original,True,healthy:Healthy1060.jpg,512,ea76bcf073398e97e9a7386c,healthy_source,/content/drive/MyDrive/Healthy/Healthy1060.jpg,1,masks/leaf/ea76bcf073398e97e9a7386c.png,pending,nonempty,Healthy1060.jpg,,Healthy1060.jpg,,4b2c5415eb863927f7e6be083c33b63611e6cb7342e733fe7cd8dafe0fc9e75e,healthy,,train,False,,pending,unknown,512
SAM3_auto,original,True,healthy:Healthy1061.jpg,512,316b9eb32e37f11b5116156b,healthy_source,/content/drive/MyDrive/Healthy/Healthy1061.jpg,1,masks/leaf/316b9eb32e37f11b5116156b.png,pending,nonempty,Healthy1061.jpg,,Healthy1061.jpg,,5de656c965cc380b108270cd50b90968c285b408ddd7e3a680f38804ca303381,healthy,,train,False,,pending,unknown,512
SAM3_auto,original,True,healthy:Healthy1062.jpg,512,f5b3dc01f9b364180e4fccc9,healthy_source,/content/drive/MyDrive/Healthy/Healthy1062.jpg,1,masks/leaf/f5b3dc01f9b364180e4fccc9.png,pending,nonempty,Healthy1062.jpg,,Healthy1062.jpg,,e140b91b97238e4c5ab38907ab081b798253bcd20adef9a2c58d2478513a78f5,healthy,,train,False,,pending,unknown,512
SAM3_auto,original,True,healthy:Healthy1063.jpg,512,80eea5813d2286334e412fdf,healthy_source,/content/drive/MyDrive/Healthy/Healthy1063.jpg,1,masks/leaf/80eea5813d2286334e412fdf.png,pending,nonempty,Healthy1063.jpg,,Healthy1063.jpg,,c81b8ffee11f6f014c782129dcd84c225680a7854b472a36165ea80b3ff59fda,healthy,,train,False,,pending,unknown,512
SAM3_auto,original,True,healthy:Healthy1064.jpg,512,cd5fa2dc6c3cda47bb28814f,healthy_source,/content/drive/MyDrive/Healthy/Healthy1064.jpg,1,masks/leaf/cd5fa2dc6c3cda47bb28814f.png,pending,nonempty,Healthy1064.jpg,,Healthy1064.jpg,,94809795aba792fbc9a5927ba15eed62c327e7edaee4f422b0634b45e0ca5a74,healthy,,train,False,,pending,unknown,512
SAM3_auto,original,True,healthy:Healthy1065.jpg,512,721f88e29373f6238be74cf4,healthy_source,/content/drive/MyDrive/Healthy/Healthy1065.jpg,1,masks/leaf/721f88e29373f6238be74cf4.png,pending,nonempty,Healthy1065.jpg,,Healthy1065.jpg,,7e8a0a58edd038b00b27c7505829b9d487bb34bf533ade2f0877bbe093fe4be2,healthy,,train,False,,pending,unknown,512
SAM3_auto,original,True,healthy:Healthy1066.jpg,512,2ca3609a4fb6316f3fdbf1a1,healthy_source,/content/drive/MyDrive/Healthy/Healthy1066.jpg,1,masks/leaf/2ca3609a4fb6316f3fdbf1a1.png,pending,nonempty,Healthy1066.jpg,,Healthy1066.jpg,,899094d1ea784d922ecd7e17bb7db2a2ce833e0de854e2060b337d6d0f7e4a12,healthy,,train,False,,pending,unknown,512
SAM3_auto,original,True,healthy:Healthy1068.jpg,512,c45f5f0d4150eff3f896cd38,healthy_source,/content/drive/MyDrive/Healthy/Healthy1068.jpg,1,masks/leaf/c45f5f0d4150eff3f896cd38.png,pending,nonempty,Healthy1068.jpg,,Healthy1068.jpg,,610b2f4a2c387c4de35150a8eca3b907a174cc717bd00a15d0bcacb2cdbb1f76,healthy,,train,False,,pending,unknown,512
SAM3_auto,original,True,healthy:Healthy1069.jpg,512,257bec8ded7d8e743e2d6878,healthy_source,/content/drive/MyDrive/Healthy/Healthy1069.jpg,1,masks/leaf/257bec8ded7d8e743e2d6878.png,pending,nonempty,Healthy1069.jpg,,Healthy1069.jpg,,53856ef001abb605004e0a19f75820a7f409f3e50e262cb45ea647cae4197980,healthy,,train,False,,pending,unknown,512
SAM3_auto,original,True,healthy:Healthy107.jpg,512,6d0494d5b2e5bcaf12d1a6b7,healthy_source,/content/drive/MyDrive/Healthy/Healthy107.jpg,1,masks/leaf/6d0494d5b2e5bcaf12d1a6b7.png,pending,nonempty,Healthy107.jpg,,Healthy107.jpg,,17d296296a6dd1dee291bcc0a8e7d23b19a1e704dd2263f93692417758f53292,healthy,,train,False,,pending,unknown,512
SAM3_auto,original,True,healthy:Healthy1071.jpg,512,3e1c7d26126922a2021560e0,healthy_source,/content/drive/MyDrive/Healthy/Healthy1071.jpg,1,masks/leaf/3e1c7d26126922a2021560e0.png,pending,nonempty,Healthy1071.jpg,,Healthy1071.jpg,,a9d918bbf0432d58a0faaed078e7aa4b8ff6527ed45c9098de05172378f8e2d3,healthy,,train,False,,pending,unknown,512
SAM3_auto,original,True,healthy:Healthy1074.jpg,512,d606f4d188a94b90736d879d,healthy_source,/content/drive/MyDrive/Healthy/Healthy1074.jpg,1,masks/leaf/d606f4d188a94b90736d879d.png,pending,nonempty,Healthy1074.jpg,,Healthy1074.jpg,,a72e8b4250a17d9fb16cf021f28f97a9ec49c34dcbacdb6b497353a83f8844df,healthy,,train,False,,pending,unknown,512
SAM3_auto,original,True,healthy:Healthy1075.jpg,512,6a7d9b626423dcad9e2c44b1,healthy_source,/content/drive/MyDrive/Healthy/Healthy1075.jpg,1,masks/leaf/6a7d9b626423dcad9e2c44b1.png,pending,nonempty,Healthy1075.jpg,,Healthy1075.jpg,,147e5a761d2378e055c0cd7b5583d411bc4194e52cbd61660d9ca627e6b37d7c,healthy,,train,False,,pending,unknown,512
SAM3_auto,original,True,healthy:Healthy1076.jpg,512,22d0c84cbc0a2cd2a8a407ff,healthy_source,/content/drive/MyDrive/Healthy/Healthy1076.jpg,1,masks/leaf/22d0c84cbc0a2cd2a8a407ff.png,pending,nonempty,Healthy1076.jpg,,Healthy1076.jpg,,40a65a3b93420c1eab46b0d5463f955ee31595cb199628871786c53312ea9460,healthy,,train,False,,pending,unknown,512
SAM3_auto,original,True,healthy:Healthy1078.jpg,512,e4b5c965866700c8e6d51344,healthy_source,/content/drive/MyDrive/Healthy/Healthy1078.jpg,1,masks/leaf/e4b5c965866700c8e6d51344.png,pending,nonempty,Healthy1078.jpg,,Healthy1078.jpg,,35d4088d5c467cdae27588e9c00a81c17dc031745ff445008b15e90b018a5bbb,healthy,,train,False,,pending,unknown,512
SAM3_auto,original,True,healthy:Healthy1079.jpg,512,c248af9655251b4d9d3f15c1,healthy_source,/content/drive/MyDrive/Healthy/Healthy1079.jpg,1,masks/leaf/c248af9655251b4d9d3f15c1.png,pending,nonempty,Healthy1079.jpg,,Healthy1079.jpg,,b67130087279e9ab93b3b6bf51b33f0f09e26838c84f1828f852f2edce521a3a,healthy,,train,False,,pending,unknown,512
SAM3_auto,original,True,healthy:Healthy108.jpg,512,c65a0129fce0cc7efa68c14c,healthy_source,/content/drive/MyDrive/Healthy/Healthy108.jpg,1,masks/leaf/c65a0129fce0cc7efa68c14c.png,pending,nonempty,Healthy108.jpg,,Healthy108.jpg,,8d9b6c4615fbb6dfd9ab1431340e077aee9cd69ec54ea357049dd395db62a747,healthy,,train,False,,pending,unknown,512
SAM3_auto,original,True,healthy:Healthy1080.jpg,512,bc29ce500e721efa364899d4,healthy_source,/content/drive/MyDrive/Healthy/Healthy1080.jpg,1,masks/leaf/bc29ce500e721efa364899d4.png,pending,nonempty,Healthy1080.jpg,,Healthy1080.jpg,,c2884f0bfcc2a213a0742cd8f1165d635bcf2061bd1934d53cb6751116516049,healthy,,train,False,,pending,unknown,512
SAM3_auto,original,True,healthy:Healthy1083.jpg,512,788f9c6f253e881b070d23a2,healthy_source,/content/drive/MyDrive/Healthy/Healthy1083.jpg,1,masks/leaf/788f9c6f253e881b070d23a2.png,pending,nonempty,Healthy1083.jpg,,Healthy1083.jpg,,4f22c2dfb0334aa4ef61412144532b0c3abab8caf930cd553830ba7fdf7f3615,healthy,,train,False,,pending,unknown,512
SAM3_auto,original,True,healthy:Healthy1084.jpg,512,48c1d1f6a9c5baa9b5488133,healthy_source,/content/drive/MyDrive/Healthy/Healthy1084.jpg,1,masks/leaf/48c1d1f6a9c5baa9b5488133.png,pending,nonempty,Healthy1084.jpg,,Healthy1084.jpg,,9da6643650b782cdb0f1a9a94f764b111b01de575f1c3a27104abad5fdc8f9a8,healthy,,train,False,,pending,unknown,512
SAM3_auto,original,True,healthy:Healthy1085.jpg,512,95ff916f1bb8d05e08e8ec67,healthy_source,/content/drive/MyDrive/Healthy/Healthy1085.jpg,1,masks/leaf/95ff916f1bb8d05e08e8ec67.png,pending,nonempty,Healthy1085.jpg,,Healthy1085.jpg,,00c4b70c5402a27754b841f0f8a4714ceace0abc99052347961753083b2d4090,healthy,,train,False,,pending,unknown,512
SAM3_auto,original,True,healthy:Healthy1087.jpg,512,adcfb064513f9940e9003c7f,healthy_source,/content/drive/MyDrive/Healthy/Healthy1087.jpg,1,masks/leaf/adcfb064513f9940e9003c7f.png,pending,nonempty,Healthy1087.jpg,,Healthy1087.jpg,,60b82e278de64e1285b3a98b284c804c2b408fe7cdf6f73525a943846bf25951,healthy,,train,False,,pending,unknown,512
SAM3_auto,original,True,healthy:Healthy1088.jpg,512,a7b14c7dc95cb497537d1aae,healthy_source,/content/drive/MyDrive/Healthy/Healthy1088.jpg,1,masks/leaf/a7b14c7dc95cb497537d1aae.png,pending,nonempty,Healthy1088.jpg,,Healthy1088.jpg,,b6e81df9262024d5612bc899654db0fa45356f6a0e0e79069ca0cd22683e8f63,healthy,,train,False,,pending,unknown,512
SAM3_auto,original,True,healthy:Healthy109.jpg,512,802514fe6e9dc792ec04b9f3,healthy_source,/content/drive/MyDrive/Healthy/Healthy109.jpg,1,masks/leaf/802514fe6e9dc792ec04b9f3.png,pending,nonempty,Healthy109.jpg,,Healthy109.jpg,,6d73a6dc87071a901060c93ff7fdbfc29969ec52423c4422c1169854bdde7e2c,healthy,,train,False,,pending,unknown,512
SAM3_auto,original,True,healthy:Healthy1091.jpg,512,4303d24bb90a7840141feba7,healthy_source,/content/drive/MyDrive/Healthy/Healthy1091.jpg,1,masks/leaf/4303d24bb90a7840141feba7.png,pending,nonempty,Healthy1091.jpg,,Healthy1091.jpg,,d6935a49d9e3fe4635c71371ca1f7e5af4adaa67bb93987a5672b1311d6f47e9,healthy,,train,False,,pending,unknown,512
SAM3_auto,original,True,healthy:Healthy1092.jpg,512,9252c24bc1ea6e80f662be18,healthy_source,/content/drive/MyDrive/Healthy/Healthy1092.jpg,1,masks/leaf/9252c24bc1ea6e80f662be18.png,pending,nonempty,Healthy1092.jpg,,Healthy1092.jpg,,3cfea8de63c42bc0dba86acae92e2373b3d4b42c834fa2526a24f5d09d57df6e,healthy,,train,False,,pending,unknown,512
SAM3_auto,original,True,healthy:Healthy1093.jpg,512,26517a235a1425b37c23d686,healthy_source,/content/drive/MyDrive/Healthy/Healthy1093.jpg,1,masks/leaf/26517a235a1425b37c23d686.png,pending,nonempty,Healthy1093.jpg,,Healthy1093.jpg,,90b3279862e796a073b7f778956d8bea7080f648ba8fcf9432b18f7ca1cc1b3f,healthy,,train,False,,pending,unknown,512
SAM3_auto,original,True,healthy:Healthy1094.jpg,512,d18486944dda21041c7bd971,healthy_source,/content/drive/MyDrive/Healthy/Healthy1094.jpg,1,masks/leaf/d18486944dda21041c7bd971.png,pending,nonempty,Healthy1094.jpg,,Healthy1094.jpg,,e66d66eefbc7d3fe0a9a4e9a6bd21d5c6183d4f1cd93b0af3d926d9380e135b5,healthy,,train,False,,pending,unknown,512
SAM3_auto,original,True,healthy:Healthy1095.jpg,512,f8a95d2393c1a169cd986d32,healthy_source,/content/drive/MyDrive/Healthy/Healthy1095.jpg,1,masks/leaf/f8a95d2393c1a169cd986d32.png,pending,nonempty,Healthy1095.jpg,,Healthy1095.jpg,,4fb544757f85b1703ca7e6cc999cf16e17fbc7d6b5c5cd938bf48dda3929abdb,healthy,,train,False,,pending,unknown,512
SAM3_auto,original,True,healthy:Healthy1096.jpg,512,5843774fca91fc035b95e6d0,healthy_source,/content/drive/MyDrive/Healthy/Healthy1096.jpg,1,masks/leaf/5843774fca91fc035b95e6d0.png,pending,nonempty,Healthy1096.jpg,,Healthy1096.jpg,,c0d71f15f1050d173ca3f86f31dd7b81552de33d12dc6526a9f9e0f6676ed604,healthy,,train,False,,pending,unknown,512
SAM3_auto,original,True,healthy:Healthy1097.jpg,512,f14e5d77a10c7a1b6aee0b02,healthy_source,/content/drive/MyDrive/Healthy/Healthy1097.jpg,1,masks/leaf/f14e5d77a10c7a1b6aee0b02.png,pending,nonempty,Healthy1097.jpg,,Healthy1097.jpg,,993ccd0aba54a34797d274b1a7ffaeda6173f1ca33256e0c6ff8ab9bf6c5e88c,healthy,,train,False,,pending,unknown,512
SAM3_auto,original,True,healthy:Healthy1098.jpg,512,fd413ac1664d4b94b0e63c82,healthy_source,/content/drive/MyDrive/Healthy/Healthy1098.jpg,1,masks/leaf/fd413ac1664d4b94b0e63c82.png,pending,nonempty,Healthy1098.jpg,,Healthy1098.jpg,,064dbfd833a6e089637d30d13791881be9961409e38051263150d0b33c5395b7,healthy,,train,False,,pending,unknown,512
SAM3_auto,original,True,healthy:Healthy1099.jpg,512,c4d45272e207f49b5b6fb4a4,healthy_source,/content/drive/MyDrive/Healthy/Healthy1099.jpg,1,masks/leaf/c4d45272e207f49b5b6fb4a4.png,pending,nonempty,Healthy1099.jpg,,Healthy1099.jpg,,86d2458d6c495da274e416e10c2e3e5ddbb8fb85840635b2aaa828f704d35db0,healthy,,train,False,,pending,unknown,512
SAM3_auto,original,True,healthy:Healthy11.jpg,512,4c14a502af6cdff14d816a03,healthy_source,/content/drive/MyDrive/Healthy/Healthy11.jpg,1,masks/leaf/4c14a502af6cdff14d816a03.png,pending,nonempty,Healthy11.jpg,,Healthy11.jpg,,9df79bf8467ff2d2ed67b635b06d0e75ca255c3710d454df22dbab3f0ade4590,healthy,,train,False,,pending,unknown,512
SAM3_auto,original,True,healthy:Healthy110.jpg,512,6729f4c963d51d5370b89a7c,healthy_source,/content/drive/MyDrive/Healthy/Healthy110.jpg,1,masks/leaf/6729f4c963d51d5370b89a7c.png,pending,nonempty,Healthy110.jpg,,Healthy110.jpg,,a4f53f4fa91e5567b3766a54112eabc92d91dcba517616ad7645a96c8469f984,healthy,,train,False,,pending,unknown,512
SAM3_auto,original,True,healthy:Healthy1100.jpg,512,032073d137367f76d5083141,healthy_source,/content/drive/MyDrive/Healthy/Healthy1100.jpg,1,masks/leaf/032073d137367f76d5083141.png,pending,nonempty,Healthy1100.jpg,,Healthy1100.jpg,,e043844f2f582a3b71636f45835948317e51da931a51e2ef672c0363451f0dd9,healthy,,train,False,,pending,unknown,512
SAM3_auto,original,True,healthy:Healthy1101.jpg,512,9dbc6a72b34a59a2d0b2b891,healthy_source,/content/drive/MyDrive/Healthy/Healthy1101.jpg,1,masks/leaf/9dbc6a72b34a59a2d0b2b891.png,pending,nonempty,Healthy1101.jpg,,Healthy1101.jpg,,2f90e8391c9910a3e3ecb132064fdfcb409f593df68cbde754e4f3ae9edab3bf,healthy,,train,False,,pending,unknown,512
SAM3_auto,original,True,healthy:Healthy1103.jpg,512,6e6060e06c739667452948c6,healthy_source,/content/drive/MyDrive/Healthy/Healthy1103.jpg,1,masks/leaf/6e6060e06c739667452948c6.png,pending,nonempty,Healthy1103.jpg,,Healthy1103.jpg,,6576734ba33311cd3b49cd67f38c8262a2af3373675fae636eb3789e700a5c56,healthy,,train,False,,pending,unknown,512
SAM3_auto,original,True,healthy:Healthy1104.jpg,512,ee48ce071b3a66e5a9edbbf9,healthy_source,/content/drive/MyDrive/Healthy/Healthy1104.jpg,1,masks/leaf/ee48ce071b3a66e5a9edbbf9.png,pending,nonempty,Healthy1104.jpg,,Healthy1104.jpg,,40c234e42c2c8b41015cff5c18d1b51fc0bb46d4f8d72c0670b6de284d3665e9,healthy,,train,False,,pending,unknown,512
SAM3_auto,original,True,healthy:Healthy1105.jpg,512,e641c4ca3f4eb62ec72148a1,healthy_source,/content/drive/MyDrive/Healthy/Healthy1105.jpg,1,masks/leaf/e641c4ca3f4eb62ec72148a1.png,pending,nonempty,Healthy1105.jpg,,Healthy1105.jpg,,7e2519f713a29a314bdbb68a9e68c1122f188b867f5f123a7048c5bee1e9f31d,healthy,,train,False,,pending,unknown,512
SAM3_auto,original,True,healthy:Healthy1106.jpg,512,e8d2bbbf8d68232475855baf,healthy_source,/content/drive/MyDrive/Healthy/Healthy1106.jpg,1,masks/leaf/e8d2bbbf8d68232475855baf.png,pending,nonempty,Healthy1106.jpg,,Healthy1106.jpg,,c6ecdb78fe4bc0b682d56ac4f0108ef3743afc4c140f38a1fcc7fd73cbbe56f6,healthy,,train,False,,pending,unknown,512
SAM3_auto,original,True,healthy:Healthy1107.jpg,512,fd5c568a9991ebf1654aa56d,healthy_source,/content/drive/MyDrive/Healthy/Healthy1107.jpg,1,masks/leaf/fd5c568a9991ebf1654aa56d.png,pending,nonempty,Healthy1107.jpg,,Healthy1107.jpg,,f286b1d45d1c928449214550b764b9b3238977e3397a70a5278dfc2878b0f8f1,healthy,,train,False,,pending,unknown,512
SAM3_auto,original,True,healthy:Healthy1108.jpg,512,7e672fe88f3a269b2b1d1dca,healthy_source,/content/drive/MyDrive/Healthy/Healthy1108.jpg,1,masks/leaf/7e672fe88f3a269b2b1d1dca.png,pending,nonempty,Healthy1108.jpg,,Healthy1108.jpg,,e3441fccda634e81e300f4cd76b3968d30debe7c2e24f661b24358cccc973ccf,healthy,,train,False,,pending,unknown,512
SAM3_auto,original,True,healthy:Healthy1110.jpg,512,33cba3758345160f671c1fb6,healthy_source,/content/drive/MyDrive/Healthy/Healthy1110.jpg,1,masks/leaf/33cba3758345160f671c1fb6.png,pending,nonempty,Healthy1110.jpg,,Healthy1110.jpg,,8ed5dc0a8353266b294101ee4254eddd4b3de54cd66ec812c1bc24c84f655eeb,healthy,,train,False,,pending,unknown,512
SAM3_auto,original,True,healthy:Healthy1111.jpg,512,8508ac50f35beb064598f226,healthy_source,/content/drive/MyDrive/Healthy/Healthy1111.jpg,1,masks/leaf/8508ac50f35beb064598f226.png,pending,nonempty,Healthy1111.jpg,,Healthy1111.jpg,,75c3cbb35250887b8f1148da6f14578da79ccf55731a1b8b10d818559d5d8444,healthy,,train,False,,pending,unknown,512
SAM3_auto,original,True,healthy:Healthy1113.jpg,512,fc17b09d96ec3b9eaaaa331b,healthy_source,/content/drive/MyDrive/Healthy/Healthy1113.jpg,1,masks/leaf/fc17b09d96ec3b9eaaaa331b.png,pending,nonempty,Healthy1113.jpg,,Healthy1113.jpg,,149d4619322355bc8869005cbf0be057c7ec0abf0ae5cb25655f2b03c55bff3d,healthy,,train,False,,pending,unknown,512
SAM3_auto,original,True,healthy:Healthy1114.jpg,512,5de857a72c673e1a11063b5d,healthy_source,/content/drive/MyDrive/Healthy/Healthy1114.jpg,1,masks/leaf/5de857a72c673e1a11063b5d.png,pending,nonempty,Healthy1114.jpg,,Healthy1114.jpg,,d94bb9fa1910768662e964056bb13a7d42e0af9a714f570ca1b5f003265d7ed6,healthy,,train,False,,pending,unknown,512
SAM3_auto,original,True,healthy:Healthy1115.jpg,512,52433c2cc0c62886e0d7d866,healthy_source,/content/drive/MyDrive/Healthy/Healthy1115.jpg,1,masks/leaf/52433c2cc0c62886e0d7d866.png,pending,nonempty,Healthy1115.jpg,,Healthy1115.jpg,,719014c35c1c7edb83756581f8d8b22cea1dcd88f2e644e28362e42c2d596597,healthy,,train,False,,pending,unknown,512
SAM3_auto,original,True,healthy:Healthy1116.jpg,512,2e1c1eb2a17d7c1b288fb46a,healthy_source,/content/drive/MyDrive/Healthy/Healthy1116.jpg,1,masks/leaf/2e1c1eb2a17d7c1b288fb46a.png,pending,nonempty,Healthy1116.jpg,,Healthy1116.jpg,,3b27e6dc239ba3a7bb9e2653471f22cb460befb45f15c6b3e8fb31c75b04cf74,healthy,,train,False,,pending,unknown,512
SAM3_auto,original,True,healthy:Healthy1117.jpg,512,8730794750b8bb56bc821c4a,healthy_source,/content/drive/MyDrive/Healthy/Healthy1117.jpg,1,masks/leaf/8730794750b8bb56bc821c4a.png,pending,nonempty,Healthy1117.jpg,,Healthy1117.jpg,,3e0a79fca767bf9b06df53e58df1fdb4ad0fa991262c5fd20b8e457a41e95019,healthy,,train,False,,pending,unknown,512
SAM3_auto,original,True,healthy:Healthy112.jpg,512,def7f6ada52de5ebf64ca851,healthy_source,/content/drive/MyDrive/Healthy/Healthy112.jpg,1,masks/leaf/def7f6ada52de5ebf64ca851.png,pending,nonempty,Healthy112.jpg,,Healthy112.jpg,,909752b032571fa1ca8b53dea81ba534218e2efb8d77265a2fb33324c501c8bf,healthy,,train,False,,pending,unknown,512
SAM3_auto,original,True,healthy:Healthy1121.jpg,512,6507113cf44b6729bd8c900e,healthy_source,/content/drive/MyDrive/Healthy/Healthy1121.jpg,1,masks/leaf/6507113cf44b6729bd8c900e.png,pending,nonempty,Healthy1121.jpg,,Healthy1121.jpg,,86c14bd345d815f91ddb6c919833904f3d42c4357eeac666e32ce77bafb05571,healthy,,train,False,,pending,unknown,512
SAM3_auto,original,True,healthy:Healthy1122.jpg,512,ebb235dbad5d2da422789813,healthy_source,/content/drive/MyDrive/Healthy/Healthy1122.jpg,4,masks/leaf/ebb235dbad5d2da422789813.png,pending,nonempty,Healthy1122.jpg,,Healthy1122.jpg,,a99b2413bbc5b97810a2926ed4ff84af176be58ad95350e6fd6db7c740fadd2b,healthy,,train,False,,pending,unknown,512
SAM3_auto,original,True,healthy:Healthy1123.jpg,512,a9937b9fe2059fceab18b8a1,healthy_source,/content/drive/MyDrive/Healthy/Healthy1123.jpg,1,masks/leaf/a9937b9fe2059fceab18b8a1.png,pending,nonempty,Healthy1123.jpg,,Healthy1123.jpg,,9c5cbc433b06b523a962c01374ee2422ae136de421281cecb83050138695a56d,healthy,,train,False,,pending,unknown,512
SAM3_auto,original,True,healthy:Healthy1125.jpg,512,7f04dd558b0119a57704ba17,healthy_source,/content/drive/MyDrive/Healthy/Healthy1125.jpg,1,masks/leaf/7f04dd558b0119a57704ba17.png,pending,nonempty,Healthy1125.jpg,,Healthy1125.jpg,,aed35121088b58e617b39f453bfda9abf6aeba4480dda4b18e14067d294c50fd,healthy,,train,False,,pending,unknown,512
SAM3_auto,original,True,healthy:Healthy1127.jpg,512,8098d2f5932a2e1ebeffaf76,healthy_source,/content/drive/MyDrive/Healthy/Healthy1127.jpg,1,masks/leaf/8098d2f5932a2e1ebeffaf76.png,pending,nonempty,Healthy1127.jpg,,Healthy1127.jpg,,0e01456390a8be4e798c5316335ef395ff4d6943c66d6028772b2ec6f78b65db,healthy,,train,False,,pending,unknown,512
SAM3_auto,original,True,healthy:Healthy1128.jpg,512,158968adcb58fb054221ce7f,healthy_source,/content/drive/MyDrive/Healthy/Healthy1128.jpg,1,masks/leaf/158968adcb58fb054221ce7f.png,pending,nonempty,Healthy1128.jpg,,Healthy1128.jpg,,64cf2f06bb6140d77d9a2c0ec535a44bc98dfac873010334f376226083b15eae,healthy,,train,False,,pending,unknown,512
SAM3_auto,original,True,healthy:Healthy1129.jpg,512,1f8cff47ba5b71a53286d2d6,healthy_source,/content/drive/MyDrive/Healthy/Healthy1129.jpg,1,masks/leaf/1f8cff47ba5b71a53286d2d6.png,pending,nonempty,Healthy1129.jpg,,Healthy1129.jpg,,f649b2458a5542b07ab5566ab429b8f9bace43792a80a546c3f46f493c025457,healthy,,train,False,,pending,unknown,512
SAM3_auto,original,True,healthy:Healthy113.jpg,512,6118098b04ecfa745367549a,healthy_source,/content/drive/MyDrive/Healthy/Healthy113.jpg,1,masks/leaf/6118098b04ecfa745367549a.png,pending,nonempty,Healthy113.jpg,,Healthy113.jpg,,69dab6381dc06528a4bb9013497bdb19728dcfdfe8b5b06f1a3c8d81a596fd58,healthy,,train,False,,pending,unknown,512
SAM3_auto,original,True,healthy:Healthy1131.jpg,512,b055a1b547b3435d08baf6a0,healthy_source,/content/drive/MyDrive/Healthy/Healthy1131.jpg,1,masks/leaf/b055a1b547b3435d08baf6a0.png,pending,nonempty,Healthy1131.jpg,,Healthy1131.jpg,,9ca480edbb206e6fa8a8dc8abc137e2abd29dee85be0cb47f404e7f6a0407e2c,healthy,,train,False,,pending,unknown,512
SAM3_auto,original,True,healthy:Healthy1132.jpg,512,05dcf47de83aecb40928d4bd,healthy_source,/content/drive/MyDrive/Healthy/Healthy1132.jpg,1,masks/leaf/05dcf47de83aecb40928d4bd.png,pending,nonempty,Healthy1132.jpg,,Healthy1132.jpg,,5845c9c5496a4649a764d03d9e93c655827ff74729b41c28546963dd8a18748a,healthy,,train,False,,pending,unknown,512
SAM3_auto,original,True,healthy:Healthy1133.jpg,512,3028d74e32b450655877d20d,healthy_source,/content/drive/MyDrive/Healthy/Healthy1133.jpg,1,masks/leaf/3028d74e32b450655877d20d.png,pending,nonempty,Healthy1133.jpg,,Healthy1133.jpg,,2a0d54b515d3ec9e72c27faaa6ba4b9672ad71c7b1b17b8338a4851eb0bfdbaf,healthy,,train,False,,pending,unknown,512
SAM3_auto,original,True,healthy:Healthy1134.jpg,512,da5c9b1def0094b860c7785c,healthy_source,/content/drive/MyDrive/Healthy/Healthy1134.jpg,1,masks/leaf/da5c9b1def0094b860c7785c.png,pending,nonempty,Healthy1134.jpg,,Healthy1134.jpg,,44ee5ac344a11b24c9c837a95ba9fe95f11f568a916944edc62d6b09e07bfe1f,healthy,,train,False,,pending,unknown,512
SAM3_auto,original,True,healthy:Healthy1135.jpg,512,c205b659843ef7c1e86d845b,healthy_source,/content/drive/MyDrive/Healthy/Healthy1135.jpg,1,masks/leaf/c205b659843ef7c1e86d845b.png,pending,nonempty,Healthy1135.jpg,,Healthy1135.jpg,,87add2d3cb21c0a1c544064adeb63385260754dc37964c062e067cd3a790e51f,healthy,,train,False,,pending,unknown,512
SAM3_auto,original,True,healthy:Healthy1137.jpg,512,cefe53ce772ba39fae942b9a,healthy_source,/content/drive/MyDrive/Healthy/Healthy1137.jpg,1,masks/leaf/cefe53ce772ba39fae942b9a.png,pending,nonempty,Healthy1137.jpg,,Healthy1137.jpg,,6d2a8841be3154a596c05f0f314da5367a2493a86ba09656ce8859fd7c9176a7,healthy,,train,False,,pending,unknown,512
SAM3_auto,original,True,healthy:Healthy1138.jpg,512,0fd08d3524813def7d0635aa,healthy_source,/content/drive/MyDrive/Healthy/Healthy1138.jpg,1,masks/leaf/0fd08d3524813def7d0635aa.png,pending,nonempty,Healthy1138.jpg,,Healthy1138.jpg,,a6ffbe31428b5deb749856a268936f25ad0e25bd8b9070d604610410651efe11,healthy,,train,False,,pending,unknown,512
SAM3_auto,original,True,healthy:Healthy114.jpg,512,84bae49e806866922294c90f,healthy_source,/content/drive/MyDrive/Healthy/Healthy114.jpg,1,masks/leaf/84bae49e806866922294c90f.png,pending,nonempty,Healthy114.jpg,,Healthy114.jpg,,eb15b6020aa3ca73d3a8a5586282319675e32f18fa4428b08dfd7e351f1e24d8,healthy,,train,False,,pending,unknown,512
SAM3_auto,original,True,healthy:Healthy1140.jpg,512,18e92b03bb6ed2a01e1a99f8,healthy_source,/content/drive/MyDrive/Healthy/Healthy1140.jpg,1,masks/leaf/18e92b03bb6ed2a01e1a99f8.png,pending,nonempty,Healthy1140.jpg,,Healthy1140.jpg,,7e498ca31ca09fe5d708585c00d5f77b23c3388303ef22386cbaf527da82be75,healthy,,train,False,,pending,unknown,512
SAM3_auto,original,True,healthy:Healthy1141.jpg,512,bed712a0fdf1ee137f7e07fb,healthy_source,/content/drive/MyDrive/Healthy/Healthy1141.jpg,1,masks/leaf/bed712a0fdf1ee137f7e07fb.png,pending,nonempty,Healthy1141.jpg,,Healthy1141.jpg,,5805b81b0d5044654d78f07046c68d4ea6b9f8fa18a6c4b2da9bf5e995ba7131,healthy,,train,False,,pending,unknown,512
SAM3_auto,original,True,healthy:Healthy1142.jpg,512,a4b146b86bca308c91e3e0b6,healthy_source,/content/drive/MyDrive/Healthy/Healthy1142.jpg,1,masks/leaf/a4b146b86bca308c91e3e0b6.png,pending,nonempty,Healthy1142.jpg,,Healthy1142.jpg,,8bd56348f45af40434da8bd83867b5b748367130e5b747d6e7705ec48ef66efd,healthy,,train,False,,pending,unknown,512
SAM3_auto,original,True,healthy:Healthy1143.jpg,512,c11a330b6d1d4e6013c2832d,healthy_source,/content/drive/MyDrive/Healthy/Healthy1143.jpg,1,masks/leaf/c11a330b6d1d4e6013c2832d.png,pending,nonempty,Healthy1143.jpg,,Healthy1143.jpg,,6ba182abbb4991cc818b10622aa19cca885b4f78145dd145478ff17c6a68700a,healthy,,train,False,,pending,unknown,512
SAM3_auto,original,True,healthy:Healthy1144.jpg,512,9e06987b8bf8853e75f4b54a,healthy_source,/content/drive/MyDrive/Healthy/Healthy1144.jpg,1,masks/leaf/9e06987b8bf8853e75f4b54a.png,pending,nonempty,Healthy1144.jpg,,Healthy1144.jpg,,4805110b23dd3a0ed11aa53fcbe970d0d669d1038c1f45f176725dfc0e9c5ed8,healthy,,train,False,,pending,unknown,512
SAM3_auto,original,True,healthy:Healthy1145.jpg,512,d71a8edc9a929f510e19c13d,healthy_source,/content/drive/MyDrive/Healthy/Healthy1145.jpg,1,masks/leaf/d71a8edc9a929f510e19c13d.png,pending,nonempty,Healthy1145.jpg,,Healthy1145.jpg,,8f3004b785d5b4919401581180ab7de3f8390179a7fdc23225f99d1c1e97689e,healthy,,train,False,,pending,unknown,512
SAM3_auto,original,True,healthy:Healthy1146.jpg,512,803b578bad0b16e8a8775ae1,healthy_source,/content/drive/MyDrive/Healthy/Healthy1146.jpg,1,masks/leaf/803b578bad0b16e8a8775ae1.png,pending,nonempty,Healthy1146.jpg,,Healthy1146.jpg,,097926033c853e11102481c0ee8ce603371e89861ddd0cf24c645d92e17495b6,healthy,,train,False,,pending,unknown,512
SAM3_auto,original,True,healthy:Healthy1148.jpg,512,8fa362e8e60fdef8b8e048ee,healthy_source,/content/drive/MyDrive/Healthy/Healthy1148.jpg,1,masks/leaf/8fa362e8e60fdef8b8e048ee.png,pending,nonempty,Healthy1148.jpg,,Healthy1148.jpg,,60bc8e407e00f4a1e003825e50ba362d825ab6c39a28b627cc8ddc1341de212a,healthy,,train,False,,pending,unknown,512
SAM3_auto,original,True,healthy:Healthy1149.jpg,512,264b713709306cdfe08c0cae,healthy_source,/content/drive/MyDrive/Healthy/Healthy1149.jpg,1,masks/leaf/264b713709306cdfe08c0cae.png,pending,nonempty,Healthy1149.jpg,,Healthy1149.jpg,,c0065baec04c63023fea1b678aaa72ce902e420f41cdd746e8f835b9412512ec,healthy,,train,False,,pending,unknown,512
SAM3_auto,original,True,healthy:Healthy1150.jpg,512,6d2135cfc93e71cd3b00e05d,healthy_source,/content/drive/MyDrive/Healthy/Healthy1150.jpg,2,masks/leaf/6d2135cfc93e71cd3b00e05d.png,pending,nonempty,Healthy1150.jpg,,Healthy1150.jpg,,cbf7a1e685d645f405773da1dabd91b50c6c14868716ffcc17f7919f368bd5fa,healthy,,train,False,,pending,unknown,512
SAM3_auto,original,True,healthy:Healthy1151.jpg,512,ee76b4a0b2aa7fa6bfa216b5,healthy_source,/content/drive/MyDrive/Healthy/Healthy1151.jpg,1,masks/leaf/ee76b4a0b2aa7fa6bfa216b5.png,pending,nonempty,Healthy1151.jpg,,Healthy1151.jpg,,5176d7b51e257e29537d7b6d2fb9b3d9448273a04d55f7bdbd7349fb442c075f,healthy,,train,False,,pending,unknown,512
SAM3_auto,original,True,healthy:Healthy1152.jpg,512,c09cc2290391c01b2fca8fc5,healthy_source,/content/drive/MyDrive/Healthy/Healthy1152.jpg,1,masks/leaf/c09cc2290391c01b2fca8fc5.png,pending,nonempty,Healthy1152.jpg,,Healthy1152.jpg,,dacd819008472762e1e0e00122796052ebc180dd28d8ebdcfe339061008c44ab,healthy,,train,False,,pending,unknown,512
SAM3_auto,original,True,healthy:Healthy1153.jpg,512,921fe03a8539d109bab830a3,healthy_source,/content/drive/MyDrive/Healthy/Healthy1153.jpg,1,masks/leaf/921fe03a8539d109bab830a3.png,pending,nonempty,Healthy1153.jpg,,Healthy1153.jpg,,8854f89e040c2efa2f99d91985ba6de1765b4412a8514f9173b4473d543f034a,healthy,,train,False,,pending,unknown,512
SAM3_auto,original,True,healthy:Healthy1154.jpg,512,ee04799496df7508fec0751b,healthy_source,/content/drive/MyDrive/Healthy/Healthy1154.jpg,1,masks/leaf/ee04799496df7508fec0751b.png,pending,nonempty,Healthy1154.jpg,,Healthy1154.jpg,,010e57efcbbd1fe5cac59853541712cdbf6592f937a69beff83d92715f229d97,healthy,,train,False,,pending,unknown,512
SAM3_auto,original,True,healthy:Healthy1155.jpg,512,d9825d3ffec669f2ad851d92,healthy_source,/content/drive/MyDrive/Healthy/Healthy1155.jpg,1,masks/leaf/d9825d3ffec669f2ad851d92.png,pending,nonempty,Healthy1155.jpg,,Healthy1155.jpg,,922c0d507cde01f63bc0a88fb2adf11db58ee6582493f90489682f6dfecbf550,healthy,,train,False,,pending,unknown,512
SAM3_auto,original,True,healthy:Healthy1156.jpg,512,27782f77d14bc541ac89b59c,healthy_source,/content/drive/MyDrive/Healthy/Healthy1156.jpg,1,masks/leaf/27782f77d14bc541ac89b59c.png,pending,nonempty,Healthy1156.jpg,,Healthy1156.jpg,,519c02c718be4e8d329213206dcc39d088d5057aefa68b37be497fa211ac5dc3,healthy,,train,False,,pending,unknown,512
SAM3_auto,original,True,healthy:Healthy1157.jpg,512,ddb59fc6bddfbd82f51f876b,healthy_source,/content/drive/MyDrive/Healthy/Healthy1157.jpg,1,masks/leaf/ddb59fc6bddfbd82f51f876b.png,pending,nonempty,Healthy1157.jpg,,Healthy1157.jpg,,3b506ad2a8675036d147c34ed54c0138b4e51982b1c870b343422ba623627c13,healthy,,train,False,,pending,unknown,512
SAM3_auto,original,True,healthy:Healthy1159.jpg,512,7f8f36c5599ca997f9d20f61,healthy_source,/content/drive/MyDrive/Healthy/Healthy1159.jpg,1,masks/leaf/7f8f36c5599ca997f9d20f61.png,pending,nonempty,Healthy1159.jpg,,Healthy1159.jpg,,c34c1d1b96d713c45e9908fe224bb8b1584d2f9d399deafa020798450ef5ce0b,healthy,,train,False,,pending,unknown,512
SAM3_auto,original,True,healthy:Healthy116.jpg,512,9eabf9da30bf3023744b8e2f,healthy_source,/content/drive/MyDrive/Healthy/Healthy116.jpg,1,masks/leaf/9eabf9da30bf3023744b8e2f.png,pending,nonempty,Healthy116.jpg,,Healthy116.jpg,,47a95e5744a5719752d8fa8a228c637b524010cd1944d5a14ae08b3a533b1750,healthy,,train,False,,pending,unknown,512
SAM3_auto,original,True,healthy:Healthy1160.jpg,512,bf1da50ea06bb36f8554ff72,healthy_source,/content/drive/MyDrive/Healthy/Healthy1160.jpg,1,masks/leaf/bf1da50ea06bb36f8554ff72.png,pending,nonempty,Healthy1160.jpg,,Healthy1160.jpg,,0340b5aaa4cad03aed80969fcdb5696085d18922287340fb3dc23ee9eee5e0d5,healthy,,train,False,,pending,unknown,512
SAM3_auto,original,True,healthy:Healthy1161.jpg,512,1b4f6601ac3f31f474d16812,healthy_source,/content/drive/MyDrive/Healthy/Healthy1161.jpg,1,masks/leaf/1b4f6601ac3f31f474d16812.png,pending,nonempty,Healthy1161.jpg,,Healthy1161.jpg,,2f909fd01872c7a01049c96798f4caae0c2ec088adc42590fa236c4c391c2089,healthy,,train,False,,pending,unknown,512
SAM3_auto,original,True,healthy:Healthy1163.jpg,512,0c486ec3cc98a41512ba1108,healthy_source,/content/drive/MyDrive/Healthy/Healthy1163.jpg,2,masks/leaf/0c486ec3cc98a41512ba1108.png,pending,nonempty,Healthy1163.jpg,,Healthy1163.jpg,,e18ba18c1b41f4faf5183e99438590351620626a2eda483c81449d057411f19f,healthy,,train,False,,pending,unknown,512
SAM3_auto,original,True,healthy:Healthy1164.jpg,512,e67c632d73b66b8e346481a9,healthy_source,/content/drive/MyDrive/Healthy/Healthy1164.jpg,1,masks/leaf/e67c632d73b66b8e346481a9.png,pending,nonempty,Healthy1164.jpg,,Healthy1164.jpg,,201eaf415c5b3d7d88599e225293a76fd6cd0f5a4a71050663bf07f1e5e02b6b,healthy,,train,False,,pending,unknown,512
SAM3_auto,original,True,healthy:Healthy1165.jpg,512,df7d81fcbd72678969231f70,healthy_source,/content/drive/MyDrive/Healthy/Healthy1165.jpg,1,masks/leaf/df7d81fcbd72678969231f70.png,pending,nonempty,Healthy1165.jpg,,Healthy1165.jpg,,d6f85f6b8a298dfaed27624b5f605f2d64dc0903e942503a221195091ddd02bb,healthy,,train,False,,pending,unknown,512
SAM3_auto,original,True,healthy:Healthy1166.jpg,512,25d64ade1693328d4e227e1c,healthy_source,/content/drive/MyDrive/Healthy/Healthy1166.jpg,1,masks/leaf/25d64ade1693328d4e227e1c.png,pending,nonempty,Healthy1166.jpg,,Healthy1166.jpg,,de3b1b2f049939163dde9a5ef23df68d7d8c57923ef6a77495f63999cfc5cb8d,healthy,,train,False,,pending,unknown,512
SAM3_auto,original,True,healthy:Healthy1167.jpg,512,f47e0010206c98ea966f4183,healthy_source,/content/drive/MyDrive/Healthy/Healthy1167.jpg,1,masks/leaf/f47e0010206c98ea966f4183.png,pending,nonempty,Healthy1167.jpg,,Healthy1167.jpg,,ca9e1baacf5189485822b4481f79d709ecb840acfda37e25eb3eea46c24d37ee,healthy,,train,False,,pending,unknown,512
SAM3_auto,original,True,healthy:Healthy1168.jpg,512,4c198e7af295385f764d1aff,healthy_source,/content/drive/MyDrive/Healthy/Healthy1168.jpg,1,masks/leaf/4c198e7af295385f764d1aff.png,pending,nonempty,Healthy1168.jpg,,Healthy1168.jpg,,c95359aefeea6445f34cd5b953335f9dff7a4589fdc44aeee30030182e9627bf,healthy,,train,False,,pending,unknown,512
SAM3_auto,original,True,healthy:Healthy1169.jpg,512,6481673550c609ca84560a43,healthy_source,/content/drive/MyDrive/Healthy/Healthy1169.jpg,1,masks/leaf/6481673550c609ca84560a43.png,pending,nonempty,Healthy1169.jpg,,Healthy1169.jpg,,380d9dea38c29d71048f04c8a0c59da49f14c064ba95dd7686c901c153200a92,healthy,,train,False,,pending,unknown,512
SAM3_auto,original,True,healthy:Healthy1170.jpg,512,d2cab15e5685c29c34310655,healthy_source,/content/drive/MyDrive/Healthy/Healthy1170.jpg,1,masks/leaf/d2cab15e5685c29c34310655.png,pending,nonempty,Healthy1170.jpg,,Healthy1170.jpg,,2107c5d2b1da868eb70f31c099dd8742ddd1cb0aa9d9fa8eba450035c74a31e6,healthy,,train,False,,pending,unknown,512
SAM3_auto,original,True,healthy:Healthy1171.jpg,512,1df79bf85ef38163e5e24908,healthy_source,/content/drive/MyDrive/Healthy/Healthy1171.jpg,1,masks/leaf/1df79bf85ef38163e5e24908.png,pending,nonempty,Healthy1171.jpg,,Healthy1171.jpg,,b047745ff4007d778ad3e2cba8ac6a047c25085b0f37a8f0f587db81c8361e60,healthy,,train,False,,pending,unknown,512
SAM3_auto,original,True,healthy:Healthy1172.jpg,512,d3fb334899bc386f5cb8a523,healthy_source,/content/drive/MyDrive/Healthy/Healthy1172.jpg,1,masks/leaf/d3fb334899bc386f5cb8a523.png,pending,nonempty,Healthy1172.jpg,,Healthy1172.jpg,,4ab6c6090f80cb3f3a05111c648ce9706d01ec260b6b277f47f1b812e3d54f15,healthy,,train,False,,pending,unknown,512
SAM3_auto,original,True,healthy:Healthy1173.jpg,512,294cf013e28e07629ac426d6,healthy_source,/content/drive/MyDrive/Healthy/Healthy1173.jpg,1,masks/leaf/294cf013e28e07629ac426d6.png,pending,nonempty,Healthy1173.jpg,,Healthy1173.jpg,,87aa3fbc0de95ce56ff40c3bd51255b9547ce2f710aed9154fcc112a36ffe39a,healthy,,train,False,,pending,unknown,512
SAM3_auto,original,True,healthy:Healthy1175.jpg,512,814522ba3e3e532f23564a51,healthy_source,/content/drive/MyDrive/Healthy/Healthy1175.jpg,1,masks/leaf/814522ba3e3e532f23564a51.png,pending,nonempty,Healthy1175.jpg,,Healthy1175.jpg,,4821276a47c9ccaff868ee61f946782bd0f5155f27af53132e9a3bf0ef587fe9,healthy,,train,False,,pending,unknown,512
SAM3_auto,original,True,healthy:Healthy1176.jpg,512,1f1ff9d6ced58061a15eebf2,healthy_source,/content/drive/MyDrive/Healthy/Healthy1176.jpg,1,masks/leaf/1f1ff9d6ced58061a15eebf2.png,pending,nonempty,Healthy1176.jpg,,Healthy1176.jpg,,25748f734badf5ff3a2871633fa6a051c8455e033d453938cd2c5980fc8f00bb,healthy,,train,False,,pending,unknown,512
SAM3_auto,original,True,healthy:Healthy1177.jpg,512,c82082cd4d350cd8c2fb3485,healthy_source,/content/drive/MyDrive/Healthy/Healthy1177.jpg,1,masks/leaf/c82082cd4d350cd8c2fb3485.png,pending,nonempty,Healthy1177.jpg,,Healthy1177.jpg,,b223c4d448083afe23c4aa09ddf63fb7f7c56c1191f850512717d6c65fe55c6c,healthy,,train,False,,pending,unknown,512
SAM3_auto,original,True,healthy:Healthy1178.jpg,512,a98bf40678ab94ebca86e4eb,healthy_source,/content/drive/MyDrive/Healthy/Healthy1178.jpg,1,masks/leaf/a98bf40678ab94ebca86e4eb.png,pending,nonempty,Healthy1178.jpg,,Healthy1178.jpg,,56f868a7f1ea6621e05cd4754db020967e5ec08341d9e030b6926635f4ffc0e5,healthy,,train,False,,pending,unknown,512
SAM3_auto,original,True,healthy:Healthy1179.jpg,512,4a0653489b63040958aacea3,healthy_source,/content/drive/MyDrive/Healthy/Healthy1179.jpg,1,masks/leaf/4a0653489b63040958aacea3.png,pending,nonempty,Healthy1179.jpg,,Healthy1179.jpg,,6a088e51789d3369b9b79437b56e5762ff72a22e6a20a030136344acf3e9100a,healthy,,train,False,,pending,unknown,512
SAM3_auto,original,True,healthy:Healthy1180.jpg,512,5cf5f1d9f400d7003d25d74d,healthy_source,/content/drive/MyDrive/Healthy/Healthy1180.jpg,1,masks/leaf/5cf5f1d9f400d7003d25d74d.png,pending,nonempty,Healthy1180.jpg,,Healthy1180.jpg,,18076be01048fcf1e1242154282d9b59c6111ed9a000b3ada2818b05e34cde79,healthy,,train,False,,pending,unknown,512
SAM3_auto,original,True,healthy:Healthy1182.jpg,512,2309d7749584dbfd27b2d3ea,healthy_source,/content/drive/MyDrive/Healthy/Healthy1182.jpg,6,masks/leaf/2309d7749584dbfd27b2d3ea.png,pending,nonempty,Healthy1182.jpg,,Healthy1182.jpg,,e2015efd6b60bf39d31ac8cfe8510f43e26ae7751ea97f597918d463fd9a7863,healthy,,train,False,,pending,unknown,512
SAM3_auto,original,True,healthy:Healthy1183.jpg,512,dab7898e7ecc8f3df75b3dd7,healthy_source,/content/drive/MyDrive/Healthy/Healthy1183.jpg,1,masks/leaf/dab7898e7ecc8f3df75b3dd7.png,pending,nonempty,Healthy1183.jpg,,Healthy1183.jpg,,78edcd967210de628adafb1fc6452fbbf58d39425198e48c72f207988dfaf0a5,healthy,,train,False,,pending,unknown,512
SAM3_auto,original,True,healthy:Healthy1184.jpg,512,50a60fa3fce342c5241628d2,healthy_source,/content/drive/MyDrive/Healthy/Healthy1184.jpg,1,masks/leaf/50a60fa3fce342c5241628d2.png,pending,nonempty,Healthy1184.jpg,,Healthy1184.jpg,,708afd8ae910f90b1781f3a2de01f8abd87b475f83456aba9e735d8f4918852b,healthy,,train,False,,pending,unknown,512
SAM3_auto,original,True,healthy:Healthy1185.jpg,512,a96b56a8dcbc3abd28bb31a6,healthy_source,/content/drive/MyDrive/Healthy/Healthy1185.jpg,2,masks/leaf/a96b56a8dcbc3abd28bb31a6.png,pending,nonempty,Healthy1185.jpg,,Healthy1185.jpg,,bfa5910e4e178b845ad51de11381cd9a4b1a9a11419de02342517723db738240,healthy,,train,False,,pending,unknown,512
SAM3_auto,original,True,healthy:Healthy1186.jpg,512,a1b333fe4cbdb0c0bc1bc948,healthy_source,/content/drive/MyDrive/Healthy/Healthy1186.jpg,1,masks/leaf/a1b333fe4cbdb0c0bc1bc948.png,pending,nonempty,Healthy1186.jpg,,Healthy1186.jpg,,150beda75b342b3b0b1ca901fdbeeb9c8db13c0a307b6605bfc1fa9d903cfc3b,healthy,,train,False,,pending,unknown,512
SAM3_auto,original,True,healthy:Healthy1187.jpg,512,6f04fb3cc982eb9791db7037,healthy_source,/content/drive/MyDrive/Healthy/Healthy1187.jpg,1,masks/leaf/6f04fb3cc982eb9791db7037.png,pending,nonempty,Healthy1187.jpg,,Healthy1187.jpg,,272cf9a3dce0f86210cf114619cbc515e364b40ff9ebc8730639dc92c6163622,healthy,,train,False,,pending,unknown,512
SAM3_auto,original,True,healthy:Healthy1188.jpg,512,728d5dccbceab1da4777e59f,healthy_source,/content/drive/MyDrive/Healthy/Healthy1188.jpg,1,masks/leaf/728d5dccbceab1da4777e59f.png,pending,nonempty,Healthy1188.jpg,,Healthy1188.jpg,,35c1758a7e90fe9c064fb074feceb64170cae94be12cfc18f7e7ab1352786a62,healthy,,train,False,,pending,unknown,512
SAM3_auto,original,True,healthy:Healthy1189.jpg,512,6fa64d862397c1915f886515,healthy_source,/content/drive/MyDrive/Healthy/Healthy1189.jpg,1,masks/leaf/6fa64d862397c1915f886515.png,pending,nonempty,Healthy1189.jpg,,Healthy1189.jpg,,369a27fd841ad90be325aecdd4374ccb70aa9d8fc92766ea397b3c9b4e0ee7b1,healthy,,train,False,,pending,unknown,512
SAM3_auto,original,True,healthy:Healthy119.jpg,512,fb3f8cc8a3bfdd20c05d1617,healthy_source,/content/drive/MyDrive/Healthy/Healthy119.jpg,1,masks/leaf/fb3f8cc8a3bfdd20c05d1617.png,pending,nonempty,Healthy119.jpg,,Healthy119.jpg,,f52020054e2e9f33a6aa0a91f0a651f2dc6f68af19033e5c0d9ac27a058c44f9,healthy,,train,False,,pending,unknown,512
SAM3_auto,original,True,healthy:Healthy1191.jpg,512,b4de4cf9d7e68dd1f497b307,healthy_source,/content/drive/MyDrive/Healthy/Healthy1191.jpg,1,masks/leaf/b4de4cf9d7e68dd1f497b307.png,pending,nonempty,Healthy1191.jpg,,Healthy1191.jpg,,d7e06eb85484ade5cac21817020ed670cf14199838cfa4fb3467fe9d13f81a57,healthy,,train,False,,pending,unknown,512
SAM3_auto,original,True,healthy:Healthy1192.jpg,512,4cfdff2851c0db647e6bda8f,healthy_source,/content/drive/MyDrive/Healthy/Healthy1192.jpg,1,masks/leaf/4cfdff2851c0db647e6bda8f.png,pending,nonempty,Healthy1192.jpg,,Healthy1192.jpg,,3ca88a4b3aa6161d0d829d7453e8e08f84a22154613f893ad9c445c2e756981b,healthy,,train,False,,pending,unknown,512
SAM3_auto,original,True,healthy:Healthy1193.jpg,512,92185251915bfec1dde5b854,healthy_source,/content/drive/MyDrive/Healthy/Healthy1193.jpg,1,masks/leaf/92185251915bfec1dde5b854.png,pending,nonempty,Healthy1193.jpg,,Healthy1193.jpg,,1c4c06b3c5666528936e5e7fc94f10b6fc043aeccd15a6b3a4fbdb3add94d882,healthy,,train,False,,pending,unknown,512
SAM3_auto,original,True,healthy:Healthy1195.jpg,512,6f7ad0097f7d3aae4564d72f,healthy_source,/content/drive/MyDrive/Healthy/Healthy1195.jpg,1,masks/leaf/6f7ad0097f7d3aae4564d72f.png,pending,nonempty,Healthy1195.jpg,,Healthy1195.jpg,,a3625de46d4145cf3b5ab8422c62f7bc8579eccb1a6bbe66c838ced80307ee4b,healthy,,train,False,,pending,unknown,512
SAM3_auto,original,True,healthy:Healthy1199.jpg,512,c81388524cb0b6e08b3acb7e,healthy_source,/content/drive/MyDrive/Healthy/Healthy1199.jpg,1,masks/leaf/c81388524cb0b6e08b3acb7e.png,pending,nonempty,Healthy1199.jpg,,Healthy1199.jpg,,7a34424014b492a4c4b219f413ac6bbb69154ecd6eea0508b565ca829f23a2e4,healthy,,train,False,,pending,unknown,512
SAM3_auto,original,True,healthy:Healthy12.jpg,512,97fe7c03b80303bf2001aa54,healthy_source,/content/drive/MyDrive/Healthy/Healthy12.jpg,1,masks/leaf/97fe7c03b80303bf2001aa54.png,pending,nonempty,Healthy12.jpg,,Healthy12.jpg,,b004114acabf174dfe24e6f1e4324b6c4718c4cd8a16f7518e54eb912422bc8a,healthy,,train,False,,pending,unknown,512
SAM3_auto,original,True,healthy:Healthy120.jpg,512,274be00667c65fb81dab4c83,healthy_source,/content/drive/MyDrive/Healthy/Healthy120.jpg,1,masks/leaf/274be00667c65fb81dab4c83.png,pending,nonempty,Healthy120.jpg,,Healthy120.jpg,,214ef2ba51d5979cdefcffe7644a23c620b3e8b02e655a29e3de1e087af2246a,healthy,,train,False,,pending,unknown,512
SAM3_auto,original,True,healthy:Healthy1200.jpg,512,ad9d218ef5c18bbfd42f37fe,healthy_source,/content/drive/MyDrive/Healthy/Healthy1200.jpg,1,masks/leaf/ad9d218ef5c18bbfd42f37fe.png,pending,nonempty,Healthy1200.jpg,,Healthy1200.jpg,,9d4e4a6ec68f7ab4e5d6b639f7ed2036c569020774373d4cfa914ae0646e7517,healthy,,train,False,,pending,unknown,512
SAM3_auto,original,True,healthy:Healthy1202.jpg,512,99c85414f6288df2d8e03f39,healthy_source,/content/drive/MyDrive/Healthy/Healthy1202.jpg,1,masks/leaf/99c85414f6288df2d8e03f39.png,pending,nonempty,Healthy1202.jpg,,Healthy1202.jpg,,53ee407016c3e533e418fd9fa3366bd4df35c89a2f4c9a9b25c4fc38552c8a3c,healthy,,train,False,,pending,unknown,512
SAM3_auto,original,True,healthy:Healthy1205.jpg,512,34711cdfc3174d6f5538d148,healthy_source,/content/drive/MyDrive/Healthy/Healthy1205.jpg,1,masks/leaf/34711cdfc3174d6f5538d148.png,pending,nonempty,Healthy1205.jpg,,Healthy1205.jpg,,320855a8db8507d3f0502b3a48eebde25a0dd286b11a9649d2cb7137b7a7264a,healthy,,train,False,,pending,unknown,512
SAM3_auto,original,True,healthy:Healthy1207.jpg,512,3ffa70e9ec71492d1afcd340,healthy_source,/content/drive/MyDrive/Healthy/Healthy1207.jpg,1,masks/leaf/3ffa70e9ec71492d1afcd340.png,pending,nonempty,Healthy1207.jpg,,Healthy1207.jpg,,b1fd643b68f9b09a9a6144e18293a73182cb62245f2e8f680c95f8856687e928,healthy,,train,False,,pending,unknown,512
SAM3_auto,original,True,healthy:Healthy1209.jpg,512,02e9761eb7608df63539280c,healthy_source,/content/drive/MyDrive/Healthy/Healthy1209.jpg,1,masks/leaf/02e9761eb7608df63539280c.png,pending,nonempty,Healthy1209.jpg,,Healthy1209.jpg,,51c95f9fb692e54768b8afa664cb54a6a2d37aca183087cd3def99f1a79931f2,healthy,,train,False,,pending,unknown,512
SAM3_auto,original,True,healthy:Healthy121.jpg,512,1ce7be90429a79a5703dfaab,healthy_source,/content/drive/MyDrive/Healthy/Healthy121.jpg,1,masks/leaf/1ce7be90429a79a5703dfaab.png,pending,nonempty,Healthy121.jpg,,Healthy121.jpg,,58e11b3b68c88efcacc8b070f63bef5ebdd5c92519dcbd8392c220a3855c5587,healthy,,train,False,,pending,unknown,512
SAM3_auto,original,True,healthy:Healthy1210.jpg,512,a6b50dcfc20836aa73699acb,healthy_source,/content/drive/MyDrive/Healthy/Healthy1210.jpg,1,masks/leaf/a6b50dcfc20836aa73699acb.png,pending,nonempty,Healthy1210.jpg,,Healthy1210.jpg,,ca7bead912406a552767a1aeb3083798bc2b0eec943e5a62a49a9a0b66e65364,healthy,,train,False,,pending,unknown,512
SAM3_auto,original,True,healthy:Healthy1212.jpg,512,2b3d9792a2e2fc1bf57e7847,healthy_source,/content/drive/MyDrive/Healthy/Healthy1212.jpg,1,masks/leaf/2b3d9792a2e2fc1bf57e7847.png,pending,nonempty,Healthy1212.jpg,,Healthy1212.jpg,,04ac8d6189823b922527f7a01e8af3e9cb245fa8194547bb6ff63d863cac91bd,healthy,,train,False,,pending,unknown,512
SAM3_auto,original,True,healthy:Healthy1213.jpg,512,e3b0a082c788f10b28f5d83b,healthy_source,/content/drive/MyDrive/Healthy/Healthy1213.jpg,1,masks/leaf/e3b0a082c788f10b28f5d83b.png,pending,nonempty,Healthy1213.jpg,,Healthy1213.jpg,,34d7ab5d3421bc8512b46024d75194c21e21836bd6fec4e2173daff7a80feb8e,healthy,,train,False,,pending,unknown,512
SAM3_auto,original,True,healthy:Healthy1214.jpg,512,3f25700627ec9fbf60d12d16,healthy_source,/content/drive/MyDrive/Healthy/Healthy1214.jpg,1,masks/leaf/3f25700627ec9fbf60d12d16.png,pending,nonempty,Healthy1214.jpg,,Healthy1214.jpg,,1a085dbbc51f4a191a2f703640b4aaf93c8acbd1ff6c88aadd66b9f95e973a00,healthy,,train,False,,pending,unknown,512
SAM3_auto,original,True,healthy:Healthy1215.jpg,512,e6006e7e2d1f1480d6ae3203,healthy_source,/content/drive/MyDrive/Healthy/Healthy1215.jpg,1,masks/leaf/e6006e7e2d1f1480d6ae3203.png,pending,nonempty,Healthy1215.jpg,,Healthy1215.jpg,,d7f33511d7017cd2e3284ba4051a008b805c10c785c1610e54a326b7a828717f,healthy,,train,False,,pending,unknown,512
SAM3_auto,original,True,healthy:Healthy1216.jpg,512,e0c2e82f392b6e52b52a4961,healthy_source,/content/drive/MyDrive/Healthy/Healthy1216.jpg,1,masks/leaf/e0c2e82f392b6e52b52a4961.png,pending,nonempty,Healthy1216.jpg,,Healthy1216.jpg,,872b300d80ae1df9cb91eea19f0dc926a156be9628ec7804c05ad106ab9e776b,healthy,,train,False,,pending,unknown,512
SAM3_auto,original,True,healthy:Healthy1217.jpg,512,b3cf6a9d1993c2d9b78a1a64,healthy_source,/content/drive/MyDrive/Healthy/Healthy1217.jpg,1,masks/leaf/b3cf6a9d1993c2d9b78a1a64.png,pending,nonempty,Healthy1217.jpg,,Healthy1217.jpg,,b9d966784c695b957fa5bd02b74fb48859dd2fcb328802e401e0d4d77e682f98,healthy,,train,False,,pending,unknown,512
SAM3_auto,original,True,healthy:Healthy1218.jpg,512,8ca7dcae90699162d75607f7,healthy_source,/content/drive/MyDrive/Healthy/Healthy1218.jpg,1,masks/leaf/8ca7dcae90699162d75607f7.png,pending,nonempty,Healthy1218.jpg,,Healthy1218.jpg,,f5296d58625101b22e5889ac07ba66800a24d9aab07211e4964b2d199062d477,healthy,,train,False,,pending,unknown,512
SAM3_auto,original,True,healthy:Healthy122.jpg,512,61c52c674e572565bc566fe8,healthy_source,/content/drive/MyDrive/Healthy/Healthy122.jpg,1,masks/leaf/61c52c674e572565bc566fe8.png,pending,nonempty,Healthy122.jpg,,Healthy122.jpg,,6ddfe522feafb240bb52d0aa8e1c97349fc6c3829690d437cbb42d042f8e5bd8,healthy,,train,False,,pending,unknown,512
SAM3_auto,original,True,healthy:Healthy1220.jpg,512,ca73829a1701683be5fc5623,healthy_source,/content/drive/MyDrive/Healthy/Healthy1220.jpg,1,masks/leaf/ca73829a1701683be5fc5623.png,pending,nonempty,Healthy1220.jpg,,Healthy1220.jpg,,e114a7b4daf36cad73d0883e46a3807408452b9aa2452f22a17b4a466a09e8af,healthy,,train,False,,pending,unknown,512
SAM3_auto,original,True,healthy:Healthy1221.jpg,512,c7bbcf824a14deae3cf1b238,healthy_source,/content/drive/MyDrive/Healthy/Healthy1221.jpg,1,masks/leaf/c7bbcf824a14deae3cf1b238.png,pending,nonempty,Healthy1221.jpg,,Healthy1221.jpg,,1af7c9a51512c973bd009b2892af42e461e9eee7bb59f8fe3e72a2fa138280c4,healthy,,train,False,,pending,unknown,512
SAM3_auto,original,True,healthy:Healthy1222.jpg,512,25751d26cea41d5450fbe620,healthy_source,/content/drive/MyDrive/Healthy/Healthy1222.jpg,1,masks/leaf/25751d26cea41d5450fbe620.png,pending,nonempty,Healthy1222.jpg,,Healthy1222.jpg,,d48852f3b32cf28df786853cc4d6cf46bac235487d0235bec9a63750980921d7,healthy,,train,False,,pending,unknown,512
SAM3_auto,original,True,healthy:Healthy1223.jpg,512,3e650f97379c45053517320e,healthy_source,/content/drive/MyDrive/Healthy/Healthy1223.jpg,1,masks/leaf/3e650f97379c45053517320e.png,pending,nonempty,Healthy1223.jpg,,Healthy1223.jpg,,58fd1814dd59df8eb0bfcead9f75a397fcfc434b2026f0d8775b89e10419b71d,healthy,,train,False,,pending,unknown,512
SAM3_auto,original,True,healthy:Healthy1224.jpg,512,6c2dbd18a3118a6c1fee008d,healthy_source,/content/drive/MyDrive/Healthy/Healthy1224.jpg,1,masks/leaf/6c2dbd18a3118a6c1fee008d.png,pending,nonempty,Healthy1224.jpg,,Healthy1224.jpg,,bc8278f06a1fc02176f47d9658d5c92d2ef6b2a4c7c0fd2bbc87a9de8eb19f9c,healthy,,train,False,,pending,unknown,512
SAM3_auto,original,True,healthy:Healthy1225.jpg,512,fec34ddd8cc17dc2482b2fa9,healthy_source,/content/drive/MyDrive/Healthy/Healthy1225.jpg,1,masks/leaf/fec34ddd8cc17dc2482b2fa9.png,pending,nonempty,Healthy1225.jpg,,Healthy1225.jpg,,e6ff3db85c067f1e7b50d1bef06a83ac5dc7cea720b6bacd2def7335fea8cfb0,healthy,,train,False,,pending,unknown,512
SAM3_auto,original,True,healthy:Healthy1226.jpg,512,82cc52aacb0bc0ebaab29483,healthy_source,/content/drive/MyDrive/Healthy/Healthy1226.jpg,1,masks/leaf/82cc52aacb0bc0ebaab29483.png,pending,nonempty,Healthy1226.jpg,,Healthy1226.jpg,,42bdfeafeabcac92bcb8bcbb25aa46fa5666e52e930a87873d91315bd69c7d3e,healthy,,train,False,,pending,unknown,512
SAM3_auto,original,True,healthy:Healthy1227.jpg,512,da4f23d5591226ece2775935,healthy_source,/content/drive/MyDrive/Healthy/Healthy1227.jpg,1,masks/leaf/da4f23d5591226ece2775935.png,pending,nonempty,Healthy1227.jpg,,Healthy1227.jpg,,0b2955c318edaca6cad962862b94055540f27f214d497a8542e5dfe3aff0f5ca,healthy,,train,False,,pending,unknown,512
SAM3_auto,original,True,healthy:Healthy1228.jpg,512,db383355a881bed9865e9498,healthy_source,/content/drive/MyDrive/Healthy/Healthy1228.jpg,1,masks/leaf/db383355a881bed9865e9498.png,pending,nonempty,Healthy1228.jpg,,Healthy1228.jpg,,f6eb121a67d5968570a16720bcc9f37020dcac92160bc10153d7a12a63b14af5,healthy,,train,False,,pending,unknown,512
SAM3_auto,original,True,healthy:Healthy1229.jpg,512,16aef10beb6d1bbaa95ec0af,healthy_source,/content/drive/MyDrive/Healthy/Healthy1229.jpg,1,masks/leaf/16aef10beb6d1bbaa95ec0af.png,pending,nonempty,Healthy1229.jpg,,Healthy1229.jpg,,95d686c3f8f67a03fda5180ed395a8b817237d0faf037f11f4d51fe3af7c0381,healthy,,train,False,,pending,unknown,512
SAM3_auto,original,True,healthy:Healthy123.jpg,512,4d0a0a7e28663ac01fca54e9,healthy_source,/content/drive/MyDrive/Healthy/Healthy123.jpg,1,masks/leaf/4d0a0a7e28663ac01fca54e9.png,pending,nonempty,Healthy123.jpg,,Healthy123.jpg,,cd70d805e74f61b6d7c870b14e11c95a79822736bab472289357168025ea5298,healthy,,train,False,,pending,unknown,512
SAM3_auto,original,True,healthy:Healthy1231.jpg,512,dd0395cd8256b84bbae9c227,healthy_source,/content/drive/MyDrive/Healthy/Healthy1231.jpg,1,masks/leaf/dd0395cd8256b84bbae9c227.png,pending,nonempty,Healthy1231.jpg,,Healthy1231.jpg,,af3389f0ea9d1afed08a1c8491a1f2534de7eee401835dfeceae2722c8ea7923,healthy,,train,False,,pending,unknown,512
SAM3_auto,original,True,healthy:Healthy1233.jpg,512,c2919c0f53dba26c2a8c805c,healthy_source,/content/drive/MyDrive/Healthy/Healthy1233.jpg,1,masks/leaf/c2919c0f53dba26c2a8c805c.png,pending,nonempty,Healthy1233.jpg,,Healthy1233.jpg,,c0be4c349491be6e75eb549cc6609f84aa8a18217e2059dee0c3242665b0924d,healthy,,train,False,,pending,unknown,512
SAM3_auto,original,True,healthy:Healthy1235.jpg,512,913823745e07e07971a2de9a,healthy_source,/content/drive/MyDrive/Healthy/Healthy1235.jpg,1,masks/leaf/913823745e07e07971a2de9a.png,pending,nonempty,Healthy1235.jpg,,Healthy1235.jpg,,bdd28dbeabef6bf3377783e93d130eacece5c2be77b4d99b283d25fcd3f0a456,healthy,,train,False,,pending,unknown,512
SAM3_auto,original,True,healthy:Healthy1238.jpg,512,dd2f008e6c65dbcf8a90be77,healthy_source,/content/drive/MyDrive/Healthy/Healthy1238.jpg,1,masks/leaf/dd2f008e6c65dbcf8a90be77.png,pending,nonempty,Healthy1238.jpg,,Healthy1238.jpg,,6244a7341ddf8e66f93940da4f4e7d4d0300a3051f3a5a9b013377f79e7fa4c6,healthy,,train,False,,pending,unknown,512
SAM3_auto,original,True,healthy:Healthy124.jpg,512,0db8139997d2e33af82a3caa,healthy_source,/content/drive/MyDrive/Healthy/Healthy124.jpg,1,masks/leaf/0db8139997d2e33af82a3caa.png,pending,nonempty,Healthy124.jpg,,Healthy124.jpg,,fc6c0eabf7bd04601973de266b74df000da2cc23e9ad36036c0bb30592f843ed,healthy,,train,False,,pending,unknown,512
SAM3_auto,original,True,healthy:Healthy1240.jpg,512,3749284bf2d27a60b4d327ff,healthy_source,/content/drive/MyDrive/Healthy/Healthy1240.jpg,1,masks/leaf/3749284bf2d27a60b4d327ff.png,pending,nonempty,Healthy1240.jpg,,Healthy1240.jpg,,d08cf1b40b043441737a98f52fc98b824c797023d1102411fabec6fd14a67bfd,healthy,,train,False,,pending,unknown,512
SAM3_auto,original,True,healthy:Healthy1241.jpg,512,349b01b4dc660931889e57ff,healthy_source,/content/drive/MyDrive/Healthy/Healthy1241.jpg,1,masks/leaf/349b01b4dc660931889e57ff.png,pending,nonempty,Healthy1241.jpg,,Healthy1241.jpg,,1be718b70bb81b9f774038f5967ea5359ec62591fede2f8727a1848f7b282406,healthy,,train,False,,pending,unknown,512
SAM3_auto,original,True,healthy:Healthy1243.jpg,512,b1c74f1e1467db8f0d6f03f3,healthy_source,/content/drive/MyDrive/Healthy/Healthy1243.jpg,1,masks/leaf/b1c74f1e1467db8f0d6f03f3.png,pending,nonempty,Healthy1243.jpg,,Healthy1243.jpg,,08d6da4f612beba348041ad2d5ed3226cc9f3ad6786b7e7f84f220a22a44932d,healthy,,train,False,,pending,unknown,512
SAM3_auto,original,True,healthy:Healthy1244.jpg,512,d813cafa62d96e741684e359,healthy_source,/content/drive/MyDrive/Healthy/Healthy1244.jpg,1,masks/leaf/d813cafa62d96e741684e359.png,pending,nonempty,Healthy1244.jpg,,Healthy1244.jpg,,2a8243c400bdab204dfa94441f18104bef3197d0e1675a6c1e80e23564a3e168,healthy,,train,False,,pending,unknown,512
SAM3_auto,original,True,healthy:Healthy1245.jpg,512,a6f17053161aa681cfdb0f93,healthy_source,/content/drive/MyDrive/Healthy/Healthy1245.jpg,1,masks/leaf/a6f17053161aa681cfdb0f93.png,pending,nonempty,Healthy1245.jpg,,Healthy1245.jpg,,dc01a70bb76e4a818ff5d6ee834a97276a15fd9ff07408064a913308efa88f11,healthy,,train,False,,pending,unknown,512
SAM3_auto,original,True,healthy:Healthy1246.jpg,512,4ac42759b2a73fdac02a9db5,healthy_source,/content/drive/MyDrive/Healthy/Healthy1246.jpg,1,masks/leaf/4ac42759b2a73fdac02a9db5.png,pending,nonempty,Healthy1246.jpg,,Healthy1246.jpg,,e1172a2611ea5451c65ea56f7642290feb2f2487c1b6831c0e162a1b2c02b2a7,healthy,,train,False,,pending,unknown,512
SAM3_auto,original,True,healthy:Healthy1249.jpg,512,23681fcfc4a792970a3cc4cb,healthy_source,/content/drive/MyDrive/Healthy/Healthy1249.jpg,1,masks/leaf/23681fcfc4a792970a3cc4cb.png,pending,nonempty,Healthy1249.jpg,,Healthy1249.jpg,,3ef3e23b3123c61f98582a5acd1084e5babbabc672a8921705e64a2ba122fc19,healthy,,train,False,,pending,unknown,512
SAM3_auto,original,True,healthy:Healthy125.jpg,512,0a297dddb9b9c41c4db4d37f,healthy_source,/content/drive/MyDrive/Healthy/Healthy125.jpg,1,masks/leaf/0a297dddb9b9c41c4db4d37f.png,pending,nonempty,Healthy125.jpg,,Healthy125.jpg,,f6af77cc55c39739adc9273343b73554558f7bed0c5b2b9e8dcc21f12f4f73d3,healthy,,train,False,,pending,unknown,512
SAM3_auto,original,True,healthy:Healthy1250.jpg,512,2a2f5caa92e1050e7a009dfd,healthy_source,/content/drive/MyDrive/Healthy/Healthy1250.jpg,1,masks/leaf/2a2f5caa92e1050e7a009dfd.png,pending,nonempty,Healthy1250.jpg,,Healthy1250.jpg,,118c1f59a8cd9266a578e8156fea88b2876680f685b378dfa7252b7d48658bc8,healthy,,train,False,,pending,unknown,512
SAM3_auto,original,True,healthy:Healthy1251.jpg,512,05f0a8482a2e7bc60d31d640,healthy_source,/content/drive/MyDrive/Healthy/Healthy1251.jpg,1,masks/leaf/05f0a8482a2e7bc60d31d640.png,pending,nonempty,Healthy1251.jpg,,Healthy1251.jpg,,07aa7ac0f054a14e44c29e77b6f3ad42c37d51cbcce82d48967305687c4569f6,healthy,,train,False,,pending,unknown,512
SAM3_auto,original,True,healthy:Healthy1253.jpg,512,996490beebe068c0eb0d714f,healthy_source,/content/drive/MyDrive/Healthy/Healthy1253.jpg,1,masks/leaf/996490beebe068c0eb0d714f.png,pending,nonempty,Healthy1253.jpg,,Healthy1253.jpg,,6d833dc79caa9d4bbf744020e1e0bae68f7d51f2cbe94d9472d3409ca6376164,healthy,,train,False,,pending,unknown,512
SAM3_auto,original,True,healthy:Healthy1255.jpg,512,b4640a82ebd3b9501991ecae,healthy_source,/content/drive/MyDrive/Healthy/Healthy1255.jpg,1,masks/leaf/b4640a82ebd3b9501991ecae.png,pending,nonempty,Healthy1255.jpg,,Healthy1255.jpg,,56a5daf21f967fe245bfc4f6306ba640f7da04deb97842d44c074ee33262b730,healthy,,train,False,,pending,unknown,512
SAM3_auto,original,True,healthy:Healthy1256.jpg,512,60e72698155d138f5ca73f61,healthy_source,/content/drive/MyDrive/Healthy/Healthy1256.jpg,1,masks/leaf/60e72698155d138f5ca73f61.png,pending,nonempty,Healthy1256.jpg,,Healthy1256.jpg,,593779e3b8eea623ebbcc10be6b6eddcfdc32c44cde78fcfea7c7149bf51351f,healthy,,train,False,,pending,unknown,512
SAM3_auto,original,True,healthy:Healthy1257.jpg,512,5315d258e90962f5b08213fe,healthy_source,/content/drive/MyDrive/Healthy/Healthy1257.jpg,1,masks/leaf/5315d258e90962f5b08213fe.png,pending,nonempty,Healthy1257.jpg,,Healthy1257.jpg,,efb55751656660706fce456db2cbbbc717e2051411d4d21f5092b669abc3adb1,healthy,,train,False,,pending,unknown,512
SAM3_auto,original,True,healthy:Healthy1258.jpg,512,abc8ed9f3116e63854e9dbb1,healthy_source,/content/drive/MyDrive/Healthy/Healthy1258.jpg,1,masks/leaf/abc8ed9f3116e63854e9dbb1.png,pending,nonempty,Healthy1258.jpg,,Healthy1258.jpg,,a235283494ab776088fbdf74544726988fc8f4b04b7c8884724011c9c3678b26,healthy,,train,False,,pending,unknown,512
SAM3_auto,original,True,healthy:Healthy1259.jpg,512,983e32e32c7c5ef50df9495b,healthy_source,/content/drive/MyDrive/Healthy/Healthy1259.jpg,1,masks/leaf/983e32e32c7c5ef50df9495b.png,pending,nonempty,Healthy1259.jpg,,Healthy1259.jpg,,5733dde5d2b6a6d6e618beb3c505265c3cd2e0787eadee6cb0f0129af41cb166,healthy,,train,False,,pending,unknown,512
SAM3_auto,original,True,healthy:Healthy126.jpg,512,26bd9897252a2c4dc5866d29,healthy_source,/content/drive/MyDrive/Healthy/Healthy126.jpg,1,masks/leaf/26bd9897252a2c4dc5866d29.png,pending,nonempty,Healthy126.jpg,,Healthy126.jpg,,3f42811447d51309a8bf06d4499b5cc1cb83da4183b49090bef5faa811c5542f,healthy,,train,False,,pending,unknown,512
SAM3_auto,original,True,healthy:Healthy1260.jpg,512,2619ad53b2373332f7e9f0e2,healthy_source,/content/drive/MyDrive/Healthy/Healthy1260.jpg,1,masks/leaf/2619ad53b2373332f7e9f0e2.png,pending,nonempty,Healthy1260.jpg,,Healthy1260.jpg,,12a94caba39b8f0c0ec527676893b6b568eaec3205643291c2e01b596f2c8ac0,healthy,,train,False,,pending,unknown,512
SAM3_auto,original,True,healthy:Healthy1261.jpg,512,80bdd68ab2ada25040f11df5,healthy_source,/content/drive/MyDrive/Healthy/Healthy1261.jpg,1,masks/leaf/80bdd68ab2ada25040f11df5.png,pending,nonempty,Healthy1261.jpg,,Healthy1261.jpg,,1980ae2731d182a291b3bf4d485ea419f3339312f0c5d6d2a14f3e51bb4772c9,healthy,,train,False,,pending,unknown,512
SAM3_auto,original,True,healthy:Healthy1262.jpg,512,c62bf648397c9210f0ce28c9,healthy_source,/content/drive/MyDrive/Healthy/Healthy1262.jpg,1,masks/leaf/c62bf648397c9210f0ce28c9.png,pending,nonempty,Healthy1262.jpg,,Healthy1262.jpg,,2224583b5393b970ea8cc72c05dcd6e42681647f134a0bbe29d02901418c3652,healthy,,train,False,,pending,unknown,512
SAM3_auto,original,True,healthy:Healthy1263.jpg,512,62bf6ac5423f6de2b4e5dac9,healthy_source,/content/drive/MyDrive/Healthy/Healthy1263.jpg,1,masks/leaf/62bf6ac5423f6de2b4e5dac9.png,pending,nonempty,Healthy1263.jpg,,Healthy1263.jpg,,472ef5b924be8e163042932907e9d72ec70eb1d1a1ece4538566cb9073a6017d,healthy,,train,False,,pending,unknown,512
SAM3_auto,original,True,healthy:Healthy1265.jpg,512,afcab6da3f3f4ed2d8f381c9,healthy_source,/content/drive/MyDrive/Healthy/Healthy1265.jpg,1,masks/leaf/afcab6da3f3f4ed2d8f381c9.png,pending,nonempty,Healthy1265.jpg,,Healthy1265.jpg,,a2acc919b0afc5988d50bcebead1d079cb1c70743288d77da065167d03475c51,healthy,,train,False,,pending,unknown,512
SAM3_auto,original,True,healthy:Healthy1268.jpg,512,474084705884b60bf015615e,healthy_source,/content/drive/MyDrive/Healthy/Healthy1268.jpg,1,masks/leaf/474084705884b60bf015615e.png,pending,nonempty,Healthy1268.jpg,,Healthy1268.jpg,,b8e9f12cd9894c550479fde426c1f1be2e68efa10e81d36ddee88b60bf5999bd,healthy,,train,False,,pending,unknown,512
SAM3_auto,original,True,healthy:Healthy1269.jpg,512,b789c4e7f809da07ac2c958f,healthy_source,/content/drive/MyDrive/Healthy/Healthy1269.jpg,1,masks/leaf/b789c4e7f809da07ac2c958f.png,pending,nonempty,Healthy1269.jpg,,Healthy1269.jpg,,8b2ed0be749753763e294e37b367399506e15490f3bbe07b186a1d848b9a6f48,healthy,,train,False,,pending,unknown,512
SAM3_auto,original,True,healthy:Healthy127.jpg,512,27becce6122c67f272d3139d,healthy_source,/content/drive/MyDrive/Healthy/Healthy127.jpg,1,masks/leaf/27becce6122c67f272d3139d.png,pending,nonempty,Healthy127.jpg,,Healthy127.jpg,,eb1fb54b3a0ebb93f9fbab51d2b4bc4826c35bb326b0fa43714f56d5d3c6c356,healthy,,train,False,,pending,unknown,512
SAM3_auto,original,True,healthy:Healthy1271.jpg,512,f76afdb88ff2b24eb02100cc,healthy_source,/content/drive/MyDrive/Healthy/Healthy1271.jpg,1,masks/leaf/f76afdb88ff2b24eb02100cc.png,pending,nonempty,Healthy1271.jpg,,Healthy1271.jpg,,f8799f8871373b5409ff3c1dddcdb5ee47c2b36ea454eb7234f08c457bb31c54,healthy,,train,False,,pending,unknown,512
SAM3_auto,original,True,healthy:Healthy1272.jpg,512,d0d5da789691e62e09642880,healthy_source,/content/drive/MyDrive/Healthy/Healthy1272.jpg,1,masks/leaf/d0d5da789691e62e09642880.png,pending,nonempty,Healthy1272.jpg,,Healthy1272.jpg,,4adee15738a265ad4bbea4696908ce4526a6ecf48169281f220bf214cea2c8d2,healthy,,train,False,,pending,unknown,512
SAM3_auto,original,True,healthy:Healthy1273.jpg,512,48aa246af2dbe97a17d6d07b,healthy_source,/content/drive/MyDrive/Healthy/Healthy1273.jpg,1,masks/leaf/48aa246af2dbe97a17d6d07b.png,pending,nonempty,Healthy1273.jpg,,Healthy1273.jpg,,64d333893318bc349367904bb85d23ce0e728e991e8df84a9ea937b9ca72b99b,healthy,,train,False,,pending,unknown,512
SAM3_auto,original,True,healthy:Healthy1276.jpg,512,377a360f71f5c609102907e2,healthy_source,/content/drive/MyDrive/Healthy/Healthy1276.jpg,1,masks/leaf/377a360f71f5c609102907e2.png,pending,nonempty,Healthy1276.jpg,,Healthy1276.jpg,,75e3b7e71b456556358dd6d2918fca99e5415449285464fffa01e0c7481878c2,healthy,,train,False,,pending,unknown,512
SAM3_auto,original,True,healthy:Healthy1277.jpg,512,110de2acfdcc516f543320f7,healthy_source,/content/drive/MyDrive/Healthy/Healthy1277.jpg,1,masks/leaf/110de2acfdcc516f543320f7.png,pending,nonempty,Healthy1277.jpg,,Healthy1277.jpg,,1df9ccfcb0bd53ed7076b028ea132efa81f48ef91e3fe1ea7d20749bf9cd66e5,healthy,,train,False,,pending,unknown,512
SAM3_auto,original,True,healthy:Healthy1278.jpg,512,5b5d13740e0858f67f12ad76,healthy_source,/content/drive/MyDrive/Healthy/Healthy1278.jpg,1,masks/leaf/5b5d13740e0858f67f12ad76.png,pending,nonempty,Healthy1278.jpg,,Healthy1278.jpg,,a0181fd6373a5ab58376062d0d8fc02201afd7598468f01c69c6d2194182d902,healthy,,train,False,,pending,unknown,512
SAM3_auto,original,True,healthy:Healthy1279.jpg,512,b4641861bdcb8c7797848e43,healthy_source,/content/drive/MyDrive/Healthy/Healthy1279.jpg,1,masks/leaf/b4641861bdcb8c7797848e43.png,pending,nonempty,Healthy1279.jpg,,Healthy1279.jpg,,4a8e0aeb5638a34bb2ce61984395b42d11f49f4865fa8e3545064dd8aa9a7bca,healthy,,train,False,,pending,unknown,512
SAM3_auto,original,True,healthy:Healthy128.jpg,512,53c9fb0b122721e73fb55fc2,healthy_source,/content/drive/MyDrive/Healthy/Healthy128.jpg,1,masks/leaf/53c9fb0b122721e73fb55fc2.png,pending,nonempty,Healthy128.jpg,,Healthy128.jpg,,9ae213ff66e835bc9c0b4711b2653f8774e66c13e7c220473ba77ab7011af2b0,healthy,,train,False,,pending,unknown,512
SAM3_auto,original,True,healthy:Healthy1280.jpg,512,d30752756c33ec2bec27c7f8,healthy_source,/content/drive/MyDrive/Healthy/Healthy1280.jpg,1,masks/leaf/d30752756c33ec2bec27c7f8.png,pending,nonempty,Healthy1280.jpg,,Healthy1280.jpg,,e1624a9c341617ae25d6738616119764f8b8a0650fae819efc258861326887ac,healthy,,train,False,,pending,unknown,512
SAM3_auto,original,True,healthy:Healthy1282.jpg,512,532649a68475c9c711f2985e,healthy_source,/content/drive/MyDrive/Healthy/Healthy1282.jpg,1,masks/leaf/532649a68475c9c711f2985e.png,pending,nonempty,Healthy1282.jpg,,Healthy1282.jpg,,964418b932ab72168d78f82292addcaf77a0af15dc8387a8c487e2ce633f102d,healthy,,train,False,,pending,unknown,512
SAM3_auto,original,True,healthy:Healthy1283.jpg,512,6357ec2d1b4c43823a437d8d,healthy_source,/content/drive/MyDrive/Healthy/Healthy1283.jpg,1,masks/leaf/6357ec2d1b4c43823a437d8d.png,pending,nonempty,Healthy1283.jpg,,Healthy1283.jpg,,0965c5784f31aea900b93a03961881eff57272ef813d2203a193363759d7d0c2,healthy,,train,False,,pending,unknown,512
SAM3_auto,original,True,healthy:Healthy1284.jpg,512,b07719d03980a965747410a3,healthy_source,/content/drive/MyDrive/Healthy/Healthy1284.jpg,1,masks/leaf/b07719d03980a965747410a3.png,pending,nonempty,Healthy1284.jpg,,Healthy1284.jpg,,9574c4b97953094d98c0f1aadd2c938d48f975d906310949f59a57341c3c137d,healthy,,train,False,,pending,unknown,512
SAM3_auto,original,True,healthy:Healthy1285.jpg,512,d459989f5490f9cbb4f57055,healthy_source,/content/drive/MyDrive/Healthy/Healthy1285.jpg,1,masks/leaf/d459989f5490f9cbb4f57055.png,pending,nonempty,Healthy1285.jpg,,Healthy1285.jpg,,0721f2408449af8cfa62807c904591d38ae9a2fbcbab3fbf4c45fc9dae29c25a,healthy,,train,False,,pending,unknown,512
SAM3_auto,original,True,healthy:Healthy1287.jpg,512,736e4bebe02e50f4723405d3,healthy_source,/content/drive/MyDrive/Healthy/Healthy1287.jpg,1,masks/leaf/736e4bebe02e50f4723405d3.png,pending,nonempty,Healthy1287.jpg,,Healthy1287.jpg,,624a2e2d75e48e325b638e33c55cb18ea00d1059f5949ea882adfd2d1b030ec7,healthy,,train,False,,pending,unknown,512
SAM3_auto,original,True,healthy:Healthy1288.jpg,512,5cea358f92979b3feaa4fbe9,healthy_source,/content/drive/MyDrive/Healthy/Healthy1288.jpg,1,masks/leaf/5cea358f92979b3feaa4fbe9.png,pending,nonempty,Healthy1288.jpg,,Healthy1288.jpg,,56c665990508834ee117813acb6581505ca9afe4bad0ba3ef94661fca91f075d,healthy,,train,False,,pending,unknown,512
SAM3_auto,original,True,healthy:Healthy1289.jpg,512,de051b6dceb65da8ac4db838,healthy_source,/content/drive/MyDrive/Healthy/Healthy1289.jpg,1,masks/leaf/de051b6dceb65da8ac4db838.png,pending,nonempty,Healthy1289.jpg,,Healthy1289.jpg,,518b6fdb2667f700ad4ca38ab709a021d85aa7803f0fca7f4ce58e99d3efc4ac,healthy,,train,False,,pending,unknown,512
SAM3_auto,original,True,healthy:Healthy1290.jpg,512,654175a20fc6f33359d51aa7,healthy_source,/content/drive/MyDrive/Healthy/Healthy1290.jpg,1,masks/leaf/654175a20fc6f33359d51aa7.png,pending,nonempty,Healthy1290.jpg,,Healthy1290.jpg,,45018d8ce0ebc8a9d7f5ecfe9187d2ca42e7342c67ff7d7948d3ebe34682d79e,healthy,,train,False,,pending,unknown,512
SAM3_auto,original,True,healthy:Healthy1291.jpg,512,2bd06b89b52839ff437837f6,healthy_source,/content/drive/MyDrive/Healthy/Healthy1291.jpg,1,masks/leaf/2bd06b89b52839ff437837f6.png,pending,nonempty,Healthy1291.jpg,,Healthy1291.jpg,,7b5a7bcb437073c96bae9faf951f3139eeb1549535e0da42ab7c99c209dbe660,healthy,,train,False,,pending,unknown,512
SAM3_auto,original,True,healthy:Healthy1292.jpg,512,764205266bdeea28e55073a2,healthy_source,/content/drive/MyDrive/Healthy/Healthy1292.jpg,1,masks/leaf/764205266bdeea28e55073a2.png,pending,nonempty,Healthy1292.jpg,,Healthy1292.jpg,,a11c068ce03bd301bbf0f143271bdd67fa7b1e67fb67538d70a6dfc0aae5377d,healthy,,train,False,,pending,unknown,512
SAM3_auto,original,True,healthy:Healthy1293.jpg,512,be35361288de53a367600f8a,healthy_source,/content/drive/MyDrive/Healthy/Healthy1293.jpg,1,masks/leaf/be35361288de53a367600f8a.png,pending,nonempty,Healthy1293.jpg,,Healthy1293.jpg,,8ee5c32ba99c671e245e7ec29de774c970914e321bfb931056e57d13820f37e8,healthy,,train,False,,pending,unknown,512
SAM3_auto,original,True,healthy:Healthy1294.jpg,512,ca50000f97ff3d2c7a58b8d9,healthy_source,/content/drive/MyDrive/Healthy/Healthy1294.jpg,1,masks/leaf/ca50000f97ff3d2c7a58b8d9.png,pending,nonempty,Healthy1294.jpg,,Healthy1294.jpg,,3f798e5170c0e77e4efe35c743484413d4def60ad9368868277cd23caa947762,healthy,,train,False,,pending,unknown,512
SAM3_auto,original,True,healthy:Healthy1295.jpg,512,a2046c0747856aeec16fa7a0,healthy_source,/content/drive/MyDrive/Healthy/Healthy1295.jpg,1,masks/leaf/a2046c0747856aeec16fa7a0.png,pending,nonempty,Healthy1295.jpg,,Healthy1295.jpg,,a5e6b2b9709a05ff8dec0dcfc2d5008b72a5bc3251fd0cf970c0882b9a2daf5d,healthy,,train,False,,pending,unknown,512
SAM3_auto,original,True,healthy:Healthy1296.jpg,512,67cf88db92b5c3aaa8e29ac9,healthy_source,/content/drive/MyDrive/Healthy/Healthy1296.jpg,1,masks/leaf/67cf88db92b5c3aaa8e29ac9.png,pending,nonempty,Healthy1296.jpg,,Healthy1296.jpg,,d2a05511b5a257cc95607e7b521aae6b7f35651a220394b2d4d7d889212ac989,healthy,,train,False,,pending,unknown,512
SAM3_auto,original,True,healthy:Healthy1297.jpg,512,b1867c5b468ee2d3881a14d9,healthy_source,/content/drive/MyDrive/Healthy/Healthy1297.jpg,1,masks/leaf/b1867c5b468ee2d3881a14d9.png,pending,nonempty,Healthy1297.jpg,,Healthy1297.jpg,,fadca706be58a62a103e4491092da67b16b161d4511c5cd608cec2d258967c69,healthy,,train,False,,pending,unknown,512
SAM3_auto,original,True,healthy:Healthy1298.jpg,512,09fcedcaf627e27490997c4c,healthy_source,/content/drive/MyDrive/Healthy/Healthy1298.jpg,1,masks/leaf/09fcedcaf627e27490997c4c.png,pending,nonempty,Healthy1298.jpg,,Healthy1298.jpg,,a57945c9e975ea4acba211269d6020ec00418ff3fd72271dab81bc8fee56c068,healthy,,train,False,,pending,unknown,512
SAM3_auto,original,True,healthy:Healthy1299.jpg,512,270a794e966d8327f4d07163,healthy_source,/content/drive/MyDrive/Healthy/Healthy1299.jpg,1,masks/leaf/270a794e966d8327f4d07163.png,pending,nonempty,Healthy1299.jpg,,Healthy1299.jpg,,1c3cef22562b24eb7e006b06149b12ca932a227718599203c3fb92fe6c63c17b,healthy,,train,False,,pending,unknown,512
SAM3_auto,original,True,healthy:Healthy13.jpg,512,5c5ea8014a72e2b4d77de42b,healthy_source,/content/drive/MyDrive/Healthy/Healthy13.jpg,1,masks/leaf/5c5ea8014a72e2b4d77de42b.png,pending,nonempty,Healthy13.jpg,,Healthy13.jpg,,6e16f5daf2b4294e9d65a1826403ec8101fa6909c2f7034ee3c05b6d2b82c6bd,healthy,,train,False,,pending,unknown,512
SAM3_auto,original,True,healthy:Healthy1300.jpg,512,37998fc04229d47994e77d43,healthy_source,/content/drive/MyDrive/Healthy/Healthy1300.jpg,1,masks/leaf/37998fc04229d47994e77d43.png,pending,nonempty,Healthy1300.jpg,,Healthy1300.jpg,,73a31d426642b61fbd4c6b9c4539988a40e7198962eac425a5f633924d68135f,healthy,,train,False,,pending,unknown,512
SAM3_auto,original,True,healthy:Healthy1301.jpg,512,61df8b3293679139a0465a59,healthy_source,/content/drive/MyDrive/Healthy/Healthy1301.jpg,1,masks/leaf/61df8b3293679139a0465a59.png,pending,nonempty,Healthy1301.jpg,,Healthy1301.jpg,,b70847a21ab98ac5b3159d4bc803b8fbb390a147b4bffad7053b825a1663e2a5,healthy,,train,False,,pending,unknown,512
SAM3_auto,original,True,healthy:Healthy1302.jpg,512,525ca543c6b73024956b723a,healthy_source,/content/drive/MyDrive/Healthy/Healthy1302.jpg,1,masks/leaf/525ca543c6b73024956b723a.png,pending,nonempty,Healthy1302.jpg,,Healthy1302.jpg,,493216bb03bc8e097f499ca501b210106d8a5de7a05a79f4c49fc2bd95874666,healthy,,train,False,,pending,unknown,512
SAM3_auto,original,True,healthy:Healthy1303.jpg,512,2d9ec6f57dcf7a9f32e06a42,healthy_source,/content/drive/MyDrive/Healthy/Healthy1303.jpg,1,masks/leaf/2d9ec6f57dcf7a9f32e06a42.png,pending,nonempty,Healthy1303.jpg,,Healthy1303.jpg,,98043c69fd692a4d1eda4274dddaba9309dfa8808efa36badd13809551f87424,healthy,,train,False,,pending,unknown,512
SAM3_auto,original,True,healthy:Healthy1304.jpg,512,fdfeeee1e5215c2cae8b3dd9,healthy_source,/content/drive/MyDrive/Healthy/Healthy1304.jpg,1,masks/leaf/fdfeeee1e5215c2cae8b3dd9.png,pending,nonempty,Healthy1304.jpg,,Healthy1304.jpg,,6b84f826ab800b869a5ae58fea7338be0f3414db074d343db4541e7fdd9fe5a0,healthy,,train,False,,pending,unknown,512
SAM3_auto,original,True,healthy:Healthy1305.jpg,512,7c6f36289e90199c3788d382,healthy_source,/content/drive/MyDrive/Healthy/Healthy1305.jpg,1,masks/leaf/7c6f36289e90199c3788d382.png,pending,nonempty,Healthy1305.jpg,,Healthy1305.jpg,,f01cdb2774c90054cef1c1a12690c020c0592139376532db6937e270ab9cffe6,healthy,,train,False,,pending,unknown,512
SAM3_auto,original,True,healthy:Healthy1307.jpg,512,c3341b5a43dc544e57ecda1f,healthy_source,/content/drive/MyDrive/Healthy/Healthy1307.jpg,1,masks/leaf/c3341b5a43dc544e57ecda1f.png,pending,nonempty,Healthy1307.jpg,,Healthy1307.jpg,,13c139618fafd1b49af78489aae5e53717bf6a98db1bd5e91b049de9f173c6d6,healthy,,train,False,,pending,unknown,512
SAM3_auto,original,True,healthy:Healthy1309.jpg,512,36bedb39a7833e5b1dd20ee9,healthy_source,/content/drive/MyDrive/Healthy/Healthy1309.jpg,1,masks/leaf/36bedb39a7833e5b1dd20ee9.png,pending,nonempty,Healthy1309.jpg,,Healthy1309.jpg,,cc67e670339ca2b3c192b7e01446a412502e35ee143b113e01c562b72bbea81a,healthy,,train,False,,pending,unknown,512
SAM3_auto,original,True,healthy:Healthy131.jpg,512,5ed917fa0b5384a8d639e4ae,healthy_source,/content/drive/MyDrive/Healthy/Healthy131.jpg,1,masks/leaf/5ed917fa0b5384a8d639e4ae.png,pending,nonempty,Healthy131.jpg,,Healthy131.jpg,,0399c888ee4cef3e9bb87dde8854f792885922dda89b484e7b0ccd1df4fe16f6,healthy,,train,False,,pending,unknown,512
SAM3_auto,original,True,healthy:Healthy1310.jpg,512,7975722d7bc701f8cb4cc37f,healthy_source,/content/drive/MyDrive/Healthy/Healthy1310.jpg,1,masks/leaf/7975722d7bc701f8cb4cc37f.png,pending,nonempty,Healthy1310.jpg,,Healthy1310.jpg,,0ced2004983329a173955a363b6754c98bd4e397140c7810b5dbb1bd4050363e,healthy,,train,False,,pending,unknown,512
SAM3_auto,original,True,healthy:Healthy1312.jpg,512,161a8f597f02e8b1a23d8426,healthy_source,/content/drive/MyDrive/Healthy/Healthy1312.jpg,1,masks/leaf/161a8f597f02e8b1a23d8426.png,pending,nonempty,Healthy1312.jpg,,Healthy1312.jpg,,e7114a114d52b423d6bbaa969581818936b38574a9d2def8bcb2b2202ca03ccd,healthy,,train,False,,pending,unknown,512
SAM3_auto,original,True,healthy:Healthy1315.jpg,512,5524e47d015ea69eb78a63fe,healthy_source,/content/drive/MyDrive/Healthy/Healthy1315.jpg,1,masks/leaf/5524e47d015ea69eb78a63fe.png,pending,nonempty,Healthy1315.jpg,,Healthy1315.jpg,,590145434e0c47daf062085bbebd15db4b84aef39fc9d487f532e5bdb0d0bdcb,healthy,,train,False,,pending,unknown,512
SAM3_auto,original,True,healthy:Healthy1316.jpg,512,2aab40d4ffc980f7daf5741b,healthy_source,/content/drive/MyDrive/Healthy/Healthy1316.jpg,1,masks/leaf/2aab40d4ffc980f7daf5741b.png,pending,nonempty,Healthy1316.jpg,,Healthy1316.jpg,,99652bc951949892b3fa5bc8de8c40f68c1d24ddcb87829011af1f39986f13b2,healthy,,train,False,,pending,unknown,512
SAM3_auto,original,True,healthy:Healthy1317.jpg,512,22ca9f4f2546012240d3919a,healthy_source,/content/drive/MyDrive/Healthy/Healthy1317.jpg,1,masks/leaf/22ca9f4f2546012240d3919a.png,pending,nonempty,Healthy1317.jpg,,Healthy1317.jpg,,112ba030f576a9b02ba68005b72935c4ac2eb27ec63c4941c5e35fd90d390d75,healthy,,train,False,,pending,unknown,512
SAM3_auto,original,True,healthy:Healthy1319.jpg,512,1d841b7611071b0506d038a9,healthy_source,/content/drive/MyDrive/Healthy/Healthy1319.jpg,1,masks/leaf/1d841b7611071b0506d038a9.png,pending,nonempty,Healthy1319.jpg,,Healthy1319.jpg,,5a1d27d6915eb15f248f2060a7c201139a8429ea4c2434f0cce2e9ab0c845ca1,healthy,,train,False,,pending,unknown,512
SAM3_auto,original,True,healthy:Healthy132.jpg,512,1595f2a0b77e6c2dee47d6a3,healthy_source,/content/drive/MyDrive/Healthy/Healthy132.jpg,1,masks/leaf/1595f2a0b77e6c2dee47d6a3.png,pending,nonempty,Healthy132.jpg,,Healthy132.jpg,,9ac65cedd11ceaeb7d343d036cb3c1c229891a3085f1a6b404374ddb09844be1,healthy,,train,False,,pending,unknown,512
SAM3_auto,original,True,healthy:Healthy1320.jpg,512,a94e58486a8edcc6202b0e62,healthy_source,/content/drive/MyDrive/Healthy/Healthy1320.jpg,1,masks/leaf/a94e58486a8edcc6202b0e62.png,pending,nonempty,Healthy1320.jpg,,Healthy1320.jpg,,dfe4410b84e5070481f4b0ab3ada3505641d07c365accaae1fa147ab8bb4ad52,healthy,,train,False,,pending,unknown,512
SAM3_auto,original,True,healthy:Healthy1321.jpg,512,6ba0e5a1a48c6fd4bcea954d,healthy_source,/content/drive/MyDrive/Healthy/Healthy1321.jpg,1,masks/leaf/6ba0e5a1a48c6fd4bcea954d.png,pending,nonempty,Healthy1321.jpg,,Healthy1321.jpg,,c3a4c8afd92eeeb26835e4f60fd21fe8d03326cf2eb55846da7a1a86c40f88d3,healthy,,train,False,,pending,unknown,512
SAM3_auto,original,True,healthy:Healthy1322.jpg,512,1cf0f866dc279bfcd2115b0d,healthy_source,/content/drive/MyDrive/Healthy/Healthy1322.jpg,1,masks/leaf/1cf0f866dc279bfcd2115b0d.png,pending,nonempty,Healthy1322.jpg,,Healthy1322.jpg,,5942a20c1bce8a339e6ff775cdc81cab0e9ab8ff1b193160e9145fda0cfd3f21,healthy,,train,False,,pending,unknown,512
SAM3_auto,original,True,healthy:Healthy1325.jpg,512,792239a218a8e761035ed509,healthy_source,/content/drive/MyDrive/Healthy/Healthy1325.jpg,1,masks/leaf/792239a218a8e761035ed509.png,pending,nonempty,Healthy1325.jpg,,Healthy1325.jpg,,f97112393b79ff2aff542fe162f09c063b296a3ac88eb8e4d6e36609401221cc,healthy,,train,False,,pending,unknown,512
SAM3_auto,original,True,healthy:Healthy1326.jpg,512,1d645a2ef854f15703fa1e5b,healthy_source,/content/drive/MyDrive/Healthy/Healthy1326.jpg,1,masks/leaf/1d645a2ef854f15703fa1e5b.png,pending,nonempty,Healthy1326.jpg,,Healthy1326.jpg,,ac4aeb2800058445fc3948a0cff767d91406ac614a814b1c22dda74883dc65e2,healthy,,train,False,,pending,unknown,512
SAM3_auto,original,True,healthy:Healthy1327.jpg,512,04d18326590a08160914dc19,healthy_source,/content/drive/MyDrive/Healthy/Healthy1327.jpg,1,masks/leaf/04d18326590a08160914dc19.png,pending,nonempty,Healthy1327.jpg,,Healthy1327.jpg,,1755a5e4b08729a89556879f1d690871d7bd00ad859778f45e82fb62d78003ec,healthy,,train,False,,pending,unknown,512
SAM3_auto,original,True,healthy:Healthy1328.jpg,512,b2162d7ce15096b25019073a,healthy_source,/content/drive/MyDrive/Healthy/Healthy1328.jpg,1,masks/leaf/b2162d7ce15096b25019073a.png,pending,nonempty,Healthy1328.jpg,,Healthy1328.jpg,,b9b73c3b10068d60524e64ab7bc57110e9e0b15717a914283316bed188a63c4f,healthy,,train,False,,pending,unknown,512
SAM3_auto,original,True,healthy:Healthy1329.jpg,512,bbcc0cb8eb503d95d3857320,healthy_source,/content/drive/MyDrive/Healthy/Healthy1329.jpg,1,masks/leaf/bbcc0cb8eb503d95d3857320.png,pending,nonempty,Healthy1329.jpg,,Healthy1329.jpg,,4973af2ced585c9eb1ce2dcb7e52ff466a225be85d8d5bdd708dfc2ae61d8f3c,healthy,,train,False,,pending,unknown,512
SAM3_auto,original,True,healthy:Healthy1332.jpg,512,2a88906333d7b84a2117d2ed,healthy_source,/content/drive/MyDrive/Healthy/Healthy1332.jpg,1,masks/leaf/2a88906333d7b84a2117d2ed.png,pending,nonempty,Healthy1332.jpg,,Healthy1332.jpg,,5650798c253a9c1593d9cac20236ff028e66e4c27efa454d9ccf1eba5aa34634,healthy,,train,False,,pending,unknown,512
SAM3_auto,original,True,healthy:Healthy1333.jpg,512,49371c0fc8ed15b80c5bd0e8,healthy_source,/content/drive/MyDrive/Healthy/Healthy1333.jpg,1,masks/leaf/49371c0fc8ed15b80c5bd0e8.png,pending,nonempty,Healthy1333.jpg,,Healthy1333.jpg,,64968883b365a715096aea2f9381b96ac991695e81a8ad22f4a5f51e94edad65,healthy,,train,False,,pending,unknown,512
SAM3_auto,original,True,healthy:Healthy1334.jpg,512,7b0acfe14b646bb76bfc410e,healthy_source,/content/drive/MyDrive/Healthy/Healthy1334.jpg,1,masks/leaf/7b0acfe14b646bb76bfc410e.png,pending,nonempty,Healthy1334.jpg,,Healthy1334.jpg,,acd81a3009c4a926cbb8b3312a3f3938645f3ab8b084fbf1d9621822aff4942d,healthy,,train,False,,pending,unknown,512
SAM3_auto,original,True,healthy:Healthy1336.jpg,512,81acb9149e1aa9263a1f6512,healthy_source,/content/drive/MyDrive/Healthy/Healthy1336.jpg,1,masks/leaf/81acb9149e1aa9263a1f6512.png,pending,nonempty,Healthy1336.jpg,,Healthy1336.jpg,,51c377a6454da8f7aff322cc1f4f5711cf142261a1132a6b9a3383ce6463e882,healthy,,train,False,,pending,unknown,512
SAM3_auto,original,True,healthy:Healthy1337.jpg,512,f4e13e09d02fa24708286324,healthy_source,/content/drive/MyDrive/Healthy/Healthy1337.jpg,1,masks/leaf/f4e13e09d02fa24708286324.png,pending,nonempty,Healthy1337.jpg,,Healthy1337.jpg,,00d3f51949686ed1ad01c7c8cd3bd54003e5beb39dccca174e2db62cb0f02e74,healthy,,train,False,,pending,unknown,512
SAM3_auto,original,True,healthy:Healthy1339.jpg,512,52738fdc4e1e8ae8af81c991,healthy_source,/content/drive/MyDrive/Healthy/Healthy1339.jpg,1,masks/leaf/52738fdc4e1e8ae8af81c991.png,pending,nonempty,Healthy1339.jpg,,Healthy1339.jpg,,ae086f4ac23f4e59b3a5b70cd3637f949758a4961973bf6a26c8f6fc379f2ba7,healthy,,train,False,,pending,unknown,512
SAM3_auto,original,True,healthy:Healthy1340.jpg,512,e2748045cfe313b85154157b,healthy_source,/content/drive/MyDrive/Healthy/Healthy1340.jpg,1,masks/leaf/e2748045cfe313b85154157b.png,pending,nonempty,Healthy1340.jpg,,Healthy1340.jpg,,d63b49d869ed3eab4e4ae36006d7cda95d2ef4f57d3f88f5fe264515af055bc0,healthy,,train,False,,pending,unknown,512
SAM3_auto,original,True,healthy:Healthy1341.jpg,512,8cab6bbf8eccb6f8a1865150,healthy_source,/content/drive/MyDrive/Healthy/Healthy1341.jpg,1,masks/leaf/8cab6bbf8eccb6f8a1865150.png,pending,nonempty,Healthy1341.jpg,,Healthy1341.jpg,,f4360fea474b40f8214be24d12205f8ef4b7322f1e26d0df7a52226a4bdb1ff4,healthy,,train,False,,pending,unknown,512
SAM3_auto,original,True,healthy:Healthy1342.jpg,512,041e6b32c6c36a4f183cb3eb,healthy_source,/content/drive/MyDrive/Healthy/Healthy1342.jpg,1,masks/leaf/041e6b32c6c36a4f183cb3eb.png,pending,nonempty,Healthy1342.jpg,,Healthy1342.jpg,,49b1c0eaa553a15208b7624b8087bcb90de693a5d807080ba0f7465fa076c462,healthy,,train,False,,pending,unknown,512
SAM3_auto,original,True,healthy:Healthy1343.jpg,512,88a27e27431d8692261de57e,healthy_source,/content/drive/MyDrive/Healthy/Healthy1343.jpg,1,masks/leaf/88a27e27431d8692261de57e.png,pending,nonempty,Healthy1343.jpg,,Healthy1343.jpg,,0e3a06a00cab56d069009f66e2abd746f626345acdf2d4bf7d4b689ce17ecbd9,healthy,,train,False,,pending,unknown,512
SAM3_auto,original,True,healthy:Healthy1345.jpg,512,b63b334ebe0658ce7ace1d72,healthy_source,/content/drive/MyDrive/Healthy/Healthy1345.jpg,1,masks/leaf/b63b334ebe0658ce7ace1d72.png,pending,nonempty,Healthy1345.jpg,,Healthy1345.jpg,,af5032dc6e42d88d10b7bccd33b278ca561b0bee1ddce75f072f3b36fbab026d,healthy,,train,False,,pending,unknown,512
SAM3_auto,original,True,healthy:Healthy1346.jpg,512,a6f843228ebc42798e15d8de,healthy_source,/content/drive/MyDrive/Healthy/Healthy1346.jpg,1,masks/leaf/a6f843228ebc42798e15d8de.png,pending,nonempty,Healthy1346.jpg,,Healthy1346.jpg,,a474272890530f01fefacfec9bfdc1d91a715114f70fb56360aad283b1d28ebe,healthy,,train,False,,pending,unknown,512
SAM3_auto,original,True,healthy:Healthy1347.jpg,512,94e133820a5d03220879dbef,healthy_source,/content/drive/MyDrive/Healthy/Healthy1347.jpg,1,masks/leaf/94e133820a5d03220879dbef.png,pending,nonempty,Healthy1347.jpg,,Healthy1347.jpg,,406435d67f979f200ff9a39030e148ed559599e97155000b0af417282bbeb5b5,healthy,,train,False,,pending,unknown,512
SAM3_auto,original,True,healthy:Healthy1349.jpg,512,1a8cb1ae7e33de367b379be5,healthy_source,/content/drive/MyDrive/Healthy/Healthy1349.jpg,1,masks/leaf/1a8cb1ae7e33de367b379be5.png,pending,nonempty,Healthy1349.jpg,,Healthy1349.jpg,,2ba79cb4fc6424449585ed6ac2cc1398c74f7a7407b04f8f3ebe937ddd080c70,healthy,,train,False,,pending,unknown,512
SAM3_auto,original,True,healthy:Healthy135.jpg,512,e4a755a21ee49852bd5954cf,healthy_source,/content/drive/MyDrive/Healthy/Healthy135.jpg,1,masks/leaf/e4a755a21ee49852bd5954cf.png,pending,nonempty,Healthy135.jpg,,Healthy135.jpg,,4295063fe3542bb1142d816b163af7898be24304ff740ac57134ebc632fe4912,healthy,,train,False,,pending,unknown,512
SAM3_auto,original,True,healthy:Healthy1350.jpg,512,fdea693d582de01d5b01e67f,healthy_source,/content/drive/MyDrive/Healthy/Healthy1350.jpg,1,masks/leaf/fdea693d582de01d5b01e67f.png,pending,nonempty,Healthy1350.jpg,,Healthy1350.jpg,,ab69fedb904d7ddd27d375d3ce2bcab4f8615e28528b3267f2260bb10c94dde6,healthy,,train,False,,pending,unknown,512
SAM3_auto,original,True,healthy:Healthy1353.jpg,512,b253b4400dcb335fb183ae4f,healthy_source,/content/drive/MyDrive/Healthy/Healthy1353.jpg,1,masks/leaf/b253b4400dcb335fb183ae4f.png,pending,nonempty,Healthy1353.jpg,,Healthy1353.jpg,,f3cf8d80526f9432be4382f786bc43b7c167ffd5ba22978490fd73175c4f6faf,healthy,,train,False,,pending,unknown,512
SAM3_auto,original,True,healthy:Healthy1355.jpg,512,b25da7c9331aeea656e9cf2d,healthy_source,/content/drive/MyDrive/Healthy/Healthy1355.jpg,1,masks/leaf/b25da7c9331aeea656e9cf2d.png,pending,nonempty,Healthy1355.jpg,,Healthy1355.jpg,,b3ad97a84b98237a16f0327a9c23300ae6647ee5ce4f2ddc087e7ac3af1f4e69,healthy,,train,False,,pending,unknown,512
SAM3_auto,original,True,healthy:Healthy1356.jpg,512,95d8a77280c66b2e6a4a7f5b,healthy_source,/content/drive/MyDrive/Healthy/Healthy1356.jpg,1,masks/leaf/95d8a77280c66b2e6a4a7f5b.png,pending,nonempty,Healthy1356.jpg,,Healthy1356.jpg,,05a8ce4703ba60a971b1783dbec8059e07811c6eb982697faa051870f0a37626,healthy,,train,False,,pending,unknown,512
SAM3_auto,original,True,healthy:Healthy1357.jpg,512,46e0405506f0297bf4715561,healthy_source,/content/drive/MyDrive/Healthy/Healthy1357.jpg,1,masks/leaf/46e0405506f0297bf4715561.png,pending,nonempty,Healthy1357.jpg,,Healthy1357.jpg,,8f80aad2dff42e61a835890b6bf564c6b8ff2de111ea20092a60e5c31eab95ba,healthy,,train,False,,pending,unknown,512
SAM3_auto,original,True,healthy:Healthy1359.jpg,512,e47b655e80a35378153153c9,healthy_source,/content/drive/MyDrive/Healthy/Healthy1359.jpg,1,masks/leaf/e47b655e80a35378153153c9.png,pending,nonempty,Healthy1359.jpg,,Healthy1359.jpg,,49d7831341efb6b527a181a041f480a42e861c2da9617a27fad436a58e1ecc8c,healthy,,train,False,,pending,unknown,512
SAM3_auto,original,True,healthy:Healthy136.jpg,512,33b2ca118c71bc8147054e84,healthy_source,/content/drive/MyDrive/Healthy/Healthy136.jpg,1,masks/leaf/33b2ca118c71bc8147054e84.png,pending,nonempty,Healthy136.jpg,,Healthy136.jpg,,956e2fa48d74f611860dfc9d93b58409f5661925fc5dc6be19a87144d051b993,healthy,,train,False,,pending,unknown,512
SAM3_auto,original,True,healthy:Healthy1361.jpg,512,e8984b196fc439f7176ea78f,healthy_source,/content/drive/MyDrive/Healthy/Healthy1361.jpg,1,masks/leaf/e8984b196fc439f7176ea78f.png,pending,nonempty,Healthy1361.jpg,,Healthy1361.jpg,,f7def639f9146dfdccd2bf51edfeca8e0d44be5442db756373b556b2b4fe2558,healthy,,train,False,,pending,unknown,512
SAM3_auto,original,True,healthy:Healthy1362.jpg,512,a66791829fa90844ff936df1,healthy_source,/content/drive/MyDrive/Healthy/Healthy1362.jpg,1,masks/leaf/a66791829fa90844ff936df1.png,pending,nonempty,Healthy1362.jpg,,Healthy1362.jpg,,709cf8f7411737cc832af20eb436d2aa363b0bd087035884ddd87eacf3fe3dd2,healthy,,train,False,,pending,unknown,512
SAM3_auto,original,True,healthy:Healthy1363.jpg,512,a0781888447dc26d78d9122b,healthy_source,/content/drive/MyDrive/Healthy/Healthy1363.jpg,1,masks/leaf/a0781888447dc26d78d9122b.png,pending,nonempty,Healthy1363.jpg,,Healthy1363.jpg,,783cd10ef736179f2e59ddc62d5147d681528a441c31f5da9d4f65501202670f,healthy,,train,False,,pending,unknown,512
SAM3_auto,original,True,healthy:Healthy1364.jpg,512,c9bf57f39ba201ee84de411a,healthy_source,/content/drive/MyDrive/Healthy/Healthy1364.jpg,1,masks/leaf/c9bf57f39ba201ee84de411a.png,pending,nonempty,Healthy1364.jpg,,Healthy1364.jpg,,ae9afc1dac7444677e6e36bbd4aadc355eda69d748cba9f14523fd0b70730543,healthy,,train,False,,pending,unknown,512
SAM3_auto,original,True,healthy:Healthy1366.jpg,512,710add0c220e72abd2f48dcc,healthy_source,/content/drive/MyDrive/Healthy/Healthy1366.jpg,1,masks/leaf/710add0c220e72abd2f48dcc.png,pending,nonempty,Healthy1366.jpg,,Healthy1366.jpg,,62dd81b5f81bf2bc0eaef410acb308f46ef3a3a9ec21586ffaa030e14ee1d5bb,healthy,,train,False,,pending,unknown,512
SAM3_auto,original,True,healthy:Healthy1367.jpg,512,23e8483e87bc421d9db97bca,healthy_source,/content/drive/MyDrive/Healthy/Healthy1367.jpg,1,masks/leaf/23e8483e87bc421d9db97bca.png,pending,nonempty,Healthy1367.jpg,,Healthy1367.jpg,,7c9b4001f6e7e887209253a76160b03453af85bec308068a7e308a2656d87fdf,healthy,,train,False,,pending,unknown,512
SAM3_auto,original,True,healthy:Healthy1368.jpg,512,437a1813ef972bfb04b8c7e1,healthy_source,/content/drive/MyDrive/Healthy/Healthy1368.jpg,1,masks/leaf/437a1813ef972bfb04b8c7e1.png,pending,nonempty,Healthy1368.jpg,,Healthy1368.jpg,,5f927685a70edfb8894bd5bf034f5fabc0fd4de61dd928a3ddb0227e27368e6a,healthy,,train,False,,pending,unknown,512
SAM3_auto,original,True,healthy:Healthy1369.jpg,512,f2cd2728633c54878f950c57,healthy_source,/content/drive/MyDrive/Healthy/Healthy1369.jpg,1,masks/leaf/f2cd2728633c54878f950c57.png,pending,nonempty,Healthy1369.jpg,,Healthy1369.jpg,,f5af4ecd0200a6d117b1aa727d432e2ae2ade2461a0b96a3d2bfdf17775258a4,healthy,,train,False,,pending,unknown,512
SAM3_auto,original,True,healthy:Healthy137.jpg,512,8bf8c35edc085a798e4fbd86,healthy_source,/content/drive/MyDrive/Healthy/Healthy137.jpg,1,masks/leaf/8bf8c35edc085a798e4fbd86.png,pending,nonempty,Healthy137.jpg,,Healthy137.jpg,,c6f368b0abe045001372114241b97f352e658cfee4072fbfa52325be4c9c7ae0,healthy,,train,False,,pending,unknown,512
SAM3_auto,original,True,healthy:Healthy1370.jpg,512,553bb643fd7c3aab4fe93ffa,healthy_source,/content/drive/MyDrive/Healthy/Healthy1370.jpg,1,masks/leaf/553bb643fd7c3aab4fe93ffa.png,pending,nonempty,Healthy1370.jpg,,Healthy1370.jpg,,af34050a9635ea282e475dcf9571bea295944964e9dc3598a08bdb9e9b2c0c25,healthy,,train,False,,pending,unknown,512
SAM3_auto,original,True,healthy:Healthy1371.jpg,512,097b7c0c84311e7a618965cc,healthy_source,/content/drive/MyDrive/Healthy/Healthy1371.jpg,1,masks/leaf/097b7c0c84311e7a618965cc.png,pending,nonempty,Healthy1371.jpg,,Healthy1371.jpg,,6781bd1984642cceeea364bc156c8732f272d9ae7fd07154d123f8c82834f2c6,healthy,,train,False,,pending,unknown,512
SAM3_auto,original,True,healthy:Healthy1373.jpg,512,d71ffb195a57e9ec348b3ea8,healthy_source,/content/drive/MyDrive/Healthy/Healthy1373.jpg,1,masks/leaf/d71ffb195a57e9ec348b3ea8.png,pending,nonempty,Healthy1373.jpg,,Healthy1373.jpg,,dc02e58ecc19c2a0f1ea1a3f757ee9f7573468dfe5785b822d3f5a30af173c7d,healthy,,train,False,,pending,unknown,512
SAM3_auto,original,True,healthy:Healthy1374.jpg,512,29af4f635a6de38460cb37d6,healthy_source,/content/drive/MyDrive/Healthy/Healthy1374.jpg,1,masks/leaf/29af4f635a6de38460cb37d6.png,pending,nonempty,Healthy1374.jpg,,Healthy1374.jpg,,2603cac6550b08d85dde2770ed7addd0eeea98a0b610e0257b6eae31424dd9c6,healthy,,train,False,,pending,unknown,512
SAM3_auto,original,True,healthy:Healthy1375.jpg,512,0d4a4f1b6c052a260d714a11,healthy_source,/content/drive/MyDrive/Healthy/Healthy1375.jpg,1,masks/leaf/0d4a4f1b6c052a260d714a11.png,pending,nonempty,Healthy1375.jpg,,Healthy1375.jpg,,75dcb2850a1e6a1a373b5ada3468e821d8f2addfbfc7299b8e604129e01c4f4c,healthy,,train,False,,pending,unknown,512
SAM3_auto,original,True,healthy:Healthy1377.jpg,512,f2114cd73432c33fd9ca0d7b,healthy_source,/content/drive/MyDrive/Healthy/Healthy1377.jpg,1,masks/leaf/f2114cd73432c33fd9ca0d7b.png,pending,nonempty,Healthy1377.jpg,,Healthy1377.jpg,,59ffc65c0f01e9b993fe162bf69b858901edcfd7765a9a449188dd99cb57a20d,healthy,,train,False,,pending,unknown,512
SAM3_auto,original,True,healthy:Healthy1378.jpg,512,d6ae822fa01be0ce68b6a27e,healthy_source,/content/drive/MyDrive/Healthy/Healthy1378.jpg,1,masks/leaf/d6ae822fa01be0ce68b6a27e.png,pending,nonempty,Healthy1378.jpg,,Healthy1378.jpg,,c7d6453d5952846aa8233a318374d792f09307af77d30bc5157a9d8548ad96f0,healthy,,train,False,,pending,unknown,512
SAM3_auto,original,True,healthy:Healthy138.jpg,512,22e0514e720b8e1d75b9d0ad,healthy_source,/content/drive/MyDrive/Healthy/Healthy138.jpg,1,masks/leaf/22e0514e720b8e1d75b9d0ad.png,pending,nonempty,Healthy138.jpg,,Healthy138.jpg,,22eedeb54b1a91b1e758037f1be0612a236a67a3c3abbdee03a9d9543af703ed,healthy,,train,False,,pending,unknown,512
SAM3_auto,original,True,healthy:Healthy1380.jpg,512,e26fc5559369202ab88851f3,healthy_source,/content/drive/MyDrive/Healthy/Healthy1380.jpg,1,masks/leaf/e26fc5559369202ab88851f3.png,pending,nonempty,Healthy1380.jpg,,Healthy1380.jpg,,7ae89a1709ddb9aa662723ace7b579d7f8bd07b49c5e4bffe6581d9305333416,healthy,,train,False,,pending,unknown,512
SAM3_auto,original,True,healthy:Healthy1382.jpg,512,4c54f88ed6dbe1ee37a76cfa,healthy_source,/content/drive/MyDrive/Healthy/Healthy1382.jpg,1,masks/leaf/4c54f88ed6dbe1ee37a76cfa.png,pending,nonempty,Healthy1382.jpg,,Healthy1382.jpg,,c7dcfdb0ba4501483dbe1fe9a3ace6be412848c9f256b4f0c69a96768deded9b,healthy,,train,False,,pending,unknown,512
SAM3_auto,original,True,healthy:Healthy1384.jpg,512,b4bf1a4384a127d7209af315,healthy_source,/content/drive/MyDrive/Healthy/Healthy1384.jpg,1,masks/leaf/b4bf1a4384a127d7209af315.png,pending,nonempty,Healthy1384.jpg,,Healthy1384.jpg,,a1d6ad353742812db04b3f58bb89ba181fa176aa256b6e9544c45f9d751715e9,healthy,,train,False,,pending,unknown,512
SAM3_auto,original,True,healthy:Healthy1385.jpg,512,a3db1d5b49b32942d710a621,healthy_source,/content/drive/MyDrive/Healthy/Healthy1385.jpg,1,masks/leaf/a3db1d5b49b32942d710a621.png,pending,nonempty,Healthy1385.jpg,,Healthy1385.jpg,,a55fe13efcac62e2fe7fdc5e5ca234246c0089a4fb6437403ad1916ac566fe98,healthy,,train,False,,pending,unknown,512
SAM3_auto,original,True,healthy:Healthy1388.jpg,512,eb29e3954f85aa5fbb541675,healthy_source,/content/drive/MyDrive/Healthy/Healthy1388.jpg,1,masks/leaf/eb29e3954f85aa5fbb541675.png,pending,nonempty,Healthy1388.jpg,,Healthy1388.jpg,,16a6fdf7b970a4de4d196f3774fc35f1a9bf0b1ce2a13a3e6029afc321882ddb,healthy,,train,False,,pending,unknown,512
SAM3_auto,original,True,healthy:Healthy1389.jpg,512,14071cb3a616aa87136d7cee,healthy_source,/content/drive/MyDrive/Healthy/Healthy1389.jpg,1,masks/leaf/14071cb3a616aa87136d7cee.png,pending,nonempty,Healthy1389.jpg,,Healthy1389.jpg,,3fec60094a1d8830bfe16905f046eb9839df79da485fce24d28ef2209cb19cd4,healthy,,train,False,,pending,unknown,512
SAM3_auto,original,True,healthy:Healthy139.jpg,512,4f883154dfd81acba39ab04e,healthy_source,/content/drive/MyDrive/Healthy/Healthy139.jpg,1,masks/leaf/4f883154dfd81acba39ab04e.png,pending,nonempty,Healthy139.jpg,,Healthy139.jpg,,16e4d5613817cce6ba021e50fdb46748b0d75456490a24bc62bed0c6e5ea2998,healthy,,train,False,,pending,unknown,512
SAM3_auto,original,True,healthy:Healthy1391.jpg,512,96968176864dcc1c3adfc330,healthy_source,/content/drive/MyDrive/Healthy/Healthy1391.jpg,1,masks/leaf/96968176864dcc1c3adfc330.png,pending,nonempty,Healthy1391.jpg,,Healthy1391.jpg,,d487a6cbecb9f78f49ca15a4882cba0328b800eeedfd35aac208808c9b350c17,healthy,,train,False,,pending,unknown,512
SAM3_auto,original,True,healthy:Healthy1392.jpg,512,de45083bf2ca5dc05bde5408,healthy_source,/content/drive/MyDrive/Healthy/Healthy1392.jpg,1,masks/leaf/de45083bf2ca5dc05bde5408.png,pending,nonempty,Healthy1392.jpg,,Healthy1392.jpg,,d31782c38eb8094c8949a132bfc51c6f4ed8d63414ef0d34a8c7a5c730578a91,healthy,,train,False,,pending,unknown,512
SAM3_auto,original,True,healthy:Healthy1393.jpg,512,637d54893c86198431e5c22d,healthy_source,/content/drive/MyDrive/Healthy/Healthy1393.jpg,1,masks/leaf/637d54893c86198431e5c22d.png,pending,nonempty,Healthy1393.jpg,,Healthy1393.jpg,,ade40d02d4eb6a1c1bb9de63d5e682860dd1b4e0ddd51cb3d2dceb6ee586f6be,healthy,,train,False,,pending,unknown,512
SAM3_auto,original,True,healthy:Healthy1394.jpg,512,df77dac7003303ce699305e7,healthy_source,/content/drive/MyDrive/Healthy/Healthy1394.jpg,1,masks/leaf/df77dac7003303ce699305e7.png,pending,nonempty,Healthy1394.jpg,,Healthy1394.jpg,,d551cd53db2a1e41273a16f2a663f29cd5c890aa71afb68c83edbfe2e244a7ca,healthy,,train,False,,pending,unknown,512
SAM3_auto,original,True,healthy:Healthy1395.jpg,512,1169fc02a0b9bdd3913bf9b7,healthy_source,/content/drive/MyDrive/Healthy/Healthy1395.jpg,1,masks/leaf/1169fc02a0b9bdd3913bf9b7.png,pending,nonempty,Healthy1395.jpg,,Healthy1395.jpg,,5c97a4a4f349a0160f70992ed38e86fc57a3383f481a3772d148b4c237e16b04,healthy,,train,False,,pending,unknown,512
SAM3_auto,original,True,healthy:Healthy1396.jpg,512,c9f727bc364ea59c1da73e89,healthy_source,/content/drive/MyDrive/Healthy/Healthy1396.jpg,1,masks/leaf/c9f727bc364ea59c1da73e89.png,pending,nonempty,Healthy1396.jpg,,Healthy1396.jpg,,7dddee5fad84df756056f24842ed9831fd4e000a1982ef7bc231190b979fa0b1,healthy,,train,False,,pending,unknown,512
SAM3_auto,original,True,healthy:Healthy1398.jpg,512,438a76ad053a77c4094a6ba3,healthy_source,/content/drive/MyDrive/Healthy/Healthy1398.jpg,1,masks/leaf/438a76ad053a77c4094a6ba3.png,pending,nonempty,Healthy1398.jpg,,Healthy1398.jpg,,a55e7a4444e264d2c09071949a19a739023da374e869b55b1117f355fa327879,healthy,,train,False,,pending,unknown,512
SAM3_auto,original,True,healthy:Healthy1399.jpg,512,921a28b87658db6eafc73155,healthy_source,/content/drive/MyDrive/Healthy/Healthy1399.jpg,1,masks/leaf/921a28b87658db6eafc73155.png,pending,nonempty,Healthy1399.jpg,,Healthy1399.jpg,,0343f1e36eb3f8f385c14982f1e5d388a098ee3c55ce4795e01986c6abc9628c,healthy,,train,False,,pending,unknown,512
SAM3_auto,original,True,healthy:Healthy14.jpg,512,df64c2af354623bf3171d55f,healthy_source,/content/drive/MyDrive/Healthy/Healthy14.jpg,1,masks/leaf/df64c2af354623bf3171d55f.png,pending,nonempty,Healthy14.jpg,,Healthy14.jpg,,f029a75e118dd77b1a9aeaa55d195de83f6b07f0d2c7b437ec085ce6ba138a94,healthy,,train,False,,pending,unknown,512
SAM3_auto,original,True,healthy:Healthy140.jpg,512,766f933738397be148dccfe0,healthy_source,/content/drive/MyDrive/Healthy/Healthy140.jpg,1,masks/leaf/766f933738397be148dccfe0.png,pending,nonempty,Healthy140.jpg,,Healthy140.jpg,,21790a4c8549c39c9715fe0c84953ed02dfbaa61dfafcf92fba9e42e50403e58,healthy,,train,False,,pending,unknown,512
SAM3_auto,original,True,healthy:Healthy1400.jpg,512,4e165e6ba410e6109ece1c97,healthy_source,/content/drive/MyDrive/Healthy/Healthy1400.jpg,1,masks/leaf/4e165e6ba410e6109ece1c97.png,pending,nonempty,Healthy1400.jpg,,Healthy1400.jpg,,ba63856eb21192bdce9210f3452f791f5b36ab87016ebbeb73f6743f6aeaa1e5,healthy,,train,False,,pending,unknown,512
SAM3_auto,original,True,healthy:Healthy1401.jpg,512,966588c58d3ed041d8039cd3,healthy_source,/content/drive/MyDrive/Healthy/Healthy1401.jpg,1,masks/leaf/966588c58d3ed041d8039cd3.png,pending,nonempty,Healthy1401.jpg,,Healthy1401.jpg,,8e3f3ad85ce8a0df620ac17f2e3eadf839d4f579d264ea62b9171e77887d85d0,healthy,,train,False,,pending,unknown,512
SAM3_auto,original,True,healthy:Healthy1403.jpg,512,55d2971c6d702f0866e6db67,healthy_source,/content/drive/MyDrive/Healthy/Healthy1403.jpg,1,masks/leaf/55d2971c6d702f0866e6db67.png,pending,nonempty,Healthy1403.jpg,,Healthy1403.jpg,,18b04cf2eab23355f762230ba801d4a596601ca3e0364c44fe61c102550ce39c,healthy,,train,False,,pending,unknown,512
SAM3_auto,original,True,healthy:Healthy1404.jpg,512,c3c30f2170d2f3b7a469774f,healthy_source,/content/drive/MyDrive/Healthy/Healthy1404.jpg,1,masks/leaf/c3c30f2170d2f3b7a469774f.png,pending,nonempty,Healthy1404.jpg,,Healthy1404.jpg,,052b7a21b30658ba6f7e1d7f59331f04cacb7cc119c52cce69409aff7dcac856,healthy,,train,False,,pending,unknown,512
SAM3_auto,original,True,healthy:Healthy1405.jpg,512,d4b4958df1b32d34d1d87eec,healthy_source,/content/drive/MyDrive/Healthy/Healthy1405.jpg,1,masks/leaf/d4b4958df1b32d34d1d87eec.png,pending,nonempty,Healthy1405.jpg,,Healthy1405.jpg,,d5120c7aa8177a01728036afbfc4fa7d838517b8ce13b74601ac9a5bbd68f736,healthy,,train,False,,pending,unknown,512
SAM3_auto,original,True,healthy:Healthy1406.jpg,512,324c93527a222e22cbcd837d,healthy_source,/content/drive/MyDrive/Healthy/Healthy1406.jpg,1,masks/leaf/324c93527a222e22cbcd837d.png,pending,nonempty,Healthy1406.jpg,,Healthy1406.jpg,,a8ec92326d230146065ae02295b08c737edf85ae95b90cdaa3dab4a8cf11b7ee,healthy,,train,False,,pending,unknown,512
SAM3_auto,original,True,healthy:Healthy1408.jpg,512,7cd25ecddcf8bc8a39527e10,healthy_source,/content/drive/MyDrive/Healthy/Healthy1408.jpg,1,masks/leaf/7cd25ecddcf8bc8a39527e10.png,pending,nonempty,Healthy1408.jpg,,Healthy1408.jpg,,ec1bca7a87ec20f097619586299c7bf567d70971b1e0a46452d17c4986901d81,healthy,,train,False,,pending,unknown,512
SAM3_auto,original,True,healthy:Healthy1410.jpg,512,07d764a540a65287cd7ed60d,healthy_source,/content/drive/MyDrive/Healthy/Healthy1410.jpg,1,masks/leaf/07d764a540a65287cd7ed60d.png,pending,nonempty,Healthy1410.jpg,,Healthy1410.jpg,,9a663fcab3ab3c526c5944328d3e8907dd4b412cb7c6829bd94b5252ce547ac6,healthy,,train,False,,pending,unknown,512
SAM3_auto,original,True,healthy:Healthy1411.jpg,512,a2afb2bd6620a59d019104a6,healthy_source,/content/drive/MyDrive/Healthy/Healthy1411.jpg,1,masks/leaf/a2afb2bd6620a59d019104a6.png,pending,nonempty,Healthy1411.jpg,,Healthy1411.jpg,,79f1219453bdfe2bdcffba874e5aac6e268b9f95a60d990d3fec73bca8dbf6ba,healthy,,train,False,,pending,unknown,512
SAM3_auto,original,True,healthy:Healthy1412.jpg,512,f45fcb986665df782f22ffdb,healthy_source,/content/drive/MyDrive/Healthy/Healthy1412.jpg,2,masks/leaf/f45fcb986665df782f22ffdb.png,pending,nonempty,Healthy1412.jpg,,Healthy1412.jpg,,ca9f6572a6d3b27760b5ab89557db37afce65af77373e522b4fd884f8dd9362f,healthy,,train,False,,pending,unknown,512
SAM3_auto,original,True,healthy:Healthy1413.jpg,512,fe685e33b3aeb1fd7e3e4afb,healthy_source,/content/drive/MyDrive/Healthy/Healthy1413.jpg,1,masks/leaf/fe685e33b3aeb1fd7e3e4afb.png,pending,nonempty,Healthy1413.jpg,,Healthy1413.jpg,,6e71de46a4e956eb5adf5f50e622dba55aad8fca1e8fb8814feac83d0eab2986,healthy,,train,False,,pending,unknown,512
SAM3_auto,original,True,healthy:Healthy1414.jpg,512,a0597143e061f9e600e53a32,healthy_source,/content/drive/MyDrive/Healthy/Healthy1414.jpg,1,masks/leaf/a0597143e061f9e600e53a32.png,pending,nonempty,Healthy1414.jpg,,Healthy1414.jpg,,266e7e4b4158af9a5302e03bc333646f397a2762e67f0220e42a26b245e3e6e8,healthy,,train,False,,pending,unknown,512
SAM3_auto,original,True,healthy:Healthy1415.jpg,512,1b384f6cd69faa1133b1844e,healthy_source,/content/drive/MyDrive/Healthy/Healthy1415.jpg,1,masks/leaf/1b384f6cd69faa1133b1844e.png,pending,nonempty,Healthy1415.jpg,,Healthy1415.jpg,,131cbee9198a7133cd1675bd04a06494ccdd7f0fa60dffad2845734250a3c533,healthy,,train,False,,pending,unknown,512
SAM3_auto,original,True,healthy:Healthy1416.jpg,512,5dcfb76e4ff64f3b69fab9b0,healthy_source,/content/drive/MyDrive/Healthy/Healthy1416.jpg,1,masks/leaf/5dcfb76e4ff64f3b69fab9b0.png,pending,nonempty,Healthy1416.jpg,,Healthy1416.jpg,,fc35719ff79f068e4f6f1f5938244a60ff3e03835aaa32efb2cb70c67e06fd68,healthy,,train,False,,pending,unknown,512
SAM3_auto,original,True,healthy:Healthy1417.jpg,512,b7b5afd9417bfb2039685871,healthy_source,/content/drive/MyDrive/Healthy/Healthy1417.jpg,1,masks/leaf/b7b5afd9417bfb2039685871.png,pending,nonempty,Healthy1417.jpg,,Healthy1417.jpg,,c9eb7b2e14744206c457c92e6640943a356354d6beb5a6bd73270d64390f8b30,healthy,,train,False,,pending,unknown,512
SAM3_auto,original,True,healthy:Healthy1418.jpg,512,0fa1685289883bedf233078b,healthy_source,/content/drive/MyDrive/Healthy/Healthy1418.jpg,1,masks/leaf/0fa1685289883bedf233078b.png,pending,nonempty,Healthy1418.jpg,,Healthy1418.jpg,,dfe721c48060248991acbff0a4ecc79a2019c80bb2c1ffbc0c90e0de6aa8a583,healthy,,train,False,,pending,unknown,512
SAM3_auto,original,True,healthy:Healthy1419.jpg,512,cac87ffc1561255dd39b9755,healthy_source,/content/drive/MyDrive/Healthy/Healthy1419.jpg,1,masks/leaf/cac87ffc1561255dd39b9755.png,pending,nonempty,Healthy1419.jpg,,Healthy1419.jpg,,0004d65afd8e161722b46b3de5d857641c9f9fe815f4ad0350153cbda14413d7,healthy,,train,False,,pending,unknown,512
SAM3_auto,original,True,healthy:Healthy142.jpg,512,1d59212e18baf2e14ba9ad26,healthy_source,/content/drive/MyDrive/Healthy/Healthy142.jpg,1,masks/leaf/1d59212e18baf2e14ba9ad26.png,pending,nonempty,Healthy142.jpg,,Healthy142.jpg,,a04bb7f72acbb0c6d0aafe2af3aa6d167c82a05dd417f5d6f89915534d4c4b4e,healthy,,train,False,,pending,unknown,512
SAM3_auto,original,True,healthy:Healthy1420.jpg,512,745685b104fd0d53194da735,healthy_source,/content/drive/MyDrive/Healthy/Healthy1420.jpg,1,masks/leaf/745685b104fd0d53194da735.png,pending,nonempty,Healthy1420.jpg,,Healthy1420.jpg,,0a03e53a4453128152753b5f902c9eda449364b1e95a74e29837feff575843d7,healthy,,train,False,,pending,unknown,512
SAM3_auto,original,True,healthy:Healthy1423.jpg,512,3d5b7e8d5c231999a467693c,healthy_source,/content/drive/MyDrive/Healthy/Healthy1423.jpg,1,masks/leaf/3d5b7e8d5c231999a467693c.png,pending,nonempty,Healthy1423.jpg,,Healthy1423.jpg,,38f3921103f33ce5c54038896b5c30d44e26cdcfbf91430f0f5bf70400ffae8a,healthy,,train,False,,pending,unknown,512
SAM3_auto,original,True,healthy:Healthy1425.jpg,512,35c0482c5125e8388b44c8bd,healthy_source,/content/drive/MyDrive/Healthy/Healthy1425.jpg,2,masks/leaf/35c0482c5125e8388b44c8bd.png,pending,nonempty,Healthy1425.jpg,,Healthy1425.jpg,,2e7505e921b62b0cd98fccb645c6c290a5b5dffa3fe962d418443cda20a6f7ce,healthy,,train,False,,pending,unknown,512
SAM3_auto,original,True,healthy:Healthy1426.jpg,512,810f56ae568f218e38afa820,healthy_source,/content/drive/MyDrive/Healthy/Healthy1426.jpg,1,masks/leaf/810f56ae568f218e38afa820.png,pending,nonempty,Healthy1426.jpg,,Healthy1426.jpg,,0ba4d512ec30c124c5a8144be1d6b6826ef738faf857ea1de20e03db3343c622,healthy,,train,False,,pending,unknown,512
SAM3_auto,original,True,healthy:Healthy1427.jpg,512,2c98c0fb5f7c753ba214ea83,healthy_source,/content/drive/MyDrive/Healthy/Healthy1427.jpg,1,masks/leaf/2c98c0fb5f7c753ba214ea83.png,pending,nonempty,Healthy1427.jpg,,Healthy1427.jpg,,297866c417e86540518ce002ac69d8d2c90b7e50420fdfe647f1f8df4f0a2088,healthy,,train,False,,pending,unknown,512
SAM3_auto,original,True,healthy:Healthy1428.jpg,512,ec9fb06a5f07839a6db413e2,healthy_source,/content/drive/MyDrive/Healthy/Healthy1428.jpg,1,masks/leaf/ec9fb06a5f07839a6db413e2.png,pending,nonempty,Healthy1428.jpg,,Healthy1428.jpg,,96bbc789c50ed5512b76cac4dd45e0da421df343b03d57bca7d8fd7eec2ca3a1,healthy,,train,False,,pending,unknown,512
SAM3_auto,original,True,healthy:Healthy1429.jpg,512,f8c418f7a5b983d6ec6bf1f5,healthy_source,/content/drive/MyDrive/Healthy/Healthy1429.jpg,1,masks/leaf/f8c418f7a5b983d6ec6bf1f5.png,pending,nonempty,Healthy1429.jpg,,Healthy1429.jpg,,3043d0f136e2e6657d8f9e6210010fd20f9d4184785900816eddec0eb89921f9,healthy,,train,False,,pending,unknown,512
SAM3_auto,original,True,healthy:Healthy143.jpg,512,b68e9651131c0eb65a7ae290,healthy_source,/content/drive/MyDrive/Healthy/Healthy143.jpg,1,masks/leaf/b68e9651131c0eb65a7ae290.png,pending,nonempty,Healthy143.jpg,,Healthy143.jpg,,d0e55e216cebd910f1522bff09c0ef48b29a92e492117b6964b70eaac6cb96de,healthy,,train,False,,pending,unknown,512
SAM3_auto,original,True,healthy:Healthy1430.jpg,512,f40ab4a6d98a6b654e8c2592,healthy_source,/content/drive/MyDrive/Healthy/Healthy1430.jpg,1,masks/leaf/f40ab4a6d98a6b654e8c2592.png,pending,nonempty,Healthy1430.jpg,,Healthy1430.jpg,,2e25761e1a4f6f1f5b7fbbdf9364369afea123ad2897c6f973ff3a76f32e8fe5,healthy,,train,False,,pending,unknown,512
SAM3_auto,original,True,healthy:Healthy1431.jpg,512,bbd1827b9356af1a9e2da93f,healthy_source,/content/drive/MyDrive/Healthy/Healthy1431.jpg,1,masks/leaf/bbd1827b9356af1a9e2da93f.png,pending,nonempty,Healthy1431.jpg,,Healthy1431.jpg,,29ca4a50de1938cdd70c1a1111e13381caf1b883cf14b6074d1a44c0dc77cd5b,healthy,,train,False,,pending,unknown,512
SAM3_auto,original,True,healthy:Healthy1435.jpg,512,70847e69d4c7d89be735c8c4,healthy_source,/content/drive/MyDrive/Healthy/Healthy1435.jpg,1,masks/leaf/70847e69d4c7d89be735c8c4.png,pending,nonempty,Healthy1435.jpg,,Healthy1435.jpg,,a8634dd3106432bac3513fce90e9616d43b1bd572a48a87164f78d3c81e7571c,healthy,,train,False,,pending,unknown,512
SAM3_auto,original,True,healthy:Healthy1436.jpg,512,acd6490e9f88641e6017b76e,healthy_source,/content/drive/MyDrive/Healthy/Healthy1436.jpg,1,masks/leaf/acd6490e9f88641e6017b76e.png,pending,nonempty,Healthy1436.jpg,,Healthy1436.jpg,,09f8615daffe970f06b2fba52ed7363c1e94e109291e85e71249b4c6c0b011f9,healthy,,train,False,,pending,unknown,512
SAM3_auto,original,True,healthy:Healthy1437.jpg,512,881af0c37009a51f21ac34fe,healthy_source,/content/drive/MyDrive/Healthy/Healthy1437.jpg,1,masks/leaf/881af0c37009a51f21ac34fe.png,pending,nonempty,Healthy1437.jpg,,Healthy1437.jpg,,a27daf8a523d7f3c3e9cd4c9f35286fdd2b94709e9e0e70627c0cda34d0ec32f,healthy,,train,False,,pending,unknown,512
SAM3_auto,original,True,healthy:Healthy1439.jpg,512,7bde7bb6d8e7f9a80847c412,healthy_source,/content/drive/MyDrive/Healthy/Healthy1439.jpg,1,masks/leaf/7bde7bb6d8e7f9a80847c412.png,pending,nonempty,Healthy1439.jpg,,Healthy1439.jpg,,12490b632df2db2f85e4383738e871734d14871b29d6d1f9da70f0ca38ce54aa,healthy,,train,False,,pending,unknown,512
SAM3_auto,original,True,healthy:Healthy144.jpg,512,8699b2dfda1b461b7aa60e57,healthy_source,/content/drive/MyDrive/Healthy/Healthy144.jpg,1,masks/leaf/8699b2dfda1b461b7aa60e57.png,pending,nonempty,Healthy144.jpg,,Healthy144.jpg,,6b955362cba58e70176e7ba2bac54e0f09b840d765b5f6fb991717ea9133db25,healthy,,train,False,,pending,unknown,512
SAM3_auto,original,True,healthy:Healthy1440.jpg,512,5b40b716afa4966750adb8f1,healthy_source,/content/drive/MyDrive/Healthy/Healthy1440.jpg,1,masks/leaf/5b40b716afa4966750adb8f1.png,pending,nonempty,Healthy1440.jpg,,Healthy1440.jpg,,bc491d3c7461aca7dc7273ca17b02844b102bcae021789cc0c94e5a3d7d48e1f,healthy,,train,False,,pending,unknown,512
SAM3_auto,original,True,healthy:Healthy1441.jpg,512,6fe0cab1b7752c1182b06338,healthy_source,/content/drive/MyDrive/Healthy/Healthy1441.jpg,1,masks/leaf/6fe0cab1b7752c1182b06338.png,pending,nonempty,Healthy1441.jpg,,Healthy1441.jpg,,c1f12d992b7d99c6bfa923cb04822bf875a01a14820e97ae2e54ddb77b8f8b46,healthy,,train,False,,pending,unknown,512
SAM3_auto,original,True,healthy:Healthy1442.jpg,512,5fbf85a72c3b1426fd3b2b1e,healthy_source,/content/drive/MyDrive/Healthy/Healthy1442.jpg,1,masks/leaf/5fbf85a72c3b1426fd3b2b1e.png,pending,nonempty,Healthy1442.jpg,,Healthy1442.jpg,,e8ce7e53ced7d2947c56e597f2e631921f27f1658ec417a6cdf7f0511bf612bc,healthy,,train,False,,pending,unknown,512
SAM3_auto,original,True,healthy:Healthy1444.jpg,512,ec23785e99b857675ce1c253,healthy_source,/content/drive/MyDrive/Healthy/Healthy1444.jpg,1,masks/leaf/ec23785e99b857675ce1c253.png,pending,nonempty,Healthy1444.jpg,,Healthy1444.jpg,,6ece09fabca43f1a7618c5ec185e12e8440727901ba3d7b2c0e2ab3dd1a95c38,healthy,,train,False,,pending,unknown,512
SAM3_auto,original,True,healthy:Healthy1445.jpg,512,c598152db510fa4ac5a71d29,healthy_source,/content/drive/MyDrive/Healthy/Healthy1445.jpg,1,masks/leaf/c598152db510fa4ac5a71d29.png,pending,nonempty,Healthy1445.jpg,,Healthy1445.jpg,,fd32261451b953e85e56c1a799e5dd7ab843f727d7a04836032c7067fabb88de,healthy,,train,False,,pending,unknown,512
SAM3_auto,original,True,healthy:Healthy1446.jpg,512,77f4dc65f2c58e375c0be83a,healthy_source,/content/drive/MyDrive/Healthy/Healthy1446.jpg,1,masks/leaf/77f4dc65f2c58e375c0be83a.png,pending,nonempty,Healthy1446.jpg,,Healthy1446.jpg,,73f7080d7e4d29569bf61db95725d628c47c94f06518fd0db646e111d6437197,healthy,,train,False,,pending,unknown,512
SAM3_auto,original,True,healthy:Healthy1448.jpg,512,696715b1c7e60626675f0f82,healthy_source,/content/drive/MyDrive/Healthy/Healthy1448.jpg,1,masks/leaf/696715b1c7e60626675f0f82.png,pending,nonempty,Healthy1448.jpg,,Healthy1448.jpg,,00da8dad79e4c24587cbd16dd1dffd36864075530b9ac33c4835db117aa50632,healthy,,train,False,,pending,unknown,512
SAM3_auto,original,True,healthy:Healthy145.jpg,512,df4b2a29ec66af0e71376f96,healthy_source,/content/drive/MyDrive/Healthy/Healthy145.jpg,1,masks/leaf/df4b2a29ec66af0e71376f96.png,pending,nonempty,Healthy145.jpg,,Healthy145.jpg,,b8bd59823ca7b368628c3eb933d14602156b0f763f95be4db4eb50b7d732d024,healthy,,train,False,,pending,unknown,512
SAM3_auto,original,True,healthy:Healthy1450.jpg,512,7147bbf7887f40e677416b87,healthy_source,/content/drive/MyDrive/Healthy/Healthy1450.jpg,1,masks/leaf/7147bbf7887f40e677416b87.png,pending,nonempty,Healthy1450.jpg,,Healthy1450.jpg,,7e290751da3a2457a73f4cac3707dbb5755c621bcdd574ffb49dfcbdae79c485,healthy,,train,False,,pending,unknown,512
SAM3_auto,original,True,healthy:Healthy1451.jpg,512,6cb9b15b528166c87fdec123,healthy_source,/content/drive/MyDrive/Healthy/Healthy1451.jpg,2,masks/leaf/6cb9b15b528166c87fdec123.png,pending,nonempty,Healthy1451.jpg,,Healthy1451.jpg,,e94453395603018aa470654d93a7a02dbe173fb9d834960520cbec41744cdc4f,healthy,,train,False,,pending,unknown,512
SAM3_auto,original,True,healthy:Healthy1453.jpg,512,fb680de101035f8e70413585,healthy_source,/content/drive/MyDrive/Healthy/Healthy1453.jpg,1,masks/leaf/fb680de101035f8e70413585.png,pending,nonempty,Healthy1453.jpg,,Healthy1453.jpg,,31d6b5609248e458b88a9fa7d028ef30d4c2d93d9467bbd613e0af9c143f55b2,healthy,,train,False,,pending,unknown,512
SAM3_auto,original,True,healthy:Healthy1454.jpg,512,0a323b087f43fafdc3babb04,healthy_source,/content/drive/MyDrive/Healthy/Healthy1454.jpg,2,masks/leaf/0a323b087f43fafdc3babb04.png,pending,nonempty,Healthy1454.jpg,,Healthy1454.jpg,,8b7235fdd7bec0e3441298a3a730af3ea8bc2dd66c0096ac481b10f4b1b4d35b,healthy,,train,False,,pending,unknown,512
SAM3_auto,original,True,healthy:Healthy1455.jpg,512,428545d2a6499879cee01749,healthy_source,/content/drive/MyDrive/Healthy/Healthy1455.jpg,1,masks/leaf/428545d2a6499879cee01749.png,pending,nonempty,Healthy1455.jpg,,Healthy1455.jpg,,87dbdd27326847ecdcdbba88b2adf3d04428a8a1b5a70fada3999a7d0c9ea91b,healthy,,train,False,,pending,unknown,512
SAM3_auto,original,True,healthy:Healthy1456.jpg,512,57c06bfeba8f80435846cb37,healthy_source,/content/drive/MyDrive/Healthy/Healthy1456.jpg,1,masks/leaf/57c06bfeba8f80435846cb37.png,pending,nonempty,Healthy1456.jpg,,Healthy1456.jpg,,8eda06d12dc1e8eab9950ad6291ac518648701ab5b136d12eb704c1528472d2e,healthy,,train,False,,pending,unknown,512
SAM3_auto,original,True,healthy:Healthy1457.jpg,512,10c6589002ca47426630ebd0,healthy_source,/content/drive/MyDrive/Healthy/Healthy1457.jpg,1,masks/leaf/10c6589002ca47426630ebd0.png,pending,nonempty,Healthy1457.jpg,,Healthy1457.jpg,,b0135735fbf68fb42ae317a62b083c6c6952f997a1ab7e49f016ea8b7eb3d10f,healthy,,train,False,,pending,unknown,512
SAM3_auto,original,True,healthy:Healthy1458.jpg,512,b6e6a2e5ab5d5c6926a83328,healthy_source,/content/drive/MyDrive/Healthy/Healthy1458.jpg,1,masks/leaf/b6e6a2e5ab5d5c6926a83328.png,pending,nonempty,Healthy1458.jpg,,Healthy1458.jpg,,cfdc5f3050623ae6785c40ea8dbab3a27dc54645dd156577cd1595829f71e2f6,healthy,,train,False,,pending,unknown,512
SAM3_auto,original,True,healthy:Healthy1459.jpg,512,2d50ccd2228dbdb8cb5c0d6a,healthy_source,/content/drive/MyDrive/Healthy/Healthy1459.jpg,1,masks/leaf/2d50ccd2228dbdb8cb5c0d6a.png,pending,nonempty,Healthy1459.jpg,,Healthy1459.jpg,,d9d4ad16794d4466a8b67fd036fcfe212f77e6071bab2ab506f588cc36103f03,healthy,,train,False,,pending,unknown,512
SAM3_auto,original,True,healthy:Healthy146.jpg,512,6cff41e9d73b120c15573ad3,healthy_source,/content/drive/MyDrive/Healthy/Healthy146.jpg,1,masks/leaf/6cff41e9d73b120c15573ad3.png,pending,nonempty,Healthy146.jpg,,Healthy146.jpg,,9cdb89d99514a4e14febc9203f83c1d4fa8a47de9d7253ce40911f50da86a5ae,healthy,,train,False,,pending,unknown,512
SAM3_auto,original,True,healthy:Healthy1462.jpg,512,bf5ba19e10f4dd7c37092a77,healthy_source,/content/drive/MyDrive/Healthy/Healthy1462.jpg,1,masks/leaf/bf5ba19e10f4dd7c37092a77.png,pending,nonempty,Healthy1462.jpg,,Healthy1462.jpg,,afdddf00d51ee1d03ea9ecfadd0970078dd369d6a0bf454a16ec9d6619852d9f,healthy,,train,False,,pending,unknown,512
SAM3_auto,original,True,healthy:Healthy1463.jpg,512,1021c7af7259de22b82ee029,healthy_source,/content/drive/MyDrive/Healthy/Healthy1463.jpg,1,masks/leaf/1021c7af7259de22b82ee029.png,pending,nonempty,Healthy1463.jpg,,Healthy1463.jpg,,4b7f8a7b426272ea22d1922dfec5b924c13ea5cfaeb0d85a600ec1828d670c10,healthy,,train,False,,pending,unknown,512
SAM3_auto,original,True,healthy:Healthy1465.jpg,512,834001a849c21283834b9524,healthy_source,/content/drive/MyDrive/Healthy/Healthy1465.jpg,1,masks/leaf/834001a849c21283834b9524.png,pending,nonempty,Healthy1465.jpg,,Healthy1465.jpg,,5ff09b7482ed4c1b7592ee7d5df8cd12e4092737a8b82bc53c4293cb78ca0496,healthy,,train,False,,pending,unknown,512
SAM3_auto,original,True,healthy:Healthy1466.jpg,512,62a670c9bdaef329008b74d0,healthy_source,/content/drive/MyDrive/Healthy/Healthy1466.jpg,1,masks/leaf/62a670c9bdaef329008b74d0.png,pending,nonempty,Healthy1466.jpg,,Healthy1466.jpg,,0e0d6d3a26481a78253d879ccc4ae858723fc99137caab90d4f170623fc0ed07,healthy,,train,False,,pending,unknown,512
SAM3_auto,original,True,healthy:Healthy1467.jpg,512,604d4916bfef4d62d02b1a7d,healthy_source,/content/drive/MyDrive/Healthy/Healthy1467.jpg,1,masks/leaf/604d4916bfef4d62d02b1a7d.png,pending,nonempty,Healthy1467.jpg,,Healthy1467.jpg,,37448ab9f1b1a8324ba8b51bbac6ac2d80d4fc521817e7189c901234f039fc71,healthy,,train,False,,pending,unknown,512
SAM3_auto,original,True,healthy:Healthy1468.jpg,512,a2bb4ff2373f9b29963af532,healthy_source,/content/drive/MyDrive/Healthy/Healthy1468.jpg,1,masks/leaf/a2bb4ff2373f9b29963af532.png,pending,nonempty,Healthy1468.jpg,,Healthy1468.jpg,,3e2e131ce81afbbb52f26da4d05c1c3bd054e99569d5c8b70d78c3b96de02768,healthy,,train,False,,pending,unknown,512
SAM3_auto,original,True,healthy:Healthy1469.jpg,512,9b97f73106e09205e871eb61,healthy_source,/content/drive/MyDrive/Healthy/Healthy1469.jpg,1,masks/leaf/9b97f73106e09205e871eb61.png,pending,nonempty,Healthy1469.jpg,,Healthy1469.jpg,,93084a6ae27e240d042a8ddefdfd59db43ea4b0d0f848e76b94237b4b2430975,healthy,,train,False,,pending,unknown,512
SAM3_auto,original,True,healthy:Healthy147.jpg,512,2c19b85d7e8b6ce64cad221d,healthy_source,/content/drive/MyDrive/Healthy/Healthy147.jpg,1,masks/leaf/2c19b85d7e8b6ce64cad221d.png,pending,nonempty,Healthy147.jpg,,Healthy147.jpg,,7558b66004fe7db69cc9dfcb02e0ea994f664d7c9f7a512c898d67640ac61b25,healthy,,train,False,,pending,unknown,512
SAM3_auto,original,True,healthy:Healthy1472.jpg,512,147d25bfa0cc3ab1089724ed,healthy_source,/content/drive/MyDrive/Healthy/Healthy1472.jpg,1,masks/leaf/147d25bfa0cc3ab1089724ed.png,pending,nonempty,Healthy1472.jpg,,Healthy1472.jpg,,f2ad60d4069a7272ee8136df39530827b1ed9a3e9fe56df96529d14d7d57e2a2,healthy,,train,False,,pending,unknown,512
SAM3_auto,original,True,healthy:Healthy1473.jpg,512,d5c53ff3393fce5dd6c4e13f,healthy_source,/content/drive/MyDrive/Healthy/Healthy1473.jpg,1,masks/leaf/d5c53ff3393fce5dd6c4e13f.png,pending,nonempty,Healthy1473.jpg,,Healthy1473.jpg,,ecd68594445a2de7af28beee05cbef123d6f9cb81779a697bb4937ba6e19d3b0,healthy,,train,False,,pending,unknown,512
SAM3_auto,original,True,healthy:Healthy1474.jpg,512,8b590c4e48baabe65b23c3f6,healthy_source,/content/drive/MyDrive/Healthy/Healthy1474.jpg,1,masks/leaf/8b590c4e48baabe65b23c3f6.png,pending,nonempty,Healthy1474.jpg,,Healthy1474.jpg,,b2c706d2c30bbfa82723ae6e36f5c5269692bca8199050fe8a83ff7ab6c74652,healthy,,train,False,,pending,unknown,512
SAM3_auto,original,True,healthy:Healthy1476.jpg,512,9976ae7ebc9e9cffe15f853e,healthy_source,/content/drive/MyDrive/Healthy/Healthy1476.jpg,1,masks/leaf/9976ae7ebc9e9cffe15f853e.png,pending,nonempty,Healthy1476.jpg,,Healthy1476.jpg,,5196b8cb10c3014693a64bedeb23ffe5ea8d34a72e65ad91f4c96197d3dedf1c,healthy,,train,False,,pending,unknown,512
SAM3_auto,original,True,healthy:Healthy1477.jpg,512,3de49b814da717fe4aa5c426,healthy_source,/content/drive/MyDrive/Healthy/Healthy1477.jpg,1,masks/leaf/3de49b814da717fe4aa5c426.png,pending,nonempty,Healthy1477.jpg,,Healthy1477.jpg,,62cf8e8324a21d469710acf1a07e35179879ec383eeba5cfce0a0522d7ccdf20,healthy,,train,False,,pending,unknown,512
SAM3_auto,original,True,healthy:Healthy1478.jpg,512,eaa16e3d59987c89cf990cf5,healthy_source,/content/drive/MyDrive/Healthy/Healthy1478.jpg,1,masks/leaf/eaa16e3d59987c89cf990cf5.png,pending,nonempty,Healthy1478.jpg,,Healthy1478.jpg,,f2a0dcc0c3abf408b06939371969a7cf71dcdb4955ac728bd5527a8b4b865d86,healthy,,train,False,,pending,unknown,512
SAM3_auto,original,True,healthy:Healthy1479.jpg,512,0f498cf1cd02a263c7a2da77,healthy_source,/content/drive/MyDrive/Healthy/Healthy1479.jpg,1,masks/leaf/0f498cf1cd02a263c7a2da77.png,pending,nonempty,Healthy1479.jpg,,Healthy1479.jpg,,590e9c9b9c12732b0d9c2cbbd60a9ead7baf278803493496fb79c16c80218bd2,healthy,,train,False,,pending,unknown,512
SAM3_auto,original,True,healthy:Healthy1480.jpg,512,6f9570bef91d6488b83eb8c1,healthy_source,/content/drive/MyDrive/Healthy/Healthy1480.jpg,1,masks/leaf/6f9570bef91d6488b83eb8c1.png,pending,nonempty,Healthy1480.jpg,,Healthy1480.jpg,,636805d24367098cfd9394bfb0e7e2c88eba261ff1675ef9eef028a537ba3971,healthy,,train,False,,pending,unknown,512
SAM3_auto,original,True,healthy:Healthy1481.jpg,512,a019a221b6220931d30d74da,healthy_source,/content/drive/MyDrive/Healthy/Healthy1481.jpg,1,masks/leaf/a019a221b6220931d30d74da.png,pending,nonempty,Healthy1481.jpg,,Healthy1481.jpg,,d88f5b0bf8118e4204b087a199f08596986b0e058473d3fa8020ac814e11de4e,healthy,,train,False,,pending,unknown,512
SAM3_auto,original,True,healthy:Healthy1484.jpg,512,c984abd7456a56611d79d836,healthy_source,/content/drive/MyDrive/Healthy/Healthy1484.jpg,1,masks/leaf/c984abd7456a56611d79d836.png,pending,nonempty,Healthy1484.jpg,,Healthy1484.jpg,,271dcd7d5b1ac4c334390dae0398b81a48fe3633981f999629ec10d7ab35e29c,healthy,,train,False,,pending,unknown,512
SAM3_auto,original,True,healthy:Healthy1485.jpg,512,bb1274d19d89956cfb707e67,healthy_source,/content/drive/MyDrive/Healthy/Healthy1485.jpg,2,masks/leaf/bb1274d19d89956cfb707e67.png,pending,nonempty,Healthy1485.jpg,,Healthy1485.jpg,,c7f380634eaf5412e8ecddbaa0aed4622d9083c7e068cb6c69a71d4e6756aca1,healthy,,train,False,,pending,unknown,512
SAM3_auto,original,True,healthy:Healthy1487.jpg,512,2a988a5577fc747769610078,healthy_source,/content/drive/MyDrive/Healthy/Healthy1487.jpg,1,masks/leaf/2a988a5577fc747769610078.png,pending,nonempty,Healthy1487.jpg,,Healthy1487.jpg,,d43f15510d8e0c7513e6ad1bfe97959b5217ed6852724bcdfb864845cb1780d2,healthy,,train,False,,pending,unknown,512
SAM3_auto,original,True,healthy:Healthy1488.jpg,512,95394a4fbb4adf353e701012,healthy_source,/content/drive/MyDrive/Healthy/Healthy1488.jpg,1,masks/leaf/95394a4fbb4adf353e701012.png,pending,nonempty,Healthy1488.jpg,,Healthy1488.jpg,,28c013401b1500103d8c3e8f36a15d0fa56991e150fe71afb134c9d5008e14bf,healthy,,train,False,,pending,unknown,512
SAM3_auto,original,True,healthy:Healthy149.jpg,512,76d4e83900bc71a2f7e24e05,healthy_source,/content/drive/MyDrive/Healthy/Healthy149.jpg,1,masks/leaf/76d4e83900bc71a2f7e24e05.png,pending,nonempty,Healthy149.jpg,,Healthy149.jpg,,5278947596e89de2659c8f1ff5f7e1b2bd5f2f08129fc1dcdae4108c48ad4fa5,healthy,,train,False,,pending,unknown,512
SAM3_auto,original,True,healthy:Healthy1492.jpg,512,99b7f8b860183e90ea95b349,healthy_source,/content/drive/MyDrive/Healthy/Healthy1492.jpg,1,masks/leaf/99b7f8b860183e90ea95b349.png,pending,nonempty,Healthy1492.jpg,,Healthy1492.jpg,,1e9ee7508beed657a3ede1682115783ce842d8bd4ea85e544c599c507a4ea212,healthy,,train,False,,pending,unknown,512
SAM3_auto,original,True,healthy:Healthy1494.jpg,512,12fc8bdf8f7a85e826344348,healthy_source,/content/drive/MyDrive/Healthy/Healthy1494.jpg,1,masks/leaf/12fc8bdf8f7a85e826344348.png,pending,nonempty,Healthy1494.jpg,,Healthy1494.jpg,,8773e45f4f3076dcd6170d28f3fd57d48f1192869e2837f5fd770bc1ace51abe,healthy,,train,False,,pending,unknown,512
SAM3_auto,original,True,healthy:Healthy1495.jpg,512,189ac704cfe7a33612073808,healthy_source,/content/drive/MyDrive/Healthy/Healthy1495.jpg,1,masks/leaf/189ac704cfe7a33612073808.png,pending,nonempty,Healthy1495.jpg,,Healthy1495.jpg,,c1a7574352088ac96130a552e15658087590170af98e65ef5642482abac9b397,healthy,,train,False,,pending,unknown,512
SAM3_auto,original,True,healthy:Healthy1496.jpg,512,ed2b2e6ea982e040e7cf2a99,healthy_source,/content/drive/MyDrive/Healthy/Healthy1496.jpg,1,masks/leaf/ed2b2e6ea982e040e7cf2a99.png,pending,nonempty,Healthy1496.jpg,,Healthy1496.jpg,,fcec16187dff5fa8a9691cbc615772b377ca9ce1ba80bb16bd69e713531f843d,healthy,,train,False,,pending,unknown,512
SAM3_auto,original,True,healthy:Healthy1497.jpg,512,df33d5336b0bbe9833820696,healthy_source,/content/drive/MyDrive/Healthy/Healthy1497.jpg,1,masks/leaf/df33d5336b0bbe9833820696.png,pending,nonempty,Healthy1497.jpg,,Healthy1497.jpg,,05a670cbb79468d836607dee32b908d75def3888ffb3d772201d5a5cdbd0babb,healthy,,train,False,,pending,unknown,512
SAM3_auto,original,True,healthy:Healthy1498.jpg,512,60f1e4c26d3dfe63a461b87f,healthy_source,/content/drive/MyDrive/Healthy/Healthy1498.jpg,1,masks/leaf/60f1e4c26d3dfe63a461b87f.png,pending,nonempty,Healthy1498.jpg,,Healthy1498.jpg,,3cfbffa847d8dc527647e6402dd1bfc052713910586ab5718fe02a25bccc924b,healthy,,train,False,,pending,unknown,512
SAM3_auto,original,True,healthy:Healthy1499.jpg,512,dd125e047f6eab891a745528,healthy_source,/content/drive/MyDrive/Healthy/Healthy1499.jpg,1,masks/leaf/dd125e047f6eab891a745528.png,pending,nonempty,Healthy1499.jpg,,Healthy1499.jpg,,f733b11dc7375fcfd19875282191a688e064d0ee7b183645c09f384fb2384cad,healthy,,train,False,,pending,unknown,512
SAM3_auto,original,True,healthy:Healthy15.jpg,512,35842c345f16277a2530cd53,healthy_source,/content/drive/MyDrive/Healthy/Healthy15.jpg,1,masks/leaf/35842c345f16277a2530cd53.png,pending,nonempty,Healthy15.jpg,,Healthy15.jpg,,b58a7c35d0e2d521885a4a6a322d34f61db82bfe826bb1f0964d8ca739f685e8,healthy,,train,False,,pending,unknown,512
SAM3_auto,original,True,healthy:Healthy1500.jpg,512,28f4a25a7f06dde61c6da3d2,healthy_source,/content/drive/MyDrive/Healthy/Healthy1500.jpg,1,masks/leaf/28f4a25a7f06dde61c6da3d2.png,pending,nonempty,Healthy1500.jpg,,Healthy1500.jpg,,f132e99780b573417c25fac374f4165f9c9218ab481f6bd51d1f15cb96f53ae0,healthy,,train,False,,pending,unknown,512
SAM3_auto,original,True,healthy:Healthy1501.jpg,512,062544f2355e8b794577384c,healthy_source,/content/drive/MyDrive/Healthy/Healthy1501.jpg,1,masks/leaf/062544f2355e8b794577384c.png,pending,nonempty,Healthy1501.jpg,,Healthy1501.jpg,,68a9a39daa3e20795fadebbadf188b7d749e3368aa8640b00d3316174294f9b4,healthy,,train,False,,pending,unknown,512
SAM3_auto,original,True,healthy:Healthy1502.jpg,512,e36c8f84e928fd36441623e1,healthy_source,/content/drive/MyDrive/Healthy/Healthy1502.jpg,1,masks/leaf/e36c8f84e928fd36441623e1.png,pending,nonempty,Healthy1502.jpg,,Healthy1502.jpg,,136d0bbf543fd2638cec7e707352c3d7acabfeae30e5d864ca465d49e54838da,healthy,,train,False,,pending,unknown,512
SAM3_auto,original,True,healthy:Healthy1503.jpg,512,a077e99c9ec1da6c1e474bbe,healthy_source,/content/drive/MyDrive/Healthy/Healthy1503.jpg,1,masks/leaf/a077e99c9ec1da6c1e474bbe.png,pending,nonempty,Healthy1503.jpg,,Healthy1503.jpg,,1758c77746edb73c90767cbe5892af12db16107a715b8c38737e318c8905e553,healthy,,train,False,,pending,unknown,512
SAM3_auto,original,True,healthy:Healthy1505.jpg,512,e57140360a439d0339323cbd,healthy_source,/content/drive/MyDrive/Healthy/Healthy1505.jpg,1,masks/leaf/e57140360a439d0339323cbd.png,pending,nonempty,Healthy1505.jpg,,Healthy1505.jpg,,499a298f8c00fc113943cf1224fba8e4b12c266779534bc641557e846b95755c,healthy,,train,False,,pending,unknown,512
SAM3_auto,original,True,healthy:Healthy1506.jpg,512,a99205d8b81e6a0c54f08087,healthy_source,/content/drive/MyDrive/Healthy/Healthy1506.jpg,1,masks/leaf/a99205d8b81e6a0c54f08087.png,pending,nonempty,Healthy1506.jpg,,Healthy1506.jpg,,753f8ffd45b4201bad3fe46cef4f4297fc1e0a856cac48fef8b536760a7f4dbe,healthy,,train,False,,pending,unknown,512
SAM3_auto,original,True,healthy:Healthy1507.jpg,512,8bc0e389fee002cccda81ebc,healthy_source,/content/drive/MyDrive/Healthy/Healthy1507.jpg,1,masks/leaf/8bc0e389fee002cccda81ebc.png,pending,nonempty,Healthy1507.jpg,,Healthy1507.jpg,,e7243fc214b808065778b9b5731a475804da709ae45537ac7a4b32ff5403d306,healthy,,train,False,,pending,unknown,512
SAM3_auto,original,True,healthy:Healthy151.jpg,512,ae0682bb9dd3cbbd9b8c646e,healthy_source,/content/drive/MyDrive/Healthy/Healthy151.jpg,1,masks/leaf/ae0682bb9dd3cbbd9b8c646e.png,pending,nonempty,Healthy151.jpg,,Healthy151.jpg,,099d27f9d95f3a080225c6811d1b3d28ed832eabced0057920b9bb4bc8b2ffe0,healthy,,train,False,,pending,unknown,512
SAM3_auto,original,True,healthy:Healthy1510.jpg,512,9f2c48b3b792a3bc9fb817f6,healthy_source,/content/drive/MyDrive/Healthy/Healthy1510.jpg,1,masks/leaf/9f2c48b3b792a3bc9fb817f6.png,pending,nonempty,Healthy1510.jpg,,Healthy1510.jpg,,afa64135f576d3fcd6e8ead3b98ea699e68f663ad7403a6750841b897b802227,healthy,,train,False,,pending,unknown,512
SAM3_auto,original,True,healthy:Healthy1513.jpg,512,f4ad00ba87bf81e6dd005f7b,healthy_source,/content/drive/MyDrive/Healthy/Healthy1513.jpg,1,masks/leaf/f4ad00ba87bf81e6dd005f7b.png,pending,nonempty,Healthy1513.jpg,,Healthy1513.jpg,,cd7501e648c7684897aaceb969183c1e789d248be68838037af1f43f6a8e5d5f,healthy,,train,False,,pending,unknown,512
SAM3_auto,original,True,healthy:Healthy1514.jpg,512,885ba539fd02c23d2e8d2adc,healthy_source,/content/drive/MyDrive/Healthy/Healthy1514.jpg,1,masks/leaf/885ba539fd02c23d2e8d2adc.png,pending,nonempty,Healthy1514.jpg,,Healthy1514.jpg,,129d2378c382a895b78b7eda01ecba484798066c28d815b57f7acc4652472be5,healthy,,train,False,,pending,unknown,512
SAM3_auto,original,True,healthy:Healthy1517.jpg,512,5011a40b187f9d1ddcb606fd,healthy_source,/content/drive/MyDrive/Healthy/Healthy1517.jpg,1,masks/leaf/5011a40b187f9d1ddcb606fd.png,pending,nonempty,Healthy1517.jpg,,Healthy1517.jpg,,91a75a26c91e6d4e2a8281c8ac1fbd6fa85a67566470c3efee55bde3bbfe36f1,healthy,,train,False,,pending,unknown,512
SAM3_auto,original,True,healthy:Healthy152.jpg,512,f1e947b83adb4be7b781eca7,healthy_source,/content/drive/MyDrive/Healthy/Healthy152.jpg,1,masks/leaf/f1e947b83adb4be7b781eca7.png,pending,nonempty,Healthy152.jpg,,Healthy152.jpg,,fd884aa8bd69e7b517b1278198a979f4f5387cb3fc0a6bf157119ec2f2527795,healthy,,train,False,,pending,unknown,512
SAM3_auto,original,True,healthy:Healthy1520.jpg,512,7a67e4adac7d77b927a5cc01,healthy_source,/content/drive/MyDrive/Healthy/Healthy1520.jpg,1,masks/leaf/7a67e4adac7d77b927a5cc01.png,pending,nonempty,Healthy1520.jpg,,Healthy1520.jpg,,03912386b9b01918fbe47146fea092a71c6384ebc70f1a47fda82be9a7b04431,healthy,,train,False,,pending,unknown,512
SAM3_auto,original,True,healthy:Healthy1521.jpg,512,674329d755821ff145f0d942,healthy_source,/content/drive/MyDrive/Healthy/Healthy1521.jpg,1,masks/leaf/674329d755821ff145f0d942.png,pending,nonempty,Healthy1521.jpg,,Healthy1521.jpg,,8279133b588f4cd22d887098c8b465b7abfa31d06b1b60590c69a77346356320,healthy,,train,False,,pending,unknown,512
SAM3_auto,original,True,healthy:Healthy1522.jpg,512,a0d28d110c99c21841675464,healthy_source,/content/drive/MyDrive/Healthy/Healthy1522.jpg,1,masks/leaf/a0d28d110c99c21841675464.png,pending,nonempty,Healthy1522.jpg,,Healthy1522.jpg,,cb28fbb6e1d18b79d6387fc93a93eb7d4b28ad2ff6f895ec2034a320b3dde3e3,healthy,,train,False,,pending,unknown,512
SAM3_auto,original,True,healthy:Healthy1523.jpg,512,5dcfd36a86cf0a233edfcf27,healthy_source,/content/drive/MyDrive/Healthy/Healthy1523.jpg,1,masks/leaf/5dcfd36a86cf0a233edfcf27.png,pending,nonempty,Healthy1523.jpg,,Healthy1523.jpg,,517f0aeb21af92598830827dd2ad7437b2269d7f0c43d1170e517a25a490aa38,healthy,,train,False,,pending,unknown,512
SAM3_auto,original,True,healthy:Healthy1524.jpg,512,5a460c701e709206d7470e42,healthy_source,/content/drive/MyDrive/Healthy/Healthy1524.jpg,1,masks/leaf/5a460c701e709206d7470e42.png,pending,nonempty,Healthy1524.jpg,,Healthy1524.jpg,,4d118fe81cca69940d2c5a9d7501af9e8372cae26142efe8f196e4aa383c07e9,healthy,,train,False,,pending,unknown,512
SAM3_auto,original,True,healthy:Healthy1526.jpg,512,96d9beb146cd3db45f5d4091,healthy_source,/content/drive/MyDrive/Healthy/Healthy1526.jpg,1,masks/leaf/96d9beb146cd3db45f5d4091.png,pending,nonempty,Healthy1526.jpg,,Healthy1526.jpg,,6a956a16b45a8a557608bac8ab49718c481b65ad5a9b19dbf9cf94578cae78c9,healthy,,train,False,,pending,unknown,512
SAM3_auto,original,True,healthy:Healthy1527.jpg,512,ac0552b76e0bdf52427c6d03,healthy_source,/content/drive/MyDrive/Healthy/Healthy1527.jpg,1,masks/leaf/ac0552b76e0bdf52427c6d03.png,pending,nonempty,Healthy1527.jpg,,Healthy1527.jpg,,374cb871c265449e1c5df3994c36ddc857bdd906752630fafe9e184444a3eebe,healthy,,train,False,,pending,unknown,512
SAM3_auto,original,True,healthy:Healthy1528.jpg,512,8bbba8d808ad39e6e6ec5989,healthy_source,/content/drive/MyDrive/Healthy/Healthy1528.jpg,1,masks/leaf/8bbba8d808ad39e6e6ec5989.png,pending,nonempty,Healthy1528.jpg,,Healthy1528.jpg,,94783c18ed0771b9793df56539f44bc8c5daad794297bed0d21cbea82c8eef7c,healthy,,train,False,,pending,unknown,512
SAM3_auto,original,True,healthy:Healthy1529.jpg,512,35f15caf601df1419d376a4e,healthy_source,/content/drive/MyDrive/Healthy/Healthy1529.jpg,1,masks/leaf/35f15caf601df1419d376a4e.png,pending,nonempty,Healthy1529.jpg,,Healthy1529.jpg,,265c4f332cdbb70463d93668a42336b592da268f8eed15174635995215fbc12e,healthy,,train,False,,pending,unknown,512
SAM3_auto,original,True,healthy:Healthy153.jpg,512,7cf207cc2e69a8f3acb079d8,healthy_source,/content/drive/MyDrive/Healthy/Healthy153.jpg,1,masks/leaf/7cf207cc2e69a8f3acb079d8.png,pending,nonempty,Healthy153.jpg,,Healthy153.jpg,,90b6880e1b4dc1fe28604a88a94c4da815924f81b44333b86a36022cb6abdeaa,healthy,,train,False,,pending,unknown,512
SAM3_auto,original,True,healthy:Healthy1530.jpg,512,6c45972a1f651e2399a0aa51,healthy_source,/content/drive/MyDrive/Healthy/Healthy1530.jpg,1,masks/leaf/6c45972a1f651e2399a0aa51.png,pending,nonempty,Healthy1530.jpg,,Healthy1530.jpg,,3473c6125b01fbeb93b4d5cd58e23495d2e631151553ad124ed04919ca611516,healthy,,train,False,,pending,unknown,512
SAM3_auto,original,True,healthy:Healthy1531.jpg,512,070d2135ae3e76d942b769fe,healthy_source,/content/drive/MyDrive/Healthy/Healthy1531.jpg,1,masks/leaf/070d2135ae3e76d942b769fe.png,pending,nonempty,Healthy1531.jpg,,Healthy1531.jpg,,ab1f91ec71a958d60b90fe1a10f45435b3e29c33b2b180d0f7fb01983968b0b1,healthy,,train,False,,pending,unknown,512
SAM3_auto,original,True,healthy:Healthy1532.jpg,512,6c14efcf3fc412ba814f7eff,healthy_source,/content/drive/MyDrive/Healthy/Healthy1532.jpg,1,masks/leaf/6c14efcf3fc412ba814f7eff.png,pending,nonempty,Healthy1532.jpg,,Healthy1532.jpg,,c54d94fe2f046cdae57484ab3d7402ddb3dfeed8c67885eb0ada4e7a8ad8ba7f,healthy,,train,False,,pending,unknown,512
SAM3_auto,original,True,healthy:Healthy1534.jpg,512,aea7b0df9ecb5b3cf98558df,healthy_source,/content/drive/MyDrive/Healthy/Healthy1534.jpg,1,masks/leaf/aea7b0df9ecb5b3cf98558df.png,pending,nonempty,Healthy1534.jpg,,Healthy1534.jpg,,4a460490b629d3e1e854e42ac5155639b0a97655a75b4f0da948d7c3b9063985,healthy,,train,False,,pending,unknown,512
SAM3_auto,original,True,healthy:Healthy1536.jpg,512,a3c0963f7ba1a8390cab9f19,healthy_source,/content/drive/MyDrive/Healthy/Healthy1536.jpg,1,masks/leaf/a3c0963f7ba1a8390cab9f19.png,pending,nonempty,Healthy1536.jpg,,Healthy1536.jpg,,07ea683cf7e383606e292d624a64a0163f22dfa0a0b55298a7092789bf7abd1e,healthy,,train,False,,pending,unknown,512
SAM3_auto,original,True,healthy:Healthy1537.jpg,512,968e426bc5a06bad064d82b8,healthy_source,/content/drive/MyDrive/Healthy/Healthy1537.jpg,1,masks/leaf/968e426bc5a06bad064d82b8.png,pending,nonempty,Healthy1537.jpg,,Healthy1537.jpg,,247ba328a396a748ca4ab0f471cbecc9c6d7ddd3a8ba35bdd82c473a69111e48,healthy,,train,False,,pending,unknown,512
SAM3_auto,original,True,healthy:Healthy1538.jpg,512,e20a42c56a43f412fd664665,healthy_source,/content/drive/MyDrive/Healthy/Healthy1538.jpg,1,masks/leaf/e20a42c56a43f412fd664665.png,pending,nonempty,Healthy1538.jpg,,Healthy1538.jpg,,203cada9b85a91cb75bd02860b16b549e205f14c87f3f651d1baf8b8c1f2a34e,healthy,,train,False,,pending,unknown,512
SAM3_auto,original,True,healthy:Healthy1543.jpg,512,22dbaa14616fc5ab287eb520,healthy_source,/content/drive/MyDrive/Healthy/Healthy1543.jpg,1,masks/leaf/22dbaa14616fc5ab287eb520.png,pending,nonempty,Healthy1543.jpg,,Healthy1543.jpg,,2139ef66ca76644c2fef8301588679c90b708780050f3a49ed732c21e1c6e7c0,healthy,,train,False,,pending,unknown,512
SAM3_auto,original,True,healthy:Healthy1545.jpg,512,a73e30ee548826a86b2681e4,healthy_source,/content/drive/MyDrive/Healthy/Healthy1545.jpg,1,masks/leaf/a73e30ee548826a86b2681e4.png,pending,nonempty,Healthy1545.jpg,,Healthy1545.jpg,,261e874948accb975e7e7fcf0057cbdca90b97f2d4064d76253d9706b612174c,healthy,,train,False,,pending,unknown,512
SAM3_auto,original,True,healthy:Healthy1546.jpg,512,46a7ebf25b419c3ee4ec40c6,healthy_source,/content/drive/MyDrive/Healthy/Healthy1546.jpg,1,masks/leaf/46a7ebf25b419c3ee4ec40c6.png,pending,nonempty,Healthy1546.jpg,,Healthy1546.jpg,,dd1c5d3c962f5bfe47760ac8de7b6a7eedfb17687709a2090898580f7771f4fa,healthy,,train,False,,pending,unknown,512
SAM3_auto,original,True,healthy:Healthy1547.jpg,512,50af072b9d591499aa25f340,healthy_source,/content/drive/MyDrive/Healthy/Healthy1547.jpg,1,masks/leaf/50af072b9d591499aa25f340.png,pending,nonempty,Healthy1547.jpg,,Healthy1547.jpg,,9240cc6fbad6014660dd439c1f113068fad7053c159b6c7b9f8095c5656128e3,healthy,,train,False,,pending,unknown,512
SAM3_auto,original,True,healthy:Healthy1549.jpg,512,4b97886bdd355436267e9e06,healthy_source,/content/drive/MyDrive/Healthy/Healthy1549.jpg,1,masks/leaf/4b97886bdd355436267e9e06.png,pending,nonempty,Healthy1549.jpg,,Healthy1549.jpg,,a2e0edcf0212491a8eba973a8c844425104b1e295767bb3e94d56e6046991691,healthy,,train,False,,pending,unknown,512
SAM3_auto,original,True,healthy:Healthy155.jpg,512,5ee2493905bd96f61bdef44a,healthy_source,/content/drive/MyDrive/Healthy/Healthy155.jpg,1,masks/leaf/5ee2493905bd96f61bdef44a.png,pending,nonempty,Healthy155.jpg,,Healthy155.jpg,,bc28eaee86ab95998ac363764806d87e6397c2bd255e6eeeab40eb218ef26fbf,healthy,,train,False,,pending,unknown,512
SAM3_auto,original,True,healthy:Healthy1551.jpg,512,79952e541f6687d5afb27aaf,healthy_source,/content/drive/MyDrive/Healthy/Healthy1551.jpg,1,masks/leaf/79952e541f6687d5afb27aaf.png,pending,nonempty,Healthy1551.jpg,,Healthy1551.jpg,,14e37fa86f0799f2be3e640e3934daccaaedc1a67ba5cfcbccfe15236f6a45a6,healthy,,train,False,,pending,unknown,512
SAM3_auto,original,True,healthy:Healthy1552.jpg,512,074ac9535926b8273404bee3,healthy_source,/content/drive/MyDrive/Healthy/Healthy1552.jpg,1,masks/leaf/074ac9535926b8273404bee3.png,pending,nonempty,Healthy1552.jpg,,Healthy1552.jpg,,6dcd7d6bfbc2e03647cf6803eb94c6f14f03de3a2bb840ec80f0ee98c5e2435e,healthy,,train,False,,pending,unknown,512
SAM3_auto,original,True,healthy:Healthy1553.jpg,512,e4c030350e38746848ec1d91,healthy_source,/content/drive/MyDrive/Healthy/Healthy1553.jpg,1,masks/leaf/e4c030350e38746848ec1d91.png,pending,nonempty,Healthy1553.jpg,,Healthy1553.jpg,,c015d7b938124bcc47798ad2626adaa7c69a94a844ad438d37b85b5224b30adf,healthy,,train,False,,pending,unknown,512
SAM3_auto,original,True,healthy:Healthy1554.jpg,512,3735873e6464a4fb99d65055,healthy_source,/content/drive/MyDrive/Healthy/Healthy1554.jpg,1,masks/leaf/3735873e6464a4fb99d65055.png,pending,nonempty,Healthy1554.jpg,,Healthy1554.jpg,,69a2c9022f8cfa80d71ad5f1b435df62a11c67cbcaf278eb2d6c9cdedda5291a,healthy,,train,False,,pending,unknown,512
SAM3_auto,original,True,healthy:Healthy1555.jpg,512,cd6f7ec87bc5d78fb1de5e6a,healthy_source,/content/drive/MyDrive/Healthy/Healthy1555.jpg,1,masks/leaf/cd6f7ec87bc5d78fb1de5e6a.png,pending,nonempty,Healthy1555.jpg,,Healthy1555.jpg,,e7c451a76602369ee61936dd3439db7a22b8ef2a9f6e1e71c87b8623c90444df,healthy,,train,False,,pending,unknown,512
SAM3_auto,original,True,healthy:Healthy1556.jpg,512,84c39e1bf0a59f3371728536,healthy_source,/content/drive/MyDrive/Healthy/Healthy1556.jpg,1,masks/leaf/84c39e1bf0a59f3371728536.png,pending,nonempty,Healthy1556.jpg,,Healthy1556.jpg,,810690db1bd8efd0036c7d2998d5b4c6a621e3d5e8ef9cecb686a971492c9363,healthy,,train,False,,pending,unknown,512
SAM3_auto,original,True,healthy:Healthy1557.jpg,512,e091c12b3108a5d20b489ca6,healthy_source,/content/drive/MyDrive/Healthy/Healthy1557.jpg,1,masks/leaf/e091c12b3108a5d20b489ca6.png,pending,nonempty,Healthy1557.jpg,,Healthy1557.jpg,,fd157986661fad94e89f39a04402a018b54c9f53579c4d510b78fcb7ffda28f6,healthy,,train,False,,pending,unknown,512
SAM3_auto,original,True,healthy:Healthy1558.jpg,512,0ab6a77ab6feffca2af2baea,healthy_source,/content/drive/MyDrive/Healthy/Healthy1558.jpg,1,masks/leaf/0ab6a77ab6feffca2af2baea.png,pending,nonempty,Healthy1558.jpg,,Healthy1558.jpg,,669162964bdabdf63a866f11b971ca354c27b1f60d105711e6a9f1f072b764a7,healthy,,train,False,,pending,unknown,512
SAM3_auto,original,True,healthy:Healthy156.jpg,512,baf7c4aa15ab9eb5ab4ceb3d,healthy_source,/content/drive/MyDrive/Healthy/Healthy156.jpg,1,masks/leaf/baf7c4aa15ab9eb5ab4ceb3d.png,pending,nonempty,Healthy156.jpg,,Healthy156.jpg,,ca7b419b9ef3287a2bc13c4ac55ac38c2f299d97ebc3834dbe54bfbd395d2260,healthy,,train,False,,pending,unknown,512
SAM3_auto,original,True,healthy:Healthy1560.jpg,512,b0c8f3c21ebb174e9de41510,healthy_source,/content/drive/MyDrive/Healthy/Healthy1560.jpg,1,masks/leaf/b0c8f3c21ebb174e9de41510.png,pending,nonempty,Healthy1560.jpg,,Healthy1560.jpg,,0b60b06e0acfeb43e85a40c5b74b9049decd3e7dbc03873553cf3c597ac51419,healthy,,train,False,,pending,unknown,512
SAM3_auto,original,True,healthy:Healthy1561.jpg,512,2de1af01fefb6e2460c3c0bc,healthy_source,/content/drive/MyDrive/Healthy/Healthy1561.jpg,1,masks/leaf/2de1af01fefb6e2460c3c0bc.png,pending,nonempty,Healthy1561.jpg,,Healthy1561.jpg,,73df6e9d53da0154fbac6c408c92fb29909abc9a249549f19dd07b624196fb81,healthy,,train,False,,pending,unknown,512
SAM3_auto,original,True,healthy:Healthy1562.jpg,512,72ee06a25f01d627d95d6972,healthy_source,/content/drive/MyDrive/Healthy/Healthy1562.jpg,1,masks/leaf/72ee06a25f01d627d95d6972.png,pending,nonempty,Healthy1562.jpg,,Healthy1562.jpg,,7a448b75ceb86de0761a7db6c0cc898d399c56745ebe88056f03ef72e9273e96,healthy,,train,False,,pending,unknown,512
SAM3_auto,original,True,healthy:Healthy1563.jpg,512,a388135d28cd304a12e76207,healthy_source,/content/drive/MyDrive/Healthy/Healthy1563.jpg,1,masks/leaf/a388135d28cd304a12e76207.png,pending,nonempty,Healthy1563.jpg,,Healthy1563.jpg,,af226d100c5d489b3d9352e8a0e38db8e6ad61cc6fdb9fb3a6d780f4cec3545d,healthy,,train,False,,pending,unknown,512
SAM3_auto,original,True,healthy:Healthy1566.jpg,512,242d24891a6652b0d9f053b7,healthy_source,/content/drive/MyDrive/Healthy/Healthy1566.jpg,1,masks/leaf/242d24891a6652b0d9f053b7.png,pending,nonempty,Healthy1566.jpg,,Healthy1566.jpg,,dbe5fb713ae9aa0b964b51c67b88093df012e7c312a51203751ab01a7557b8af,healthy,,train,False,,pending,unknown,512
SAM3_auto,original,True,healthy:Healthy1567.jpg,512,2d0cc08b04bc684058dd4e09,healthy_source,/content/drive/MyDrive/Healthy/Healthy1567.jpg,1,masks/leaf/2d0cc08b04bc684058dd4e09.png,pending,nonempty,Healthy1567.jpg,,Healthy1567.jpg,,9881cb520a262f9c77268a196e62a919bc20e7de5b68e8c508ec2b64e9c4d8e3,healthy,,train,False,,pending,unknown,512
SAM3_auto,original,True,healthy:Healthy1568.jpg,512,9cff02b2cf4d70c453f38464,healthy_source,/content/drive/MyDrive/Healthy/Healthy1568.jpg,1,masks/leaf/9cff02b2cf4d70c453f38464.png,pending,nonempty,Healthy1568.jpg,,Healthy1568.jpg,,3cc29075c94c4de9e10711aa12686d4054ba0b3c5b20b99e7cfce5ed5139af6f,healthy,,train,False,,pending,unknown,512
SAM3_auto,original,True,healthy:Healthy157.jpg,512,4cf2f1a4ab99d65df3abfa1d,healthy_source,/content/drive/MyDrive/Healthy/Healthy157.jpg,1,masks/leaf/4cf2f1a4ab99d65df3abfa1d.png,pending,nonempty,Healthy157.jpg,,Healthy157.jpg,,0b336241f5df8bb97ae67f484e40da925fa1fcc2c08ad2232093f8896cdc3af8,healthy,,train,False,,pending,unknown,512
SAM3_auto,original,True,healthy:Healthy1571.jpg,512,ace2a9cf11d769fcb1ee872f,healthy_source,/content/drive/MyDrive/Healthy/Healthy1571.jpg,1,masks/leaf/ace2a9cf11d769fcb1ee872f.png,pending,nonempty,Healthy1571.jpg,,Healthy1571.jpg,,43f783b0dc827fe4ec38ccb97ec058b1e67f9d8c6b8fdcac5ff96033d28f2d77,healthy,,train,False,,pending,unknown,512
SAM3_auto,original,True,healthy:Healthy1572.jpg,512,d16911deb8fae570dea240b7,healthy_source,/content/drive/MyDrive/Healthy/Healthy1572.jpg,1,masks/leaf/d16911deb8fae570dea240b7.png,pending,nonempty,Healthy1572.jpg,,Healthy1572.jpg,,27dcd546bab146483ea55325ff315bd6aa43391706e9a85214d10fd53bd57edd,healthy,,train,False,,pending,unknown,512
SAM3_auto,original,True,healthy:Healthy1576.jpg,512,2356af6e0b8320559620f44a,healthy_source,/content/drive/MyDrive/Healthy/Healthy1576.jpg,1,masks/leaf/2356af6e0b8320559620f44a.png,pending,nonempty,Healthy1576.jpg,,Healthy1576.jpg,,06e96b2eabe03273a8af7951d77df23912d312fc302f48cd59b26e50351d2d95,healthy,,train,False,,pending,unknown,512
SAM3_auto,original,True,healthy:Healthy1578.jpg,512,a1b21ab89508c4ced2e7b067,healthy_source,/content/drive/MyDrive/Healthy/Healthy1578.jpg,1,masks/leaf/a1b21ab89508c4ced2e7b067.png,pending,nonempty,Healthy1578.jpg,,Healthy1578.jpg,,37a4f0786db84b311f99c50c8c3e7dd57f82c5144c179d6b4a4d00ca86bae1ae,healthy,,train,False,,pending,unknown,512
SAM3_auto,original,True,healthy:Healthy1579.jpg,512,4aee0e3cbfa8119f8372d1ea,healthy_source,/content/drive/MyDrive/Healthy/Healthy1579.jpg,1,masks/leaf/4aee0e3cbfa8119f8372d1ea.png,pending,nonempty,Healthy1579.jpg,,Healthy1579.jpg,,3e742c7ed359347fc7948bffcefb96088df74a939bcc1cbce0dfd07bb178b823,healthy,,train,False,,pending,unknown,512
SAM3_auto,original,True,healthy:Healthy158.jpg,512,0df0283468d0a06cb68710a5,healthy_source,/content/drive/MyDrive/Healthy/Healthy158.jpg,1,masks/leaf/0df0283468d0a06cb68710a5.png,pending,nonempty,Healthy158.jpg,,Healthy158.jpg,,ebfd11fea66df8f232ed6ed0d9892a71cb4b1f7450d75a5fe2c7d7748d180c3f,healthy,,train,False,,pending,unknown,512
SAM3_auto,original,True,healthy:Healthy1580.jpg,512,6b60004b055b103bf0af88a9,healthy_source,/content/drive/MyDrive/Healthy/Healthy1580.jpg,1,masks/leaf/6b60004b055b103bf0af88a9.png,pending,nonempty,Healthy1580.jpg,,Healthy1580.jpg,,bf2766430a8129023369f1fb7a257be081ef8ab98e2dd602bdd2a5230c846be2,healthy,,train,False,,pending,unknown,512
SAM3_auto,original,True,healthy:Healthy1585.jpg,512,c1411cf5471da3ae3dcc95c5,healthy_source,/content/drive/MyDrive/Healthy/Healthy1585.jpg,1,masks/leaf/c1411cf5471da3ae3dcc95c5.png,pending,nonempty,Healthy1585.jpg,,Healthy1585.jpg,,3be1453a1ca6ac4bcaf9e4e1c0389b7c187ecf86820fe1a03a817ef66dc333fd,healthy,,train,False,,pending,unknown,512
SAM3_auto,original,True,healthy:Healthy1586.jpg,512,bb1e7f67a304528a0b6dce7f,healthy_source,/content/drive/MyDrive/Healthy/Healthy1586.jpg,1,masks/leaf/bb1e7f67a304528a0b6dce7f.png,pending,nonempty,Healthy1586.jpg,,Healthy1586.jpg,,cc4b2ebd60e447b6245dbd0666ff91835b61486cc3624458cd74b5ec4d4b6225,healthy,,train,False,,pending,unknown,512
SAM3_auto,original,True,healthy:Healthy1587.jpg,512,d8433ec821e5a14497204586,healthy_source,/content/drive/MyDrive/Healthy/Healthy1587.jpg,1,masks/leaf/d8433ec821e5a14497204586.png,pending,nonempty,Healthy1587.jpg,,Healthy1587.jpg,,315b57009c0f7b53fed578097eb5f3d053f2f01b8d43f982f6870bc537c35078,healthy,,train,False,,pending,unknown,512
SAM3_auto,original,True,healthy:Healthy159.jpg,512,42942350cc06f799342a3a84,healthy_source,/content/drive/MyDrive/Healthy/Healthy159.jpg,1,masks/leaf/42942350cc06f799342a3a84.png,pending,nonempty,Healthy159.jpg,,Healthy159.jpg,,298aa4074b955a5628b1715ed727c1e833a2aef2b9b108f832aa78ec62c4f3d2,healthy,,train,False,,pending,unknown,512
SAM3_auto,original,True,healthy:Healthy1590.jpg,512,f7ae8dbc03acc183500a42a9,healthy_source,/content/drive/MyDrive/Healthy/Healthy1590.jpg,1,masks/leaf/f7ae8dbc03acc183500a42a9.png,pending,nonempty,Healthy1590.jpg,,Healthy1590.jpg,,230141b3d9cf0aa9f8cea3f3494ddea3696b9538af3faf95bf29dbc8ed8e1dca,healthy,,train,False,,pending,unknown,512
SAM3_auto,original,True,healthy:Healthy1592.jpg,512,2c293457e31da7849748799d,healthy_source,/content/drive/MyDrive/Healthy/Healthy1592.jpg,1,masks/leaf/2c293457e31da7849748799d.png,pending,nonempty,Healthy1592.jpg,,Healthy1592.jpg,,a316398fe04778b1dfdda8d4854b19b45c5dfa52a74482f5ba5afed985484d0e,healthy,,train,False,,pending,unknown,512
SAM3_auto,original,True,healthy:Healthy1594.jpg,512,174e5a655e8a6c1e9cb35135,healthy_source,/content/drive/MyDrive/Healthy/Healthy1594.jpg,1,masks/leaf/174e5a655e8a6c1e9cb35135.png,pending,nonempty,Healthy1594.jpg,,Healthy1594.jpg,,521d8420803363178894353e63e56d425a5447c2f0e64eac68a5524ec1730123,healthy,,train,False,,pending,unknown,512
SAM3_auto,original,True,healthy:Healthy1596.jpg,512,d7769e909a67c59273078f45,healthy_source,/content/drive/MyDrive/Healthy/Healthy1596.jpg,1,masks/leaf/d7769e909a67c59273078f45.png,pending,nonempty,Healthy1596.jpg,,Healthy1596.jpg,,97e02b0b468b38730695df2e5066b96d09016cf7b10e4b4806f948ce24dc56e6,healthy,,train,False,,pending,unknown,512
SAM3_auto,original,True,healthy:Healthy1597.jpg,512,78965a2eb1aa13ab0b4be1e1,healthy_source,/content/drive/MyDrive/Healthy/Healthy1597.jpg,1,masks/leaf/78965a2eb1aa13ab0b4be1e1.png,pending,nonempty,Healthy1597.jpg,,Healthy1597.jpg,,1786a19379deeed456ff2d2a61edc9e70cb51872c1ed88bcc525aec73fe19e20,healthy,,train,False,,pending,unknown,512
SAM3_auto,original,True,healthy:Healthy1598.jpg,512,cd34645c435103a112c9a67e,healthy_source,/content/drive/MyDrive/Healthy/Healthy1598.jpg,1,masks/leaf/cd34645c435103a112c9a67e.png,pending,nonempty,Healthy1598.jpg,,Healthy1598.jpg,,173228354c9c879bf86148d9aec76e0338b58595199c1cc7e805083ee9abb276,healthy,,train,False,,pending,unknown,512
SAM3_auto,original,True,healthy:Healthy16.jpg,512,377831d7e53f67b57bc549d0,healthy_source,/content/drive/MyDrive/Healthy/Healthy16.jpg,1,masks/leaf/377831d7e53f67b57bc549d0.png,pending,nonempty,Healthy16.jpg,,Healthy16.jpg,,49b50f881060df6e07a4cc9630369ed9d1075247a7e88e7fb85953fb71982246,healthy,,train,False,,pending,unknown,512
SAM3_auto,original,True,healthy:Healthy160.jpg,512,728b1f882b41b1ace154c029,healthy_source,/content/drive/MyDrive/Healthy/Healthy160.jpg,1,masks/leaf/728b1f882b41b1ace154c029.png,pending,nonempty,Healthy160.jpg,,Healthy160.jpg,,372c91f40541bd3bb697fe8e421ecff39d648b827a15c44cd251a9cb22a7c86d,healthy,,train,False,,pending,unknown,512
SAM3_auto,original,True,healthy:Healthy1600.jpg,512,92578bf6c54d2fed557f54e6,healthy_source,/content/drive/MyDrive/Healthy/Healthy1600.jpg,1,masks/leaf/92578bf6c54d2fed557f54e6.png,pending,nonempty,Healthy1600.jpg,,Healthy1600.jpg,,77eb216a4720aeae33e543f430459203e08f7a375d0ef2ba3a97949b99f7542c,healthy,,train,False,,pending,unknown,512
SAM3_auto,original,True,healthy:Healthy1601.jpg,512,f85ce42fab5d6da0acd5a4d3,healthy_source,/content/drive/MyDrive/Healthy/Healthy1601.jpg,1,masks/leaf/f85ce42fab5d6da0acd5a4d3.png,pending,nonempty,Healthy1601.jpg,,Healthy1601.jpg,,368cea7718ff1927e97715122bce5232855314643cee664018c95842aefdddd1,healthy,,train,False,,pending,unknown,512
SAM3_auto,original,True,healthy:Healthy1602.jpg,512,315e5f889e6fc5c132f1c7d5,healthy_source,/content/drive/MyDrive/Healthy/Healthy1602.jpg,1,masks/leaf/315e5f889e6fc5c132f1c7d5.png,pending,nonempty,Healthy1602.jpg,,Healthy1602.jpg,,47460703befa4b8bc6751ec3380f44d7e54c5f1adffc61c8bdd6edadea5bd7fd,healthy,,train,False,,pending,unknown,512
SAM3_auto,original,True,healthy:Healthy1603.jpg,512,0a29730307f468ccaeb5c522,healthy_source,/content/drive/MyDrive/Healthy/Healthy1603.jpg,1,masks/leaf/0a29730307f468ccaeb5c522.png,pending,nonempty,Healthy1603.jpg,,Healthy1603.jpg,,2ba503b2c1178b5e44e6b74a5ee16cca077f62582ba9a5e2dd3916a977d0baa3,healthy,,train,False,,pending,unknown,512
SAM3_auto,original,True,healthy:Healthy1604.jpg,512,0304eba64ca4da33db553825,healthy_source,/content/drive/MyDrive/Healthy/Healthy1604.jpg,1,masks/leaf/0304eba64ca4da33db553825.png,pending,nonempty,Healthy1604.jpg,,Healthy1604.jpg,,28b2c7c32ce24e8c58b5868c8d4a8994a6f934a9669b2855833b745d5f28b7b2,healthy,,train,False,,pending,unknown,512
SAM3_auto,original,True,healthy:Healthy1605.jpg,512,a27deefe015ad92dab7e215e,healthy_source,/content/drive/MyDrive/Healthy/Healthy1605.jpg,1,masks/leaf/a27deefe015ad92dab7e215e.png,pending,nonempty,Healthy1605.jpg,,Healthy1605.jpg,,2354c4ba355402a91eb5990e7fb25955803d44e0174779a2b3ac0dfcd8f31e5e,healthy,,train,False,,pending,unknown,512
SAM3_auto,original,True,healthy:Healthy1608.jpg,512,e92df5139ed4077b95e4d3ee,healthy_source,/content/drive/MyDrive/Healthy/Healthy1608.jpg,1,masks/leaf/e92df5139ed4077b95e4d3ee.png,pending,nonempty,Healthy1608.jpg,,Healthy1608.jpg,,7fe71079462915267c66d2cc002f68215f1538778463ac7276125e23edebe9a6,healthy,,train,False,,pending,unknown,512
SAM3_auto,original,True,healthy:Healthy1609.jpg,512,1404cb82a392f3b8f15727fd,healthy_source,/content/drive/MyDrive/Healthy/Healthy1609.jpg,1,masks/leaf/1404cb82a392f3b8f15727fd.png,pending,nonempty,Healthy1609.jpg,,Healthy1609.jpg,,5f79963ff9d6661f86b4db9237964289542d5c09bb3b3cb78034926a28161474,healthy,,train,False,,pending,unknown,512
SAM3_auto,original,True,healthy:Healthy161.jpg,512,4c4976f274ebc386e6e2f8da,healthy_source,/content/drive/MyDrive/Healthy/Healthy161.jpg,1,masks/leaf/4c4976f274ebc386e6e2f8da.png,pending,nonempty,Healthy161.jpg,,Healthy161.jpg,,d4aad66ca7c4fadb43b70042fafc6503dc60cac92372071c0c09b917bad20c9e,healthy,,train,False,,pending,unknown,512
SAM3_auto,original,True,healthy:Healthy1610.jpg,512,2d8094a7b00e5634cb7c9782,healthy_source,/content/drive/MyDrive/Healthy/Healthy1610.jpg,1,masks/leaf/2d8094a7b00e5634cb7c9782.png,pending,nonempty,Healthy1610.jpg,,Healthy1610.jpg,,908b38e9981bedab6b2e3c29fe2ba6915a0cab348f36e0d9b0082cdef67f6442,healthy,,train,False,,pending,unknown,512
SAM3_auto,original,True,healthy:Healthy1611.jpg,512,c578ea846d1ba5dc5dea50de,healthy_source,/content/drive/MyDrive/Healthy/Healthy1611.jpg,1,masks/leaf/c578ea846d1ba5dc5dea50de.png,pending,nonempty,Healthy1611.jpg,,Healthy1611.jpg,,eb1dd01171f391e1a7242b23867fc0a6d2c1d75d09156df27ebabb0444445203,healthy,,train,False,,pending,unknown,512
SAM3_auto,original,True,healthy:Healthy1612.jpg,512,1ec02818e3e2a2dfbaba8eb5,healthy_source,/content/drive/MyDrive/Healthy/Healthy1612.jpg,1,masks/leaf/1ec02818e3e2a2dfbaba8eb5.png,pending,nonempty,Healthy1612.jpg,,Healthy1612.jpg,,fd7feefef47b514cb5c273b238041f7f9186ce896a8984dfdf348d058fcf0446,healthy,,train,False,,pending,unknown,512
SAM3_auto,original,True,healthy:Healthy1615.jpg,512,58ae8c139b1014108c937ce5,healthy_source,/content/drive/MyDrive/Healthy/Healthy1615.jpg,1,masks/leaf/58ae8c139b1014108c937ce5.png,pending,nonempty,Healthy1615.jpg,,Healthy1615.jpg,,28cec97bdcd4330c91994985085dffb25719b002d2593e1f62c14bf8829e2f05,healthy,,train,False,,pending,unknown,512
SAM3_auto,original,True,healthy:Healthy1616.jpg,512,83ee5132259c83dea413e20d,healthy_source,/content/drive/MyDrive/Healthy/Healthy1616.jpg,1,masks/leaf/83ee5132259c83dea413e20d.png,pending,nonempty,Healthy1616.jpg,,Healthy1616.jpg,,e96985e8721c8b114df1e2d7f607105d32264f7ab939a59f7be6ab9553701924,healthy,,train,False,,pending,unknown,512
SAM3_auto,original,True,healthy:Healthy1617.jpg,512,3d3f428782d93c7c0b478b27,healthy_source,/content/drive/MyDrive/Healthy/Healthy1617.jpg,1,masks/leaf/3d3f428782d93c7c0b478b27.png,pending,nonempty,Healthy1617.jpg,,Healthy1617.jpg,,8292d105bfb5ffdf3a55995f67726c8bb4909e1d747eab2c1fc7399c382754ab,healthy,,train,False,,pending,unknown,512
SAM3_auto,original,True,healthy:Healthy1618.jpg,512,323892218b637dfc5c5fd6de,healthy_source,/content/drive/MyDrive/Healthy/Healthy1618.jpg,1,masks/leaf/323892218b637dfc5c5fd6de.png,pending,nonempty,Healthy1618.jpg,,Healthy1618.jpg,,c6598e39a44b64be17199c311313e59929e72a21d508d2411d1429640f73928a,healthy,,train,False,,pending,unknown,512
SAM3_auto,original,True,healthy:Healthy1620.jpg,512,951f24d716fd6064fac18479,healthy_source,/content/drive/MyDrive/Healthy/Healthy1620.jpg,1,masks/leaf/951f24d716fd6064fac18479.png,pending,nonempty,Healthy1620.jpg,,Healthy1620.jpg,,88fbf6271ba1b8c2b8957856ce07080493790eab118552d80ab3a60837faec71,healthy,,train,False,,pending,unknown,512
SAM3_auto,original,True,healthy:Healthy1621.jpg,512,0663e3d2629cb297cd0df239,healthy_source,/content/drive/MyDrive/Healthy/Healthy1621.jpg,1,masks/leaf/0663e3d2629cb297cd0df239.png,pending,nonempty,Healthy1621.jpg,,Healthy1621.jpg,,7c6f5a1d4bcf7379dd9ffe7cde27f59b7239d4cfcfaf6cc7f5d42d862ced9ec7,healthy,,train,False,,pending,unknown,512
SAM3_auto,original,True,healthy:Healthy1622.jpg,512,56cf663f5254490ab9d9479f,healthy_source,/content/drive/MyDrive/Healthy/Healthy1622.jpg,1,masks/leaf/56cf663f5254490ab9d9479f.png,pending,nonempty,Healthy1622.jpg,,Healthy1622.jpg,,c17ed35b8d58332e0f98eeed1807d66dd7c3bcfacfbc8aaf5e59f789ab911841,healthy,,train,False,,pending,unknown,512
SAM3_auto,original,True,healthy:Healthy1623.jpg,512,098a60289f3853123a9fc233,healthy_source,/content/drive/MyDrive/Healthy/Healthy1623.jpg,1,masks/leaf/098a60289f3853123a9fc233.png,pending,nonempty,Healthy1623.jpg,,Healthy1623.jpg,,c802326cc63995116be164791ad0250270d8b0a4565b7b01d1897b5e4faa1e66,healthy,,train,False,,pending,unknown,512
SAM3_auto,original,True,healthy:Healthy1624.jpg,512,1e44c6086f07717a727187c1,healthy_source,/content/drive/MyDrive/Healthy/Healthy1624.jpg,1,masks/leaf/1e44c6086f07717a727187c1.png,pending,nonempty,Healthy1624.jpg,,Healthy1624.jpg,,6074c35402a0036c656cce07d43b17edb6ca77b7f623de27804fc8c95d43369b,healthy,,train,False,,pending,unknown,512
SAM3_auto,original,True,healthy:Healthy1625.jpg,512,a2892eb6c678f88160ec2b88,healthy_source,/content/drive/MyDrive/Healthy/Healthy1625.jpg,1,masks/leaf/a2892eb6c678f88160ec2b88.png,pending,nonempty,Healthy1625.jpg,,Healthy1625.jpg,,768db357b660e0d885ecfbdf629e07e8b63505a8a5213b6a2faa07be27c2b09b,healthy,,train,False,,pending,unknown,512
SAM3_auto,original,True,healthy:Healthy1626.jpg,512,772940ff7549d963633e5f7a,healthy_source,/content/drive/MyDrive/Healthy/Healthy1626.jpg,1,masks/leaf/772940ff7549d963633e5f7a.png,pending,nonempty,Healthy1626.jpg,,Healthy1626.jpg,,7b90976621c9ca098ba36e4a907163be9fe2c7718c9483df23b2c76ce09b7f38,healthy,,train,False,,pending,unknown,512
SAM3_auto,original,True,healthy:Healthy1627.jpg,512,7a79e972ede8c0a651cf1ec9,healthy_source,/content/drive/MyDrive/Healthy/Healthy1627.jpg,1,masks/leaf/7a79e972ede8c0a651cf1ec9.png,pending,nonempty,Healthy1627.jpg,,Healthy1627.jpg,,d33094f1a1b7e1180d4c05135e7112678958994304a486b52b7424b5addfd402,healthy,,train,False,,pending,unknown,512
SAM3_auto,original,True,healthy:Healthy163.jpg,512,24d1d6ee535453565383f49a,healthy_source,/content/drive/MyDrive/Healthy/Healthy163.jpg,1,masks/leaf/24d1d6ee535453565383f49a.png,pending,nonempty,Healthy163.jpg,,Healthy163.jpg,,1204343283791da03a0c7da260e650aed50923ea6938b0d0f82affcdcece2575,healthy,,train,False,,pending,unknown,512
SAM3_auto,original,True,healthy:Healthy1630.jpg,512,a1b3adc3353caae384c71008,healthy_source,/content/drive/MyDrive/Healthy/Healthy1630.jpg,1,masks/leaf/a1b3adc3353caae384c71008.png,pending,nonempty,Healthy1630.jpg,,Healthy1630.jpg,,d978e051f5a28046502f3a5c290c55f08378eeb9f7f5297ecb4329447786b591,healthy,,train,False,,pending,unknown,512
SAM3_auto,original,True,healthy:Healthy1631.jpg,512,53325cf655886c4327c85b56,healthy_source,/content/drive/MyDrive/Healthy/Healthy1631.jpg,1,masks/leaf/53325cf655886c4327c85b56.png,pending,nonempty,Healthy1631.jpg,,Healthy1631.jpg,,1342ef2e91345bf22d634a41f469a8141ee85e3b8e96d3a706997f6135f193e8,healthy,,train,False,,pending,unknown,512
SAM3_auto,original,True,healthy:Healthy1632.jpg,512,c8c7ba9d7084d982f2e03e6f,healthy_source,/content/drive/MyDrive/Healthy/Healthy1632.jpg,1,masks/leaf/c8c7ba9d7084d982f2e03e6f.png,pending,nonempty,Healthy1632.jpg,,Healthy1632.jpg,,097ffe8f8262d4511730c8ce1c7dd0ec58d6b5f9657075e9f4bfed4974b735ce,healthy,,train,False,,pending,unknown,512
SAM3_auto,original,True,healthy:Healthy1633.jpg,512,f838d492c4394c60a55458a9,healthy_source,/content/drive/MyDrive/Healthy/Healthy1633.jpg,1,masks/leaf/f838d492c4394c60a55458a9.png,pending,nonempty,Healthy1633.jpg,,Healthy1633.jpg,,bc10abd4b9600bd31c4b1942fa0b57c0a1f6c955206efa12743b4591e0ee305c,healthy,,train,False,,pending,unknown,512
SAM3_auto,original,True,healthy:Healthy1635.jpg,512,ceabcc0b92460024c9a5fb95,healthy_source,/content/drive/MyDrive/Healthy/Healthy1635.jpg,1,masks/leaf/ceabcc0b92460024c9a5fb95.png,pending,nonempty,Healthy1635.jpg,,Healthy1635.jpg,,ff9c8220740b4414a98c6a197facbb5794dd3f03b6f5430e92784e9bb056b7e4,healthy,,train,False,,pending,unknown,512
SAM3_auto,original,True,healthy:Healthy1636.jpg,512,b4e491bac55843f72c8b2b06,healthy_source,/content/drive/MyDrive/Healthy/Healthy1636.jpg,1,masks/leaf/b4e491bac55843f72c8b2b06.png,pending,nonempty,Healthy1636.jpg,,Healthy1636.jpg,,11a879e7979583eb6be9de9285730fa377c41ca0f0e2e39759bbcac17bdf2961,healthy,,train,False,,pending,unknown,512
SAM3_auto,original,True,healthy:Healthy1638.jpg,512,46d95ce6a4b83d4cf1ea8fd8,healthy_source,/content/drive/MyDrive/Healthy/Healthy1638.jpg,1,masks/leaf/46d95ce6a4b83d4cf1ea8fd8.png,pending,nonempty,Healthy1638.jpg,,Healthy1638.jpg,,8550778b10e44108c75453063b8a847976bde08d2d52d8ee1c10fb945c73d191,healthy,,train,False,,pending,unknown,512
SAM3_auto,original,True,healthy:Healthy1639.jpg,512,2f0f261abab2399810151e4b,healthy_source,/content/drive/MyDrive/Healthy/Healthy1639.jpg,1,masks/leaf/2f0f261abab2399810151e4b.png,pending,nonempty,Healthy1639.jpg,,Healthy1639.jpg,,dd96898747e68d19776048056d3c462f055a250bcf795bcd3eeb5a9dce484836,healthy,,train,False,,pending,unknown,512
SAM3_auto,original,True,healthy:Healthy164.jpg,512,61c59b402fa0f5ef2605c3d7,healthy_source,/content/drive/MyDrive/Healthy/Healthy164.jpg,1,masks/leaf/61c59b402fa0f5ef2605c3d7.png,pending,nonempty,Healthy164.jpg,,Healthy164.jpg,,6dd2a19bfc3f9629a04de974a95b00961af2118904959ccdc8553e9e8130ef74,healthy,,train,False,,pending,unknown,512
SAM3_auto,original,True,healthy:Healthy1640.jpg,512,87bd038f0daee48c7e06a20f,healthy_source,/content/drive/MyDrive/Healthy/Healthy1640.jpg,1,masks/leaf/87bd038f0daee48c7e06a20f.png,pending,nonempty,Healthy1640.jpg,,Healthy1640.jpg,,9932edee39e0954e58532e114a973a413e04650cae8206e0b3d331fd72a68690,healthy,,train,False,,pending,unknown,512
SAM3_auto,original,True,healthy:Healthy1642.jpg,512,699c012146b2ae63d169cb6b,healthy_source,/content/drive/MyDrive/Healthy/Healthy1642.jpg,2,masks/leaf/699c012146b2ae63d169cb6b.png,pending,nonempty,Healthy1642.jpg,,Healthy1642.jpg,,99f885ca6694e3a817555bd0477ad7810a02f98faf689b8f409ca7b6502821d5,healthy,,train,False,,pending,unknown,512
SAM3_auto,original,True,healthy:Healthy1643.jpg,512,318e06df271fdcafd7f8ad36,healthy_source,/content/drive/MyDrive/Healthy/Healthy1643.jpg,1,masks/leaf/318e06df271fdcafd7f8ad36.png,pending,nonempty,Healthy1643.jpg,,Healthy1643.jpg,,1fa8f1e2a743d01bcd841c9fba97939c5921911e43411ef0d603cc5ed3bd0b0e,healthy,,train,False,,pending,unknown,512
SAM3_auto,original,True,healthy:Healthy1644.jpg,512,8310f71111a5cc6a745eb479,healthy_source,/content/drive/MyDrive/Healthy/Healthy1644.jpg,1,masks/leaf/8310f71111a5cc6a745eb479.png,pending,nonempty,Healthy1644.jpg,,Healthy1644.jpg,,8763c86a7c4e1f49a23c1aeea05b768953a05a22495e05c0ebbe92b364e903b6,healthy,,train,False,,pending,unknown,512
SAM3_auto,original,True,healthy:Healthy1645.jpg,512,c0d956e984a9e6c03104ff18,healthy_source,/content/drive/MyDrive/Healthy/Healthy1645.jpg,1,masks/leaf/c0d956e984a9e6c03104ff18.png,pending,nonempty,Healthy1645.jpg,,Healthy1645.jpg,,12f6a14f4a74540dd083411a237c06a14a8180a751e882a4357ce4fbfe59e652,healthy,,train,False,,pending,unknown,512
SAM3_auto,original,True,healthy:Healthy1646.jpg,512,d3529c8d6a87f3da8b48d7cf,healthy_source,/content/drive/MyDrive/Healthy/Healthy1646.jpg,1,masks/leaf/d3529c8d6a87f3da8b48d7cf.png,pending,nonempty,Healthy1646.jpg,,Healthy1646.jpg,,8fada92ea16a9e0f46cf0e486260b11e0cb91cb86dd5d25664392efeecf5c759,healthy,,train,False,,pending,unknown,512
SAM3_auto,original,True,healthy:Healthy1649.jpg,512,1d5b1dc8e81c1754461ea844,healthy_source,/content/drive/MyDrive/Healthy/Healthy1649.jpg,1,masks/leaf/1d5b1dc8e81c1754461ea844.png,pending,nonempty,Healthy1649.jpg,,Healthy1649.jpg,,f393617bc90db8624b5d9d53f0017dc655b3dae6859f39074884f37c6973f551,healthy,,train,False,,pending,unknown,512
SAM3_auto,original,True,healthy:Healthy165.jpg,512,c20c5180f1b182ddf73d0e10,healthy_source,/content/drive/MyDrive/Healthy/Healthy165.jpg,1,masks/leaf/c20c5180f1b182ddf73d0e10.png,pending,nonempty,Healthy165.jpg,,Healthy165.jpg,,b4e5f36548fb9e6a52cf5ce884222de9ea5d5a365f63022b558bfc1c77e380af,healthy,,train,False,,pending,unknown,512
SAM3_auto,original,True,healthy:Healthy1650.jpg,512,aab87089ed1c5fb773ee5bb2,healthy_source,/content/drive/MyDrive/Healthy/Healthy1650.jpg,1,masks/leaf/aab87089ed1c5fb773ee5bb2.png,pending,nonempty,Healthy1650.jpg,,Healthy1650.jpg,,19ec6f3004d97bd4879ea499d8dd233b79832c56b32781eee93589acccdaea77,healthy,,train,False,,pending,unknown,512
SAM3_auto,original,True,healthy:Healthy1652.jpg,512,2b41cba44433d9d523762ae8,healthy_source,/content/drive/MyDrive/Healthy/Healthy1652.jpg,1,masks/leaf/2b41cba44433d9d523762ae8.png,pending,nonempty,Healthy1652.jpg,,Healthy1652.jpg,,33c573f604c2daf63fcf7d87b0befc7571cf2d4643158f908387a4e25104de83,healthy,,train,False,,pending,unknown,512
SAM3_auto,original,True,healthy:Healthy1653.jpg,512,2fef4c8e235fed700350b996,healthy_source,/content/drive/MyDrive/Healthy/Healthy1653.jpg,1,masks/leaf/2fef4c8e235fed700350b996.png,pending,nonempty,Healthy1653.jpg,,Healthy1653.jpg,,648414d20deb7662302237e9fbc7666358e2febbb504a49f0eca544fc20fed1a,healthy,,train,False,,pending,unknown,512
SAM3_auto,original,True,healthy:Healthy1654.jpg,512,4b2ef1c7154f12fe75d679ac,healthy_source,/content/drive/MyDrive/Healthy/Healthy1654.jpg,1,masks/leaf/4b2ef1c7154f12fe75d679ac.png,pending,nonempty,Healthy1654.jpg,,Healthy1654.jpg,,e1e51753f034e9550b95d788d7829065d1e8c030aaea30f261f0ecaea4f96945,healthy,,train,False,,pending,unknown,512
SAM3_auto,original,True,healthy:Healthy1655.jpg,512,cf43c65f7db79b9877694288,healthy_source,/content/drive/MyDrive/Healthy/Healthy1655.jpg,1,masks/leaf/cf43c65f7db79b9877694288.png,pending,nonempty,Healthy1655.jpg,,Healthy1655.jpg,,65923b703149f9d91d25147567e362afb338a36b065977876720dcc80b99fc3d,healthy,,train,False,,pending,unknown,512
SAM3_auto,original,True,healthy:Healthy1656.jpg,512,7674295f80e1bc3c8bffa457,healthy_source,/content/drive/MyDrive/Healthy/Healthy1656.jpg,1,masks/leaf/7674295f80e1bc3c8bffa457.png,pending,nonempty,Healthy1656.jpg,,Healthy1656.jpg,,3c582554162ad8c2fd6c32201f4c5c1447fe99fabc95e9b155338fac94c1712b,healthy,,train,False,,pending,unknown,512
SAM3_auto,original,True,healthy:Healthy1657.jpg,512,57c33505c98246f8a2fac528,healthy_source,/content/drive/MyDrive/Healthy/Healthy1657.jpg,1,masks/leaf/57c33505c98246f8a2fac528.png,pending,nonempty,Healthy1657.jpg,,Healthy1657.jpg,,939da5e51f300956b95d664fdcaff827eb3d436e6a25dda1b07f48f05e51b47d,healthy,,train,False,,pending,unknown,512
SAM3_auto,original,True,healthy:Healthy1658.jpg,512,19018ce3c04038b731780e1a,healthy_source,/content/drive/MyDrive/Healthy/Healthy1658.jpg,1,masks/leaf/19018ce3c04038b731780e1a.png,pending,nonempty,Healthy1658.jpg,,Healthy1658.jpg,,0feca0ebf056563f5bcf4afb6bcaf7d7fb16c7edee376cdfe3cbcf7f62e49438,healthy,,train,False,,pending,unknown,512
SAM3_auto,original,True,healthy:Healthy1659.jpg,512,58d4869636ceea4af0521bf1,healthy_source,/content/drive/MyDrive/Healthy/Healthy1659.jpg,4,masks/leaf/58d4869636ceea4af0521bf1.png,pending,nonempty,Healthy1659.jpg,,Healthy1659.jpg,,8420a282cd489d91a1f5ddf81452febd21ee91bde05d38995646a436d66d686e,healthy,,train,False,,pending,unknown,512
SAM3_auto,original,True,healthy:Healthy1662.jpg,512,49f2a27a377121c0be3836fe,healthy_source,/content/drive/MyDrive/Healthy/Healthy1662.jpg,1,masks/leaf/49f2a27a377121c0be3836fe.png,pending,nonempty,Healthy1662.jpg,,Healthy1662.jpg,,ec51f55dfa2817b220fde244d157072e3b2f6ebb6bab9b4a21192b39831f48e8,healthy,,train,False,,pending,unknown,512
SAM3_auto,original,True,healthy:Healthy1663.jpg,512,a7e9619b9f4b148ffcf68569,healthy_source,/content/drive/MyDrive/Healthy/Healthy1663.jpg,1,masks/leaf/a7e9619b9f4b148ffcf68569.png,pending,nonempty,Healthy1663.jpg,,Healthy1663.jpg,,64226f59f1f82bf11b51fca015a02aa0096d7e1e90f27b648580cc4ed25bf586,healthy,,train,False,,pending,unknown,512
SAM3_auto,original,True,healthy:Healthy1664.jpg,512,86eb78f7ef53603a8f1224d9,healthy_source,/content/drive/MyDrive/Healthy/Healthy1664.jpg,1,masks/leaf/86eb78f7ef53603a8f1224d9.png,pending,nonempty,Healthy1664.jpg,,Healthy1664.jpg,,151442c3b07e937e789026b9c2d314e0d62c9eb0592cb4663a6fed4cfee9289e,healthy,,train,False,,pending,unknown,512
SAM3_auto,original,True,healthy:Healthy1667.jpg,512,db632deb68a4a9e6c1d56f1c,healthy_source,/content/drive/MyDrive/Healthy/Healthy1667.jpg,1,masks/leaf/db632deb68a4a9e6c1d56f1c.png,pending,nonempty,Healthy1667.jpg,,Healthy1667.jpg,,f64756bd5a3093a4ba0597aca3d07604ba69ec932422c41dd2c4738dc15a7ee3,healthy,,train,False,,pending,unknown,512
SAM3_auto,original,True,healthy:Healthy1669.jpg,512,f2b0a0bae1776b6b2d5bac60,healthy_source,/content/drive/MyDrive/Healthy/Healthy1669.jpg,1,masks/leaf/f2b0a0bae1776b6b2d5bac60.png,pending,nonempty,Healthy1669.jpg,,Healthy1669.jpg,,0614d3b323246522f36f1a69224e9ae03ad8c0ca631e392b56484435f130f029,healthy,,train,False,,pending,unknown,512
SAM3_auto,original,True,healthy:Healthy167.jpg,512,7e40d265530d8dc40dba6289,healthy_source,/content/drive/MyDrive/Healthy/Healthy167.jpg,1,masks/leaf/7e40d265530d8dc40dba6289.png,pending,nonempty,Healthy167.jpg,,Healthy167.jpg,,c7485c27903bc70ac518d2936828a9131c4983a1535ca52f372ca3b724d3bae7,healthy,,train,False,,pending,unknown,512
SAM3_auto,original,True,healthy:Healthy1673.jpg,512,6316c9949c2c2a8dbe73bfb5,healthy_source,/content/drive/MyDrive/Healthy/Healthy1673.jpg,1,masks/leaf/6316c9949c2c2a8dbe73bfb5.png,pending,nonempty,Healthy1673.jpg,,Healthy1673.jpg,,fd91d6ff2d3de80379b19e59fa293a83a86e093d469fffeb0cef29b2e5ce7ea7,healthy,,train,False,,pending,unknown,512
SAM3_auto,original,True,healthy:Healthy1674.jpg,512,1d3628a9869f1c99b2dabc18,healthy_source,/content/drive/MyDrive/Healthy/Healthy1674.jpg,1,masks/leaf/1d3628a9869f1c99b2dabc18.png,pending,nonempty,Healthy1674.jpg,,Healthy1674.jpg,,a540d4784041fe5823ddfbb72fec128e808caff6748a33b2b7ea62a12fb0384d,healthy,,train,False,,pending,unknown,512
SAM3_auto,original,True,healthy:Healthy1675.jpg,512,96c173729e15da6e23a41320,healthy_source,/content/drive/MyDrive/Healthy/Healthy1675.jpg,1,masks/leaf/96c173729e15da6e23a41320.png,pending,nonempty,Healthy1675.jpg,,Healthy1675.jpg,,0f3f6477202ce560f88a3263f3933be8f855431e9c18f7f8c003bc06d28b9224,healthy,,train,False,,pending,unknown,512
SAM3_auto,original,True,healthy:Healthy1676.jpg,512,60956aaf96145f7063c08886,healthy_source,/content/drive/MyDrive/Healthy/Healthy1676.jpg,1,masks/leaf/60956aaf96145f7063c08886.png,pending,nonempty,Healthy1676.jpg,,Healthy1676.jpg,,2498d8653c3390ce1594adb6ca5e1765f51b8f851b7933178ec8ad8cbbed55f2,healthy,,train,False,,pending,unknown,512
SAM3_auto,original,True,healthy:Healthy1677.jpg,512,8b672516f4900248136a1e9c,healthy_source,/content/drive/MyDrive/Healthy/Healthy1677.jpg,1,masks/leaf/8b672516f4900248136a1e9c.png,pending,nonempty,Healthy1677.jpg,,Healthy1677.jpg,,bb3ba88059a3af14cb9e724d1f439e8e3a56e1e6dd186f342ff5c8c7db4cfffb,healthy,,train,False,,pending,unknown,512
SAM3_auto,original,True,healthy:Healthy1678.jpg,512,cc01b2661f293f5f1c1da4f2,healthy_source,/content/drive/MyDrive/Healthy/Healthy1678.jpg,1,masks/leaf/cc01b2661f293f5f1c1da4f2.png,pending,nonempty,Healthy1678.jpg,,Healthy1678.jpg,,0add978f11dd6ee819af99ca586b2acf163a3cf533599ff3a8c4ba442e700be5,healthy,,train,False,,pending,unknown,512
SAM3_auto,original,True,healthy:Healthy168.jpg,512,d58aa89b02e802dfc96e9f20,healthy_source,/content/drive/MyDrive/Healthy/Healthy168.jpg,1,masks/leaf/d58aa89b02e802dfc96e9f20.png,pending,nonempty,Healthy168.jpg,,Healthy168.jpg,,628a816ce23cdbb9dd35a264f8bd0fad689dc5b554dca33c5bd0747b6da473aa,healthy,,train,False,,pending,unknown,512
SAM3_auto,original,True,healthy:Healthy1680.jpg,512,6c43992ad797b0c981673319,healthy_source,/content/drive/MyDrive/Healthy/Healthy1680.jpg,1,masks/leaf/6c43992ad797b0c981673319.png,pending,nonempty,Healthy1680.jpg,,Healthy1680.jpg,,34daf7cdb303374dfc59d9ac0c0cce02d95d949503549f58c2ba3e6cded9973a,healthy,,train,False,,pending,unknown,512
SAM3_auto,original,True,healthy:Healthy1682.jpg,512,1395ccf5d4b9babb82d2ef46,healthy_source,/content/drive/MyDrive/Healthy/Healthy1682.jpg,1,masks/leaf/1395ccf5d4b9babb82d2ef46.png,pending,nonempty,Healthy1682.jpg,,Healthy1682.jpg,,bb2c6639cddf7d33d891b5f50f0313c6b432077fea32a2081814ccff097a1d74,healthy,,train,False,,pending,unknown,512
SAM3_auto,original,True,healthy:Healthy1683.jpg,512,f92b1cf1e30bde85e4cd1361,healthy_source,/content/drive/MyDrive/Healthy/Healthy1683.jpg,1,masks/leaf/f92b1cf1e30bde85e4cd1361.png,pending,nonempty,Healthy1683.jpg,,Healthy1683.jpg,,de8920ec606178743f5c49e422f4467ca3388bc58d158ca35e7441731e7526bc,healthy,,train,False,,pending,unknown,512
SAM3_auto,original,True,healthy:Healthy1686.jpg,512,cbcd940bddbb96fe54bba930,healthy_source,/content/drive/MyDrive/Healthy/Healthy1686.jpg,1,masks/leaf/cbcd940bddbb96fe54bba930.png,pending,nonempty,Healthy1686.jpg,,Healthy1686.jpg,,25392ac2d8c65e4f267e781a6fe9465bb5ba8a36d912669025a8158a71240842,healthy,,train,False,,pending,unknown,512
SAM3_auto,original,True,healthy:Healthy1689.jpg,512,1f8c25dafe451aae456f87f0,healthy_source,/content/drive/MyDrive/Healthy/Healthy1689.jpg,1,masks/leaf/1f8c25dafe451aae456f87f0.png,pending,nonempty,Healthy1689.jpg,,Healthy1689.jpg,,87cc409fe021ef9eee9cef43de4b672e84a8bd428a7d12f5dbf779f033e14ec0,healthy,,train,False,,pending,unknown,512
SAM3_auto,original,True,healthy:Healthy169.jpg,512,c1bb189d6e0c0bb1aed751fe,healthy_source,/content/drive/MyDrive/Healthy/Healthy169.jpg,1,masks/leaf/c1bb189d6e0c0bb1aed751fe.png,pending,nonempty,Healthy169.jpg,,Healthy169.jpg,,1cbc8a48525fd9b97cbc73c812c77b6fa016fb6f6f859f88536c4c3e7a3193a1,healthy,,train,False,,pending,unknown,512
SAM3_auto,original,True,healthy:Healthy1690.jpg,512,a55e71db6bcea2f36eec00e6,healthy_source,/content/drive/MyDrive/Healthy/Healthy1690.jpg,1,masks/leaf/a55e71db6bcea2f36eec00e6.png,pending,nonempty,Healthy1690.jpg,,Healthy1690.jpg,,8309c7cbaa8e77144ae63909ba559332dd57a9e4daad1eeaaf0ae09dfead028f,healthy,,train,False,,pending,unknown,512
SAM3_auto,original,True,healthy:Healthy1691.jpg,512,6f57b920f78f7e6a9b2da6fd,healthy_source,/content/drive/MyDrive/Healthy/Healthy1691.jpg,1,masks/leaf/6f57b920f78f7e6a9b2da6fd.png,pending,nonempty,Healthy1691.jpg,,Healthy1691.jpg,,9ef6481ba8c75ee4f349311ba984d66ecdc06e2781e2856cba2c525ed516472d,healthy,,train,False,,pending,unknown,512
SAM3_auto,original,True,healthy:Healthy1694.jpg,512,09a1b6e48b86fa70070a8d12,healthy_source,/content/drive/MyDrive/Healthy/Healthy1694.jpg,1,masks/leaf/09a1b6e48b86fa70070a8d12.png,pending,nonempty,Healthy1694.jpg,,Healthy1694.jpg,,18b3349ed990fbe91a43ba4f09f433ca544a36a50fda3242abe70071cb865c4f,healthy,,train,False,,pending,unknown,512
SAM3_auto,original,True,healthy:Healthy1697.jpg,512,3009f509cead4880278c1686,healthy_source,/content/drive/MyDrive/Healthy/Healthy1697.jpg,1,masks/leaf/3009f509cead4880278c1686.png,pending,nonempty,Healthy1697.jpg,,Healthy1697.jpg,,5e9b544e3ee3497a357e5b1739fb19e19b410b841743eb61d198bc67b0a16fe0,healthy,,train,False,,pending,unknown,512
SAM3_auto,original,True,healthy:Healthy1699.jpg,512,71dac9da3be5f25ec06ba86b,healthy_source,/content/drive/MyDrive/Healthy/Healthy1699.jpg,1,masks/leaf/71dac9da3be5f25ec06ba86b.png,pending,nonempty,Healthy1699.jpg,,Healthy1699.jpg,,2d4f2aaa7186769295298425ced4c6efbc3d35682739c21fb2ba495ab957ee89,healthy,,train,False,,pending,unknown,512
SAM3_auto,original,True,healthy:Healthy1700.jpg,512,6c307c386bb50a2499c375de,healthy_source,/content/drive/MyDrive/Healthy/Healthy1700.jpg,1,masks/leaf/6c307c386bb50a2499c375de.png,pending,nonempty,Healthy1700.jpg,,Healthy1700.jpg,,273f3c73267cb6d0f7e16175f83e2ccb3dbd360fa8d5830827a47d7c2d70dfc6,healthy,,train,False,,pending,unknown,512
SAM3_auto,original,True,healthy:Healthy1701.jpg,512,6dec1d60d752aee023497f92,healthy_source,/content/drive/MyDrive/Healthy/Healthy1701.jpg,1,masks/leaf/6dec1d60d752aee023497f92.png,pending,nonempty,Healthy1701.jpg,,Healthy1701.jpg,,5561a9ab33d6d13fe62770c6ce3e5a307a7bda2bf0bdb157447f43573367d2c4,healthy,,train,False,,pending,unknown,512
SAM3_auto,original,True,healthy:Healthy1702.jpg,512,603b95588c79bbc02a77bcbd,healthy_source,/content/drive/MyDrive/Healthy/Healthy1702.jpg,1,masks/leaf/603b95588c79bbc02a77bcbd.png,pending,nonempty,Healthy1702.jpg,,Healthy1702.jpg,,337e792fbf08f5314b5477a6638c2bd1ead9b830cbc8dd41489c22ea03683b73,healthy,,train,False,,pending,unknown,512
SAM3_auto,original,True,healthy:Healthy1703.jpg,512,f82a4d4e6d5cf9f2a0c52f29,healthy_source,/content/drive/MyDrive/Healthy/Healthy1703.jpg,1,masks/leaf/f82a4d4e6d5cf9f2a0c52f29.png,pending,nonempty,Healthy1703.jpg,,Healthy1703.jpg,,6d293d7d42c4d26d3537b4d7c9faa34c155ea9ecb53ad0b5e2312d718ce014c0,healthy,,train,False,,pending,unknown,512
SAM3_auto,original,True,healthy:Healthy1704.jpg,512,1502e2469535939fd34bde79,healthy_source,/content/drive/MyDrive/Healthy/Healthy1704.jpg,1,masks/leaf/1502e2469535939fd34bde79.png,pending,nonempty,Healthy1704.jpg,,Healthy1704.jpg,,341c6709e9fee72cc6749875534ab42683f5c005f950a72c97a35db354f8142e,healthy,,train,False,,pending,unknown,512
SAM3_auto,original,True,healthy:Healthy1705.jpg,512,1404537b7cb93d6d31e47e44,healthy_source,/content/drive/MyDrive/Healthy/Healthy1705.jpg,1,masks/leaf/1404537b7cb93d6d31e47e44.png,pending,nonempty,Healthy1705.jpg,,Healthy1705.jpg,,493d76923754fcf01afca44f8f560f19223b464b17f41b28f6c6ecff604a0806,healthy,,train,False,,pending,unknown,512
SAM3_auto,original,True,healthy:Healthy1706.jpg,512,d80895c05e43d95c64d474bf,healthy_source,/content/drive/MyDrive/Healthy/Healthy1706.jpg,1,masks/leaf/d80895c05e43d95c64d474bf.png,pending,nonempty,Healthy1706.jpg,,Healthy1706.jpg,,2455d0381e6d28c71a00d02bc1e6ea03b1a4634e5ac38957af706b9645d322e3,healthy,,train,False,,pending,unknown,512
SAM3_auto,original,True,healthy:Healthy1709.jpg,512,eb607c8de1be7a71df8ff43d,healthy_source,/content/drive/MyDrive/Healthy/Healthy1709.jpg,1,masks/leaf/eb607c8de1be7a71df8ff43d.png,pending,nonempty,Healthy1709.jpg,,Healthy1709.jpg,,902049824f888e02406159bba3bdc306f06415f30a740d78800325b67a32fd51,healthy,,train,False,,pending,unknown,512
SAM3_auto,original,True,healthy:Healthy1711.jpg,512,e0bf6d5092434b48a560bd45,healthy_source,/content/drive/MyDrive/Healthy/Healthy1711.jpg,1,masks/leaf/e0bf6d5092434b48a560bd45.png,pending,nonempty,Healthy1711.jpg,,Healthy1711.jpg,,52f55ad0792895bbf82c6d863587a4ccdb4ed72e299be7637ede2568dd52efd3,healthy,,train,False,,pending,unknown,512
SAM3_auto,original,True,healthy:Healthy1712.jpg,512,630b019cd61dc0650f12a65e,healthy_source,/content/drive/MyDrive/Healthy/Healthy1712.jpg,1,masks/leaf/630b019cd61dc0650f12a65e.png,pending,nonempty,Healthy1712.jpg,,Healthy1712.jpg,,739e73b28e7670a7c05b74b7f806c22cff4548ecae7fafe6ab6862c1e19f4a1b,healthy,,train,False,,pending,unknown,512
SAM3_auto,original,True,healthy:Healthy1714.jpg,512,3d8e236732db0c1b20246b67,healthy_source,/content/drive/MyDrive/Healthy/Healthy1714.jpg,1,masks/leaf/3d8e236732db0c1b20246b67.png,pending,nonempty,Healthy1714.jpg,,Healthy1714.jpg,,b29b56e8c2f85f677bcebbabf0f34c6012567339945441a08e5768781d8fff5d,healthy,,train,False,,pending,unknown,512
SAM3_auto,original,True,healthy:Healthy1715.jpg,512,a612697f435af3db4f1e0a8c,healthy_source,/content/drive/MyDrive/Healthy/Healthy1715.jpg,1,masks/leaf/a612697f435af3db4f1e0a8c.png,pending,nonempty,Healthy1715.jpg,,Healthy1715.jpg,,ee653a4fe3e1905ca45211474ff57a819f789a41199b40f909117b22c2c94b2d,healthy,,train,False,,pending,unknown,512
SAM3_auto,original,True,healthy:Healthy1717.jpg,512,06dbc77db2994c2c5e04de99,healthy_source,/content/drive/MyDrive/Healthy/Healthy1717.jpg,1,masks/leaf/06dbc77db2994c2c5e04de99.png,pending,nonempty,Healthy1717.jpg,,Healthy1717.jpg,,90d358eb4faa055d4b9bc57004b251af1adc5061d6e84dbb38ee870c3abf0a96,healthy,,train,False,,pending,unknown,512
SAM3_auto,original,True,healthy:Healthy1718.jpg,512,11b121a3dd19202cad1666fb,healthy_source,/content/drive/MyDrive/Healthy/Healthy1718.jpg,1,masks/leaf/11b121a3dd19202cad1666fb.png,pending,nonempty,Healthy1718.jpg,,Healthy1718.jpg,,013cf294a6ca4ace8c2705c4fc9667f340fb787b090d956c30d303b95452e293,healthy,,train,False,,pending,unknown,512
SAM3_auto,original,True,healthy:Healthy1719.jpg,512,b5aa888e6a2c025661d42049,healthy_source,/content/drive/MyDrive/Healthy/Healthy1719.jpg,1,masks/leaf/b5aa888e6a2c025661d42049.png,pending,nonempty,Healthy1719.jpg,,Healthy1719.jpg,,dd535ce8adc130cfbb251d17af45c9b043ec10f1c990e139975946c484918982,healthy,,train,False,,pending,unknown,512
SAM3_auto,original,True,healthy:Healthy172.jpg,512,cf9fc2be06c7d83ebc37de1e,healthy_source,/content/drive/MyDrive/Healthy/Healthy172.jpg,1,masks/leaf/cf9fc2be06c7d83ebc37de1e.png,pending,nonempty,Healthy172.jpg,,Healthy172.jpg,,c9184f168946ff31ffc42a8b5000b10dee89363266be9077b0c8fa0e97a2989e,healthy,,train,False,,pending,unknown,512
SAM3_auto,original,True,healthy:Healthy1722.jpg,512,96e2c281f4339cf164e48045,healthy_source,/content/drive/MyDrive/Healthy/Healthy1722.jpg,1,masks/leaf/96e2c281f4339cf164e48045.png,pending,nonempty,Healthy1722.jpg,,Healthy1722.jpg,,4cfd9b930e5c9b2aa7d63011a55695be996470f13f2b78acd4d96f1f360e8f87,healthy,,train,False,,pending,unknown,512
SAM3_auto,original,True,healthy:Healthy1723.jpg,512,04326f2eadfae72c3b8b2eed,healthy_source,/content/drive/MyDrive/Healthy/Healthy1723.jpg,1,masks/leaf/04326f2eadfae72c3b8b2eed.png,pending,nonempty,Healthy1723.jpg,,Healthy1723.jpg,,a67ee24365f7af949b1e6cd8dfc7a7ebab65560f03cbfba10432fb35bf969ae1,healthy,,train,False,,pending,unknown,512
SAM3_auto,original,True,healthy:Healthy1724.jpg,512,d84f7dae7c7135e55fdf23c5,healthy_source,/content/drive/MyDrive/Healthy/Healthy1724.jpg,1,masks/leaf/d84f7dae7c7135e55fdf23c5.png,pending,nonempty,Healthy1724.jpg,,Healthy1724.jpg,,b2dc55e4c70a8d3d2e385fd1cd92f75656c3a0827a3eddebd6c70a0d75fb0eed,healthy,,train,False,,pending,unknown,512
SAM3_auto,original,True,healthy:Healthy1725.jpg,512,12fc89fcecab04cd4fb27724,healthy_source,/content/drive/MyDrive/Healthy/Healthy1725.jpg,1,masks/leaf/12fc89fcecab04cd4fb27724.png,pending,nonempty,Healthy1725.jpg,,Healthy1725.jpg,,878ac3071d27076592e604f3d65dda1bd45a732039d0aff2bf9fa3417f278236,healthy,,train,False,,pending,unknown,512
SAM3_auto,original,True,healthy:Healthy1726.jpg,512,3a27a9469de829bdb56cb539,healthy_source,/content/drive/MyDrive/Healthy/Healthy1726.jpg,1,masks/leaf/3a27a9469de829bdb56cb539.png,pending,nonempty,Healthy1726.jpg,,Healthy1726.jpg,,e9195f8c457118759ceaf0441028f4d0f0e8edcc1b471020201419b756d1ece9,healthy,,train,False,,pending,unknown,512
SAM3_auto,original,True,healthy:Healthy1727.jpg,512,4b637129ca4fb5e202a25de5,healthy_source,/content/drive/MyDrive/Healthy/Healthy1727.jpg,1,masks/leaf/4b637129ca4fb5e202a25de5.png,pending,nonempty,Healthy1727.jpg,,Healthy1727.jpg,,9469df1c2ad62e5dc00f4fbcc9d550183acb199bf51f83b1f1ee879557f2ba86,healthy,,train,False,,pending,unknown,512
SAM3_auto,original,True,healthy:Healthy1728.jpg,512,a838f5435fb553c4d87e10f2,healthy_source,/content/drive/MyDrive/Healthy/Healthy1728.jpg,1,masks/leaf/a838f5435fb553c4d87e10f2.png,pending,nonempty,Healthy1728.jpg,,Healthy1728.jpg,,3e97efe8ca90fa2eab292c658d0a0392f69b59510a81e886364578f8c75a621d,healthy,,train,False,,pending,unknown,512
SAM3_auto,original,True,healthy:Healthy1730.jpg,512,fc19dec4416b3934ade5c29e,healthy_source,/content/drive/MyDrive/Healthy/Healthy1730.jpg,1,masks/leaf/fc19dec4416b3934ade5c29e.png,pending,nonempty,Healthy1730.jpg,,Healthy1730.jpg,,4e427ca0b8898e79c1ab4f8aff868fbcf27586cf5a32c2746c83f8bd2022eeeb,healthy,,train,False,,pending,unknown,512
SAM3_auto,original,True,healthy:Healthy1731.jpg,512,a5191eb625eef79478dbee8b,healthy_source,/content/drive/MyDrive/Healthy/Healthy1731.jpg,1,masks/leaf/a5191eb625eef79478dbee8b.png,pending,nonempty,Healthy1731.jpg,,Healthy1731.jpg,,15e959f3d9adf6fcc816c9fbd11a58c8d1855e3321db78151f952a8d25cdd1e5,healthy,,train,False,,pending,unknown,512
SAM3_auto,original,True,healthy:Healthy1733.jpg,512,0996abb362f43aa7048625f4,healthy_source,/content/drive/MyDrive/Healthy/Healthy1733.jpg,1,masks/leaf/0996abb362f43aa7048625f4.png,pending,nonempty,Healthy1733.jpg,,Healthy1733.jpg,,6af0747176d29e6ffaeec4533212880b55070b2c8eb3726932297f9058ba49c1,healthy,,train,False,,pending,unknown,512
SAM3_auto,original,True,healthy:Healthy1734.jpg,512,181dedfe5cdcadca75f41b84,healthy_source,/content/drive/MyDrive/Healthy/Healthy1734.jpg,1,masks/leaf/181dedfe5cdcadca75f41b84.png,pending,nonempty,Healthy1734.jpg,,Healthy1734.jpg,,7cd08a08659d6203969b461673a069b0c1f1739f024123f7228eda920956de5c,healthy,,train,False,,pending,unknown,512
SAM3_auto,original,True,healthy:Healthy1737.jpg,512,86e18507d2b828bda668d9e5,healthy_source,/content/drive/MyDrive/Healthy/Healthy1737.jpg,1,masks/leaf/86e18507d2b828bda668d9e5.png,pending,nonempty,Healthy1737.jpg,,Healthy1737.jpg,,73e6a2f3cf41a3207874e02a8eb6fe2d7f7ecb63c50c5831da5274a95b6a38dc,healthy,,train,False,,pending,unknown,512
SAM3_auto,original,True,healthy:Healthy1739.jpg,512,cd4debd56184430e54d3e498,healthy_source,/content/drive/MyDrive/Healthy/Healthy1739.jpg,1,masks/leaf/cd4debd56184430e54d3e498.png,pending,nonempty,Healthy1739.jpg,,Healthy1739.jpg,,7d5b1bb9ec438b0b6fc715ce5a185fe2b939e7227dedd458cc6531cf659587e4,healthy,,train,False,,pending,unknown,512
SAM3_auto,original,True,healthy:Healthy174.jpg,512,632a500a0f15ec90b90b6283,healthy_source,/content/drive/MyDrive/Healthy/Healthy174.jpg,1,masks/leaf/632a500a0f15ec90b90b6283.png,pending,nonempty,Healthy174.jpg,,Healthy174.jpg,,0f15f83ad4f488a8aecb55383419c4ad50c2b05042afcfa1ad1b752a9aab9fd9,healthy,,train,False,,pending,unknown,512
SAM3_auto,original,True,healthy:Healthy1741.jpg,512,f871efe7637021193cbe035b,healthy_source,/content/drive/MyDrive/Healthy/Healthy1741.jpg,1,masks/leaf/f871efe7637021193cbe035b.png,pending,nonempty,Healthy1741.jpg,,Healthy1741.jpg,,cc542a77c2a6bc3a20f2983ac7f43436b38e94929851c4c1c3b6c873653fef63,healthy,,train,False,,pending,unknown,512
SAM3_auto,original,True,healthy:Healthy1742.jpg,512,0b3dac933b7d954d68177baa,healthy_source,/content/drive/MyDrive/Healthy/Healthy1742.jpg,1,masks/leaf/0b3dac933b7d954d68177baa.png,pending,nonempty,Healthy1742.jpg,,Healthy1742.jpg,,6809d3f89a0b0626d41cd1924350d66556056db85575bc677b6c22998e4de6c2,healthy,,train,False,,pending,unknown,512
SAM3_auto,original,True,healthy:Healthy1743.jpg,512,017294a86a62b2ce8162908b,healthy_source,/content/drive/MyDrive/Healthy/Healthy1743.jpg,1,masks/leaf/017294a86a62b2ce8162908b.png,pending,nonempty,Healthy1743.jpg,,Healthy1743.jpg,,91fc92b26b15a76ae9c942b7e496cd584ac29e7d289cbe33dea041a4f46f7109,healthy,,train,False,,pending,unknown,512
SAM3_auto,original,True,healthy:Healthy1745.jpg,512,eac2d6357d3b5a87d00bab99,healthy_source,/content/drive/MyDrive/Healthy/Healthy1745.jpg,1,masks/leaf/eac2d6357d3b5a87d00bab99.png,pending,nonempty,Healthy1745.jpg,,Healthy1745.jpg,,169ca2d74ac7539e7f6b75fa9ff4a597a2ff9d8e310e1f13d038f76a09acadc9,healthy,,train,False,,pending,unknown,512
SAM3_auto,original,True,healthy:Healthy1746.jpg,512,c9c93dbad8205c202019dfe8,healthy_source,/content/drive/MyDrive/Healthy/Healthy1746.jpg,1,masks/leaf/c9c93dbad8205c202019dfe8.png,pending,nonempty,Healthy1746.jpg,,Healthy1746.jpg,,7df7d267f175c7d0b874288f01badd28639e4ae39ad1a2fcb037aeadae9988c5,healthy,,train,False,,pending,unknown,512
SAM3_auto,original,True,healthy:Healthy1747.jpg,512,3baa31283d0965e84032bec7,healthy_source,/content/drive/MyDrive/Healthy/Healthy1747.jpg,1,masks/leaf/3baa31283d0965e84032bec7.png,pending,nonempty,Healthy1747.jpg,,Healthy1747.jpg,,0faa2fd7526b21847f7da75e11e09112a8c39e6cbde5cdcff3d202f5ad385f85,healthy,,train,False,,pending,unknown,512
SAM3_auto,original,True,healthy:Healthy175.jpg,512,084ce49ed108bbd6895f3e83,healthy_source,/content/drive/MyDrive/Healthy/Healthy175.jpg,1,masks/leaf/084ce49ed108bbd6895f3e83.png,pending,nonempty,Healthy175.jpg,,Healthy175.jpg,,f66f4ec35328e4cb5515357492dde9f67d5c3554100e8ad980abd34c610dfec5,healthy,,train,False,,pending,unknown,512
SAM3_auto,original,True,healthy:Healthy1750.jpg,512,162dd18c66487ccd689a97f9,healthy_source,/content/drive/MyDrive/Healthy/Healthy1750.jpg,1,masks/leaf/162dd18c66487ccd689a97f9.png,pending,nonempty,Healthy1750.jpg,,Healthy1750.jpg,,eba6232967edeb9b3477f381fc7122ae1c7a19ee5a6d465af80e8dcb7b2302d3,healthy,,train,False,,pending,unknown,512
SAM3_auto,original,True,healthy:Healthy1751.jpg,512,bc27b9599f5a1dc50bbdeee7,healthy_source,/content/drive/MyDrive/Healthy/Healthy1751.jpg,1,masks/leaf/bc27b9599f5a1dc50bbdeee7.png,pending,nonempty,Healthy1751.jpg,,Healthy1751.jpg,,d60becdaee0678391f90098fd3fa74b6ae18b7392357a7230ee930c91ef0bf18,healthy,,train,False,,pending,unknown,512
SAM3_auto,original,True,healthy:Healthy1752.jpg,512,dd7d13ca48215fb55fddb588,healthy_source,/content/drive/MyDrive/Healthy/Healthy1752.jpg,1,masks/leaf/dd7d13ca48215fb55fddb588.png,pending,nonempty,Healthy1752.jpg,,Healthy1752.jpg,,65facc9c4477860e1c55d86f8c8aaf0da2c6cc5ed2322a3fbaab69f9ad73caf4,healthy,,train,False,,pending,unknown,512
SAM3_auto,original,True,healthy:Healthy1753.jpg,512,fa43077509688a555f59157a,healthy_source,/content/drive/MyDrive/Healthy/Healthy1753.jpg,1,masks/leaf/fa43077509688a555f59157a.png,pending,nonempty,Healthy1753.jpg,,Healthy1753.jpg,,d4f5c06bd54608655bf2a257456282ab92442fff28a9d360b9324e58d21cd572,healthy,,train,False,,pending,unknown,512
SAM3_auto,original,True,healthy:Healthy1754.jpg,512,730c24d796b2bc1a3f613bda,healthy_source,/content/drive/MyDrive/Healthy/Healthy1754.jpg,1,masks/leaf/730c24d796b2bc1a3f613bda.png,pending,nonempty,Healthy1754.jpg,,Healthy1754.jpg,,17e2f48e5dd7ad4dedae5e503136eec5cd07d03a38e0b682a9d10edf14b147e9,healthy,,train,False,,pending,unknown,512
SAM3_auto,original,True,healthy:Healthy1755.jpg,512,bd1795a95b6bd21ead28b508,healthy_source,/content/drive/MyDrive/Healthy/Healthy1755.jpg,1,masks/leaf/bd1795a95b6bd21ead28b508.png,pending,nonempty,Healthy1755.jpg,,Healthy1755.jpg,,52e5a22dafaa07de9c980a098aab454fbdbdd759ca4ca73746a4c717891443f3,healthy,,train,False,,pending,unknown,512
SAM3_auto,original,True,healthy:Healthy1756.jpg,512,a70057296ccabdabf9bcb3a1,healthy_source,/content/drive/MyDrive/Healthy/Healthy1756.jpg,1,masks/leaf/a70057296ccabdabf9bcb3a1.png,pending,nonempty,Healthy1756.jpg,,Healthy1756.jpg,,532471808ebcc321eb5d6239f89cc7f7dcc20c6fd44c4337a68809a5cb897971,healthy,,train,False,,pending,unknown,512
SAM3_auto,original,True,healthy:Healthy1757.jpg,512,e2863cbdd910e4369ef111e4,healthy_source,/content/drive/MyDrive/Healthy/Healthy1757.jpg,1,masks/leaf/e2863cbdd910e4369ef111e4.png,pending,nonempty,Healthy1757.jpg,,Healthy1757.jpg,,3ce76d56136479c163e4e8d7d615a6ff43d92626fb2f574c3b7ad9622ade0110,healthy,,train,False,,pending,unknown,512
SAM3_auto,original,True,healthy:Healthy1758.jpg,512,730778cbb25816d23a12c474,healthy_source,/content/drive/MyDrive/Healthy/Healthy1758.jpg,1,masks/leaf/730778cbb25816d23a12c474.png,pending,nonempty,Healthy1758.jpg,,Healthy1758.jpg,,a15f0f70d267dfdaa971da76d6a90a0df46153abe8d702f8e033a4ce51e12e0b,healthy,,train,False,,pending,unknown,512
SAM3_auto,original,True,healthy:Healthy1759.jpg,512,7c03af9e9de48591801e724e,healthy_source,/content/drive/MyDrive/Healthy/Healthy1759.jpg,1,masks/leaf/7c03af9e9de48591801e724e.png,pending,nonempty,Healthy1759.jpg,,Healthy1759.jpg,,7dc0ece27841746a79f7a9bdea2142a6e23b5136d6ff75c07dff97ac8973ead4,healthy,,train,False,,pending,unknown,512
SAM3_auto,original,True,healthy:Healthy176.jpg,512,9e0fe16022a97857d80ec3e8,healthy_source,/content/drive/MyDrive/Healthy/Healthy176.jpg,1,masks/leaf/9e0fe16022a97857d80ec3e8.png,pending,nonempty,Healthy176.jpg,,Healthy176.jpg,,87cde856338b1b16fd128ac67ee71390f7ba1624257490ca7654800230fc4c56,healthy,,train,False,,pending,unknown,512
SAM3_auto,original,True,healthy:Healthy1760.jpg,512,2a2f78fc734fab6958b15650,healthy_source,/content/drive/MyDrive/Healthy/Healthy1760.jpg,1,masks/leaf/2a2f78fc734fab6958b15650.png,pending,nonempty,Healthy1760.jpg,,Healthy1760.jpg,,f596d41ba9bfde5fcc887a59151384528dadf5752ed8d7e1d66d0923d641b70c,healthy,,train,False,,pending,unknown,512
SAM3_auto,original,True,healthy:Healthy1762.jpg,512,b69011f560a34184934c8ebf,healthy_source,/content/drive/MyDrive/Healthy/Healthy1762.jpg,1,masks/leaf/b69011f560a34184934c8ebf.png,pending,nonempty,Healthy1762.jpg,,Healthy1762.jpg,,c43978c5599194ae1887cc170e019975dc4652f30cd49546e86ef2bf6e4cb7da,healthy,,train,False,,pending,unknown,512
SAM3_auto,original,True,healthy:Healthy1763.jpg,512,4fba66537c8785ff94104471,healthy_source,/content/drive/MyDrive/Healthy/Healthy1763.jpg,1,masks/leaf/4fba66537c8785ff94104471.png,pending,nonempty,Healthy1763.jpg,,Healthy1763.jpg,,50cf2c395bac64868ef837f4e7f1cea37490d5f2cc609617991e8b639592c614,healthy,,train,False,,pending,unknown,512
SAM3_auto,original,True,healthy:Healthy1764.jpg,512,341be1c3c3d56bcaf24f0821,healthy_source,/content/drive/MyDrive/Healthy/Healthy1764.jpg,1,masks/leaf/341be1c3c3d56bcaf24f0821.png,pending,nonempty,Healthy1764.jpg,,Healthy1764.jpg,,73eb9fba515ccadea6af7a9fff546ff5c8b72f58dbe50ba733b1853cbe7a3b49,healthy,,train,False,,pending,unknown,512
SAM3_auto,original,True,healthy:Healthy1765.jpg,512,24f4376f649ab158b830a33f,healthy_source,/content/drive/MyDrive/Healthy/Healthy1765.jpg,1,masks/leaf/24f4376f649ab158b830a33f.png,pending,nonempty,Healthy1765.jpg,,Healthy1765.jpg,,c51906a6b7cd8fb9770a63946b8fba9038f61415d3b95524735dc0fed411d69b,healthy,,train,False,,pending,unknown,512
SAM3_auto,original,True,healthy:Healthy1766.jpg,512,ad2b4b68cb7e19bb9163ae90,healthy_source,/content/drive/MyDrive/Healthy/Healthy1766.jpg,2,masks/leaf/ad2b4b68cb7e19bb9163ae90.png,pending,nonempty,Healthy1766.jpg,,Healthy1766.jpg,,9de8d29ffe423f9f56846f4543e9b4e6149df381526aaf63876acfc96841db2f,healthy,,train,False,,pending,unknown,512
SAM3_auto,original,True,healthy:Healthy1767.jpg,512,ccf5c42216215f162ebf56c9,healthy_source,/content/drive/MyDrive/Healthy/Healthy1767.jpg,1,masks/leaf/ccf5c42216215f162ebf56c9.png,pending,nonempty,Healthy1767.jpg,,Healthy1767.jpg,,d016648f8d5671d924ad1da9c9287e2177cdd43eef1a478278022bef63d60881,healthy,,train,False,,pending,unknown,512
SAM3_auto,original,True,healthy:Healthy1768.jpg,512,e403b688c717174fd2b2b98f,healthy_source,/content/drive/MyDrive/Healthy/Healthy1768.jpg,1,masks/leaf/e403b688c717174fd2b2b98f.png,pending,nonempty,Healthy1768.jpg,,Healthy1768.jpg,,4db28911e12cf867b99e12463db71e18a3a2f895f1ea1202243b5e5bd3295624,healthy,,train,False,,pending,unknown,512
SAM3_auto,original,True,healthy:Healthy177.jpg,512,0957ff9d2b872aa446b3d5f5,healthy_source,/content/drive/MyDrive/Healthy/Healthy177.jpg,1,masks/leaf/0957ff9d2b872aa446b3d5f5.png,pending,nonempty,Healthy177.jpg,,Healthy177.jpg,,1047e40a0f168db93abbc836c2f2f0be984a1b4b9f4f9c5bacee5c0de3e8b042,healthy,,train,False,,pending,unknown,512
SAM3_auto,original,True,healthy:Healthy1770.jpg,512,43a56cc33a7630a1cc382772,healthy_source,/content/drive/MyDrive/Healthy/Healthy1770.jpg,1,masks/leaf/43a56cc33a7630a1cc382772.png,pending,nonempty,Healthy1770.jpg,,Healthy1770.jpg,,c419178ba48d99bca738354dfb6414fd6e6348880485d83cbfa2e27407c893ac,healthy,,train,False,,pending,unknown,512
SAM3_auto,original,True,healthy:Healthy1771.jpg,512,bab5f9c1cafd003f73012292,healthy_source,/content/drive/MyDrive/Healthy/Healthy1771.jpg,1,masks/leaf/bab5f9c1cafd003f73012292.png,pending,nonempty,Healthy1771.jpg,,Healthy1771.jpg,,2374a4203a4f1cb4efca6001bd31bb40a8a5a68d811316f5a269621caf32fc61,healthy,,train,False,,pending,unknown,512
SAM3_auto,original,True,healthy:Healthy1772.jpg,512,6557dc176ad9e92dd05253e2,healthy_source,/content/drive/MyDrive/Healthy/Healthy1772.jpg,1,masks/leaf/6557dc176ad9e92dd05253e2.png,pending,nonempty,Healthy1772.jpg,,Healthy1772.jpg,,1116b86c659f48af8ed9f49191d7d7737d22554db0fbafe7c021a95055880520,healthy,,train,False,,pending,unknown,512
SAM3_auto,original,True,healthy:Healthy1774.jpg,512,30797dd68890f04b83761d56,healthy_source,/content/drive/MyDrive/Healthy/Healthy1774.jpg,1,masks/leaf/30797dd68890f04b83761d56.png,pending,nonempty,Healthy1774.jpg,,Healthy1774.jpg,,d5f418fbadad31c7eb4cfc7e3e8bafb1e063cf6d874748ca34e05280a54b47b4,healthy,,train,False,,pending,unknown,512
SAM3_auto,original,True,healthy:Healthy1775.jpg,512,68dcd028ca5623a341091c43,healthy_source,/content/drive/MyDrive/Healthy/Healthy1775.jpg,1,masks/leaf/68dcd028ca5623a341091c43.png,pending,nonempty,Healthy1775.jpg,,Healthy1775.jpg,,1e831d6bccabe9df5071c41659cf4c1a61d479d6aac36402915d5a28b4be3730,healthy,,train,False,,pending,unknown,512
SAM3_auto,original,True,healthy:Healthy1777.jpg,512,afe40a1d5bd817a046e9afc1,healthy_source,/content/drive/MyDrive/Healthy/Healthy1777.jpg,1,masks/leaf/afe40a1d5bd817a046e9afc1.png,pending,nonempty,Healthy1777.jpg,,Healthy1777.jpg,,69c2aa1d1bc816f1f36a07e09e499f0556b92be86e3558339cc3b7d6501abeab,healthy,,train,False,,pending,unknown,512
SAM3_auto,original,True,healthy:Healthy1778.jpg,512,c20d07591c59ff82fc9b1d6a,healthy_source,/content/drive/MyDrive/Healthy/Healthy1778.jpg,2,masks/leaf/c20d07591c59ff82fc9b1d6a.png,pending,nonempty,Healthy1778.jpg,,Healthy1778.jpg,,b6c68d37eeaad3de91a741e3af7848e1497c3a5b3e1c2d484bbd197a8ad13b89,healthy,,train,False,,pending,unknown,512
SAM3_auto,original,True,healthy:Healthy1779.jpg,512,eee28e59818ccb8676b01f37,healthy_source,/content/drive/MyDrive/Healthy/Healthy1779.jpg,1,masks/leaf/eee28e59818ccb8676b01f37.png,pending,nonempty,Healthy1779.jpg,,Healthy1779.jpg,,ae1c642c2ed5f5d863b522eec6630067477789a0b6f89c4b801989dd16ca218c,healthy,,train,False,,pending,unknown,512
SAM3_auto,original,True,healthy:Healthy178.jpg,512,0b41b6c0dca4b989b13e78e4,healthy_source,/content/drive/MyDrive/Healthy/Healthy178.jpg,1,masks/leaf/0b41b6c0dca4b989b13e78e4.png,pending,nonempty,Healthy178.jpg,,Healthy178.jpg,,f988b92473af8ee472c99a85b9c0cdd6ee05c58fd140f4657501d9b37beca582,healthy,,train,False,,pending,unknown,512
SAM3_auto,original,True,healthy:Healthy1781.jpg,512,8557ef4ab4c1392cb8c7a089,healthy_source,/content/drive/MyDrive/Healthy/Healthy1781.jpg,1,masks/leaf/8557ef4ab4c1392cb8c7a089.png,pending,nonempty,Healthy1781.jpg,,Healthy1781.jpg,,191118f00118ee3354c12288567d6a433a4ccdbb1b7208f9dd77c81e35670739,healthy,,train,False,,pending,unknown,512
SAM3_auto,original,True,healthy:Healthy1782.jpg,512,aa8db68a0008ae6abb406791,healthy_source,/content/drive/MyDrive/Healthy/Healthy1782.jpg,1,masks/leaf/aa8db68a0008ae6abb406791.png,pending,nonempty,Healthy1782.jpg,,Healthy1782.jpg,,2e1ac8f7d7a0d915e831057b5608daf254fa605b6e55c693d9ccb19b0ddce140,healthy,,train,False,,pending,unknown,512
SAM3_auto,original,True,healthy:Healthy1784.jpg,512,c45a676967f4a231e734e4b7,healthy_source,/content/drive/MyDrive/Healthy/Healthy1784.jpg,1,masks/leaf/c45a676967f4a231e734e4b7.png,pending,nonempty,Healthy1784.jpg,,Healthy1784.jpg,,b83a0a526399cce33a62a8810026bac71334f6529d3a3599ee8f6d00016b3b51,healthy,,train,False,,pending,unknown,512
SAM3_auto,original,True,healthy:Healthy1786.jpg,512,6f13f11355a21a99d7bd98f2,healthy_source,/content/drive/MyDrive/Healthy/Healthy1786.jpg,1,masks/leaf/6f13f11355a21a99d7bd98f2.png,pending,nonempty,Healthy1786.jpg,,Healthy1786.jpg,,86fa47f257825ee3a84b0b8a3fc464052897549cc7601334c2dca38cb19a415e,healthy,,train,False,,pending,unknown,512
SAM3_auto,original,True,healthy:Healthy1787.jpg,512,6ef29f4901801cfabbee03aa,healthy_source,/content/drive/MyDrive/Healthy/Healthy1787.jpg,1,masks/leaf/6ef29f4901801cfabbee03aa.png,pending,nonempty,Healthy1787.jpg,,Healthy1787.jpg,,e4c4647084fc31d7e446d5866943706c6ac16fabacefb2011e6e76551c0112dc,healthy,,train,False,,pending,unknown,512
SAM3_auto,original,True,healthy:Healthy1789.jpg,512,baf4aeb6f2b138e2417ff822,healthy_source,/content/drive/MyDrive/Healthy/Healthy1789.jpg,1,masks/leaf/baf4aeb6f2b138e2417ff822.png,pending,nonempty,Healthy1789.jpg,,Healthy1789.jpg,,20cc5316b6f8ac3b1bafb5217f35e84e00a681d9f12704648fb273a6e87f0f1e,healthy,,train,False,,pending,unknown,512
SAM3_auto,original,True,healthy:Healthy179.jpg,512,f8b60f26db9b0fb06c6d0aab,healthy_source,/content/drive/MyDrive/Healthy/Healthy179.jpg,1,masks/leaf/f8b60f26db9b0fb06c6d0aab.png,pending,nonempty,Healthy179.jpg,,Healthy179.jpg,,727e0f33f82ec422022b9b4aed60f34187eb719bd8a0ecdf2a8de845a268170f,healthy,,train,False,,pending,unknown,512
SAM3_auto,original,True,healthy:Healthy1790.jpg,512,69641e21924a16ce09fbb606,healthy_source,/content/drive/MyDrive/Healthy/Healthy1790.jpg,1,masks/leaf/69641e21924a16ce09fbb606.png,pending,nonempty,Healthy1790.jpg,,Healthy1790.jpg,,98e6ce78f5cc98f3412b7392a82404182e4643c85c9260af7d4f88a5fdb6162a,healthy,,train,False,,pending,unknown,512
SAM3_auto,original,True,healthy:Healthy1791.jpg,512,62cfc22f120442ef7f2662ce,healthy_source,/content/drive/MyDrive/Healthy/Healthy1791.jpg,2,masks/leaf/62cfc22f120442ef7f2662ce.png,pending,nonempty,Healthy1791.jpg,,Healthy1791.jpg,,591e2d48932d4329e3b4f66a6db0bfb6265b203ba6a9c74d908ba59f498af377,healthy,,train,False,,pending,unknown,512
SAM3_auto,original,True,healthy:Healthy1792.jpg,512,ad46f81bade1db582af94dba,healthy_source,/content/drive/MyDrive/Healthy/Healthy1792.jpg,1,masks/leaf/ad46f81bade1db582af94dba.png,pending,nonempty,Healthy1792.jpg,,Healthy1792.jpg,,635fa7ce15aab9e0072cd604e934ece0b830e666f6ed318110729e5d0e4043fb,healthy,,train,False,,pending,unknown,512
SAM3_auto,original,True,healthy:Healthy1794.jpg,512,159a4a41019427abe20d201e,healthy_source,/content/drive/MyDrive/Healthy/Healthy1794.jpg,1,masks/leaf/159a4a41019427abe20d201e.png,pending,nonempty,Healthy1794.jpg,,Healthy1794.jpg,,d2c69608d4b6e93919fda3e2454ca08b76cf15c473615dbc6ce13e8c6ecbe05a,healthy,,train,False,,pending,unknown,512
SAM3_auto,original,True,healthy:Healthy1796.jpg,512,541b7361c7af191b06912345,healthy_source,/content/drive/MyDrive/Healthy/Healthy1796.jpg,1,masks/leaf/541b7361c7af191b06912345.png,pending,nonempty,Healthy1796.jpg,,Healthy1796.jpg,,8638fb96cf345445fbf8441b5d64fbac34004218021884efe0b7b38c1cac486c,healthy,,train,False,,pending,unknown,512
SAM3_auto,original,True,healthy:Healthy1797.jpg,512,1b0b1230cf2d8ccee1e69ed1,healthy_source,/content/drive/MyDrive/Healthy/Healthy1797.jpg,1,masks/leaf/1b0b1230cf2d8ccee1e69ed1.png,pending,nonempty,Healthy1797.jpg,,Healthy1797.jpg,,8c5fe6993a352bfac306f7c1929ff8800684adb8602902f9ee0128bb4a62332d,healthy,,train,False,,pending,unknown,512
SAM3_auto,original,True,healthy:Healthy1798.jpg,512,eb0c5227fcdc7857d90d3e06,healthy_source,/content/drive/MyDrive/Healthy/Healthy1798.jpg,1,masks/leaf/eb0c5227fcdc7857d90d3e06.png,pending,nonempty,Healthy1798.jpg,,Healthy1798.jpg,,718c5326f0e84e22275da5fca1f7f07d063e362e5d1b80f2c9b3af730c7110a6,healthy,,train,False,,pending,unknown,512
SAM3_auto,original,True,healthy:Healthy1799.jpg,512,5fc92b4fb58b02836b94048f,healthy_source,/content/drive/MyDrive/Healthy/Healthy1799.jpg,1,masks/leaf/5fc92b4fb58b02836b94048f.png,pending,nonempty,Healthy1799.jpg,,Healthy1799.jpg,,d21a1eebbbbc828d514a50472f3ab47f03a25384cbb88cd2ca552b2dacbd498d,healthy,,train,False,,pending,unknown,512
SAM3_auto,original,True,healthy:Healthy18.jpg,512,ba0e8a90d2f6a138cc479cea,healthy_source,/content/drive/MyDrive/Healthy/Healthy18.jpg,1,masks/leaf/ba0e8a90d2f6a138cc479cea.png,pending,nonempty,Healthy18.jpg,,Healthy18.jpg,,d2df3c236f1ef9c0242a4522b239fb0014127edc98dac9c7d875f46b68eb7186,healthy,,train,False,,pending,unknown,512
SAM3_auto,original,True,healthy:Healthy180.jpg,512,207244755f01bbda8cf8a4d9,healthy_source,/content/drive/MyDrive/Healthy/Healthy180.jpg,1,masks/leaf/207244755f01bbda8cf8a4d9.png,pending,nonempty,Healthy180.jpg,,Healthy180.jpg,,ba6cf492e1000e666c6d1f7b6e91bf0b7a2d8f0addfdd5751d4d21962952e593,healthy,,train,False,,pending,unknown,512
SAM3_auto,original,True,healthy:Healthy1800.jpg,512,9ca777a1c1e6e8b024b45ca7,healthy_source,/content/drive/MyDrive/Healthy/Healthy1800.jpg,1,masks/leaf/9ca777a1c1e6e8b024b45ca7.png,pending,nonempty,Healthy1800.jpg,,Healthy1800.jpg,,5555db66661b76f590a7db62650b9fd5f39fe8725c32453ef42bd3b4b035842e,healthy,,train,False,,pending,unknown,512
SAM3_auto,original,True,healthy:Healthy1803.jpg,512,2257f07c664c40578b7a86b3,healthy_source,/content/drive/MyDrive/Healthy/Healthy1803.jpg,1,masks/leaf/2257f07c664c40578b7a86b3.png,pending,nonempty,Healthy1803.jpg,,Healthy1803.jpg,,7ea430b3a2f9d6f6a3c41c78fd676b35cb0cf98cd23051c8c4f9d8f86cd7bfa7,healthy,,train,False,,pending,unknown,512
SAM3_auto,original,True,healthy:Healthy1804.jpg,512,98cca96d12713f44fe9debac,healthy_source,/content/drive/MyDrive/Healthy/Healthy1804.jpg,1,masks/leaf/98cca96d12713f44fe9debac.png,pending,nonempty,Healthy1804.jpg,,Healthy1804.jpg,,003ee24ecaa1f2a383ebcd16f78210a421c707425798ad167e47b04e0d1425a4,healthy,,train,False,,pending,unknown,512
SAM3_auto,original,True,healthy:Healthy1805.jpg,512,221a24fe9986a6af06972cff,healthy_source,/content/drive/MyDrive/Healthy/Healthy1805.jpg,1,masks/leaf/221a24fe9986a6af06972cff.png,pending,nonempty,Healthy1805.jpg,,Healthy1805.jpg,,86da5e65ccaf2156512b52242930fdc456f128a5d5d87515c75f49214b4e3fbe,healthy,,train,False,,pending,unknown,512
SAM3_auto,original,True,healthy:Healthy1806.jpg,512,45e00c26031430e36f6ba695,healthy_source,/content/drive/MyDrive/Healthy/Healthy1806.jpg,1,masks/leaf/45e00c26031430e36f6ba695.png,pending,nonempty,Healthy1806.jpg,,Healthy1806.jpg,,f682c9935b8fdbb169b423d0a926ccc8bed3fa1c1d41df8966174347b25153f4,healthy,,train,False,,pending,unknown,512
SAM3_auto,original,True,healthy:Healthy1807.jpg,512,5f38fc1abf41047ac89bb00f,healthy_source,/content/drive/MyDrive/Healthy/Healthy1807.jpg,1,masks/leaf/5f38fc1abf41047ac89bb00f.png,pending,nonempty,Healthy1807.jpg,,Healthy1807.jpg,,6224af59ad8eebbeee710d2dee2160ae021b45c81ec5dcd549504c75811c03b7,healthy,,train,False,,pending,unknown,512
SAM3_auto,original,True,healthy:Healthy1809.jpg,512,155ff34bea023e7ea504bb41,healthy_source,/content/drive/MyDrive/Healthy/Healthy1809.jpg,1,masks/leaf/155ff34bea023e7ea504bb41.png,pending,nonempty,Healthy1809.jpg,,Healthy1809.jpg,,70faa4e31a3f52778248110d5be2cd8740c3dd32ec29dcf2d22c44c10c631380,healthy,,train,False,,pending,unknown,512
SAM3_auto,original,True,healthy:Healthy181.jpg,512,cb15dfd6cfd10c8d1906e431,healthy_source,/content/drive/MyDrive/Healthy/Healthy181.jpg,1,masks/leaf/cb15dfd6cfd10c8d1906e431.png,pending,nonempty,Healthy181.jpg,,Healthy181.jpg,,b3f9fe5adc0a8cbf8722745fbf4904a49874c364fb81e74b7c34df7a2c5c4369,healthy,,train,False,,pending,unknown,512
SAM3_auto,original,True,healthy:Healthy1810.jpg,512,0719de9a80526c60beb2b249,healthy_source,/content/drive/MyDrive/Healthy/Healthy1810.jpg,1,masks/leaf/0719de9a80526c60beb2b249.png,pending,nonempty,Healthy1810.jpg,,Healthy1810.jpg,,c589245b57b600a59efa6f26ac3cbffba63f9cb8bf39fdd5909516b101bca90d,healthy,,train,False,,pending,unknown,512
SAM3_auto,original,True,healthy:Healthy1811.jpg,512,f3a8ea3e4835faded55f1672,healthy_source,/content/drive/MyDrive/Healthy/Healthy1811.jpg,1,masks/leaf/f3a8ea3e4835faded55f1672.png,pending,nonempty,Healthy1811.jpg,,Healthy1811.jpg,,925cc79fad8ab6ad1105831ff6eb9cb30761ad86c0c0292d402c37765adb596b,healthy,,train,False,,pending,unknown,512
SAM3_auto,original,True,healthy:Healthy1813.jpg,512,9ed1d5fadfc3952f468d2bbe,healthy_source,/content/drive/MyDrive/Healthy/Healthy1813.jpg,1,masks/leaf/9ed1d5fadfc3952f468d2bbe.png,pending,nonempty,Healthy1813.jpg,,Healthy1813.jpg,,95379e8e51941d6626a619c9fe0d3a81cdad20b98afe6aa2df8a3d31a32adf64,healthy,,train,False,,pending,unknown,512
SAM3_auto,original,True,healthy:Healthy1814.jpg,512,86916d6011f16621d4ef387a,healthy_source,/content/drive/MyDrive/Healthy/Healthy1814.jpg,1,masks/leaf/86916d6011f16621d4ef387a.png,pending,nonempty,Healthy1814.jpg,,Healthy1814.jpg,,db215fe2689bce6df19c99ded73b76e2870ec78b376785f07b044172c7eb7129,healthy,,train,False,,pending,unknown,512
SAM3_auto,original,True,healthy:Healthy1816.jpg,512,d827191e895787075d3e441c,healthy_source,/content/drive/MyDrive/Healthy/Healthy1816.jpg,1,masks/leaf/d827191e895787075d3e441c.png,pending,nonempty,Healthy1816.jpg,,Healthy1816.jpg,,f22a0edf6d8ee2dc004f5acec2eaf9702117f0b278daee50a24656c9e0a5a5ca,healthy,,train,False,,pending,unknown,512
SAM3_auto,original,True,healthy:Healthy1817.jpg,512,932a8fe4ebb68d9a315e2e72,healthy_source,/content/drive/MyDrive/Healthy/Healthy1817.jpg,1,masks/leaf/932a8fe4ebb68d9a315e2e72.png,pending,nonempty,Healthy1817.jpg,,Healthy1817.jpg,,2e4b1f852e7454e38301c6acc2af0caa86bc73ec985930d80239a5ec1755b340,healthy,,train,False,,pending,unknown,512
SAM3_auto,original,True,healthy:Healthy1818.jpg,512,80f17ec11a9803dfe4387b13,healthy_source,/content/drive/MyDrive/Healthy/Healthy1818.jpg,1,masks/leaf/80f17ec11a9803dfe4387b13.png,pending,nonempty,Healthy1818.jpg,,Healthy1818.jpg,,ed0f9c1eff5041c7254bb41c8f40f9ff588b7f3c00fd65ae743816e66f6ed54b,healthy,,train,False,,pending,unknown,512
SAM3_auto,original,True,healthy:Healthy1819.jpg,512,5eaebbebc83a931bd060261a,healthy_source,/content/drive/MyDrive/Healthy/Healthy1819.jpg,1,masks/leaf/5eaebbebc83a931bd060261a.png,pending,nonempty,Healthy1819.jpg,,Healthy1819.jpg,,0639cca5911b0e07e6c9ca1608a21c66fb305464082903d8863f94d001b4eaf2,healthy,,train,False,,pending,unknown,512
SAM3_auto,original,True,healthy:Healthy1820.jpg,512,de43042b1b5722333f6bc06a,healthy_source,/content/drive/MyDrive/Healthy/Healthy1820.jpg,1,masks/leaf/de43042b1b5722333f6bc06a.png,pending,nonempty,Healthy1820.jpg,,Healthy1820.jpg,,10f5d295e137b88aeb04cee8a47e48fef3f23327b6a13ac832e27722a338c244,healthy,,train,False,,pending,unknown,512
SAM3_auto,original,True,healthy:Healthy1821.jpg,512,80d67c9b0eba471bb9420fd5,healthy_source,/content/drive/MyDrive/Healthy/Healthy1821.jpg,1,masks/leaf/80d67c9b0eba471bb9420fd5.png,pending,nonempty,Healthy1821.jpg,,Healthy1821.jpg,,13d570c4d52961b1d2db29ca5d84a58094cc1a469da52ab7a1a0aa8bc8400f27,healthy,,train,False,,pending,unknown,512
SAM3_auto,original,True,healthy:Healthy1824.jpg,512,edf0ad1caa10776dd67dc5c9,healthy_source,/content/drive/MyDrive/Healthy/Healthy1824.jpg,1,masks/leaf/edf0ad1caa10776dd67dc5c9.png,pending,nonempty,Healthy1824.jpg,,Healthy1824.jpg,,d286f91f71c48254a9af515d58ebdc6007f8cdaf5a7868315478fd5972f21851,healthy,,train,False,,pending,unknown,512
SAM3_auto,original,True,healthy:Healthy1825.jpg,512,254b5c8a47af34db6b992a02,healthy_source,/content/drive/MyDrive/Healthy/Healthy1825.jpg,1,masks/leaf/254b5c8a47af34db6b992a02.png,pending,nonempty,Healthy1825.jpg,,Healthy1825.jpg,,a0363cc0c00d56cf45e95b0af5d76347cd3e21dafcb6c5c512a09adc20e13527,healthy,,train,False,,pending,unknown,512
SAM3_auto,original,True,healthy:Healthy1826.jpg,512,a1150dce31b021c5a8d0c82d,healthy_source,/content/drive/MyDrive/Healthy/Healthy1826.jpg,1,masks/leaf/a1150dce31b021c5a8d0c82d.png,pending,nonempty,Healthy1826.jpg,,Healthy1826.jpg,,1bb3ce17a0e747c18eddf6f84be18fbb8964a5bb7934006408144b1ceb6184e8,healthy,,train,False,,pending,unknown,512
SAM3_auto,original,True,healthy:Healthy1828.jpg,512,a1826c3133ba2c5778efb2b7,healthy_source,/content/drive/MyDrive/Healthy/Healthy1828.jpg,1,masks/leaf/a1826c3133ba2c5778efb2b7.png,pending,nonempty,Healthy1828.jpg,,Healthy1828.jpg,,1d4cc290e0ec17436c920961aca3e08331898cd0d787e75815b4ae80ce846918,healthy,,train,False,,pending,unknown,512
SAM3_auto,original,True,healthy:Healthy1829.jpg,512,f52d2237e2babf8c5b6ab751,healthy_source,/content/drive/MyDrive/Healthy/Healthy1829.jpg,1,masks/leaf/f52d2237e2babf8c5b6ab751.png,pending,nonempty,Healthy1829.jpg,,Healthy1829.jpg,,7d101c794b1415e80cf0001ea454c1a27b21e65f0e6089cb6afbbda15cf0dfbb,healthy,,train,False,,pending,unknown,512
SAM3_auto,original,True,healthy:Healthy1830.jpg,512,34e242b33e2a3cbc224daf3b,healthy_source,/content/drive/MyDrive/Healthy/Healthy1830.jpg,1,masks/leaf/34e242b33e2a3cbc224daf3b.png,pending,nonempty,Healthy1830.jpg,,Healthy1830.jpg,,6adaac6cd47fac8f9b66cc1631e5ab7d745b7405719f553d8d7579585b069ae6,healthy,,train,False,,pending,unknown,512
SAM3_auto,original,True,healthy:Healthy1831.jpg,512,4f1ed290f69eb6664fd2590a,healthy_source,/content/drive/MyDrive/Healthy/Healthy1831.jpg,1,masks/leaf/4f1ed290f69eb6664fd2590a.png,pending,nonempty,Healthy1831.jpg,,Healthy1831.jpg,,ca5286a623c1297e2a3002cede0c39441df83ed91c7be8c26023f817213fa124,healthy,,train,False,,pending,unknown,512
SAM3_auto,original,True,healthy:Healthy1832.jpg,512,a332578b61f73b628b6f5639,healthy_source,/content/drive/MyDrive/Healthy/Healthy1832.jpg,1,masks/leaf/a332578b61f73b628b6f5639.png,pending,nonempty,Healthy1832.jpg,,Healthy1832.jpg,,fa20fd830875b57119bbfb0b61b1eb4c310ab75729a9f81bf330f312f7200c9b,healthy,,train,False,,pending,unknown,512
SAM3_auto,original,True,healthy:Healthy1833.jpg,512,5e07f0467cbea257ee492151,healthy_source,/content/drive/MyDrive/Healthy/Healthy1833.jpg,1,masks/leaf/5e07f0467cbea257ee492151.png,pending,nonempty,Healthy1833.jpg,,Healthy1833.jpg,,935294a6c3f05a27a8740ae14f0d60a02fe6497d38c926a59ed6c24805c8cf9f,healthy,,train,False,,pending,unknown,512
SAM3_auto,original,True,healthy:Healthy1834.jpg,512,f4f559768e72626b3c5aafb4,healthy_source,/content/drive/MyDrive/Healthy/Healthy1834.jpg,1,masks/leaf/f4f559768e72626b3c5aafb4.png,pending,nonempty,Healthy1834.jpg,,Healthy1834.jpg,,2fbb88d1a72e25a0455e4a355d55cdea9d2599ac7d4986f749510d0b49542e02,healthy,,train,False,,pending,unknown,512
SAM3_auto,original,True,healthy:Healthy1835.jpg,512,ec9a9a2393710a2218c3f1f4,healthy_source,/content/drive/MyDrive/Healthy/Healthy1835.jpg,1,masks/leaf/ec9a9a2393710a2218c3f1f4.png,pending,nonempty,Healthy1835.jpg,,Healthy1835.jpg,,e2c6195ea8fa19c233263e9b47dabbaaa4379ba56ce1315015e17ca344567fb4,healthy,,train,False,,pending,unknown,512
SAM3_auto,original,True,healthy:Healthy1836.jpg,512,420b8b8785b83907d4c3d968,healthy_source,/content/drive/MyDrive/Healthy/Healthy1836.jpg,1,masks/leaf/420b8b8785b83907d4c3d968.png,pending,nonempty,Healthy1836.jpg,,Healthy1836.jpg,,343f6d25b35baaca84bdb786bfd94237160dd916cb95dfc7566cb100ff89ea25,healthy,,train,False,,pending,unknown,512
SAM3_auto,original,True,healthy:Healthy1837.jpg,512,beab9827fdb01fed2fc6e5ff,healthy_source,/content/drive/MyDrive/Healthy/Healthy1837.jpg,1,masks/leaf/beab9827fdb01fed2fc6e5ff.png,pending,nonempty,Healthy1837.jpg,,Healthy1837.jpg,,33a5847d40be583b26cecc6b258c7ddc1dc58d173cd84daab2f92395ee90399d,healthy,,train,False,,pending,unknown,512
SAM3_auto,original,True,healthy:Healthy1838.jpg,512,a33b62f8476a4fad6f6d70fe,healthy_source,/content/drive/MyDrive/Healthy/Healthy1838.jpg,1,masks/leaf/a33b62f8476a4fad6f6d70fe.png,pending,nonempty,Healthy1838.jpg,,Healthy1838.jpg,,1f5cabfc64c97edaa088464db0e906d75d94fd59ab8ae854b4092cfd5b49749d,healthy,,train,False,,pending,unknown,512
SAM3_auto,original,True,healthy:Healthy1839.jpg,512,06c46802cb4ea6101bd263e8,healthy_source,/content/drive/MyDrive/Healthy/Healthy1839.jpg,1,masks/leaf/06c46802cb4ea6101bd263e8.png,pending,nonempty,Healthy1839.jpg,,Healthy1839.jpg,,5020822ff721081a2d248c274dd969d820d4eb23310f0b5381d32829b1f04dbd,healthy,,train,False,,pending,unknown,512
SAM3_auto,original,True,healthy:Healthy1840.jpg,512,e36872151e43782b824fe300,healthy_source,/content/drive/MyDrive/Healthy/Healthy1840.jpg,1,masks/leaf/e36872151e43782b824fe300.png,pending,nonempty,Healthy1840.jpg,,Healthy1840.jpg,,22efe1ec72b766e58418b054dbc3340f47d0d6268c8ad52489ab6c882bb7f95d,healthy,,train,False,,pending,unknown,512
SAM3_auto,original,True,healthy:Healthy1843.jpg,512,fac126e5783f18ee5e1f4a0f,healthy_source,/content/drive/MyDrive/Healthy/Healthy1843.jpg,4,masks/leaf/fac126e5783f18ee5e1f4a0f.png,pending,nonempty,Healthy1843.jpg,,Healthy1843.jpg,,2887caa2d01d8323a3c239c81353875d072bb06269cbec6820ce44f36da74803,healthy,,train,False,,pending,unknown,512
SAM3_auto,original,True,healthy:Healthy1845.jpg,512,7b71f48150a0531333ca9ce7,healthy_source,/content/drive/MyDrive/Healthy/Healthy1845.jpg,1,masks/leaf/7b71f48150a0531333ca9ce7.png,pending,nonempty,Healthy1845.jpg,,Healthy1845.jpg,,296223a3373fc000b36b4de4d73c79dfbb8b48136d9802209b59db1ea5c228f8,healthy,,train,False,,pending,unknown,512
SAM3_auto,original,True,healthy:Healthy1847.jpg,512,a935cfd333dba55770dcbd44,healthy_source,/content/drive/MyDrive/Healthy/Healthy1847.jpg,1,masks/leaf/a935cfd333dba55770dcbd44.png,pending,nonempty,Healthy1847.jpg,,Healthy1847.jpg,,b286d6a7ced859dc94664e9c09bda17b206734a7bd2ae9c74cb3c33d8174c76e,healthy,,train,False,,pending,unknown,512
SAM3_auto,original,True,healthy:Healthy1848.jpg,512,ba0740f6442d5b3b64c2f2b0,healthy_source,/content/drive/MyDrive/Healthy/Healthy1848.jpg,1,masks/leaf/ba0740f6442d5b3b64c2f2b0.png,pending,nonempty,Healthy1848.jpg,,Healthy1848.jpg,,6d73df933dcc37f224c5f316cb23bb96ce97321e24b293e9ffcf3a130eaa8e6e,healthy,,train,False,,pending,unknown,512
SAM3_auto,original,True,healthy:Healthy1849.jpg,512,d03c6dc74378267c96ac2da1,healthy_source,/content/drive/MyDrive/Healthy/Healthy1849.jpg,1,masks/leaf/d03c6dc74378267c96ac2da1.png,pending,nonempty,Healthy1849.jpg,,Healthy1849.jpg,,93503f49321ee63a89c5c17a7fc644b3def32d8c8909256dbdf43ad6057a5ae7,healthy,,train,False,,pending,unknown,512
SAM3_auto,original,True,healthy:Healthy1851.jpg,512,c377e874a87d55e88f71ece1,healthy_source,/content/drive/MyDrive/Healthy/Healthy1851.jpg,1,masks/leaf/c377e874a87d55e88f71ece1.png,pending,nonempty,Healthy1851.jpg,,Healthy1851.jpg,,0f683298acb82be5ce9837645cc0551ecf3f02fe739dd1e1fed36d3980808965,healthy,,train,False,,pending,unknown,512
SAM3_auto,original,True,healthy:Healthy1852.jpg,512,40935f75ca353fc18ee4fe81,healthy_source,/content/drive/MyDrive/Healthy/Healthy1852.jpg,1,masks/leaf/40935f75ca353fc18ee4fe81.png,pending,nonempty,Healthy1852.jpg,,Healthy1852.jpg,,701c4bae01e0cb8c3bc41152ab525ecc3e123eef97d603ea6d94c7fcdd28d3e9,healthy,,train,False,,pending,unknown,512
SAM3_auto,original,True,healthy:Healthy1856.jpg,512,aab677a123d31846c268b3f6,healthy_source,/content/drive/MyDrive/Healthy/Healthy1856.jpg,1,masks/leaf/aab677a123d31846c268b3f6.png,pending,nonempty,Healthy1856.jpg,,Healthy1856.jpg,,c6c2e3b3ec31be3301ab3b9c41a8d6dae454bddd940246dba53fcef478d8fe1b,healthy,,train,False,,pending,unknown,512
SAM3_auto,original,True,healthy:Healthy1857.jpg,512,2502de4d25f1dd27e5d56cf7,healthy_source,/content/drive/MyDrive/Healthy/Healthy1857.jpg,1,masks/leaf/2502de4d25f1dd27e5d56cf7.png,pending,nonempty,Healthy1857.jpg,,Healthy1857.jpg,,554ada19b5989fa3a802f8416426100f5ce18c94b9b0dc2cfbe5f9ce340763d8,healthy,,train,False,,pending,unknown,512
SAM3_auto,original,True,healthy:Healthy1859.jpg,512,1e02d60919fd2bc8205ccb5f,healthy_source,/content/drive/MyDrive/Healthy/Healthy1859.jpg,1,masks/leaf/1e02d60919fd2bc8205ccb5f.png,pending,nonempty,Healthy1859.jpg,,Healthy1859.jpg,,a00c53149afe429c17261f5c4b5ed714fe0a4c7d2cae83f41a7cf3c15a91301a,healthy,,train,False,,pending,unknown,512
SAM3_auto,original,True,healthy:Healthy1860.jpg,512,ee275da83c359c428b510b0e,healthy_source,/content/drive/MyDrive/Healthy/Healthy1860.jpg,1,masks/leaf/ee275da83c359c428b510b0e.png,pending,nonempty,Healthy1860.jpg,,Healthy1860.jpg,,24fa852b321ea6703a43a74d3bddb5b5efc0064af6c4a2eabd5629abfc9cdf58,healthy,,train,False,,pending,unknown,512
SAM3_auto,original,True,healthy:Healthy1861.jpg,512,cb8dd89b706f8eb034da52e1,healthy_source,/content/drive/MyDrive/Healthy/Healthy1861.jpg,1,masks/leaf/cb8dd89b706f8eb034da52e1.png,pending,nonempty,Healthy1861.jpg,,Healthy1861.jpg,,16d6116e34063cb755e326004013e39f24ed3625596569f2297305b20acc7170,healthy,,train,False,,pending,unknown,512
SAM3_auto,original,True,healthy:Healthy1863.jpg,512,da1a5298a09aecc7d7b08e01,healthy_source,/content/drive/MyDrive/Healthy/Healthy1863.jpg,1,masks/leaf/da1a5298a09aecc7d7b08e01.png,pending,nonempty,Healthy1863.jpg,,Healthy1863.jpg,,e2694486015dfdd7030df7a107f130ee2e934642f7870ba7b76aa68d0cef5436,healthy,,train,False,,pending,unknown,512
SAM3_auto,original,True,healthy:Healthy1864.jpg,512,5b13d6c94efe017193c5ecc4,healthy_source,/content/drive/MyDrive/Healthy/Healthy1864.jpg,1,masks/leaf/5b13d6c94efe017193c5ecc4.png,pending,nonempty,Healthy1864.jpg,,Healthy1864.jpg,,9bb46945e509eeede3f4535eead3c9c4ad181a39392f8183e824fab62dd586bd,healthy,,train,False,,pending,unknown,512
SAM3_auto,original,True,healthy:Healthy1865.jpg,512,5614591fa1dc9798cdb16e00,healthy_source,/content/drive/MyDrive/Healthy/Healthy1865.jpg,1,masks/leaf/5614591fa1dc9798cdb16e00.png,pending,nonempty,Healthy1865.jpg,,Healthy1865.jpg,,65533e3b06b3a756512dadab05307612927657cdf2c432958105093c79de20ed,healthy,,train,False,,pending,unknown,512
SAM3_auto,original,True,healthy:Healthy1866.jpg,512,f80d880d20da69c678c66efb,healthy_source,/content/drive/MyDrive/Healthy/Healthy1866.jpg,1,masks/leaf/f80d880d20da69c678c66efb.png,pending,nonempty,Healthy1866.jpg,,Healthy1866.jpg,,d916cd23e85b9fc7f32f343810ec6f4374ad482ce116cec53375271e4a00c08e,healthy,,train,False,,pending,unknown,512
SAM3_auto,original,True,healthy:Healthy1867.jpg,512,9b1100aeae7e51740ae6d573,healthy_source,/content/drive/MyDrive/Healthy/Healthy1867.jpg,1,masks/leaf/9b1100aeae7e51740ae6d573.png,pending,nonempty,Healthy1867.jpg,,Healthy1867.jpg,,90e71c5af22db4cbdcb4a41956442f034b77090eb169d5e0993bfa21ce766c06,healthy,,train,False,,pending,unknown,512
SAM3_auto,original,True,healthy:Healthy1868.jpg,512,3685195fe4d6b9dabb2998dc,healthy_source,/content/drive/MyDrive/Healthy/Healthy1868.jpg,1,masks/leaf/3685195fe4d6b9dabb2998dc.png,pending,nonempty,Healthy1868.jpg,,Healthy1868.jpg,,05637edd91e87ad374fc49c4a2beea8cc5322a1090d2bd717ab1add9c9f06e7e,healthy,,train,False,,pending,unknown,512
SAM3_auto,original,True,healthy:Healthy187.jpg,512,d1bcad2e10e2657ce5767492,healthy_source,/content/drive/MyDrive/Healthy/Healthy187.jpg,1,masks/leaf/d1bcad2e10e2657ce5767492.png,pending,nonempty,Healthy187.jpg,,Healthy187.jpg,,f29fa1ad4774557858b2a8fb1a013b6a637d740a9eda04ee9c41a84b75c11a6c,healthy,,train,False,,pending,unknown,512
SAM3_auto,original,True,healthy:Healthy1870.jpg,512,8e8168f4fa5623a9daf59a02,healthy_source,/content/drive/MyDrive/Healthy/Healthy1870.jpg,1,masks/leaf/8e8168f4fa5623a9daf59a02.png,pending,nonempty,Healthy1870.jpg,,Healthy1870.jpg,,ab4af5c67b2c3e325c7397c7a9f1c2b626622aa211bf35eabb7462ea648aad39,healthy,,train,False,,pending,unknown,512
SAM3_auto,original,True,healthy:Healthy1871.jpg,512,80b621703238ae36a3fd4253,healthy_source,/content/drive/MyDrive/Healthy/Healthy1871.jpg,1,masks/leaf/80b621703238ae36a3fd4253.png,pending,nonempty,Healthy1871.jpg,,Healthy1871.jpg,,7716353d5661b8955aadb888557a4782f5e80aba01fd206979f2c3b9a3a558a3,healthy,,train,False,,pending,unknown,512
SAM3_auto,original,True,healthy:Healthy1874.jpg,512,0f7a0c716bc64f8160efbbb8,healthy_source,/content/drive/MyDrive/Healthy/Healthy1874.jpg,1,masks/leaf/0f7a0c716bc64f8160efbbb8.png,pending,nonempty,Healthy1874.jpg,,Healthy1874.jpg,,a5d9f24b62b50518dfbbfbaa07ce0d3e798e480c22cff1cf13692e7fd3bfd703,healthy,,train,False,,pending,unknown,512
SAM3_auto,original,True,healthy:Healthy1875.jpg,512,ab4fbeeff5cbf7eb8f6c8fdc,healthy_source,/content/drive/MyDrive/Healthy/Healthy1875.jpg,1,masks/leaf/ab4fbeeff5cbf7eb8f6c8fdc.png,pending,nonempty,Healthy1875.jpg,,Healthy1875.jpg,,3f4b23f179cda7f26ce1ff7d81d0da56db46f9dad933852dffd5907289400333,healthy,,train,False,,pending,unknown,512
SAM3_auto,original,True,healthy:Healthy1877.jpg,512,596b1b8ee9b8834dd8434843,healthy_source,/content/drive/MyDrive/Healthy/Healthy1877.jpg,1,masks/leaf/596b1b8ee9b8834dd8434843.png,pending,nonempty,Healthy1877.jpg,,Healthy1877.jpg,,0de2f415077677b4b9c086f721e6c17e2cca03e3632070f0ec17379cd5e81af3,healthy,,train,False,,pending,unknown,512
SAM3_auto,original,True,healthy:Healthy1879.jpg,512,63d6b063925b19c59f1c6db8,healthy_source,/content/drive/MyDrive/Healthy/Healthy1879.jpg,1,masks/leaf/63d6b063925b19c59f1c6db8.png,pending,nonempty,Healthy1879.jpg,,Healthy1879.jpg,,2433588cb37f6bed8cde38ebfc74b3ef548ba2f047b8fdfb68a495bf30d949f6,healthy,,train,False,,pending,unknown,512
SAM3_auto,original,True,healthy:Healthy1882.jpg,512,8d256cdb74556c3ae38cb4f0,healthy_source,/content/drive/MyDrive/Healthy/Healthy1882.jpg,1,masks/leaf/8d256cdb74556c3ae38cb4f0.png,pending,nonempty,Healthy1882.jpg,,Healthy1882.jpg,,e22132476e085b54c5e905f5f1f30b02fe675f002c345a19259d980734072080,healthy,,train,False,,pending,unknown,512
SAM3_auto,original,True,healthy:Healthy1883.jpg,512,d149dc14ec5ffeeb5a5f695d,healthy_source,/content/drive/MyDrive/Healthy/Healthy1883.jpg,1,masks/leaf/d149dc14ec5ffeeb5a5f695d.png,pending,nonempty,Healthy1883.jpg,,Healthy1883.jpg,,e4e3bd9d6b517cb9542b99f0c9871628a5b923eb9116191bb27b9bb7eb759c72,healthy,,train,False,,pending,unknown,512
SAM3_auto,original,True,healthy:Healthy1884.jpg,512,0dadaba1d7b9f4e41b54f190,healthy_source,/content/drive/MyDrive/Healthy/Healthy1884.jpg,1,masks/leaf/0dadaba1d7b9f4e41b54f190.png,pending,nonempty,Healthy1884.jpg,,Healthy1884.jpg,,10bb17d6578af5fc2be0f1a3551d2b86156e7bfd6a7a5bfc87ab595674e8884b,healthy,,train,False,,pending,unknown,512
SAM3_auto,original,True,healthy:Healthy1885.jpg,512,624bdcb73bc6eea6591e18c1,healthy_source,/content/drive/MyDrive/Healthy/Healthy1885.jpg,1,masks/leaf/624bdcb73bc6eea6591e18c1.png,pending,nonempty,Healthy1885.jpg,,Healthy1885.jpg,,1a3f7c4bc77b1c16e0e9903392816026adc5400412295587760920a0d3f9dba4,healthy,,train,False,,pending,unknown,512
SAM3_auto,original,True,healthy:Healthy1887.jpg,512,f8aa75ae0dd69e7d0edf812b,healthy_source,/content/drive/MyDrive/Healthy/Healthy1887.jpg,1,masks/leaf/f8aa75ae0dd69e7d0edf812b.png,pending,nonempty,Healthy1887.jpg,,Healthy1887.jpg,,2514abb1e73a0ea146b75e86958099d6d8ee3fb12c9f9341f85d5861e477c323,healthy,,train,False,,pending,unknown,512
SAM3_auto,original,True,healthy:Healthy1888.jpg,512,5111d244a7ebe36a6e0e87a7,healthy_source,/content/drive/MyDrive/Healthy/Healthy1888.jpg,1,masks/leaf/5111d244a7ebe36a6e0e87a7.png,pending,nonempty,Healthy1888.jpg,,Healthy1888.jpg,,3cecd2598646b67ba7f94736cc0eaef107f7edefa83baef1233eb3bbdb2398b4,healthy,,train,False,,pending,unknown,512
SAM3_auto,original,True,healthy:Healthy1889.jpg,512,b1026e6cd8370be1c6a6ba2f,healthy_source,/content/drive/MyDrive/Healthy/Healthy1889.jpg,1,masks/leaf/b1026e6cd8370be1c6a6ba2f.png,pending,nonempty,Healthy1889.jpg,,Healthy1889.jpg,,be2e1d9dd037715785ee262dc27f7f0e8decd1b417fe0714b9d324783bdb0e24,healthy,,train,False,,pending,unknown,512
SAM3_auto,original,True,healthy:Healthy189.jpg,512,0c87c9ae9157b061d7a2cb7e,healthy_source,/content/drive/MyDrive/Healthy/Healthy189.jpg,1,masks/leaf/0c87c9ae9157b061d7a2cb7e.png,pending,nonempty,Healthy189.jpg,,Healthy189.jpg,,9e49ae455609cca3386db4767928ccedfdade0d1dd2eeda105fd7df85a5f914a,healthy,,train,False,,pending,unknown,512
SAM3_auto,original,True,healthy:Healthy1891.jpg,512,d2e0a62deccf52aff92f7d6d,healthy_source,/content/drive/MyDrive/Healthy/Healthy1891.jpg,1,masks/leaf/d2e0a62deccf52aff92f7d6d.png,pending,nonempty,Healthy1891.jpg,,Healthy1891.jpg,,a2ca9a01329ec96ecedf20009058d682ea0948e1746a9f0445635dd5f763a0aa,healthy,,train,False,,pending,unknown,512
SAM3_auto,original,True,healthy:Healthy1892.jpg,512,e431d479d6362b8864f31203,healthy_source,/content/drive/MyDrive/Healthy/Healthy1892.jpg,1,masks/leaf/e431d479d6362b8864f31203.png,pending,nonempty,Healthy1892.jpg,,Healthy1892.jpg,,1a7c7272f1e2db91c9e96fcd782c40b8987e8ac0da5701ac52817c090200ec86,healthy,,train,False,,pending,unknown,512
SAM3_auto,original,True,healthy:Healthy1893.jpg,512,6bf322b047ebd01f3eb94153,healthy_source,/content/drive/MyDrive/Healthy/Healthy1893.jpg,1,masks/leaf/6bf322b047ebd01f3eb94153.png,pending,nonempty,Healthy1893.jpg,,Healthy1893.jpg,,815e4b89601b0251d7ac4798b9cdbb4bb31a736395e2f82fb0d30070925d29fd,healthy,,train,False,,pending,unknown,512
SAM3_auto,original,True,healthy:Healthy1894.jpg,512,2c72f6e35f404b62a65af676,healthy_source,/content/drive/MyDrive/Healthy/Healthy1894.jpg,1,masks/leaf/2c72f6e35f404b62a65af676.png,pending,nonempty,Healthy1894.jpg,,Healthy1894.jpg,,bc82fcdcb8b9e3f4c9646ed94b1c5ea8172c638dec0dc98e9aa48d43aa23a8d8,healthy,,train,False,,pending,unknown,512
SAM3_auto,original,True,healthy:Healthy1896.jpg,512,6a95b5a7ba08f5f9e52f923f,healthy_source,/content/drive/MyDrive/Healthy/Healthy1896.jpg,1,masks/leaf/6a95b5a7ba08f5f9e52f923f.png,pending,nonempty,Healthy1896.jpg,,Healthy1896.jpg,,8c22ef6118353ba8da9e556d8a645de1864dbeda7bbaee518530fe726f9cf502,healthy,,train,False,,pending,unknown,512
SAM3_auto,original,True,healthy:Healthy1899.jpg,512,53741327143a7478a4cc1fd4,healthy_source,/content/drive/MyDrive/Healthy/Healthy1899.jpg,1,masks/leaf/53741327143a7478a4cc1fd4.png,pending,nonempty,Healthy1899.jpg,,Healthy1899.jpg,,16fa367b8abe3109a823d455e2dbc4a2744e9de8a4a418aa49808ead6f375a98,healthy,,train,False,,pending,unknown,512
SAM3_auto,original,True,healthy:Healthy19.jpg,512,acde515c3d1020e431f3845b,healthy_source,/content/drive/MyDrive/Healthy/Healthy19.jpg,1,masks/leaf/acde515c3d1020e431f3845b.png,pending,nonempty,Healthy19.jpg,,Healthy19.jpg,,7c7f3376ef91df64b538dc9846df85b43cce7663faf95517af5b92a6183140f4,healthy,,train,False,,pending,unknown,512
SAM3_auto,original,True,healthy:Healthy190.jpg,512,ba00b823606c2f23d996a230,healthy_source,/content/drive/MyDrive/Healthy/Healthy190.jpg,1,masks/leaf/ba00b823606c2f23d996a230.png,pending,nonempty,Healthy190.jpg,,Healthy190.jpg,,159151eb218c3f3adff48509313d68c21df8aeab5b6531fe301fbee0574a4d06,healthy,,train,False,,pending,unknown,512
SAM3_auto,original,True,healthy:Healthy1900.jpg,512,8af6838ce7e6808bb5bbd986,healthy_source,/content/drive/MyDrive/Healthy/Healthy1900.jpg,1,masks/leaf/8af6838ce7e6808bb5bbd986.png,pending,nonempty,Healthy1900.jpg,,Healthy1900.jpg,,3220ae31186a736c0404e0012f6856e6728666fa5e2ba939134f4f0c520dbd61,healthy,,train,False,,pending,unknown,512
SAM3_auto,original,True,healthy:Healthy1902.jpg,512,f1c77a8ce4f6a4c5114855c2,healthy_source,/content/drive/MyDrive/Healthy/Healthy1902.jpg,1,masks/leaf/f1c77a8ce4f6a4c5114855c2.png,pending,nonempty,Healthy1902.jpg,,Healthy1902.jpg,,b21e419150b61d5dae039453f039e180029325d8ec798ada746daba1c5e23023,healthy,,train,False,,pending,unknown,512
SAM3_auto,original,True,healthy:Healthy1903.jpg,512,f5c2e1613def55cb0b98109c,healthy_source,/content/drive/MyDrive/Healthy/Healthy1903.jpg,1,masks/leaf/f5c2e1613def55cb0b98109c.png,pending,nonempty,Healthy1903.jpg,,Healthy1903.jpg,,af2bafb208bf1529e6b13f505b9fbe91cb91b9b46509da52f2d9e595efdeec35,healthy,,train,False,,pending,unknown,512
SAM3_auto,original,True,healthy:Healthy1904.jpg,512,c43db0e581ffcd6b563def5f,healthy_source,/content/drive/MyDrive/Healthy/Healthy1904.jpg,1,masks/leaf/c43db0e581ffcd6b563def5f.png,pending,nonempty,Healthy1904.jpg,,Healthy1904.jpg,,f94efbc32ecbc75014d7441c3af9af35eaf1e123af1642acc7f728c0729aa67f,healthy,,train,False,,pending,unknown,512
SAM3_auto,original,True,healthy:Healthy1906.jpg,512,7afbe0db18962ed651f16330,healthy_source,/content/drive/MyDrive/Healthy/Healthy1906.jpg,1,masks/leaf/7afbe0db18962ed651f16330.png,pending,nonempty,Healthy1906.jpg,,Healthy1906.jpg,,7f767596d5c3302cd5f99a6a8623c0ef6e4427f7fb84b57a1fa6993bfcca66f1,healthy,,train,False,,pending,unknown,512
SAM3_auto,original,True,healthy:Healthy1907.jpg,512,a6c6a5751d3ab1f580b3e31c,healthy_source,/content/drive/MyDrive/Healthy/Healthy1907.jpg,1,masks/leaf/a6c6a5751d3ab1f580b3e31c.png,pending,nonempty,Healthy1907.jpg,,Healthy1907.jpg,,347b04349dad1c4b68bb2696f4882fbd6ed0fb86eb636057338a799e7be5fe1f,healthy,,train,False,,pending,unknown,512
SAM3_auto,original,True,healthy:Healthy1908.jpg,512,8c50bc86ab9b07169f505c25,healthy_source,/content/drive/MyDrive/Healthy/Healthy1908.jpg,1,masks/leaf/8c50bc86ab9b07169f505c25.png,pending,nonempty,Healthy1908.jpg,,Healthy1908.jpg,,a82936a880c8c90b0bdb5bb6fa0b64f3ef05560ced4232eba31174b8981fb358,healthy,,train,False,,pending,unknown,512
SAM3_auto,original,True,healthy:Healthy1909.jpg,512,eceb0b68d73833088689ea80,healthy_source,/content/drive/MyDrive/Healthy/Healthy1909.jpg,1,masks/leaf/eceb0b68d73833088689ea80.png,pending,nonempty,Healthy1909.jpg,,Healthy1909.jpg,,407eb08819aa4bcbc8f551d60c71c7489e3d8604dab39ea0655e30cc2df96da9,healthy,,train,False,,pending,unknown,512
SAM3_auto,original,True,healthy:Healthy191.jpg,512,45b950110f25694e02f98184,healthy_source,/content/drive/MyDrive/Healthy/Healthy191.jpg,1,masks/leaf/45b950110f25694e02f98184.png,pending,nonempty,Healthy191.jpg,,Healthy191.jpg,,db5bcd6fe920aa674c6416d5abb12606ee84815665f91959a0901ef5c4f27648,healthy,,train,False,,pending,unknown,512
SAM3_auto,original,True,healthy:Healthy1910.jpg,512,e51fdf84d9ede845488aa6bf,healthy_source,/content/drive/MyDrive/Healthy/Healthy1910.jpg,1,masks/leaf/e51fdf84d9ede845488aa6bf.png,pending,nonempty,Healthy1910.jpg,,Healthy1910.jpg,,90e9c0d957c09f5ca569995ea20804ab30d55dadde31664690a32840c8eaccc2,healthy,,train,False,,pending,unknown,512
SAM3_auto,original,True,healthy:Healthy1911.jpg,512,dd307286dc4442552bee1e08,healthy_source,/content/drive/MyDrive/Healthy/Healthy1911.jpg,1,masks/leaf/dd307286dc4442552bee1e08.png,pending,nonempty,Healthy1911.jpg,,Healthy1911.jpg,,dad64ce93336c7b8c65ae925cde80d3e17d5947c3b9d502f065c270d728b41e9,healthy,,train,False,,pending,unknown,512
SAM3_auto,original,True,healthy:Healthy1912.jpg,512,507d27f41ed67b04f30a3c3d,healthy_source,/content/drive/MyDrive/Healthy/Healthy1912.jpg,1,masks/leaf/507d27f41ed67b04f30a3c3d.png,pending,nonempty,Healthy1912.jpg,,Healthy1912.jpg,,74b90b6057a50fc22d32d72316d895333131b5a0739ff3387ebb8e077f14bc83,healthy,,train,False,,pending,unknown,512
SAM3_auto,original,True,healthy:Healthy1914.jpg,512,ea096fd7f7f1eb684fab3bee,healthy_source,/content/drive/MyDrive/Healthy/Healthy1914.jpg,1,masks/leaf/ea096fd7f7f1eb684fab3bee.png,pending,nonempty,Healthy1914.jpg,,Healthy1914.jpg,,6f8249c95e4d71354e04b037cc97b00925828440969914a80e4c746095f676f9,healthy,,train,False,,pending,unknown,512
SAM3_auto,original,True,healthy:Healthy1915.jpg,512,a9f77fcd1f95a3b8ffcb0b9c,healthy_source,/content/drive/MyDrive/Healthy/Healthy1915.jpg,1,masks/leaf/a9f77fcd1f95a3b8ffcb0b9c.png,pending,nonempty,Healthy1915.jpg,,Healthy1915.jpg,,55f20c7407484d2e845e14911ac54f93736c92733e6d544a1d1a70ce6a3723ee,healthy,,train,False,,pending,unknown,512
SAM3_auto,original,True,healthy:Healthy1916.jpg,512,3e01f13355db92d9fdf681c8,healthy_source,/content/drive/MyDrive/Healthy/Healthy1916.jpg,1,masks/leaf/3e01f13355db92d9fdf681c8.png,pending,nonempty,Healthy1916.jpg,,Healthy1916.jpg,,36b707202b02a09b2d339c45f0fdc607cb420ed0500b460d73292f476017007a,healthy,,train,False,,pending,unknown,512
SAM3_auto,original,True,healthy:Healthy1918.jpg,512,9c5db9618ebd18bccb59aa54,healthy_source,/content/drive/MyDrive/Healthy/Healthy1918.jpg,2,masks/leaf/9c5db9618ebd18bccb59aa54.png,pending,nonempty,Healthy1918.jpg,,Healthy1918.jpg,,1ec429f0e77095e651910bee9e4a15055668317f9e3dbe0cde55c81738af4308,healthy,,train,False,,pending,unknown,512
SAM3_auto,original,True,healthy:Healthy192.jpg,512,2187cb4c6d3d2cc09104ea88,healthy_source,/content/drive/MyDrive/Healthy/Healthy192.jpg,1,masks/leaf/2187cb4c6d3d2cc09104ea88.png,pending,nonempty,Healthy192.jpg,,Healthy192.jpg,,3b152cd56d66ba2d3768560931bd29a5e560431ffd03e771676244048e472e00,healthy,,train,False,,pending,unknown,512
SAM3_auto,original,True,healthy:Healthy1920.jpg,512,9e17f724e34a7b589ea949be,healthy_source,/content/drive/MyDrive/Healthy/Healthy1920.jpg,1,masks/leaf/9e17f724e34a7b589ea949be.png,pending,nonempty,Healthy1920.jpg,,Healthy1920.jpg,,12e456a3e882a27e4a906dcd98ebeac9241b5a6e4f7501842a9cb22d6d200d7d,healthy,,train,False,,pending,unknown,512
SAM3_auto,original,True,healthy:Healthy1921.jpg,512,3b1c486eb2407f9b6a9b94cc,healthy_source,/content/drive/MyDrive/Healthy/Healthy1921.jpg,1,masks/leaf/3b1c486eb2407f9b6a9b94cc.png,pending,nonempty,Healthy1921.jpg,,Healthy1921.jpg,,cc72047e68c2aac3b3fb2cebdaaeb110ef70a770b68ee19feed3db3fa7808200,healthy,,train,False,,pending,unknown,512
SAM3_auto,original,True,healthy:Healthy1924.jpg,512,467d2c31f4f1a6bcf454576f,healthy_source,/content/drive/MyDrive/Healthy/Healthy1924.jpg,1,masks/leaf/467d2c31f4f1a6bcf454576f.png,pending,nonempty,Healthy1924.jpg,,Healthy1924.jpg,,0047724e913cdad9c62c442871031eb70ac1ef9606e2b585e8fcbc4b14b0da3b,healthy,,train,False,,pending,unknown,512
SAM3_auto,original,True,healthy:Healthy1925.jpg,512,bbda7d5d467143e172484883,healthy_source,/content/drive/MyDrive/Healthy/Healthy1925.jpg,1,masks/leaf/bbda7d5d467143e172484883.png,pending,nonempty,Healthy1925.jpg,,Healthy1925.jpg,,9ef0ee45ddb16ed476f7c2336384ed8765c9a8ba3d96d33fa744126b764e0010,healthy,,train,False,,pending,unknown,512
SAM3_auto,original,True,healthy:Healthy1926.jpg,512,6641e20af05421613e80cdf8,healthy_source,/content/drive/MyDrive/Healthy/Healthy1926.jpg,1,masks/leaf/6641e20af05421613e80cdf8.png,pending,nonempty,Healthy1926.jpg,,Healthy1926.jpg,,4226f2bb3b46c22772baad236849e301074a82e62767ca4740ce4ffd5bd83960,healthy,,train,False,,pending,unknown,512
SAM3_auto,original,True,healthy:Healthy1927.jpg,512,3f2a84b5356ebd52c496b3d8,healthy_source,/content/drive/MyDrive/Healthy/Healthy1927.jpg,1,masks/leaf/3f2a84b5356ebd52c496b3d8.png,pending,nonempty,Healthy1927.jpg,,Healthy1927.jpg,,20fb3327ad1f030ba8da14928ec3d6e806579ddab9b43a8be545a8a336cf82d2,healthy,,train,False,,pending,unknown,512
SAM3_auto,original,True,healthy:Healthy1928.jpg,512,293623400baa4379d3174e46,healthy_source,/content/drive/MyDrive/Healthy/Healthy1928.jpg,1,masks/leaf/293623400baa4379d3174e46.png,pending,nonempty,Healthy1928.jpg,,Healthy1928.jpg,,c67af771cf765a0e0751df647ba786c2294e7740172752d70c7586a0c2d03c30,healthy,,train,False,,pending,unknown,512
SAM3_auto,original,True,healthy:Healthy1931.jpg,512,50a7c73b5161825265cab8b4,healthy_source,/content/drive/MyDrive/Healthy/Healthy1931.jpg,1,masks/leaf/50a7c73b5161825265cab8b4.png,pending,nonempty,Healthy1931.jpg,,Healthy1931.jpg,,1686a13e64ef8d8dd9dd7188ab90be3baddbcf9f8676e11d009ead66ae89ffc8,healthy,,train,False,,pending,unknown,512
SAM3_auto,original,True,healthy:Healthy1932.jpg,512,7e235f4e459560a07818f531,healthy_source,/content/drive/MyDrive/Healthy/Healthy1932.jpg,1,masks/leaf/7e235f4e459560a07818f531.png,pending,nonempty,Healthy1932.jpg,,Healthy1932.jpg,,e421345b34eb91aa529eac4f8dde298cb9e100a4ebf9a3ea16e5f554840288ef,healthy,,train,False,,pending,unknown,512
SAM3_auto,original,True,healthy:Healthy1933.jpg,512,f74e9b3568e877bc5b0d5cf4,healthy_source,/content/drive/MyDrive/Healthy/Healthy1933.jpg,1,masks/leaf/f74e9b3568e877bc5b0d5cf4.png,pending,nonempty,Healthy1933.jpg,,Healthy1933.jpg,,83f82fad908d0c215db3593b143a9bf0bb6c2923aab740028550ab2e8e86dba1,healthy,,train,False,,pending,unknown,512
SAM3_auto,original,True,healthy:Healthy1936.jpg,512,826a55c2f67edd985ef83037,healthy_source,/content/drive/MyDrive/Healthy/Healthy1936.jpg,1,masks/leaf/826a55c2f67edd985ef83037.png,pending,nonempty,Healthy1936.jpg,,Healthy1936.jpg,,ba86bfe02d85e6d9df1eef0398eb045c517a16dd31d6f64166f1e6aabd2f1e0a,healthy,,train,False,,pending,unknown,512
SAM3_auto,original,True,healthy:Healthy1937.jpg,512,9caab2873bc0f12766957c38,healthy_source,/content/drive/MyDrive/Healthy/Healthy1937.jpg,1,masks/leaf/9caab2873bc0f12766957c38.png,pending,nonempty,Healthy1937.jpg,,Healthy1937.jpg,,b9c0bc5357061cd473961f6688e7998829db68fc71fad8a8f3c40d5ce3e5cc68,healthy,,train,False,,pending,unknown,512
SAM3_auto,original,True,healthy:Healthy1938.jpg,512,18084090d4f24dcc4de47081,healthy_source,/content/drive/MyDrive/Healthy/Healthy1938.jpg,1,masks/leaf/18084090d4f24dcc4de47081.png,pending,nonempty,Healthy1938.jpg,,Healthy1938.jpg,,9655cbd861523855f03c97bd59cd54bee38cf637d18f4acb603f911c221d1215,healthy,,train,False,,pending,unknown,512
SAM3_auto,original,True,healthy:Healthy1939.jpg,512,ef37059ed540bca5aab105bd,healthy_source,/content/drive/MyDrive/Healthy/Healthy1939.jpg,1,masks/leaf/ef37059ed540bca5aab105bd.png,pending,nonempty,Healthy1939.jpg,,Healthy1939.jpg,,c83bd708da0e60b348156e841681f130a0d63e3540eccc499ba782f07d8c3021,healthy,,train,False,,pending,unknown,512
SAM3_auto,original,True,healthy:Healthy1940.jpg,512,3ad5c7d5a06b4884f02f4fe0,healthy_source,/content/drive/MyDrive/Healthy/Healthy1940.jpg,1,masks/leaf/3ad5c7d5a06b4884f02f4fe0.png,pending,nonempty,Healthy1940.jpg,,Healthy1940.jpg,,19ce8f7df09fbb4d250cab75b94711c22f72d07f930f92675f4e06f3ddad3015,healthy,,train,False,,pending,unknown,512
SAM3_auto,original,True,healthy:Healthy1941.jpg,512,10993972e66e4ee607958c5a,healthy_source,/content/drive/MyDrive/Healthy/Healthy1941.jpg,1,masks/leaf/10993972e66e4ee607958c5a.png,pending,nonempty,Healthy1941.jpg,,Healthy1941.jpg,,33ac994f744f90123128a005748cc08ba55e9fc6ec0443ce65f2e433f427844e,healthy,,train,False,,pending,unknown,512
SAM3_auto,original,True,healthy:Healthy1942.jpg,512,e9b78991e9723330beb7369a,healthy_source,/content/drive/MyDrive/Healthy/Healthy1942.jpg,1,masks/leaf/e9b78991e9723330beb7369a.png,pending,nonempty,Healthy1942.jpg,,Healthy1942.jpg,,b092199581d96fdd29ed421de555550238c77d0000e405080998d6ed7ea921e7,healthy,,train,False,,pending,unknown,512
SAM3_auto,original,True,healthy:Healthy1944.jpg,512,c2fca8dcce5dc64ff8f10f28,healthy_source,/content/drive/MyDrive/Healthy/Healthy1944.jpg,1,masks/leaf/c2fca8dcce5dc64ff8f10f28.png,pending,nonempty,Healthy1944.jpg,,Healthy1944.jpg,,dfc561fa302605a482bf7ffdbe6a99d50878baf096a1a47a481ce20bd8fb12f1,healthy,,train,False,,pending,unknown,512
SAM3_auto,original,True,healthy:Healthy1948.jpg,512,14ed1d1ec92c4d5fc2527cfb,healthy_source,/content/drive/MyDrive/Healthy/Healthy1948.jpg,1,masks/leaf/14ed1d1ec92c4d5fc2527cfb.png,pending,nonempty,Healthy1948.jpg,,Healthy1948.jpg,,671c6f7e1aa2a0427214bdad38efff0e4b9aa54f6e2d03abccfa7f6a783df8a0,healthy,,train,False,,pending,unknown,512
SAM3_auto,original,True,healthy:Healthy1949.jpg,512,1d88f7c32a689741d92f7584,healthy_source,/content/drive/MyDrive/Healthy/Healthy1949.jpg,1,masks/leaf/1d88f7c32a689741d92f7584.png,pending,nonempty,Healthy1949.jpg,,Healthy1949.jpg,,7a0e1e1bf8b293262a1915e8ccb6842d8ceff19f745d69c5ca4c5f72ad68b39d,healthy,,train,False,,pending,unknown,512
SAM3_auto,original,True,healthy:Healthy195.jpg,512,58b4a17d24daaf2847a50c6d,healthy_source,/content/drive/MyDrive/Healthy/Healthy195.jpg,1,masks/leaf/58b4a17d24daaf2847a50c6d.png,pending,nonempty,Healthy195.jpg,,Healthy195.jpg,,0bcc94b79e1afd650d3515f02121715290c55b31b7b2182ebc7df7b6e0226e9c,healthy,,train,False,,pending,unknown,512
SAM3_auto,original,True,healthy:Healthy1950.jpg,512,8efe2e25cc707a9d340a0c8a,healthy_source,/content/drive/MyDrive/Healthy/Healthy1950.jpg,1,masks/leaf/8efe2e25cc707a9d340a0c8a.png,pending,nonempty,Healthy1950.jpg,,Healthy1950.jpg,,27d07a29245c9511783596f8b089593a0168772bf10ca66b6fe413119e9e768f,healthy,,train,False,,pending,unknown,512
SAM3_auto,original,True,healthy:Healthy1952.jpg,512,1743f0d78b4aee3295c105a1,healthy_source,/content/drive/MyDrive/Healthy/Healthy1952.jpg,1,masks/leaf/1743f0d78b4aee3295c105a1.png,pending,nonempty,Healthy1952.jpg,,Healthy1952.jpg,,37ee31152f28d333214cf5f9af8979570f3d564610b1363c4a148bb7524b8f66,healthy,,train,False,,pending,unknown,512
SAM3_auto,original,True,healthy:Healthy1953.jpg,512,4ce921b8751314fe9bc7b285,healthy_source,/content/drive/MyDrive/Healthy/Healthy1953.jpg,1,masks/leaf/4ce921b8751314fe9bc7b285.png,pending,nonempty,Healthy1953.jpg,,Healthy1953.jpg,,0ef14503ffe0b030f4106d032ca2293b8eebfb09f2a00f42fe70973367c9841e,healthy,,train,False,,pending,unknown,512
SAM3_auto,original,True,healthy:Healthy1955.jpg,512,d613158810bf4be8e2d93afd,healthy_source,/content/drive/MyDrive/Healthy/Healthy1955.jpg,1,masks/leaf/d613158810bf4be8e2d93afd.png,pending,nonempty,Healthy1955.jpg,,Healthy1955.jpg,,c33c769a06b1e1ec5907a166029751b438d106c2cba7969dec667150ca02b7b1,healthy,,train,False,,pending,unknown,512
SAM3_auto,original,True,healthy:Healthy1956.jpg,512,3e27a9c42793449acb8c205b,healthy_source,/content/drive/MyDrive/Healthy/Healthy1956.jpg,1,masks/leaf/3e27a9c42793449acb8c205b.png,pending,nonempty,Healthy1956.jpg,,Healthy1956.jpg,,ecab81f2f72c85796bcc6b2019a10bacd8c15efc85d1b608962cc06ad426b241,healthy,,train,False,,pending,unknown,512
SAM3_auto,original,True,healthy:Healthy1957.jpg,512,d33cce26ddc6fc184b410627,healthy_source,/content/drive/MyDrive/Healthy/Healthy1957.jpg,1,masks/leaf/d33cce26ddc6fc184b410627.png,pending,nonempty,Healthy1957.jpg,,Healthy1957.jpg,,ee272228ffea6d0802f659652b2da6176bee4a720b1e5ebe28a1c36ba2da423e,healthy,,train,False,,pending,unknown,512
SAM3_auto,original,True,healthy:Healthy1958.jpg,512,c49d0f41ffd464a216dec2bc,healthy_source,/content/drive/MyDrive/Healthy/Healthy1958.jpg,1,masks/leaf/c49d0f41ffd464a216dec2bc.png,pending,nonempty,Healthy1958.jpg,,Healthy1958.jpg,,ee9ba717fa0827098b4ef12184a6d2acd774c16950eb1cc8d0576232c3de2168,healthy,,train,False,,pending,unknown,512
SAM3_auto,original,True,healthy:Healthy1959.jpg,512,e4d06ddceecb6a3461c31424,healthy_source,/content/drive/MyDrive/Healthy/Healthy1959.jpg,1,masks/leaf/e4d06ddceecb6a3461c31424.png,pending,nonempty,Healthy1959.jpg,,Healthy1959.jpg,,577f038b900aa7e92d3b4d00b967b43b223503f6920bee15330d3506f48fddd6,healthy,,train,False,,pending,unknown,512
SAM3_auto,original,True,healthy:Healthy196.jpg,512,086c8083b5a6e58de451fb0c,healthy_source,/content/drive/MyDrive/Healthy/Healthy196.jpg,1,masks/leaf/086c8083b5a6e58de451fb0c.png,pending,nonempty,Healthy196.jpg,,Healthy196.jpg,,e7395369df3b19ebed6fcb2959b383b79439e8eae989a123fab4a66cd3233c29,healthy,,train,False,,pending,unknown,512
SAM3_auto,original,True,healthy:Healthy1963.jpg,512,0e1ed7b82766c60f0bce7610,healthy_source,/content/drive/MyDrive/Healthy/Healthy1963.jpg,2,masks/leaf/0e1ed7b82766c60f0bce7610.png,pending,nonempty,Healthy1963.jpg,,Healthy1963.jpg,,de1c4278a5c5a317c51fd333926c9fd725d44e13d6e970ce98562bae1b23533b,healthy,,train,False,,pending,unknown,512
SAM3_auto,original,True,healthy:Healthy1965.jpg,512,d0ca43d92f1765edbccbcf6b,healthy_source,/content/drive/MyDrive/Healthy/Healthy1965.jpg,1,masks/leaf/d0ca43d92f1765edbccbcf6b.png,pending,nonempty,Healthy1965.jpg,,Healthy1965.jpg,,ff63ab71ced03724cb10014725e5fdea258fbab5c6eee31ce351a056822f5738,healthy,,train,False,,pending,unknown,512
SAM3_auto,original,True,healthy:Healthy1966.jpg,512,2e94ecfcea8e9bad2d2bf107,healthy_source,/content/drive/MyDrive/Healthy/Healthy1966.jpg,1,masks/leaf/2e94ecfcea8e9bad2d2bf107.png,pending,nonempty,Healthy1966.jpg,,Healthy1966.jpg,,e9b5aa595a78977211aa244187e090a0574ee96271381e5edc96e980d72909f8,healthy,,train,False,,pending,unknown,512
SAM3_auto,original,True,healthy:Healthy1968.jpg,512,f22ba255afda51bb55bd0a87,healthy_source,/content/drive/MyDrive/Healthy/Healthy1968.jpg,1,masks/leaf/f22ba255afda51bb55bd0a87.png,pending,nonempty,Healthy1968.jpg,,Healthy1968.jpg,,be281313bf7823512665f4766c8c23cb777050073be9f94bda836f4d7225309b,healthy,,train,False,,pending,unknown,512
SAM3_auto,original,True,healthy:Healthy1970.jpg,512,32ed6fe75c0ad3339ede9f5b,healthy_source,/content/drive/MyDrive/Healthy/Healthy1970.jpg,1,masks/leaf/32ed6fe75c0ad3339ede9f5b.png,pending,nonempty,Healthy1970.jpg,,Healthy1970.jpg,,a9dae090beb27b130f04e9eca848b2b0337ea32b3be39c7b5d796f75eb9c4242,healthy,,train,False,,pending,unknown,512
SAM3_auto,original,True,healthy:Healthy1971.jpg,512,4bc3a2b5f9feb74960c718c0,healthy_source,/content/drive/MyDrive/Healthy/Healthy1971.jpg,1,masks/leaf/4bc3a2b5f9feb74960c718c0.png,pending,nonempty,Healthy1971.jpg,,Healthy1971.jpg,,3a5c38e730c4546655ce42b36f4bf459cf92a245026a8fa5fe6f9eec9b3192d4,healthy,,train,False,,pending,unknown,512
SAM3_auto,original,True,healthy:Healthy1973.jpg,512,c2246f8f48a671064d95c1ac,healthy_source,/content/drive/MyDrive/Healthy/Healthy1973.jpg,1,masks/leaf/c2246f8f48a671064d95c1ac.png,pending,nonempty,Healthy1973.jpg,,Healthy1973.jpg,,adcc5d9ce83fbce36ae219dcdb2108de488ed03eed5312dcca426ee57d51e994,healthy,,train,False,,pending,unknown,512
SAM3_auto,original,True,healthy:Healthy1974.jpg,512,795ef4ac0a584bac32b4b5e1,healthy_source,/content/drive/MyDrive/Healthy/Healthy1974.jpg,1,masks/leaf/795ef4ac0a584bac32b4b5e1.png,pending,nonempty,Healthy1974.jpg,,Healthy1974.jpg,,50d9e621e3cf12e5906885485da4f6d6956873d6a80f90fc5ed985b82522fd43,healthy,,train,False,,pending,unknown,512
SAM3_auto,original,True,healthy:Healthy1975.jpg,512,9a3d909161ea2124b8c1e6b9,healthy_source,/content/drive/MyDrive/Healthy/Healthy1975.jpg,1,masks/leaf/9a3d909161ea2124b8c1e6b9.png,pending,nonempty,Healthy1975.jpg,,Healthy1975.jpg,,b01001d0de73e82950472ecc8eae45f061e626797fd80688d82abcd706a41f10,healthy,,train,False,,pending,unknown,512
SAM3_auto,original,True,healthy:Healthy1976.jpg,512,85a3f4a6ee98ce9a8ed7c8c2,healthy_source,/content/drive/MyDrive/Healthy/Healthy1976.jpg,1,masks/leaf/85a3f4a6ee98ce9a8ed7c8c2.png,pending,nonempty,Healthy1976.jpg,,Healthy1976.jpg,,3b8cca212dcfe60c40f870026dcd2501a3aad8b860ae5c3781e76b71e3cc07f5,healthy,,train,False,,pending,unknown,512
SAM3_auto,original,True,healthy:Healthy1978.jpg,512,f423ca8ebba94ba64a16b4ec,healthy_source,/content/drive/MyDrive/Healthy/Healthy1978.jpg,1,masks/leaf/f423ca8ebba94ba64a16b4ec.png,pending,nonempty,Healthy1978.jpg,,Healthy1978.jpg,,eb00822c03ac69b2bdbc96ac8e6caef40f66d9f23a2dd2505e02cd767bae10ce,healthy,,train,False,,pending,unknown,512
SAM3_auto,original,True,healthy:Healthy1981.jpg,512,b9f1a20dbc9d50e79aafc620,healthy_source,/content/drive/MyDrive/Healthy/Healthy1981.jpg,1,masks/leaf/b9f1a20dbc9d50e79aafc620.png,pending,nonempty,Healthy1981.jpg,,Healthy1981.jpg,,07e0d3af584bed15967b859a43d61c5adbd6bd04b81869913b31cbe9a3db7b3e,healthy,,train,False,,pending,unknown,512
SAM3_auto,original,True,healthy:Healthy1983.jpg,512,90703e4363738dc0b56d9da3,healthy_source,/content/drive/MyDrive/Healthy/Healthy1983.jpg,1,masks/leaf/90703e4363738dc0b56d9da3.png,pending,nonempty,Healthy1983.jpg,,Healthy1983.jpg,,80cfcfa6980a3ccd912a2af031c2367fe5642b23797d983ea970db08627cbd45,healthy,,train,False,,pending,unknown,512
SAM3_auto,original,True,healthy:Healthy1984.jpg,512,22c73394396ec84247a1d8d7,healthy_source,/content/drive/MyDrive/Healthy/Healthy1984.jpg,1,masks/leaf/22c73394396ec84247a1d8d7.png,pending,nonempty,Healthy1984.jpg,,Healthy1984.jpg,,ce64c3cb7e332ce5eef9adfc493c4dbef4665483b2eca49a9c9680475a75095c,healthy,,train,False,,pending,unknown,512
SAM3_auto,original,True,healthy:Healthy1985.jpg,512,3b7a98c02d8172db0e24817c,healthy_source,/content/drive/MyDrive/Healthy/Healthy1985.jpg,2,masks/leaf/3b7a98c02d8172db0e24817c.png,pending,nonempty,Healthy1985.jpg,,Healthy1985.jpg,,996e0f529ddffc6562d0b98880aecad3d8f148de4e2149bc9e297a865371915b,healthy,,train,False,,pending,unknown,512
SAM3_auto,original,True,healthy:Healthy1987.jpg,512,6e55c55b8e26eeacbab20158,healthy_source,/content/drive/MyDrive/Healthy/Healthy1987.jpg,1,masks/leaf/6e55c55b8e26eeacbab20158.png,pending,nonempty,Healthy1987.jpg,,Healthy1987.jpg,,cee9fb8c337d13f35f74286d1a4cb3f13984c1588a93ebcce951e40176fe4f98,healthy,,train,False,,pending,unknown,512
SAM3_auto,original,True,healthy:Healthy1988.jpg,512,f8cf7c7182fe47bfa4a077ff,healthy_source,/content/drive/MyDrive/Healthy/Healthy1988.jpg,1,masks/leaf/f8cf7c7182fe47bfa4a077ff.png,pending,nonempty,Healthy1988.jpg,,Healthy1988.jpg,,e282bfad9fdaa812cb8c7a260680bfe4054fe5aaac214a3b7d7c129d9fd591da,healthy,,train,False,,pending,unknown,512
SAM3_auto,original,True,healthy:Healthy1989.jpg,512,eaa2d9d6b30db4c07ba28075,healthy_source,/content/drive/MyDrive/Healthy/Healthy1989.jpg,1,masks/leaf/eaa2d9d6b30db4c07ba28075.png,pending,nonempty,Healthy1989.jpg,,Healthy1989.jpg,,f3040c768a729acc5eeb18a8d7a696b7a6403ccd49fcf09633e442a5e5b01a1b,healthy,,train,False,,pending,unknown,512
SAM3_auto,original,True,healthy:Healthy1990.jpg,512,b25860c78397ef2cc4ede4ba,healthy_source,/content/drive/MyDrive/Healthy/Healthy1990.jpg,1,masks/leaf/b25860c78397ef2cc4ede4ba.png,pending,nonempty,Healthy1990.jpg,,Healthy1990.jpg,,410542a5e2fdab9c064cb20a356ae102d1fb6ff45047b700427ff7f9c5573683,healthy,,train,False,,pending,unknown,512
SAM3_auto,original,True,healthy:Healthy1995.jpg,512,37f3837d5dee694a1f15b50a,healthy_source,/content/drive/MyDrive/Healthy/Healthy1995.jpg,1,masks/leaf/37f3837d5dee694a1f15b50a.png,pending,nonempty,Healthy1995.jpg,,Healthy1995.jpg,,f5c42c8ae2b40d29ce168e9ef66207f37fe182e72f24e3f1e0d80627830e2236,healthy,,train,False,,pending,unknown,512
SAM3_auto,original,True,healthy:Healthy1997.jpg,512,e3a1a0c71e31728636d8e697,healthy_source,/content/drive/MyDrive/Healthy/Healthy1997.jpg,2,masks/leaf/e3a1a0c71e31728636d8e697.png,pending,nonempty,Healthy1997.jpg,,Healthy1997.jpg,,afa448b6d739761d44a974348a4aee8dfed52da2c0ed864ca96f2d839f44890f,healthy,,train,False,,pending,unknown,512
SAM3_auto,original,True,healthy:Healthy1998.jpg,512,c17e9ae85f644a2157431b09,healthy_source,/content/drive/MyDrive/Healthy/Healthy1998.jpg,1,masks/leaf/c17e9ae85f644a2157431b09.png,pending,nonempty,Healthy1998.jpg,,Healthy1998.jpg,,98f94aba5cfb4646edb210e658f749c3b84ee6b868767348eba77b0cd849cb29,healthy,,train,False,,pending,unknown,512
SAM3_auto,original,True,healthy:Healthy1999.jpg,512,9a9b0ca57dcad767d1995394,healthy_source,/content/drive/MyDrive/Healthy/Healthy1999.jpg,1,masks/leaf/9a9b0ca57dcad767d1995394.png,pending,nonempty,Healthy1999.jpg,,Healthy1999.jpg,,d8f7e619cb131b8ea8e890db2b0073fd69be96d880699b74b9eb0e4abf59fc88,healthy,,train,False,,pending,unknown,512
SAM3_auto,original,True,healthy:Healthy2.jpg,512,a8050587b034ac7f7b334ab6,healthy_source,/content/drive/MyDrive/Healthy/Healthy2.jpg,1,masks/leaf/a8050587b034ac7f7b334ab6.png,pending,nonempty,Healthy2.jpg,,Healthy2.jpg,,75b5659987a4a6caa1fac9e782c290fe097a7270c7ec8d27c62a20e60ad01da5,healthy,,train,False,,pending,unknown,512
SAM3_auto,original,True,healthy:Healthy20.jpg,512,e6c2057254c9d03a4d6bb88a,healthy_source,/content/drive/MyDrive/Healthy/Healthy20.jpg,1,masks/leaf/e6c2057254c9d03a4d6bb88a.png,pending,nonempty,Healthy20.jpg,,Healthy20.jpg,,8addbcb607ffb54208b3e0384594acb882778712ef5eb7adefb2ea8493cd9eaf,healthy,,train,False,,pending,unknown,512
SAM3_auto,original,True,healthy:Healthy200.jpg,512,25cd29a81a9280d9a7364e8b,healthy_source,/content/drive/MyDrive/Healthy/Healthy200.jpg,1,masks/leaf/25cd29a81a9280d9a7364e8b.png,pending,nonempty,Healthy200.jpg,,Healthy200.jpg,,01ff88949aecc93075552f087c538411dc145c8203f0a73aa062befbe8db162e,healthy,,train,False,,pending,unknown,512
SAM3_auto,original,True,healthy:Healthy2000.jpg,512,2bd180c57180eb5de894ea7c,healthy_source,/content/drive/MyDrive/Healthy/Healthy2000.jpg,1,masks/leaf/2bd180c57180eb5de894ea7c.png,pending,nonempty,Healthy2000.jpg,,Healthy2000.jpg,,ebbcf66395198cb25a96b8819930d93f6436ac6e423935d64e984ff21ff18e51,healthy,,train,False,,pending,unknown,512
SAM3_auto,original,True,healthy:Healthy2002.jpg,512,fbec204dbd9f76422a2bbf6b,healthy_source,/content/drive/MyDrive/Healthy/Healthy2002.jpg,1,masks/leaf/fbec204dbd9f76422a2bbf6b.png,pending,nonempty,Healthy2002.jpg,,Healthy2002.jpg,,d351f7a96568d49950220ff3b1b6d7a7bcb0fb8311acc513eb631504474b7338,healthy,,train,False,,pending,unknown,512
SAM3_auto,original,True,healthy:Healthy2003.jpg,512,ed673a99dc98d682411c8f47,healthy_source,/content/drive/MyDrive/Healthy/Healthy2003.jpg,1,masks/leaf/ed673a99dc98d682411c8f47.png,pending,nonempty,Healthy2003.jpg,,Healthy2003.jpg,,1761d09789019f398cb4c9d004074caf2c502d4efdd69109694a015480efaaf8,healthy,,train,False,,pending,unknown,512
SAM3_auto,original,True,healthy:Healthy2005.jpg,512,815e137eaa89e6b19bafc973,healthy_source,/content/drive/MyDrive/Healthy/Healthy2005.jpg,1,masks/leaf/815e137eaa89e6b19bafc973.png,pending,nonempty,Healthy2005.jpg,,Healthy2005.jpg,,4248c4216a9d3b5b584e5bcea093513e482b73eae7462d25c331ad903c44339b,healthy,,train,False,,pending,unknown,512
SAM3_auto,original,True,healthy:Healthy2007.jpg,512,04b96f449c1377788ee3617f,healthy_source,/content/drive/MyDrive/Healthy/Healthy2007.jpg,1,masks/leaf/04b96f449c1377788ee3617f.png,pending,nonempty,Healthy2007.jpg,,Healthy2007.jpg,,15a7f26458dfe1f057ed83806aaa524e05b6e92cfa22e27bf5048b7af191ecbf,healthy,,train,False,,pending,unknown,512
SAM3_auto,original,True,healthy:Healthy2008.jpg,512,ebae5f15d0d06d9f14c656b7,healthy_source,/content/drive/MyDrive/Healthy/Healthy2008.jpg,1,masks/leaf/ebae5f15d0d06d9f14c656b7.png,pending,nonempty,Healthy2008.jpg,,Healthy2008.jpg,,957704687da5ec5640bb3749e4b65e40005b0832a0ecc979d62826e875c03165,healthy,,train,False,,pending,unknown,512
SAM3_auto,original,True,healthy:Healthy2010.jpg,512,51501ae504ab87ed584209f3,healthy_source,/content/drive/MyDrive/Healthy/Healthy2010.jpg,1,masks/leaf/51501ae504ab87ed584209f3.png,pending,nonempty,Healthy2010.jpg,,Healthy2010.jpg,,b79de9e6d5510f7299f84b0c8561e97243e1ac03b7bf70f4f27fb60f85cac875,healthy,,train,False,,pending,unknown,512
SAM3_auto,original,True,healthy:Healthy2011.jpg,512,605b4cb8ce2547d09ac982c6,healthy_source,/content/drive/MyDrive/Healthy/Healthy2011.jpg,1,masks/leaf/605b4cb8ce2547d09ac982c6.png,pending,nonempty,Healthy2011.jpg,,Healthy2011.jpg,,20372ac005809a84dcfddf84eaa0ef33e332d363b28921b8d9832ae6d4f462c4,healthy,,train,False,,pending,unknown,512
SAM3_auto,original,True,healthy:Healthy2012.jpg,512,9858c02c220c5971a2260257,healthy_source,/content/drive/MyDrive/Healthy/Healthy2012.jpg,1,masks/leaf/9858c02c220c5971a2260257.png,pending,nonempty,Healthy2012.jpg,,Healthy2012.jpg,,659e45dfaaa889bce922ef91e7532b46ca5ddd3bcc60f3eb513c2a12c82fba95,healthy,,train,False,,pending,unknown,512
SAM3_auto,original,True,healthy:Healthy2013.jpg,512,cf7e24d419c76cb2fd939ff1,healthy_source,/content/drive/MyDrive/Healthy/Healthy2013.jpg,1,masks/leaf/cf7e24d419c76cb2fd939ff1.png,pending,nonempty,Healthy2013.jpg,,Healthy2013.jpg,,eb383c4d835df105657298bf1f72d2a6e50578ca6d12be952271de6dbbdb0833,healthy,,train,False,,pending,unknown,512
SAM3_auto,original,True,healthy:Healthy2015.jpg,512,e53451182d92e8c54244847e,healthy_source,/content/drive/MyDrive/Healthy/Healthy2015.jpg,1,masks/leaf/e53451182d92e8c54244847e.png,pending,nonempty,Healthy2015.jpg,,Healthy2015.jpg,,a3b16b0b6264c9c5705b8e2c63c33c406bd112d98c46643940e1f45c2108ac71,healthy,,train,False,,pending,unknown,512
SAM3_auto,original,True,healthy:Healthy2019.jpg,512,e3e5e796b3bff778d42dd0cb,healthy_source,/content/drive/MyDrive/Healthy/Healthy2019.jpg,1,masks/leaf/e3e5e796b3bff778d42dd0cb.png,pending,nonempty,Healthy2019.jpg,,Healthy2019.jpg,,5d5ad54b68c8c4205d8a483d634ea8fbaae4b69298f3935a2d055d9d9926b816,healthy,,train,False,,pending,unknown,512
SAM3_auto,original,True,healthy:Healthy202.jpg,512,780f6c5c55322028e30442ed,healthy_source,/content/drive/MyDrive/Healthy/Healthy202.jpg,1,masks/leaf/780f6c5c55322028e30442ed.png,pending,nonempty,Healthy202.jpg,,Healthy202.jpg,,291ff846eabe854b2bb10e8fb41486b92b67a0264653b34bbe4765627fb99ae5,healthy,,train,False,,pending,unknown,512
SAM3_auto,original,True,healthy:Healthy2020.jpg,512,cfcbeb20a028e6050b442f64,healthy_source,/content/drive/MyDrive/Healthy/Healthy2020.jpg,1,masks/leaf/cfcbeb20a028e6050b442f64.png,pending,nonempty,Healthy2020.jpg,,Healthy2020.jpg,,dc6cb4383f9d9b809b4aae1744c3c8bdf92a5571198bd3a819430dc1e196d650,healthy,,train,False,,pending,unknown,512
SAM3_auto,original,True,healthy:Healthy2022.jpg,512,d85eaf05959082a309381c7b,healthy_source,/content/drive/MyDrive/Healthy/Healthy2022.jpg,1,masks/leaf/d85eaf05959082a309381c7b.png,pending,nonempty,Healthy2022.jpg,,Healthy2022.jpg,,3b0c3c198d350dad07d42e4f4c85b22474b87620d442b830c0b8afa8f6714882,healthy,,train,False,,pending,unknown,512
SAM3_auto,original,True,healthy:Healthy2024.jpg,512,8d92f4718686e7a1579f9fc7,healthy_source,/content/drive/MyDrive/Healthy/Healthy2024.jpg,1,masks/leaf/8d92f4718686e7a1579f9fc7.png,pending,nonempty,Healthy2024.jpg,,Healthy2024.jpg,,930cfcfaa86a2dd14a71d0f3f99f0628ac31084e37d5a900523958a7b04b9ea9,healthy,,train,False,,pending,unknown,512
SAM3_auto,original,True,healthy:Healthy2025.jpg,512,835cbbe29db64e44fc3ec64a,healthy_source,/content/drive/MyDrive/Healthy/Healthy2025.jpg,1,masks/leaf/835cbbe29db64e44fc3ec64a.png,pending,nonempty,Healthy2025.jpg,,Healthy2025.jpg,,f57d2bb5723ab57ea694fbfef0ea14fd2e9686aab10e86af3fa121c83ab8a42a,healthy,,train,False,,pending,unknown,512
SAM3_auto,original,True,healthy:Healthy2026.jpg,512,925b0445cf068471ffaabe21,healthy_source,/content/drive/MyDrive/Healthy/Healthy2026.jpg,1,masks/leaf/925b0445cf068471ffaabe21.png,pending,nonempty,Healthy2026.jpg,,Healthy2026.jpg,,262b8d55f41cf80ebcbf073a7badebf404336e8c476efbcae426781b3e9888ad,healthy,,train,False,,pending,unknown,512
SAM3_auto,original,True,healthy:Healthy2029.jpg,512,9de698ca22e14c5c2f131f09,healthy_source,/content/drive/MyDrive/Healthy/Healthy2029.jpg,1,masks/leaf/9de698ca22e14c5c2f131f09.png,pending,nonempty,Healthy2029.jpg,,Healthy2029.jpg,,f9093f49eb6d7ce1e45c27a678c512d5866a5304447f566b030e8de5c01f458d,healthy,,train,False,,pending,unknown,512
SAM3_auto,original,True,healthy:Healthy203.jpg,512,f511c0d1ced140f736b29c87,healthy_source,/content/drive/MyDrive/Healthy/Healthy203.jpg,1,masks/leaf/f511c0d1ced140f736b29c87.png,pending,nonempty,Healthy203.jpg,,Healthy203.jpg,,b680ad17543787229e3072b4ffe1a49c3bf9ab4444dd955e04aa33831f0ddb7f,healthy,,train,False,,pending,unknown,512
SAM3_auto,original,True,healthy:Healthy2031.jpg,512,4d9f50a69074ec3ce240b0d9,healthy_source,/content/drive/MyDrive/Healthy/Healthy2031.jpg,1,masks/leaf/4d9f50a69074ec3ce240b0d9.png,pending,nonempty,Healthy2031.jpg,,Healthy2031.jpg,,eb773ca52e0d766b7e397bc9065913617ddf5b7575877ee3871a4646f715ebb2,healthy,,train,False,,pending,unknown,512
SAM3_auto,original,True,healthy:Healthy2033.jpg,512,d9526ccb4a61bde5398131ff,healthy_source,/content/drive/MyDrive/Healthy/Healthy2033.jpg,1,masks/leaf/d9526ccb4a61bde5398131ff.png,pending,nonempty,Healthy2033.jpg,,Healthy2033.jpg,,77d132ca74b4c696a605c71aae00620b6592119322caccd6d37c986aaa7f26fb,healthy,,train,False,,pending,unknown,512
SAM3_auto,original,True,healthy:Healthy2035.jpg,512,e006aabb53ef0b7e7b158ce8,healthy_source,/content/drive/MyDrive/Healthy/Healthy2035.jpg,1,masks/leaf/e006aabb53ef0b7e7b158ce8.png,pending,nonempty,Healthy2035.jpg,,Healthy2035.jpg,,2b9dd883f601633ba061970a2fa9b654e6a7f774289efdd4c8b3778fb7135e9c,healthy,,train,False,,pending,unknown,512
SAM3_auto,original,True,healthy:Healthy2036.jpg,512,4096dd483ad5602ebc0d63b2,healthy_source,/content/drive/MyDrive/Healthy/Healthy2036.jpg,1,masks/leaf/4096dd483ad5602ebc0d63b2.png,pending,nonempty,Healthy2036.jpg,,Healthy2036.jpg,,ee8b0e2a57a14bc1db771ab1709633f1be66e4d3fdbb64f99634a18beeb8e32c,healthy,,train,False,,pending,unknown,512
SAM3_auto,original,True,healthy:Healthy2037.jpg,512,17a19ae38733d55865001103,healthy_source,/content/drive/MyDrive/Healthy/Healthy2037.jpg,1,masks/leaf/17a19ae38733d55865001103.png,pending,nonempty,Healthy2037.jpg,,Healthy2037.jpg,,fdb75283329d8cd7fa6fa155ac5de35a9823f08a57264cb9cc5ed58c97840875,healthy,,train,False,,pending,unknown,512
SAM3_auto,original,True,healthy:Healthy2038.jpg,512,6da942ec27204872567828f8,healthy_source,/content/drive/MyDrive/Healthy/Healthy2038.jpg,1,masks/leaf/6da942ec27204872567828f8.png,pending,nonempty,Healthy2038.jpg,,Healthy2038.jpg,,170d4fac58d6550ed7d359854561639d38f38122093ba9709f6f72a061d4e571,healthy,,train,False,,pending,unknown,512
SAM3_auto,original,True,healthy:Healthy2039.jpg,512,5252dc385b02923f22611025,healthy_source,/content/drive/MyDrive/Healthy/Healthy2039.jpg,1,masks/leaf/5252dc385b02923f22611025.png,pending,nonempty,Healthy2039.jpg,,Healthy2039.jpg,,8f99bbe51447de6c139e994c49ca9a31a4be7da2d026496897056b63a600530e,healthy,,train,False,,pending,unknown,512
SAM3_auto,original,True,healthy:Healthy204.jpg,512,a43082d656f0c7e5fbbc1930,healthy_source,/content/drive/MyDrive/Healthy/Healthy204.jpg,1,masks/leaf/a43082d656f0c7e5fbbc1930.png,pending,nonempty,Healthy204.jpg,,Healthy204.jpg,,85627b5c9fcbf59b84b446e58f7aebcf1efeba299e220aa4c0a850628dfc425e,healthy,,train,False,,pending,unknown,512
SAM3_auto,original,True,healthy:Healthy2040.jpg,512,184ef2004ac0c06617460f11,healthy_source,/content/drive/MyDrive/Healthy/Healthy2040.jpg,1,masks/leaf/184ef2004ac0c06617460f11.png,pending,nonempty,Healthy2040.jpg,,Healthy2040.jpg,,de69382606d30544c6e0cc23cbe254922018e5b31b935f2ea80c35fe70054e5f,healthy,,train,False,,pending,unknown,512
SAM3_auto,original,True,healthy:Healthy2041.jpg,512,73bdec0c92e0dc2b19ed4a99,healthy_source,/content/drive/MyDrive/Healthy/Healthy2041.jpg,1,masks/leaf/73bdec0c92e0dc2b19ed4a99.png,pending,nonempty,Healthy2041.jpg,,Healthy2041.jpg,,7017d8a26c80cef95f11964e7ee6c94b41b530a0573b066731499c019ef6180a,healthy,,train,False,,pending,unknown,512
SAM3_auto,original,True,healthy:Healthy2042.jpg,512,c431da1dd69cb1f90612dc1d,healthy_source,/content/drive/MyDrive/Healthy/Healthy2042.jpg,1,masks/leaf/c431da1dd69cb1f90612dc1d.png,pending,nonempty,Healthy2042.jpg,,Healthy2042.jpg,,f181cabcc605cb6e21e8a9bd8fc70befb9eff845d7aeaf3279d6ca1fc04f2dda,healthy,,train,False,,pending,unknown,512
SAM3_auto,original,True,healthy:Healthy2043.jpg,512,0ccc60dbba5b1c476aede818,healthy_source,/content/drive/MyDrive/Healthy/Healthy2043.jpg,1,masks/leaf/0ccc60dbba5b1c476aede818.png,pending,nonempty,Healthy2043.jpg,,Healthy2043.jpg,,57c3e4ccc5a43e4443ad17a37ba174c4234c46d215ba9ab91892085b973294f6,healthy,,train,False,,pending,unknown,512
SAM3_auto,original,True,healthy:Healthy2044.jpg,512,f88952c52b79f1d81159bc48,healthy_source,/content/drive/MyDrive/Healthy/Healthy2044.jpg,1,masks/leaf/f88952c52b79f1d81159bc48.png,pending,nonempty,Healthy2044.jpg,,Healthy2044.jpg,,f0cf5ae2ed3e8d129b814650dd3c69931029c015f94b761399e2d2fe7e1c4834,healthy,,train,False,,pending,unknown,512
SAM3_auto,original,True,healthy:Healthy2045.jpg,512,f626626d4971d5d6f436ad5d,healthy_source,/content/drive/MyDrive/Healthy/Healthy2045.jpg,1,masks/leaf/f626626d4971d5d6f436ad5d.png,pending,nonempty,Healthy2045.jpg,,Healthy2045.jpg,,6d0dc5bf12eff36e851121b6b18a54123bb5dca4a6f63a40f8c45921aea4700a,healthy,,train,False,,pending,unknown,512
SAM3_auto,original,True,healthy:Healthy2046.jpg,512,83db74bc3d51b382e924ef81,healthy_source,/content/drive/MyDrive/Healthy/Healthy2046.jpg,1,masks/leaf/83db74bc3d51b382e924ef81.png,pending,nonempty,Healthy2046.jpg,,Healthy2046.jpg,,7f5617d8e60dd386d57668331dfb65ad03e012fb9405238728e103bd86e1e9b0,healthy,,train,False,,pending,unknown,512
SAM3_auto,original,True,healthy:Healthy2047.jpg,512,c8959cdff3b4a8d5ee418122,healthy_source,/content/drive/MyDrive/Healthy/Healthy2047.jpg,1,masks/leaf/c8959cdff3b4a8d5ee418122.png,pending,nonempty,Healthy2047.jpg,,Healthy2047.jpg,,1295311fc3c2ae7ed782a0e29fe215055f0bb78ceb963e619be30ece5a6e7c66,healthy,,train,False,,pending,unknown,512
SAM3_auto,original,True,healthy:Healthy2048.jpg,512,5c797df2284ffba5eb9dd2d6,healthy_source,/content/drive/MyDrive/Healthy/Healthy2048.jpg,1,masks/leaf/5c797df2284ffba5eb9dd2d6.png,pending,nonempty,Healthy2048.jpg,,Healthy2048.jpg,,57f02b66df360d91e8117dc010bc1e8b60d842f43b75dd0551e2d81bd7432dff,healthy,,train,False,,pending,unknown,512
SAM3_auto,original,True,healthy:Healthy2049.jpg,512,770ba78661ac2b3c9f113d7d,healthy_source,/content/drive/MyDrive/Healthy/Healthy2049.jpg,1,masks/leaf/770ba78661ac2b3c9f113d7d.png,pending,nonempty,Healthy2049.jpg,,Healthy2049.jpg,,a58e9c6c5732643ad2ae9a68ae42addb8ff40fa37755bf2e911db73fe77a4ab6,healthy,,train,False,,pending,unknown,512
SAM3_auto,original,True,healthy:Healthy2050.jpg,512,ef8c9fa4e9c17f3ac88f24b4,healthy_source,/content/drive/MyDrive/Healthy/Healthy2050.jpg,1,masks/leaf/ef8c9fa4e9c17f3ac88f24b4.png,pending,nonempty,Healthy2050.jpg,,Healthy2050.jpg,,444ecea035d22696cf3a82d9c168fac9eb6707da5913a7e45a18ee7b7de939e3,healthy,,train,False,,pending,unknown,512
SAM3_auto,original,True,healthy:Healthy2051.jpg,512,5d603702ede5da760d26e196,healthy_source,/content/drive/MyDrive/Healthy/Healthy2051.jpg,1,masks/leaf/5d603702ede5da760d26e196.png,pending,nonempty,Healthy2051.jpg,,Healthy2051.jpg,,188fa07f9bddcfafea0a779254e9895c1f11e8e9d4922faea11441298f4f67e8,healthy,,train,False,,pending,unknown,512
SAM3_auto,original,True,healthy:Healthy2052.jpg,512,881032d04f89f03aba4119f5,healthy_source,/content/drive/MyDrive/Healthy/Healthy2052.jpg,1,masks/leaf/881032d04f89f03aba4119f5.png,pending,nonempty,Healthy2052.jpg,,Healthy2052.jpg,,acbced0e19c3f2db6e4008dedf968deccc15eb3a7e274a39e1d1b5c7d29254d3,healthy,,train,False,,pending,unknown,512
SAM3_auto,original,True,healthy:Healthy2053.jpg,512,3205221d68afcc890243e34c,healthy_source,/content/drive/MyDrive/Healthy/Healthy2053.jpg,1,masks/leaf/3205221d68afcc890243e34c.png,pending,nonempty,Healthy2053.jpg,,Healthy2053.jpg,,8ec25cd937812bb2f385f34f0835a076ed7716ba0db964f18ed578aeafab3013,healthy,,train,False,,pending,unknown,512
SAM3_auto,original,True,healthy:Healthy2055.jpg,512,5cd2a399cad1fcbd4cc1f0d1,healthy_source,/content/drive/MyDrive/Healthy/Healthy2055.jpg,1,masks/leaf/5cd2a399cad1fcbd4cc1f0d1.png,pending,nonempty,Healthy2055.jpg,,Healthy2055.jpg,,2a2f256a9db22e9af1ff133480fff5cff916aa0eb933cd914334838112e6b6c0,healthy,,train,False,,pending,unknown,512
SAM3_auto,original,True,healthy:Healthy2056.jpg,512,326c40c01ffc2f675a181e2e,healthy_source,/content/drive/MyDrive/Healthy/Healthy2056.jpg,1,masks/leaf/326c40c01ffc2f675a181e2e.png,pending,nonempty,Healthy2056.jpg,,Healthy2056.jpg,,45a9f4265674c3eaaf2ce7d337a4b54e4903d78dd5586a636cec29a55a0977b5,healthy,,train,False,,pending,unknown,512
SAM3_auto,original,True,healthy:Healthy2057.jpg,512,007c763f349438255676856c,healthy_source,/content/drive/MyDrive/Healthy/Healthy2057.jpg,2,masks/leaf/007c763f349438255676856c.png,pending,nonempty,Healthy2057.jpg,,Healthy2057.jpg,,859f71073c7c724cf932ed064c5109c6468f8093b7e5ae94a671c2475f6d1156,healthy,,train,False,,pending,unknown,512
SAM3_auto,original,True,healthy:Healthy2058.jpg,512,397735cab1fff68ed10a9c65,healthy_source,/content/drive/MyDrive/Healthy/Healthy2058.jpg,1,masks/leaf/397735cab1fff68ed10a9c65.png,pending,nonempty,Healthy2058.jpg,,Healthy2058.jpg,,d56153815101141e96395b2b0ba94fcc5f66c4e5f538729e2f4d34208a7f9924,healthy,,train,False,,pending,unknown,512
SAM3_auto,original,True,healthy:Healthy2059.jpg,512,30469231f92f9522119094d8,healthy_source,/content/drive/MyDrive/Healthy/Healthy2059.jpg,1,masks/leaf/30469231f92f9522119094d8.png,pending,nonempty,Healthy2059.jpg,,Healthy2059.jpg,,aa7b622d0cd4317f3168e3fdcaf38eea52f703d6036c3ff36f0232685f4b1797,healthy,,train,False,,pending,unknown,512
SAM3_auto,original,True,healthy:Healthy206.jpg,512,3184d0c08a8b14dda5d8debc,healthy_source,/content/drive/MyDrive/Healthy/Healthy206.jpg,1,masks/leaf/3184d0c08a8b14dda5d8debc.png,pending,nonempty,Healthy206.jpg,,Healthy206.jpg,,f7e2386c57bc47065d8a6e7c05d71df2a9692b209f3eee95eecc793eec7efb0f,healthy,,train,False,,pending,unknown,512
SAM3_auto,original,True,healthy:Healthy2060.jpg,512,0dea2f000bf37456be5539dd,healthy_source,/content/drive/MyDrive/Healthy/Healthy2060.jpg,1,masks/leaf/0dea2f000bf37456be5539dd.png,pending,nonempty,Healthy2060.jpg,,Healthy2060.jpg,,2880450a047dc1b01dfde53f31910996114cff5faf6048a760e8a7c7a619fdc8,healthy,,train,False,,pending,unknown,512
SAM3_auto,original,True,healthy:Healthy2061.jpg,512,eebac676096bae6b73f0e2fc,healthy_source,/content/drive/MyDrive/Healthy/Healthy2061.jpg,1,masks/leaf/eebac676096bae6b73f0e2fc.png,pending,nonempty,Healthy2061.jpg,,Healthy2061.jpg,,832c8a25bea9ada9804a88a54dad2b442614a776235053c9a53523e6833de7cf,healthy,,train,False,,pending,unknown,512
SAM3_auto,original,True,healthy:Healthy2062.jpg,512,56852fc62222836811dc7778,healthy_source,/content/drive/MyDrive/Healthy/Healthy2062.jpg,1,masks/leaf/56852fc62222836811dc7778.png,pending,nonempty,Healthy2062.jpg,,Healthy2062.jpg,,97d8eb4c125a64e1760216fd3562ee682bfd1d7bdf43c4ba19419629147d39a3,healthy,,train,False,,pending,unknown,512
SAM3_auto,original,True,healthy:Healthy2063.jpg,512,8b2641208a449b99a96d6dd7,healthy_source,/content/drive/MyDrive/Healthy/Healthy2063.jpg,1,masks/leaf/8b2641208a449b99a96d6dd7.png,pending,nonempty,Healthy2063.jpg,,Healthy2063.jpg,,054607590faea93a3da5343c0293dbb6240fda6c852a354d58929258de88daaa,healthy,,train,False,,pending,unknown,512
SAM3_auto,original,True,healthy:Healthy2064.jpg,512,e752bbb6fcd51c0cc6104b7e,healthy_source,/content/drive/MyDrive/Healthy/Healthy2064.jpg,1,masks/leaf/e752bbb6fcd51c0cc6104b7e.png,pending,nonempty,Healthy2064.jpg,,Healthy2064.jpg,,63ad5ed2e24eaaa1fbe27e4216f14971f90ec23218777cba88b01e679fe6d6ae,healthy,,train,False,,pending,unknown,512
SAM3_auto,original,True,healthy:Healthy2066.jpg,512,a767bf183b18103a9ca43bd8,healthy_source,/content/drive/MyDrive/Healthy/Healthy2066.jpg,1,masks/leaf/a767bf183b18103a9ca43bd8.png,pending,nonempty,Healthy2066.jpg,,Healthy2066.jpg,,55aad13324a27e12babbbe5673478bf313ff10f23df476c9f53dd1edc6c857e7,healthy,,train,False,,pending,unknown,512
SAM3_auto,original,True,healthy:Healthy2068.jpg,512,462e434c416aca575fec1b30,healthy_source,/content/drive/MyDrive/Healthy/Healthy2068.jpg,1,masks/leaf/462e434c416aca575fec1b30.png,pending,nonempty,Healthy2068.jpg,,Healthy2068.jpg,,14d2c8dd23534a55d56ce93b4d0ed9867c406a3febaf55ef4510bb9e32e478aa,healthy,,train,False,,pending,unknown,512
SAM3_auto,original,True,healthy:Healthy2069.jpg,512,3ea852902e33f2ae2db94715,healthy_source,/content/drive/MyDrive/Healthy/Healthy2069.jpg,1,masks/leaf/3ea852902e33f2ae2db94715.png,pending,nonempty,Healthy2069.jpg,,Healthy2069.jpg,,a2ee507c54420c2e4735220bc759a0617dc88adbc6c2050e77860c3d01f51fa7,healthy,,train,False,,pending,unknown,512
SAM3_auto,original,True,healthy:Healthy207.jpg,512,335399d1e1a634ad1ad2ecbc,healthy_source,/content/drive/MyDrive/Healthy/Healthy207.jpg,1,masks/leaf/335399d1e1a634ad1ad2ecbc.png,pending,nonempty,Healthy207.jpg,,Healthy207.jpg,,58287d15d289b9de9a1e753910f4c40e14740e16a5f8084e5a361cdcd840de26,healthy,,train,False,,pending,unknown,512
SAM3_auto,original,True,healthy:Healthy2070.jpg,512,336990140fc60248e2a3d8ca,healthy_source,/content/drive/MyDrive/Healthy/Healthy2070.jpg,1,masks/leaf/336990140fc60248e2a3d8ca.png,pending,nonempty,Healthy2070.jpg,,Healthy2070.jpg,,6a40a256e26b55ba3a9699fffa7d8ab6c901de661c8635031388b6566be48d66,healthy,,train,False,,pending,unknown,512
SAM3_auto,original,True,healthy:Healthy2072.jpg,512,7ac818e87283a8b577b5100c,healthy_source,/content/drive/MyDrive/Healthy/Healthy2072.jpg,1,masks/leaf/7ac818e87283a8b577b5100c.png,pending,nonempty,Healthy2072.jpg,,Healthy2072.jpg,,eb718edeb65b41ead43df3a149a487d0cbcadadc8c27b8ce990032d783c47724,healthy,,train,False,,pending,unknown,512
SAM3_auto,original,True,healthy:Healthy2073.jpg,512,7035f31115f1226f7091dac7,healthy_source,/content/drive/MyDrive/Healthy/Healthy2073.jpg,1,masks/leaf/7035f31115f1226f7091dac7.png,pending,nonempty,Healthy2073.jpg,,Healthy2073.jpg,,7d942fc704d9c4ab7b242ed67e08d853ea27d498394553ef561ef4f52d081822,healthy,,train,False,,pending,unknown,512
SAM3_auto,original,True,healthy:Healthy2074.jpg,512,cafd60d0302efe0e3563c4ac,healthy_source,/content/drive/MyDrive/Healthy/Healthy2074.jpg,1,masks/leaf/cafd60d0302efe0e3563c4ac.png,pending,nonempty,Healthy2074.jpg,,Healthy2074.jpg,,314fb40391f66556c0ad0f22735d123286f1622869fc90cc1f77c8f60b814e40,healthy,,train,False,,pending,unknown,512
SAM3_auto,original,True,healthy:Healthy2075.jpg,512,d83542a16968d7cd1f3e4a27,healthy_source,/content/drive/MyDrive/Healthy/Healthy2075.jpg,1,masks/leaf/d83542a16968d7cd1f3e4a27.png,pending,nonempty,Healthy2075.jpg,,Healthy2075.jpg,,b282e10c1f6829c636dce33eb59dc327b55dc0374ecee8b7aa70ca216b6d969e,healthy,,train,False,,pending,unknown,512
SAM3_auto,original,True,healthy:Healthy2078.jpg,512,46b08b87121588c0622e39ca,healthy_source,/content/drive/MyDrive/Healthy/Healthy2078.jpg,1,masks/leaf/46b08b87121588c0622e39ca.png,pending,nonempty,Healthy2078.jpg,,Healthy2078.jpg,,4c0b7b3d320022089713ee2a261e729033d71f54e2a08f23a9379506dd836196,healthy,,train,False,,pending,unknown,512
SAM3_auto,original,True,healthy:Healthy2079.jpg,512,c43ea31b84a7cd416e474a79,healthy_source,/content/drive/MyDrive/Healthy/Healthy2079.jpg,1,masks/leaf/c43ea31b84a7cd416e474a79.png,pending,nonempty,Healthy2079.jpg,,Healthy2079.jpg,,5fa9d24a854bf149978c1448a69302ca2619b794059a9e5bf64a8f59e30d1160,healthy,,train,False,,pending,unknown,512
SAM3_auto,original,True,healthy:Healthy2080.jpg,512,142f5043d2b036b9d90dd16f,healthy_source,/content/drive/MyDrive/Healthy/Healthy2080.jpg,1,masks/leaf/142f5043d2b036b9d90dd16f.png,pending,nonempty,Healthy2080.jpg,,Healthy2080.jpg,,643f4186aff057e1bf70f9f50becfc9d42b82d5198e836460b0cdf5664555750,healthy,,train,False,,pending,unknown,512
SAM3_auto,original,True,healthy:Healthy2081.jpg,512,c492fdc6d6dc208e79bb42c9,healthy_source,/content/drive/MyDrive/Healthy/Healthy2081.jpg,1,masks/leaf/c492fdc6d6dc208e79bb42c9.png,pending,nonempty,Healthy2081.jpg,,Healthy2081.jpg,,92b9ac42384cc13792f8f1aa2a42aff92bfb6b6caa78f93302c86600c006dadb,healthy,,train,False,,pending,unknown,512
SAM3_auto,original,True,healthy:Healthy2082.jpg,512,88bcffb432672d2afbab3d22,healthy_source,/content/drive/MyDrive/Healthy/Healthy2082.jpg,1,masks/leaf/88bcffb432672d2afbab3d22.png,pending,nonempty,Healthy2082.jpg,,Healthy2082.jpg,,c5d7dbe30e949696e973d8da47da1bf6ffa59fbed653cffc501d9099fd7eca2d,healthy,,train,False,,pending,unknown,512
SAM3_auto,original,True,healthy:Healthy2083.jpg,512,917fb3635f4e98ad3366212e,healthy_source,/content/drive/MyDrive/Healthy/Healthy2083.jpg,2,masks/leaf/917fb3635f4e98ad3366212e.png,pending,nonempty,Healthy2083.jpg,,Healthy2083.jpg,,b804b660da6999d34b3a8dd5319deb5e0385c51f1fea94a3e683b17367450892,healthy,,train,False,,pending,unknown,512
SAM3_auto,original,True,healthy:Healthy2084.jpg,512,048a3e53b5888c9fc10ca67c,healthy_source,/content/drive/MyDrive/Healthy/Healthy2084.jpg,1,masks/leaf/048a3e53b5888c9fc10ca67c.png,pending,nonempty,Healthy2084.jpg,,Healthy2084.jpg,,e346985f4ce241068a2fae77f126919fb77c324cf3c5c3097f6a5da2cb5e7d09,healthy,,train,False,,pending,unknown,512
SAM3_auto,original,True,healthy:Healthy2085.jpg,512,4e6f13024ef5bc23fb755484,healthy_source,/content/drive/MyDrive/Healthy/Healthy2085.jpg,1,masks/leaf/4e6f13024ef5bc23fb755484.png,pending,nonempty,Healthy2085.jpg,,Healthy2085.jpg,,94f37652efb2d967644baa31e066b30f780855774e3c9a640b5e171ead73b7c2,healthy,,train,False,,pending,unknown,512
SAM3_auto,original,True,healthy:Healthy2086.jpg,512,1eb58dda2e381393dccc2909,healthy_source,/content/drive/MyDrive/Healthy/Healthy2086.jpg,1,masks/leaf/1eb58dda2e381393dccc2909.png,pending,nonempty,Healthy2086.jpg,,Healthy2086.jpg,,e30a97b28ed3fe23848f69f95070d436b846147c8534a87acc1d548455d89bdd,healthy,,train,False,,pending,unknown,512
SAM3_auto,original,True,healthy:Healthy2088.jpg,512,81f3f428be6f0e958dd9aa3c,healthy_source,/content/drive/MyDrive/Healthy/Healthy2088.jpg,1,masks/leaf/81f3f428be6f0e958dd9aa3c.png,pending,nonempty,Healthy2088.jpg,,Healthy2088.jpg,,70fcb26000480308311f8cfc1971225599f6dfe6b950b118ba2b2fa2e5f1e2c4,healthy,,train,False,,pending,unknown,512
SAM3_auto,original,True,healthy:Healthy2089.jpg,512,91482b479aa36671b0d94651,healthy_source,/content/drive/MyDrive/Healthy/Healthy2089.jpg,1,masks/leaf/91482b479aa36671b0d94651.png,pending,nonempty,Healthy2089.jpg,,Healthy2089.jpg,,dbb01a59b10b9cc953756a8f98f4736585ad03f8b3bb380e2b6e24b1840c28a1,healthy,,train,False,,pending,unknown,512
SAM3_auto,original,True,healthy:Healthy2090.jpg,512,37bedd18b6b56cd392b7cb05,healthy_source,/content/drive/MyDrive/Healthy/Healthy2090.jpg,1,masks/leaf/37bedd18b6b56cd392b7cb05.png,pending,nonempty,Healthy2090.jpg,,Healthy2090.jpg,,51b53e20461b3c849c3c8c64e0d8c0a245548d279420f1673d723d9c7061a21f,healthy,,train,False,,pending,unknown,512
SAM3_auto,original,True,healthy:Healthy2092.jpg,512,6ccac3eaba153d5548ba407b,healthy_source,/content/drive/MyDrive/Healthy/Healthy2092.jpg,1,masks/leaf/6ccac3eaba153d5548ba407b.png,pending,nonempty,Healthy2092.jpg,,Healthy2092.jpg,,1e50be074f33106c9fe7e7fd3d3db97d70bf8db201a1378a66cd0e16a7d933c6,healthy,,train,False,,pending,unknown,512
SAM3_auto,original,True,healthy:Healthy2095.jpg,512,332d185322a65bcbb62fb71a,healthy_source,/content/drive/MyDrive/Healthy/Healthy2095.jpg,1,masks/leaf/332d185322a65bcbb62fb71a.png,pending,nonempty,Healthy2095.jpg,,Healthy2095.jpg,,7fe824b1a71f7dfcae34480622876334209ced834894cd86f2c301a5673bb891,healthy,,train,False,,pending,unknown,512
SAM3_auto,original,True,healthy:Healthy2096.jpg,512,ea8dd20bb3c31e4086e09cc5,healthy_source,/content/drive/MyDrive/Healthy/Healthy2096.jpg,1,masks/leaf/ea8dd20bb3c31e4086e09cc5.png,pending,nonempty,Healthy2096.jpg,,Healthy2096.jpg,,820176923382e9f3f8ddee2bbfb4c9b896e99eeccd27cc4e4e50926f479b014f,healthy,,train,False,,pending,unknown,512
SAM3_auto,original,True,healthy:Healthy2098.jpg,512,cf961fd72940dd38ac368ee4,healthy_source,/content/drive/MyDrive/Healthy/Healthy2098.jpg,1,masks/leaf/cf961fd72940dd38ac368ee4.png,pending,nonempty,Healthy2098.jpg,,Healthy2098.jpg,,0dea1480dc653d89e8e034a86f57d0745bbe4b132c91edacaaaa0b02c559fb13,healthy,,train,False,,pending,unknown,512
SAM3_auto,original,True,healthy:Healthy21.jpg,512,84c440791d52f2e7aede03e6,healthy_source,/content/drive/MyDrive/Healthy/Healthy21.jpg,1,masks/leaf/84c440791d52f2e7aede03e6.png,pending,nonempty,Healthy21.jpg,,Healthy21.jpg,,84c36e444ea6f9bef8c919b64fd61589486d90d5d99cacb916b3c7f9b8b7361a,healthy,,train,False,,pending,unknown,512
SAM3_auto,original,True,healthy:Healthy210.jpg,512,dafce8d1433d3ddaec3a72de,healthy_source,/content/drive/MyDrive/Healthy/Healthy210.jpg,2,masks/leaf/dafce8d1433d3ddaec3a72de.png,pending,nonempty,Healthy210.jpg,,Healthy210.jpg,,e04e06e2486bbc3f9ed44326cb6eaa1a3aa503b785c97d996d8e75c4362e6f19,healthy,,train,False,,pending,unknown,512
SAM3_auto,original,True,healthy:Healthy2100.jpg,512,22d2f1d152c62b8453858230,healthy_source,/content/drive/MyDrive/Healthy/Healthy2100.jpg,2,masks/leaf/22d2f1d152c62b8453858230.png,pending,nonempty,Healthy2100.jpg,,Healthy2100.jpg,,e2b9c144e577b67ea7f3a29b197584498559adeb66271c37f8e1183552cb71f8,healthy,,train,False,,pending,unknown,512
SAM3_auto,original,True,healthy:Healthy2101.jpg,512,f36c1e06a7836604c9f1775d,healthy_source,/content/drive/MyDrive/Healthy/Healthy2101.jpg,3,masks/leaf/f36c1e06a7836604c9f1775d.png,pending,nonempty,Healthy2101.jpg,,Healthy2101.jpg,,af6802f2eb16ad472b9be49df7d5c91e66085bb00af874bbf8887380bd43c787,healthy,,train,False,,pending,unknown,512
SAM3_auto,original,True,healthy:Healthy2102.jpg,512,80c7275424b2969e9d60ae7b,healthy_source,/content/drive/MyDrive/Healthy/Healthy2102.jpg,1,masks/leaf/80c7275424b2969e9d60ae7b.png,pending,nonempty,Healthy2102.jpg,,Healthy2102.jpg,,2686b9e911dc01b90589727eb9a5b67551ab187eeadf5e3cd1220853f7254346,healthy,,train,False,,pending,unknown,512
SAM3_auto,original,True,healthy:Healthy2103.jpg,512,b058827dbe750548a702265a,healthy_source,/content/drive/MyDrive/Healthy/Healthy2103.jpg,1,masks/leaf/b058827dbe750548a702265a.png,pending,nonempty,Healthy2103.jpg,,Healthy2103.jpg,,1b77f1b4f74515091243880e999b4aa81354f4480c9cad38978d4be56f312784,healthy,,train,False,,pending,unknown,512
SAM3_auto,original,True,healthy:Healthy2105.jpg,512,1db3256a2f2e73de2b2c4df3,healthy_source,/content/drive/MyDrive/Healthy/Healthy2105.jpg,1,masks/leaf/1db3256a2f2e73de2b2c4df3.png,pending,nonempty,Healthy2105.jpg,,Healthy2105.jpg,,cdf70c7a19423553d970c904244ed1d7b8ccc45511c43b78ceccbd45be86310d,healthy,,train,False,,pending,unknown,512
SAM3_auto,original,True,healthy:Healthy2108.jpg,512,8a2bef6f05a0a1563dd4e46b,healthy_source,/content/drive/MyDrive/Healthy/Healthy2108.jpg,1,masks/leaf/8a2bef6f05a0a1563dd4e46b.png,pending,nonempty,Healthy2108.jpg,,Healthy2108.jpg,,ee60281deca587fcd28b52f68a312dc5f2a09efa379cd9c8bd17b4d0e61b219d,healthy,,train,False,,pending,unknown,512
SAM3_auto,original,True,healthy:Healthy2109.jpg,512,0c380e258a9f33f9006b53d9,healthy_source,/content/drive/MyDrive/Healthy/Healthy2109.jpg,1,masks/leaf/0c380e258a9f33f9006b53d9.png,pending,nonempty,Healthy2109.jpg,,Healthy2109.jpg,,60a1fbecf3b44e1e8d8ebe051829240b31123a7cab9263efa4250c9ee45293c1,healthy,,train,False,,pending,unknown,512
SAM3_auto,original,True,healthy:Healthy211.jpg,512,cd7c8896b976c5bb7b9e380a,healthy_source,/content/drive/MyDrive/Healthy/Healthy211.jpg,1,masks/leaf/cd7c8896b976c5bb7b9e380a.png,pending,nonempty,Healthy211.jpg,,Healthy211.jpg,,7bff9cdb4a135e261d06739d03723af1bcbe1576018ce6e3917d614ae66ec067,healthy,,train,False,,pending,unknown,512
SAM3_auto,original,True,healthy:Healthy2110.jpg,512,5f768af3b074bf968a58cfc3,healthy_source,/content/drive/MyDrive/Healthy/Healthy2110.jpg,1,masks/leaf/5f768af3b074bf968a58cfc3.png,pending,nonempty,Healthy2110.jpg,,Healthy2110.jpg,,440bf09917eaa0ac5d37f0b35e647564e1618c21e9fc7db3dfee6ad1df856bb1,healthy,,train,False,,pending,unknown,512
SAM3_auto,original,True,healthy:Healthy2114.jpg,512,7d30981a721aa4e9b8ce615b,healthy_source,/content/drive/MyDrive/Healthy/Healthy2114.jpg,1,masks/leaf/7d30981a721aa4e9b8ce615b.png,pending,nonempty,Healthy2114.jpg,,Healthy2114.jpg,,339209224d164c8f3732c068356df3428b812c4869729ef012e1e7c22587da4c,healthy,,train,False,,pending,unknown,512
SAM3_auto,original,True,healthy:Healthy2116.jpg,512,e485a64cfdf56652647b3562,healthy_source,/content/drive/MyDrive/Healthy/Healthy2116.jpg,1,masks/leaf/e485a64cfdf56652647b3562.png,pending,nonempty,Healthy2116.jpg,,Healthy2116.jpg,,48620dc0ab96636a2643c7aa7814f1404e12c22a04a85ffa164fc6568f7a2605,healthy,,train,False,,pending,unknown,512
SAM3_auto,original,True,healthy:Healthy2117.jpg,512,6ac3b74a3796fd39d83679ae,healthy_source,/content/drive/MyDrive/Healthy/Healthy2117.jpg,1,masks/leaf/6ac3b74a3796fd39d83679ae.png,pending,nonempty,Healthy2117.jpg,,Healthy2117.jpg,,c6df6c614ffb52589711450b46baa068e94f694d669d739bdfc99634a894faab,healthy,,train,False,,pending,unknown,512
SAM3_auto,original,True,healthy:Healthy2121.jpg,512,3935bd9be801938feac40655,healthy_source,/content/drive/MyDrive/Healthy/Healthy2121.jpg,1,masks/leaf/3935bd9be801938feac40655.png,pending,nonempty,Healthy2121.jpg,,Healthy2121.jpg,,44ae7e784b2fdd43ebd296b989f20bcf89f2e5f5832156e16d22d6d323a2ce60,healthy,,train,False,,pending,unknown,512
SAM3_auto,original,True,healthy:Healthy2123.jpg,512,47e552d4b201de29874c9289,healthy_source,/content/drive/MyDrive/Healthy/Healthy2123.jpg,1,masks/leaf/47e552d4b201de29874c9289.png,pending,nonempty,Healthy2123.jpg,,Healthy2123.jpg,,a741e96a8aaeeb68edcd2d00c181fe92208d71607250dcb8a7bb9717b119db4c,healthy,,train,False,,pending,unknown,512
SAM3_auto,original,True,healthy:Healthy2124.jpg,512,bccd7616c1667632da531b16,healthy_source,/content/drive/MyDrive/Healthy/Healthy2124.jpg,1,masks/leaf/bccd7616c1667632da531b16.png,pending,nonempty,Healthy2124.jpg,,Healthy2124.jpg,,24cafe24a999b4a469f952975e6cb38678632dc95e5ea9933d4148738a1320ca,healthy,,train,False,,pending,unknown,512
SAM3_auto,original,True,healthy:Healthy2125.jpg,512,ac575ac76628970a0313d6d1,healthy_source,/content/drive/MyDrive/Healthy/Healthy2125.jpg,1,masks/leaf/ac575ac76628970a0313d6d1.png,pending,nonempty,Healthy2125.jpg,,Healthy2125.jpg,,a8ce42d321621440080eecb876c1060ef73083f456d21e474b5b9f42451ddff8,healthy,,train,False,,pending,unknown,512
SAM3_auto,original,True,healthy:Healthy2126.jpg,512,f06e848fdf4430ec801cdad9,healthy_source,/content/drive/MyDrive/Healthy/Healthy2126.jpg,1,masks/leaf/f06e848fdf4430ec801cdad9.png,pending,nonempty,Healthy2126.jpg,,Healthy2126.jpg,,e09c7a4768cee34ca0b9d600bd6b2eb7fe5b1e09cff767e53d0368902c46ae2b,healthy,,train,False,,pending,unknown,512
SAM3_auto,original,True,healthy:Healthy2127.jpg,512,3665d4ef4da61eeb7eedddd0,healthy_source,/content/drive/MyDrive/Healthy/Healthy2127.jpg,1,masks/leaf/3665d4ef4da61eeb7eedddd0.png,pending,nonempty,Healthy2127.jpg,,Healthy2127.jpg,,42ccce58212e80abe98b8699d1f8d28d4242ffc739457165d2e34e101d331524,healthy,,train,False,,pending,unknown,512
SAM3_auto,original,True,healthy:Healthy2128.jpg,512,dbd1859b6029ebce6a255893,healthy_source,/content/drive/MyDrive/Healthy/Healthy2128.jpg,1,masks/leaf/dbd1859b6029ebce6a255893.png,pending,nonempty,Healthy2128.jpg,,Healthy2128.jpg,,61e2c9e45f4972866d99bd3e5feb8481cd73d829be8be169210f3bc4c3d78b95,healthy,,train,False,,pending,unknown,512
SAM3_auto,original,True,healthy:Healthy2129.jpg,512,9774f090371df5d3d89c9857,healthy_source,/content/drive/MyDrive/Healthy/Healthy2129.jpg,2,masks/leaf/9774f090371df5d3d89c9857.png,pending,nonempty,Healthy2129.jpg,,Healthy2129.jpg,,6d6b0d37106849c23d80f59a8147f9eb2208ec23f481451cbb84d60875da065b,healthy,,train,False,,pending,unknown,512
SAM3_auto,original,True,healthy:Healthy2130.jpg,512,b2bf278cbc43abb252bbd2c0,healthy_source,/content/drive/MyDrive/Healthy/Healthy2130.jpg,1,masks/leaf/b2bf278cbc43abb252bbd2c0.png,pending,nonempty,Healthy2130.jpg,,Healthy2130.jpg,,423420c2dfbf2bfe45e852ad2b6105819783eea4b05e2514eb67691685ea7288,healthy,,train,False,,pending,unknown,512
SAM3_auto,original,True,healthy:Healthy2131.jpg,512,bf2b9a48d24f751823e04b0e,healthy_source,/content/drive/MyDrive/Healthy/Healthy2131.jpg,1,masks/leaf/bf2b9a48d24f751823e04b0e.png,pending,nonempty,Healthy2131.jpg,,Healthy2131.jpg,,444a2524a59cd2dc9319de5bbef42b27f19f7dc619edf915ac4fa279cc935408,healthy,,train,False,,pending,unknown,512
SAM3_auto,original,True,healthy:Healthy2136.jpg,512,9fcc4109757befd1e0e66127,healthy_source,/content/drive/MyDrive/Healthy/Healthy2136.jpg,1,masks/leaf/9fcc4109757befd1e0e66127.png,pending,nonempty,Healthy2136.jpg,,Healthy2136.jpg,,c987d50cd9dc19ee8d6440e75d09fd661d27535bdb2c612b2449fd7cbfd278cc,healthy,,train,False,,pending,unknown,512
SAM3_auto,original,True,healthy:Healthy2137.jpg,512,1f7989c72073ef2a1e7e1aa9,healthy_source,/content/drive/MyDrive/Healthy/Healthy2137.jpg,4,masks/leaf/1f7989c72073ef2a1e7e1aa9.png,pending,nonempty,Healthy2137.jpg,,Healthy2137.jpg,,71a7c882cb1f722fd32af079c084407980406777ec4bfd3582ae393baffad12c,healthy,,train,False,,pending,unknown,512
SAM3_auto,original,True,healthy:Healthy2138.jpg,512,826c1b9e4bbad3a4987161aa,healthy_source,/content/drive/MyDrive/Healthy/Healthy2138.jpg,1,masks/leaf/826c1b9e4bbad3a4987161aa.png,pending,nonempty,Healthy2138.jpg,,Healthy2138.jpg,,d7362b9ea8f4156f67f5dadb1c83e6379abb36a3215f3b9b2a3137299d1e78c4,healthy,,train,False,,pending,unknown,512
SAM3_auto,original,True,healthy:Healthy2139.jpg,512,65de3a3215d1cadf3e0a787f,healthy_source,/content/drive/MyDrive/Healthy/Healthy2139.jpg,1,masks/leaf/65de3a3215d1cadf3e0a787f.png,pending,nonempty,Healthy2139.jpg,,Healthy2139.jpg,,4f4b70dd118c2ed0bd3016eb79b80d366495416d8ce4c24a9b5ca90fd3ec6492,healthy,,train,False,,pending,unknown,512
SAM3_auto,original,True,healthy:Healthy214.jpg,512,bd19cbe48e80577091ef33a8,healthy_source,/content/drive/MyDrive/Healthy/Healthy214.jpg,1,masks/leaf/bd19cbe48e80577091ef33a8.png,pending,nonempty,Healthy214.jpg,,Healthy214.jpg,,14bd943a25d03d9d1c70f9e88121e8d8fc947d29a1f934af911d49e57fcd231c,healthy,,train,False,,pending,unknown,512
SAM3_auto,original,True,healthy:Healthy2140.jpg,512,1fe4d501ba29f90a7baf56e1,healthy_source,/content/drive/MyDrive/Healthy/Healthy2140.jpg,1,masks/leaf/1fe4d501ba29f90a7baf56e1.png,pending,nonempty,Healthy2140.jpg,,Healthy2140.jpg,,ab5e209ca3e9899fa31b25385a89e7ba21770ffd7fcf1e1b6f4bcb33e30dd8cc,healthy,,train,False,,pending,unknown,512
SAM3_auto,original,True,healthy:Healthy2141.jpg,512,721bbba4c374432d23500c94,healthy_source,/content/drive/MyDrive/Healthy/Healthy2141.jpg,1,masks/leaf/721bbba4c374432d23500c94.png,pending,nonempty,Healthy2141.jpg,,Healthy2141.jpg,,0df5ab8090d0e6f8f1bfe9e3b13bea13ad39f7ac75f6f6b7c35157eb1b5d3b79,healthy,,train,False,,pending,unknown,512
SAM3_auto,original,True,healthy:Healthy2142.jpg,512,0aa5fa01fbc9574513320c2a,healthy_source,/content/drive/MyDrive/Healthy/Healthy2142.jpg,1,masks/leaf/0aa5fa01fbc9574513320c2a.png,pending,nonempty,Healthy2142.jpg,,Healthy2142.jpg,,f2ea453db8ff755ee1b57cc7cfee2fcdb8149145e20729ec07a42d1015f9a256,healthy,,train,False,,pending,unknown,512
SAM3_auto,original,True,healthy:Healthy2144.jpg,512,213f3d5a9878bf3142889fdc,healthy_source,/content/drive/MyDrive/Healthy/Healthy2144.jpg,1,masks/leaf/213f3d5a9878bf3142889fdc.png,pending,nonempty,Healthy2144.jpg,,Healthy2144.jpg,,0a2b4e749526eecb40798e9864edc5e95f01bdd95e4e4aa793c2be310fa08dd3,healthy,,train,False,,pending,unknown,512
SAM3_auto,original,True,healthy:Healthy2145.jpg,512,d80dbda45cda9de31858dbb0,healthy_source,/content/drive/MyDrive/Healthy/Healthy2145.jpg,1,masks/leaf/d80dbda45cda9de31858dbb0.png,pending,nonempty,Healthy2145.jpg,,Healthy2145.jpg,,a829922753a2edff076b24ff5f320fa09fc54df7fb9979c624d8aa2dcd059942,healthy,,train,False,,pending,unknown,512
SAM3_auto,original,True,healthy:Healthy2146.jpg,512,35c43faca7b0ebb1ebf69879,healthy_source,/content/drive/MyDrive/Healthy/Healthy2146.jpg,1,masks/leaf/35c43faca7b0ebb1ebf69879.png,pending,nonempty,Healthy2146.jpg,,Healthy2146.jpg,,123a19d193b4a45df38405f5f59ea5fea66f2d0bcbf853a5bfee7424bb6378d8,healthy,,train,False,,pending,unknown,512
SAM3_auto,original,True,healthy:Healthy215.jpg,512,08f3cae61a3ef5ddc394fb3d,healthy_source,/content/drive/MyDrive/Healthy/Healthy215.jpg,2,masks/leaf/08f3cae61a3ef5ddc394fb3d.png,pending,nonempty,Healthy215.jpg,,Healthy215.jpg,,743b759d493a668a7acfa6d6603411f379a6b4e64de78818c7ec811502581293,healthy,,train,False,,pending,unknown,512
SAM3_auto,original,True,healthy:Healthy2150.jpg,512,4bdb1ce32b0750f6b0414d94,healthy_source,/content/drive/MyDrive/Healthy/Healthy2150.jpg,1,masks/leaf/4bdb1ce32b0750f6b0414d94.png,pending,nonempty,Healthy2150.jpg,,Healthy2150.jpg,,1bb35ecd8e9054cc3d509da3630264653c85c4c3c1e4e016fabcbe9f0e46248d,healthy,,train,False,,pending,unknown,512
SAM3_auto,original,True,healthy:Healthy2151.jpg,512,f4a87dca8f1f13fcd75de390,healthy_source,/content/drive/MyDrive/Healthy/Healthy2151.jpg,1,masks/leaf/f4a87dca8f1f13fcd75de390.png,pending,nonempty,Healthy2151.jpg,,Healthy2151.jpg,,dd8390880fde32dc858db4d8421ec9ee2f269dd27915fef29aa38d64e796bf76,healthy,,train,False,,pending,unknown,512
SAM3_auto,original,True,healthy:Healthy2152.jpg,512,1b67caab3a68421787081f2a,healthy_source,/content/drive/MyDrive/Healthy/Healthy2152.jpg,1,masks/leaf/1b67caab3a68421787081f2a.png,pending,nonempty,Healthy2152.jpg,,Healthy2152.jpg,,682ed999c52bf53bfeec458cb8b00e1e74157d612dca53bedcb8f3ef9030f178,healthy,,train,False,,pending,unknown,512
SAM3_auto,original,True,healthy:Healthy2153.jpg,512,87f949e2cb7cc956b67c97f3,healthy_source,/content/drive/MyDrive/Healthy/Healthy2153.jpg,1,masks/leaf/87f949e2cb7cc956b67c97f3.png,pending,nonempty,Healthy2153.jpg,,Healthy2153.jpg,,a314d425fd699027ffea50b47f03c50f768c8bf5cf3343590295bc43b0d96497,healthy,,train,False,,pending,unknown,512
SAM3_auto,original,True,healthy:Healthy2154.jpg,512,8bc387ee18f7c4316b7a01af,healthy_source,/content/drive/MyDrive/Healthy/Healthy2154.jpg,1,masks/leaf/8bc387ee18f7c4316b7a01af.png,pending,nonempty,Healthy2154.jpg,,Healthy2154.jpg,,ef0e457e28de1184992a4bda42f76506445071bce78dd3059de2a501207b4f6d,healthy,,train,False,,pending,unknown,512
SAM3_auto,original,True,healthy:Healthy2155.jpg,512,57c62faf60814d0b3ec1ab74,healthy_source,/content/drive/MyDrive/Healthy/Healthy2155.jpg,1,masks/leaf/57c62faf60814d0b3ec1ab74.png,pending,nonempty,Healthy2155.jpg,,Healthy2155.jpg,,893fdcc8d7b47a497f10b26870f5aab93148ece0ca9670a397dce3cea38d7481,healthy,,train,False,,pending,unknown,512
SAM3_auto,original,True,healthy:Healthy2157.jpg,512,fdba3e1b7f496dce6f8123ba,healthy_source,/content/drive/MyDrive/Healthy/Healthy2157.jpg,1,masks/leaf/fdba3e1b7f496dce6f8123ba.png,pending,nonempty,Healthy2157.jpg,,Healthy2157.jpg,,513ef153555b96440e9135f7fb60b2db68ece353c1b8ed17d8fdd1542b798527,healthy,,train,False,,pending,unknown,512
SAM3_auto,original,True,healthy:Healthy2158.jpg,512,873ed4bab80bae4b8f85bd4b,healthy_source,/content/drive/MyDrive/Healthy/Healthy2158.jpg,1,masks/leaf/873ed4bab80bae4b8f85bd4b.png,pending,nonempty,Healthy2158.jpg,,Healthy2158.jpg,,2adca211b1773969669c5a9b4f924635b575fd3addfc21f99ccb5c733c5cb9c1,healthy,,train,False,,pending,unknown,512
SAM3_auto,original,True,healthy:Healthy2159.jpg,512,60fef75f70521ba216328ba5,healthy_source,/content/drive/MyDrive/Healthy/Healthy2159.jpg,1,masks/leaf/60fef75f70521ba216328ba5.png,pending,nonempty,Healthy2159.jpg,,Healthy2159.jpg,,56ada54092f7d5d1391f7359a6737dc18af0a8174725cb2638e3407a8bb6c59f,healthy,,train,False,,pending,unknown,512
SAM3_auto,original,True,healthy:Healthy216.jpg,512,8bd18fa659ddb59f44adb8a9,healthy_source,/content/drive/MyDrive/Healthy/Healthy216.jpg,1,masks/leaf/8bd18fa659ddb59f44adb8a9.png,pending,nonempty,Healthy216.jpg,,Healthy216.jpg,,765b725b49d2934094ab1f35cfa767fb846427c210068d645bc16342dbc5cf15,healthy,,train,False,,pending,unknown,512
SAM3_auto,original,True,healthy:Healthy2160.jpg,512,74015818b1974cabdea9a9a1,healthy_source,/content/drive/MyDrive/Healthy/Healthy2160.jpg,1,masks/leaf/74015818b1974cabdea9a9a1.png,pending,nonempty,Healthy2160.jpg,,Healthy2160.jpg,,51cba6109944beb596b0983260de40882d9d49976a53b0221c72bb96301a205d,healthy,,train,False,,pending,unknown,512
SAM3_auto,original,True,healthy:Healthy2161.jpg,512,2a7028a6c5cc9c18785e1205,healthy_source,/content/drive/MyDrive/Healthy/Healthy2161.jpg,1,masks/leaf/2a7028a6c5cc9c18785e1205.png,pending,nonempty,Healthy2161.jpg,,Healthy2161.jpg,,fc6eb699ade5f13cc07b8c151c2cf33e330957ed570548408bb92494fb9bf115,healthy,,train,False,,pending,unknown,512
SAM3_auto,original,True,healthy:Healthy2163.jpg,512,916eb313d1ae8361cdff9cf8,healthy_source,/content/drive/MyDrive/Healthy/Healthy2163.jpg,1,masks/leaf/916eb313d1ae8361cdff9cf8.png,pending,nonempty,Healthy2163.jpg,,Healthy2163.jpg,,dff5255cc04f3b214739f463cc71573bd226a55f3106c324b159c441425cbd79,healthy,,train,False,,pending,unknown,512
SAM3_auto,original,True,healthy:Healthy2164.jpg,512,c1ee8bc5cd00ba3c48ac5726,healthy_source,/content/drive/MyDrive/Healthy/Healthy2164.jpg,1,masks/leaf/c1ee8bc5cd00ba3c48ac5726.png,pending,nonempty,Healthy2164.jpg,,Healthy2164.jpg,,3dc224732e9dfab49416c4e355cd87f690d147a01aaee9fbdf4af46ba8abc6de,healthy,,train,False,,pending,unknown,512
SAM3_auto,original,True,healthy:Healthy2165.jpg,512,270ab3da76f989fe6c78a730,healthy_source,/content/drive/MyDrive/Healthy/Healthy2165.jpg,1,masks/leaf/270ab3da76f989fe6c78a730.png,pending,nonempty,Healthy2165.jpg,,Healthy2165.jpg,,468faafd6417be7165bdc8e792b28be9e0e304b8f10f09289ed485a58a003322,healthy,,train,False,,pending,unknown,512
SAM3_auto,original,True,healthy:Healthy2166.jpg,512,ccb01ab84516792d805cb8d2,healthy_source,/content/drive/MyDrive/Healthy/Healthy2166.jpg,1,masks/leaf/ccb01ab84516792d805cb8d2.png,pending,nonempty,Healthy2166.jpg,,Healthy2166.jpg,,df99ef2c79cefd1d098685ef6707d25a50a5732aeec22c00d03fe15296571190,healthy,,train,False,,pending,unknown,512
SAM3_auto,original,True,healthy:Healthy2167.jpg,512,405d1f4140a8c72b5260c627,healthy_source,/content/drive/MyDrive/Healthy/Healthy2167.jpg,1,masks/leaf/405d1f4140a8c72b5260c627.png,pending,nonempty,Healthy2167.jpg,,Healthy2167.jpg,,bb8345896b4d18b9ca9f67ecace68ad0ca00490dc34bdd8033396a14642037fe,healthy,,train,False,,pending,unknown,512
SAM3_auto,original,True,healthy:Healthy2168.jpg,512,668b90dd7b29233a4181cbed,healthy_source,/content/drive/MyDrive/Healthy/Healthy2168.jpg,1,masks/leaf/668b90dd7b29233a4181cbed.png,pending,nonempty,Healthy2168.jpg,,Healthy2168.jpg,,341acd9ba666baaa5208d3f01469880751fe0c7bd7be799050f4e7e8350b2d6c,healthy,,train,False,,pending,unknown,512
SAM3_auto,original,True,healthy:Healthy217.jpg,512,ecae8fd88db186c2d6bd7511,healthy_source,/content/drive/MyDrive/Healthy/Healthy217.jpg,1,masks/leaf/ecae8fd88db186c2d6bd7511.png,pending,nonempty,Healthy217.jpg,,Healthy217.jpg,,0e6b227ea77be048b8cab927cd088ad973c85fe23d7b7daa4dde19449f2603b1,healthy,,train,False,,pending,unknown,512
SAM3_auto,original,True,healthy:Healthy2170.jpg,512,8935d48a3e172742c847c567,healthy_source,/content/drive/MyDrive/Healthy/Healthy2170.jpg,1,masks/leaf/8935d48a3e172742c847c567.png,pending,nonempty,Healthy2170.jpg,,Healthy2170.jpg,,fe8807252b81394a6f4826b273939c05d05297e27365e251fd23701686d11472,healthy,,train,False,,pending,unknown,512
SAM3_auto,original,True,healthy:Healthy2173.jpg,512,a1b7035afe2d74f29b17600b,healthy_source,/content/drive/MyDrive/Healthy/Healthy2173.jpg,1,masks/leaf/a1b7035afe2d74f29b17600b.png,pending,nonempty,Healthy2173.jpg,,Healthy2173.jpg,,0f9f426096195ce0e0ebaf9e53e4efc8986e3cfd19358c12fdea70b4e9744e1f,healthy,,train,False,,pending,unknown,512
SAM3_auto,original,True,healthy:Healthy2175.jpg,512,9dcd222fa9c9b876641f928b,healthy_source,/content/drive/MyDrive/Healthy/Healthy2175.jpg,1,masks/leaf/9dcd222fa9c9b876641f928b.png,pending,nonempty,Healthy2175.jpg,,Healthy2175.jpg,,53ad4b362c2cf86bd2e581a30142dcc8546bdf043caea4684b1ef1b67bd22194,healthy,,train,False,,pending,unknown,512
SAM3_auto,original,True,healthy:Healthy2177.jpg,512,0aeb11e74073db3e735aad32,healthy_source,/content/drive/MyDrive/Healthy/Healthy2177.jpg,1,masks/leaf/0aeb11e74073db3e735aad32.png,pending,nonempty,Healthy2177.jpg,,Healthy2177.jpg,,c194c523c13cd7c4de9406caf703a332bb5c59fd3a5ea326947f052380d2edff,healthy,,train,False,,pending,unknown,512
SAM3_auto,original,True,healthy:Healthy2178.jpg,512,5398cc8e507eef9928d096ea,healthy_source,/content/drive/MyDrive/Healthy/Healthy2178.jpg,1,masks/leaf/5398cc8e507eef9928d096ea.png,pending,nonempty,Healthy2178.jpg,,Healthy2178.jpg,,6afc5aca523d3ea0d1573a5c5b2bedc856e9164bb5ff56d591b45f6f24ab8e19,healthy,,train,False,,pending,unknown,512
SAM3_auto,original,True,healthy:Healthy2179.jpg,512,9f10dc18034e2d20ca466551,healthy_source,/content/drive/MyDrive/Healthy/Healthy2179.jpg,1,masks/leaf/9f10dc18034e2d20ca466551.png,pending,nonempty,Healthy2179.jpg,,Healthy2179.jpg,,7cdf133e103e8d8c7c8f993942195ff5061650ef58f62cd3043ba31ef5131732,healthy,,train,False,,pending,unknown,512
SAM3_auto,original,True,healthy:Healthy2180.jpg,512,596e59bd48e7942baf72a532,healthy_source,/content/drive/MyDrive/Healthy/Healthy2180.jpg,2,masks/leaf/596e59bd48e7942baf72a532.png,pending,nonempty,Healthy2180.jpg,,Healthy2180.jpg,,1e6bb4eb0d44caa3ffc49d70ef9917653ae3cefb9a5f7a2921b707b325301e75,healthy,,train,False,,pending,unknown,512
SAM3_auto,original,True,healthy:Healthy2182.jpg,512,bcf8ae4cc3611e800e297bfb,healthy_source,/content/drive/MyDrive/Healthy/Healthy2182.jpg,1,masks/leaf/bcf8ae4cc3611e800e297bfb.png,pending,nonempty,Healthy2182.jpg,,Healthy2182.jpg,,d691e389ec2f8c75a72495191b00cd0c35aecefe01bc5379d89bef96221815f3,healthy,,train,False,,pending,unknown,512
SAM3_auto,original,True,healthy:Healthy2183.jpg,512,74e9a6bfd5410f3d4c53d263,healthy_source,/content/drive/MyDrive/Healthy/Healthy2183.jpg,1,masks/leaf/74e9a6bfd5410f3d4c53d263.png,pending,nonempty,Healthy2183.jpg,,Healthy2183.jpg,,1fe7d69a9ce853c1e33b4b0dbcde7f7d7248c055a1b3c75d2d3ba0c4cd6cf257,healthy,,train,False,,pending,unknown,512
SAM3_auto,original,True,healthy:Healthy2184.jpg,512,56801875ab504c6f17b6cc89,healthy_source,/content/drive/MyDrive/Healthy/Healthy2184.jpg,1,masks/leaf/56801875ab504c6f17b6cc89.png,pending,nonempty,Healthy2184.jpg,,Healthy2184.jpg,,14419b576a2217692f8b7498e52815ef13251cf4f0aab1cb3a421626b12293be,healthy,,train,False,,pending,unknown,512
SAM3_auto,original,True,healthy:Healthy2187.jpg,512,4b7e9e3901e082fa3e6c3a64,healthy_source,/content/drive/MyDrive/Healthy/Healthy2187.jpg,1,masks/leaf/4b7e9e3901e082fa3e6c3a64.png,pending,nonempty,Healthy2187.jpg,,Healthy2187.jpg,,b29e5d457e349a8b4630ad426eee4213536d2e64fe3880e6f8a7682dc0709264,healthy,,train,False,,pending,unknown,512
SAM3_auto,original,True,healthy:Healthy2189.jpg,512,3423fcde4fb06a41ccba3eb4,healthy_source,/content/drive/MyDrive/Healthy/Healthy2189.jpg,1,masks/leaf/3423fcde4fb06a41ccba3eb4.png,pending,nonempty,Healthy2189.jpg,,Healthy2189.jpg,,06421897418777ac66168d3cd81ec7754f9c1df59c37a22279c9950a5047cd53,healthy,,train,False,,pending,unknown,512
SAM3_auto,original,True,healthy:Healthy219.jpg,512,8a4c612fb982b36b73fe9d27,healthy_source,/content/drive/MyDrive/Healthy/Healthy219.jpg,1,masks/leaf/8a4c612fb982b36b73fe9d27.png,pending,nonempty,Healthy219.jpg,,Healthy219.jpg,,3613c11c4501cf517672927d0592434865dc7c8b03f0ba6522b370abfd996c39,healthy,,train,False,,pending,unknown,512
SAM3_auto,original,True,healthy:Healthy2190.jpg,512,c120e1abc4a5be2c619b5416,healthy_source,/content/drive/MyDrive/Healthy/Healthy2190.jpg,1,masks/leaf/c120e1abc4a5be2c619b5416.png,pending,nonempty,Healthy2190.jpg,,Healthy2190.jpg,,95cc24a1408202d89daac6e267c8a04788def6f23f9f0b47840e2bb20dc71ceb,healthy,,train,False,,pending,unknown,512
SAM3_auto,original,True,healthy:Healthy2194.jpg,512,1a376a8bf016fe8672d3bbef,healthy_source,/content/drive/MyDrive/Healthy/Healthy2194.jpg,1,masks/leaf/1a376a8bf016fe8672d3bbef.png,pending,nonempty,Healthy2194.jpg,,Healthy2194.jpg,,2a2658de188dd5a4ebe3d96f7b762e194338a4ef1e367f1762c0126731d0b8ee,healthy,,train,False,,pending,unknown,512
SAM3_auto,original,True,healthy:Healthy2195.jpg,512,959557c766557af46c43726f,healthy_source,/content/drive/MyDrive/Healthy/Healthy2195.jpg,1,masks/leaf/959557c766557af46c43726f.png,pending,nonempty,Healthy2195.jpg,,Healthy2195.jpg,,2c8522122836dca34bbe8ace44d4ab6d509744ee7ad8fbd2739fd286794a64aa,healthy,,train,False,,pending,unknown,512
SAM3_auto,original,True,healthy:Healthy2197.jpg,512,3e3c80feaf572c95a76014bc,healthy_source,/content/drive/MyDrive/Healthy/Healthy2197.jpg,1,masks/leaf/3e3c80feaf572c95a76014bc.png,pending,nonempty,Healthy2197.jpg,,Healthy2197.jpg,,80d886bc956131b8b80c8214424c607d87347c4f4edfb8fa6f35b449bb347c45,healthy,,train,False,,pending,unknown,512
SAM3_auto,original,True,healthy:Healthy2198.jpg,512,35047701c5abcae346fa446f,healthy_source,/content/drive/MyDrive/Healthy/Healthy2198.jpg,1,masks/leaf/35047701c5abcae346fa446f.png,pending,nonempty,Healthy2198.jpg,,Healthy2198.jpg,,83e89e1741b6459cdd5b9b104a9fc1ebf71a65153b38cbbbea469ea13f873ef0,healthy,,train,False,,pending,unknown,512
SAM3_auto,original,True,healthy:Healthy22.jpg,512,e3e9f6ffef372eb346cda08d,healthy_source,/content/drive/MyDrive/Healthy/Healthy22.jpg,1,masks/leaf/e3e9f6ffef372eb346cda08d.png,pending,nonempty,Healthy22.jpg,,Healthy22.jpg,,758a65134d2df7aa888bfefa36d7432b2b2163e8ba12aa1d7dfc812fcbc31095,healthy,,train,False,,pending,unknown,512
SAM3_auto,original,True,healthy:Healthy220.jpg,512,0060f1b90d6caaacd88ed89b,healthy_source,/content/drive/MyDrive/Healthy/Healthy220.jpg,1,masks/leaf/0060f1b90d6caaacd88ed89b.png,pending,nonempty,Healthy220.jpg,,Healthy220.jpg,,db4083c9d9ad6fd8e62436c8d20565b436aff76415bea567159bc864c4513ce2,healthy,,train,False,,pending,unknown,512
SAM3_auto,original,True,healthy:Healthy2200.jpg,512,6e65dbc954eec8121d20e9c7,healthy_source,/content/drive/MyDrive/Healthy/Healthy2200.jpg,1,masks/leaf/6e65dbc954eec8121d20e9c7.png,pending,nonempty,Healthy2200.jpg,,Healthy2200.jpg,,6b570afe34423287d7e573e532599a4cd4ca5b6cf2a0b2e7f0be91f08aa05023,healthy,,train,False,,pending,unknown,512
SAM3_auto,original,True,healthy:Healthy2203.jpg,512,0fdcb61be22e2e496793afc4,healthy_source,/content/drive/MyDrive/Healthy/Healthy2203.jpg,1,masks/leaf/0fdcb61be22e2e496793afc4.png,pending,nonempty,Healthy2203.jpg,,Healthy2203.jpg,,2ace6ec4f63628297ac875f8ee5fb31a1ea0dd0de08ff2c491a692f05ba538b8,healthy,,train,False,,pending,unknown,512
SAM3_auto,original,True,healthy:Healthy2204.jpg,512,b18921f0ea57ef0ed233ba50,healthy_source,/content/drive/MyDrive/Healthy/Healthy2204.jpg,1,masks/leaf/b18921f0ea57ef0ed233ba50.png,pending,nonempty,Healthy2204.jpg,,Healthy2204.jpg,,442b49af785b7f517276439fed9b7b2ec89261d27fcc5c390d3e0a82c5d38980,healthy,,train,False,,pending,unknown,512
SAM3_auto,original,True,healthy:Healthy2205.jpg,512,b1b65131f83c229a058c9ed0,healthy_source,/content/drive/MyDrive/Healthy/Healthy2205.jpg,1,masks/leaf/b1b65131f83c229a058c9ed0.png,pending,nonempty,Healthy2205.jpg,,Healthy2205.jpg,,e951b345fba4a0db2403a19cbadc7cd5849a69554f1104a7cb9034546b1f615c,healthy,,train,False,,pending,unknown,512
SAM3_auto,original,True,healthy:Healthy2208.jpg,512,bbc1e402813fa2d4ffb63674,healthy_source,/content/drive/MyDrive/Healthy/Healthy2208.jpg,1,masks/leaf/bbc1e402813fa2d4ffb63674.png,pending,nonempty,Healthy2208.jpg,,Healthy2208.jpg,,5cdf90b7aa9ed3d36371cad207a5ac3496323be584f1155718d19b29690e69dd,healthy,,train,False,,pending,unknown,512
SAM3_auto,original,True,healthy:Healthy2209.jpg,512,605b8f1f6d91ad1dabe3ac0b,healthy_source,/content/drive/MyDrive/Healthy/Healthy2209.jpg,1,masks/leaf/605b8f1f6d91ad1dabe3ac0b.png,pending,nonempty,Healthy2209.jpg,,Healthy2209.jpg,,34269213bfccbfacb3b781881300f009691a4c722ac6a6c3ac8f4a210b3b1ab2,healthy,,train,False,,pending,unknown,512
SAM3_auto,original,True,healthy:Healthy221.jpg,512,1503b979ba1c0120f46657b8,healthy_source,/content/drive/MyDrive/Healthy/Healthy221.jpg,1,masks/leaf/1503b979ba1c0120f46657b8.png,pending,nonempty,Healthy221.jpg,,Healthy221.jpg,,adc9b228d98c3d20256d6d41714db0870878dc52a6ed24e1a36ce4df1042f46f,healthy,,train,False,,pending,unknown,512
SAM3_auto,original,True,healthy:Healthy2210.jpg,512,eb58442b3338a5089903261f,healthy_source,/content/drive/MyDrive/Healthy/Healthy2210.jpg,1,masks/leaf/eb58442b3338a5089903261f.png,pending,nonempty,Healthy2210.jpg,,Healthy2210.jpg,,cc3f6d916b517f559a32d61fbd55b46b33037b89e0b8dc49b85ecefca790278f,healthy,,train,False,,pending,unknown,512
SAM3_auto,original,True,healthy:Healthy2211.jpg,512,2d286acf55fbc6c09800fece,healthy_source,/content/drive/MyDrive/Healthy/Healthy2211.jpg,1,masks/leaf/2d286acf55fbc6c09800fece.png,pending,nonempty,Healthy2211.jpg,,Healthy2211.jpg,,4173c0fd7d5d5eb6f5b90d8ef1be8e42f1d55e4e903493025ec117faa88ae9e5,healthy,,train,False,,pending,unknown,512
SAM3_auto,original,True,healthy:Healthy2212.jpg,512,3e98dbfd63bf46eafd358735,healthy_source,/content/drive/MyDrive/Healthy/Healthy2212.jpg,1,masks/leaf/3e98dbfd63bf46eafd358735.png,pending,nonempty,Healthy2212.jpg,,Healthy2212.jpg,,4e1c924e58592f839083d855f26ae76e2578845d21a5bf39f2a1982a370940b5,healthy,,train,False,,pending,unknown,512
SAM3_auto,original,True,healthy:Healthy2213.jpg,512,19cbd04c63076c2bbe3b739f,healthy_source,/content/drive/MyDrive/Healthy/Healthy2213.jpg,1,masks/leaf/19cbd04c63076c2bbe3b739f.png,pending,nonempty,Healthy2213.jpg,,Healthy2213.jpg,,588273956352d99b3267b5d7b059608a15bd7314dd30dc2f9ce3aa7b02245b27,healthy,,train,False,,pending,unknown,512
SAM3_auto,original,True,healthy:Healthy2214.jpg,512,cdb613e383c3a3f807d599b1,healthy_source,/content/drive/MyDrive/Healthy/Healthy2214.jpg,1,masks/leaf/cdb613e383c3a3f807d599b1.png,pending,nonempty,Healthy2214.jpg,,Healthy2214.jpg,,9f2b52031df8291d66f136bc0566339a06112a11ce10933341b06b945b4a7a0c,healthy,,train,False,,pending,unknown,512
SAM3_auto,original,True,healthy:Healthy2216.jpg,512,86431002208428f598b1cc9e,healthy_source,/content/drive/MyDrive/Healthy/Healthy2216.jpg,2,masks/leaf/86431002208428f598b1cc9e.png,pending,nonempty,Healthy2216.jpg,,Healthy2216.jpg,,1a013091b3e30866cd566197df62ee90d6e45d26755342be8b3d141852ebd394,healthy,,train,False,,pending,unknown,512
SAM3_auto,original,True,healthy:Healthy2217.jpg,512,4b5b57b84ab21259e78648dc,healthy_source,/content/drive/MyDrive/Healthy/Healthy2217.jpg,1,masks/leaf/4b5b57b84ab21259e78648dc.png,pending,nonempty,Healthy2217.jpg,,Healthy2217.jpg,,e03daae15d71d8e159a2aaca72483abf43270151dcd84db7260222130b41cb34,healthy,,train,False,,pending,unknown,512
SAM3_auto,original,True,healthy:Healthy2218.jpg,512,f677242bac4a5950205e0382,healthy_source,/content/drive/MyDrive/Healthy/Healthy2218.jpg,1,masks/leaf/f677242bac4a5950205e0382.png,pending,nonempty,Healthy2218.jpg,,Healthy2218.jpg,,c82cf99675a940972f0df80cf212c272818d7a817e8c255bd21bd5cf9e2d171b,healthy,,train,False,,pending,unknown,512
SAM3_auto,original,True,healthy:Healthy2219.jpg,512,087ba24687e6f818432335b5,healthy_source,/content/drive/MyDrive/Healthy/Healthy2219.jpg,1,masks/leaf/087ba24687e6f818432335b5.png,pending,nonempty,Healthy2219.jpg,,Healthy2219.jpg,,f01121a725b97c814f5bcc11351240855e72755ef7e6898efd7466580342fe99,healthy,,train,False,,pending,unknown,512
SAM3_auto,original,True,healthy:Healthy222.jpg,512,e4cc2c37d0340adcf35e7835,healthy_source,/content/drive/MyDrive/Healthy/Healthy222.jpg,1,masks/leaf/e4cc2c37d0340adcf35e7835.png,pending,nonempty,Healthy222.jpg,,Healthy222.jpg,,6d8852860562e7746ea8746ebc62249c69c583a8c9df07a111a96db514a42ed9,healthy,,train,False,,pending,unknown,512
SAM3_auto,original,True,healthy:Healthy2222.jpg,512,d8955efe6a65511fc8b3ca68,healthy_source,/content/drive/MyDrive/Healthy/Healthy2222.jpg,1,masks/leaf/d8955efe6a65511fc8b3ca68.png,pending,nonempty,Healthy2222.jpg,,Healthy2222.jpg,,6ce12281a2157fcf596664ecf0f73fbc1466405907fa6566c65f6b0648ec5644,healthy,,train,False,,pending,unknown,512
SAM3_auto,original,True,healthy:Healthy2224.jpg,512,70e2a1607c39447088386017,healthy_source,/content/drive/MyDrive/Healthy/Healthy2224.jpg,1,masks/leaf/70e2a1607c39447088386017.png,pending,nonempty,Healthy2224.jpg,,Healthy2224.jpg,,7bfa6d506f70634ed5bdefa4143fb9f574e7534161d9f46b4710ff4d7b6e3712,healthy,,train,False,,pending,unknown,512
SAM3_auto,original,True,healthy:Healthy2225.jpg,512,7a58089c8cdc33a0be02982f,healthy_source,/content/drive/MyDrive/Healthy/Healthy2225.jpg,1,masks/leaf/7a58089c8cdc33a0be02982f.png,pending,nonempty,Healthy2225.jpg,,Healthy2225.jpg,,9b0693e0317522728d97282f6cbffc3e85e815bf55422541d57653836bb4906c,healthy,,train,False,,pending,unknown,512
SAM3_auto,original,True,healthy:Healthy2226.jpg,512,bb310d3393717f6bc0d64d37,healthy_source,/content/drive/MyDrive/Healthy/Healthy2226.jpg,1,masks/leaf/bb310d3393717f6bc0d64d37.png,pending,nonempty,Healthy2226.jpg,,Healthy2226.jpg,,a9164b3c7fbd6c9669ce3b608060b9d092f7e500a41c6dcd78271b5fad07daf4,healthy,,train,False,,pending,unknown,512
SAM3_auto,original,True,healthy:Healthy223.jpg,512,e7a671565279d1ed34070030,healthy_source,/content/drive/MyDrive/Healthy/Healthy223.jpg,1,masks/leaf/e7a671565279d1ed34070030.png,pending,nonempty,Healthy223.jpg,,Healthy223.jpg,,d9ea3fcc0c1293298e5116c812fd4039f6d611560b538c60f2bb6d2f1b6d12aa,healthy,,train,False,,pending,unknown,512
SAM3_auto,original,True,healthy:Healthy2230.jpg,512,7f01ca6fee697badacaf682b,healthy_source,/content/drive/MyDrive/Healthy/Healthy2230.jpg,1,masks/leaf/7f01ca6fee697badacaf682b.png,pending,nonempty,Healthy2230.jpg,,Healthy2230.jpg,,dfc9ee6f41cb93e526a7a67f73fd8a186a38ea2267dbcb8ace7efdbd8a14ff86,healthy,,train,False,,pending,unknown,512
SAM3_auto,original,True,healthy:Healthy2231.jpg,512,059ee500dd5fbe1cab24adef,healthy_source,/content/drive/MyDrive/Healthy/Healthy2231.jpg,1,masks/leaf/059ee500dd5fbe1cab24adef.png,pending,nonempty,Healthy2231.jpg,,Healthy2231.jpg,,50fdf2432544fd33befe6ff38a334669f7ad96c77c29301c97f3e546c4929e07,healthy,,train,False,,pending,unknown,512
SAM3_auto,original,True,healthy:Healthy2234.jpg,512,fcf8bf3983977c44cf467482,healthy_source,/content/drive/MyDrive/Healthy/Healthy2234.jpg,1,masks/leaf/fcf8bf3983977c44cf467482.png,pending,nonempty,Healthy2234.jpg,,Healthy2234.jpg,,a168361059e6b41b99ad00db32a2090d25e87402706ee16d26b40a9137150aad,healthy,,train,False,,pending,unknown,512
SAM3_auto,original,True,healthy:Healthy2236.jpg,512,959bce7897d060b113e3f1ea,healthy_source,/content/drive/MyDrive/Healthy/Healthy2236.jpg,1,masks/leaf/959bce7897d060b113e3f1ea.png,pending,nonempty,Healthy2236.jpg,,Healthy2236.jpg,,d028ec5d920ca6a7e84c2d0dad9e56610680fae180d3fb67f7767b9d23d626a6,healthy,,train,False,,pending,unknown,512
SAM3_auto,original,True,healthy:Healthy2237.jpg,512,9dda628f785cff8477999086,healthy_source,/content/drive/MyDrive/Healthy/Healthy2237.jpg,1,masks/leaf/9dda628f785cff8477999086.png,pending,nonempty,Healthy2237.jpg,,Healthy2237.jpg,,be44c77b1ece22d844a07281c22170da8fc0caee38ff2027aa7fa17719550073,healthy,,train,False,,pending,unknown,512
SAM3_auto,original,True,healthy:Healthy2238.jpg,512,69a9e467733f1feb18aeb529,healthy_source,/content/drive/MyDrive/Healthy/Healthy2238.jpg,1,masks/leaf/69a9e467733f1feb18aeb529.png,pending,nonempty,Healthy2238.jpg,,Healthy2238.jpg,,88df859219aa58f7228f842f86357229a6b1a66e1da576a5428cb57d650df834,healthy,,train,False,,pending,unknown,512
SAM3_auto,original,True,healthy:Healthy2239.jpg,512,c2fbc092a930a0aea495edda,healthy_source,/content/drive/MyDrive/Healthy/Healthy2239.jpg,1,masks/leaf/c2fbc092a930a0aea495edda.png,pending,nonempty,Healthy2239.jpg,,Healthy2239.jpg,,41af84ab045dbe7e517ffa0119236f3aa46e393577bb1b2dc0d451ba649a4183,healthy,,train,False,,pending,unknown,512
SAM3_auto,original,True,healthy:Healthy2240.jpg,512,a42c4c1bc003f593605bfe64,healthy_source,/content/drive/MyDrive/Healthy/Healthy2240.jpg,1,masks/leaf/a42c4c1bc003f593605bfe64.png,pending,nonempty,Healthy2240.jpg,,Healthy2240.jpg,,3f8a913def1041c7d64e70dbe71edad5a83f94b61ac82dd9380e6b55462c6d92,healthy,,train,False,,pending,unknown,512
SAM3_auto,original,True,healthy:Healthy2241.jpg,512,96f9c5213a24f9447c5e7393,healthy_source,/content/drive/MyDrive/Healthy/Healthy2241.jpg,1,masks/leaf/96f9c5213a24f9447c5e7393.png,pending,nonempty,Healthy2241.jpg,,Healthy2241.jpg,,0812bd0065a4c06171fec49958954cbb696574d2dece9cdb6c395bd5edc31388,healthy,,train,False,,pending,unknown,512
SAM3_auto,original,True,healthy:Healthy2242.jpg,512,d437bcd9fde441a503deb1dd,healthy_source,/content/drive/MyDrive/Healthy/Healthy2242.jpg,1,masks/leaf/d437bcd9fde441a503deb1dd.png,pending,nonempty,Healthy2242.jpg,,Healthy2242.jpg,,38567fe409df73837ee6c15228c209c8e4793ca620f64b7395449e912f62721a,healthy,,train,False,,pending,unknown,512
SAM3_auto,original,True,healthy:Healthy2244.jpg,512,7c1fc3ac19e872d5ea3987d8,healthy_source,/content/drive/MyDrive/Healthy/Healthy2244.jpg,1,masks/leaf/7c1fc3ac19e872d5ea3987d8.png,pending,nonempty,Healthy2244.jpg,,Healthy2244.jpg,,23a02e1a253f7b12899dd20d3a0ac902d9a5ca9a6a9edd5fb0e19572ea4ecd04,healthy,,train,False,,pending,unknown,512
SAM3_auto,original,True,healthy:Healthy2246.jpg,512,c37376c6e160a96152a17100,healthy_source,/content/drive/MyDrive/Healthy/Healthy2246.jpg,1,masks/leaf/c37376c6e160a96152a17100.png,pending,nonempty,Healthy2246.jpg,,Healthy2246.jpg,,b176acb312f7468825134b85d99ad88e0afc92854b33cc43bc217d94c485f84f,healthy,,train,False,,pending,unknown,512
SAM3_auto,original,True,healthy:Healthy2247.jpg,512,11c97b151d7b8754cbaffe8c,healthy_source,/content/drive/MyDrive/Healthy/Healthy2247.jpg,1,masks/leaf/11c97b151d7b8754cbaffe8c.png,pending,nonempty,Healthy2247.jpg,,Healthy2247.jpg,,e844304a6208218af2b401b6dfc6cce33f41943b10f3b410f752ea34cc2a6024,healthy,,train,False,,pending,unknown,512
SAM3_auto,original,True,healthy:Healthy2248.jpg,512,ac0c83cdc88107b510b6898a,healthy_source,/content/drive/MyDrive/Healthy/Healthy2248.jpg,1,masks/leaf/ac0c83cdc88107b510b6898a.png,pending,nonempty,Healthy2248.jpg,,Healthy2248.jpg,,923d6639ce85c5fbbcf5195202e53dc03dd10f8da7d9d3ea92d407374ef78868,healthy,,train,False,,pending,unknown,512
SAM3_auto,original,True,healthy:Healthy225.jpg,512,11b39ba70d0ebbcf785f8378,healthy_source,/content/drive/MyDrive/Healthy/Healthy225.jpg,1,masks/leaf/11b39ba70d0ebbcf785f8378.png,pending,nonempty,Healthy225.jpg,,Healthy225.jpg,,a25a349fbb641d701cff90c1793985ab712d4850d10a41d54ddc69720972fb0d,healthy,,train,False,,pending,unknown,512
SAM3_auto,original,True,healthy:Healthy2250.jpg,512,45a5a958275453f5d6bde4c7,healthy_source,/content/drive/MyDrive/Healthy/Healthy2250.jpg,1,masks/leaf/45a5a958275453f5d6bde4c7.png,pending,nonempty,Healthy2250.jpg,,Healthy2250.jpg,,fb6b03dc8d0d58265d430700a70af085864dfb4fca2db2cca821914a9cfc364f,healthy,,train,False,,pending,unknown,512
SAM3_auto,original,True,healthy:Healthy2252.jpg,512,3a94ebed565a9cd0008b4776,healthy_source,/content/drive/MyDrive/Healthy/Healthy2252.jpg,1,masks/leaf/3a94ebed565a9cd0008b4776.png,pending,nonempty,Healthy2252.jpg,,Healthy2252.jpg,,b20b20d5968b8049e6891adbb66717ba5189ee4b5e5b8b6e91c8e720ec9f4250,healthy,,train,False,,pending,unknown,512
SAM3_auto,original,True,healthy:Healthy2253.jpg,512,464e145b4a394f9fc00e45eb,healthy_source,/content/drive/MyDrive/Healthy/Healthy2253.jpg,1,masks/leaf/464e145b4a394f9fc00e45eb.png,pending,nonempty,Healthy2253.jpg,,Healthy2253.jpg,,793bb47baf8f6005013f32feb566e4f85584725e0115f2b37864582d5a5068de,healthy,,train,False,,pending,unknown,512
SAM3_auto,original,True,healthy:Healthy2254.jpg,512,089bf50b6c9ccadeb48cfacf,healthy_source,/content/drive/MyDrive/Healthy/Healthy2254.jpg,1,masks/leaf/089bf50b6c9ccadeb48cfacf.png,pending,nonempty,Healthy2254.jpg,,Healthy2254.jpg,,a23056e555becf8fbf6e7e6b2448c1fd81a510ad481803fa5faeb237f3107fb5,healthy,,train,False,,pending,unknown,512
SAM3_auto,original,True,healthy:Healthy2255.jpg,512,1a268d34a605c3ab4d05d5bd,healthy_source,/content/drive/MyDrive/Healthy/Healthy2255.jpg,1,masks/leaf/1a268d34a605c3ab4d05d5bd.png,pending,nonempty,Healthy2255.jpg,,Healthy2255.jpg,,74baa81d9f086c421bd8f56a0c6cf5f7e11193c1e03069883e5191b15d10cd08,healthy,,train,False,,pending,unknown,512
SAM3_auto,original,True,healthy:Healthy2256.jpg,512,d7f93cf99443ef621cd01cd8,healthy_source,/content/drive/MyDrive/Healthy/Healthy2256.jpg,1,masks/leaf/d7f93cf99443ef621cd01cd8.png,pending,nonempty,Healthy2256.jpg,,Healthy2256.jpg,,efb8b90c17c4cea47d582958a49e2ca4871c106f2efb1a61b79c7feb5c64aacc,healthy,,train,False,,pending,unknown,512
SAM3_auto,original,True,healthy:Healthy2258.jpg,512,cefcda9f7fd5d679bd50c4a7,healthy_source,/content/drive/MyDrive/Healthy/Healthy2258.jpg,1,masks/leaf/cefcda9f7fd5d679bd50c4a7.png,pending,nonempty,Healthy2258.jpg,,Healthy2258.jpg,,e416302dc1ef0d7d12f60220356bf0be3419f088bc4acf38f0c9def30c384cfa,healthy,,train,False,,pending,unknown,512
SAM3_auto,original,True,healthy:Healthy2259.jpg,512,017979940473c32344faa2f2,healthy_source,/content/drive/MyDrive/Healthy/Healthy2259.jpg,1,masks/leaf/017979940473c32344faa2f2.png,pending,nonempty,Healthy2259.jpg,,Healthy2259.jpg,,1599eb97f9f47e83534e304d63f5a149401f2cdd39d91007cf13493bbee7ed2e,healthy,,train,False,,pending,unknown,512
SAM3_auto,original,True,healthy:Healthy2261.jpg,512,a0cb89c1862b4048e96bab98,healthy_source,/content/drive/MyDrive/Healthy/Healthy2261.jpg,2,masks/leaf/a0cb89c1862b4048e96bab98.png,pending,nonempty,Healthy2261.jpg,,Healthy2261.jpg,,690ce38603d6b9a28d5318421985d80f668c4b2c90e8b7ee21e9399ad52943c6,healthy,,train,False,,pending,unknown,512
SAM3_auto,original,True,healthy:Healthy2262.jpg,512,6a47035339b6f4eb58f50e74,healthy_source,/content/drive/MyDrive/Healthy/Healthy2262.jpg,1,masks/leaf/6a47035339b6f4eb58f50e74.png,pending,nonempty,Healthy2262.jpg,,Healthy2262.jpg,,24ef148cbfe981c6c777581a0b3731906e80344912dadbeacb74aef00320b1e4,healthy,,train,False,,pending,unknown,512
SAM3_auto,original,True,healthy:Healthy2265.jpg,512,70b018811008fa15960b52e0,healthy_source,/content/drive/MyDrive/Healthy/Healthy2265.jpg,1,masks/leaf/70b018811008fa15960b52e0.png,pending,nonempty,Healthy2265.jpg,,Healthy2265.jpg,,624a992c42ebffd5c3a561e9432fb60a0b736ceeddac65cce0f3ee964d571f4a,healthy,,train,False,,pending,unknown,512
SAM3_auto,original,True,healthy:Healthy2267.jpg,512,915465086cd862f0cc38be18,healthy_source,/content/drive/MyDrive/Healthy/Healthy2267.jpg,1,masks/leaf/915465086cd862f0cc38be18.png,pending,nonempty,Healthy2267.jpg,,Healthy2267.jpg,,107899c0b45291fd59279fe747330c9783dda6f0fd8850b289ef5839d65e869b,healthy,,train,False,,pending,unknown,512
SAM3_auto,original,True,healthy:Healthy2268.jpg,512,a3b201d0e3e8407322150186,healthy_source,/content/drive/MyDrive/Healthy/Healthy2268.jpg,1,masks/leaf/a3b201d0e3e8407322150186.png,pending,nonempty,Healthy2268.jpg,,Healthy2268.jpg,,1795d935a8c2a86266759723433711879567fbca697f9b45c8bcf6f1acbc59ce,healthy,,train,False,,pending,unknown,512
SAM3_auto,original,True,healthy:Healthy2269.jpg,512,2f61eb9806763b2f91c0803a,healthy_source,/content/drive/MyDrive/Healthy/Healthy2269.jpg,1,masks/leaf/2f61eb9806763b2f91c0803a.png,pending,nonempty,Healthy2269.jpg,,Healthy2269.jpg,,8a5857d200748312f125db045da261a6b1e4c19c0f15c8e2a1d08595e2e0077f,healthy,,train,False,,pending,unknown,512
SAM3_auto,original,True,healthy:Healthy227.jpg,512,955a56946910c2ca63b32857,healthy_source,/content/drive/MyDrive/Healthy/Healthy227.jpg,1,masks/leaf/955a56946910c2ca63b32857.png,pending,nonempty,Healthy227.jpg,,Healthy227.jpg,,c90bcadbf6f7253317a54511cc74c7c4855218041da732b36c17dc941ff54aaf,healthy,,train,False,,pending,unknown,512
SAM3_auto,original,True,healthy:Healthy2270.jpg,512,0565dfb99d829c71cc425000,healthy_source,/content/drive/MyDrive/Healthy/Healthy2270.jpg,1,masks/leaf/0565dfb99d829c71cc425000.png,pending,nonempty,Healthy2270.jpg,,Healthy2270.jpg,,ee8ce8cd2bcceeebc5758f2cf5efa17be84858963daa576eacfc39e18abf5c35,healthy,,train,False,,pending,unknown,512
SAM3_auto,original,True,healthy:Healthy2271.jpg,512,328991e7e936b3ea328cee08,healthy_source,/content/drive/MyDrive/Healthy/Healthy2271.jpg,1,masks/leaf/328991e7e936b3ea328cee08.png,pending,nonempty,Healthy2271.jpg,,Healthy2271.jpg,,4ea2fccb54dd546eb1591e758aed2d1005126bccfc153ba9de3bd7c4a49d3d04,healthy,,train,False,,pending,unknown,512
SAM3_auto,original,True,healthy:Healthy2272.jpg,512,38fe26ef91495772f6feba47,healthy_source,/content/drive/MyDrive/Healthy/Healthy2272.jpg,1,masks/leaf/38fe26ef91495772f6feba47.png,pending,nonempty,Healthy2272.jpg,,Healthy2272.jpg,,e948e61f9ff694a7754431d218287a0193a3d4c22429d8ea1826e2e0e7685d85,healthy,,train,False,,pending,unknown,512
SAM3_auto,original,True,healthy:Healthy2273.jpg,512,18d72deeffea8c437b8b9026,healthy_source,/content/drive/MyDrive/Healthy/Healthy2273.jpg,1,masks/leaf/18d72deeffea8c437b8b9026.png,pending,nonempty,Healthy2273.jpg,,Healthy2273.jpg,,f696ac2daa920f312245f5a46e26ed89b8b9f4b2dcb2ed3b8b607f0186955cd9,healthy,,train,False,,pending,unknown,512
SAM3_auto,original,True,healthy:Healthy2274.jpg,512,514c20dae6b01ea3398c510c,healthy_source,/content/drive/MyDrive/Healthy/Healthy2274.jpg,1,masks/leaf/514c20dae6b01ea3398c510c.png,pending,nonempty,Healthy2274.jpg,,Healthy2274.jpg,,0025256634621b0f723a6a11e89d41c5534e0caf6dc56e2400502144b9a012c1,healthy,,train,False,,pending,unknown,512
SAM3_auto,original,True,healthy:Healthy2276.jpg,512,949e2b5690e38acae2348d17,healthy_source,/content/drive/MyDrive/Healthy/Healthy2276.jpg,1,masks/leaf/949e2b5690e38acae2348d17.png,pending,nonempty,Healthy2276.jpg,,Healthy2276.jpg,,59d5182c1b84a02e07de4c7d7cc7eb105a0a7ecad99af0f88d9bff4e0091a053,healthy,,train,False,,pending,unknown,512
SAM3_auto,original,True,healthy:Healthy2278.jpg,512,3a7a496d6b19789779b8b921,healthy_source,/content/drive/MyDrive/Healthy/Healthy2278.jpg,1,masks/leaf/3a7a496d6b19789779b8b921.png,pending,nonempty,Healthy2278.jpg,,Healthy2278.jpg,,ba59b0d18a60d2dbdf80757eb76cd3bc1e499389b93971a31c6a8d33935c94f3,healthy,,train,False,,pending,unknown,512
SAM3_auto,original,True,healthy:Healthy2279.jpg,512,f3810b9e5732ac8c4471b5c9,healthy_source,/content/drive/MyDrive/Healthy/Healthy2279.jpg,1,masks/leaf/f3810b9e5732ac8c4471b5c9.png,pending,nonempty,Healthy2279.jpg,,Healthy2279.jpg,,2067d78a4f7b0183dc9ea5f2fb86361df696326cecb0a62aeaee142898b27f74,healthy,,train,False,,pending,unknown,512
SAM3_auto,original,True,healthy:Healthy2280.jpg,512,603efb655eb22e68ec7896d2,healthy_source,/content/drive/MyDrive/Healthy/Healthy2280.jpg,1,masks/leaf/603efb655eb22e68ec7896d2.png,pending,nonempty,Healthy2280.jpg,,Healthy2280.jpg,,ad1687fc6c0c7c99055a3c7397776be54188a78d1f5ee084ea7d0751d8a47f16,healthy,,train,False,,pending,unknown,512
SAM3_auto,original,True,healthy:Healthy2281.jpg,512,2a5a616d23efd153e59d5fd9,healthy_source,/content/drive/MyDrive/Healthy/Healthy2281.jpg,1,masks/leaf/2a5a616d23efd153e59d5fd9.png,pending,nonempty,Healthy2281.jpg,,Healthy2281.jpg,,bd37798c8968f92f31566906d724b5a67d3d2151e80b95b58cdbcc7d214d4816,healthy,,train,False,,pending,unknown,512
SAM3_auto,original,True,healthy:Healthy2283.jpg,512,fb78fa033bb7caf7e706bdab,healthy_source,/content/drive/MyDrive/Healthy/Healthy2283.jpg,1,masks/leaf/fb78fa033bb7caf7e706bdab.png,pending,nonempty,Healthy2283.jpg,,Healthy2283.jpg,,3e8610f28fe9a46fa1a5d7e5898db8063be0e0bac5a2cceece8f83e11f0f9516,healthy,,train,False,,pending,unknown,512
SAM3_auto,original,True,healthy:Healthy2284.jpg,512,820b22823616965a1490a5f6,healthy_source,/content/drive/MyDrive/Healthy/Healthy2284.jpg,1,masks/leaf/820b22823616965a1490a5f6.png,pending,nonempty,Healthy2284.jpg,,Healthy2284.jpg,,96ec0c6da9fc9862afb1b2f17e537aea519f5a3e1dd85c8421dc4a86b93508e3,healthy,,train,False,,pending,unknown,512
SAM3_auto,original,True,healthy:Healthy2285.jpg,512,474401af423539f3e9198319,healthy_source,/content/drive/MyDrive/Healthy/Healthy2285.jpg,1,masks/leaf/474401af423539f3e9198319.png,pending,nonempty,Healthy2285.jpg,,Healthy2285.jpg,,88f97f0035ade421f2226e8900d0ac2afe5094d828aa372801b1e370415deaf7,healthy,,train,False,,pending,unknown,512
SAM3_auto,original,True,healthy:Healthy2286.jpg,512,54bd4afed34c1efc766457a7,healthy_source,/content/drive/MyDrive/Healthy/Healthy2286.jpg,1,masks/leaf/54bd4afed34c1efc766457a7.png,pending,nonempty,Healthy2286.jpg,,Healthy2286.jpg,,a3935990a1a01bc0a972612468856312dd5cfd2edea129052b856cf68752754a,healthy,,train,False,,pending,unknown,512
SAM3_auto,original,True,healthy:Healthy2287.jpg,512,1dfbee9df42747828e8a8afd,healthy_source,/content/drive/MyDrive/Healthy/Healthy2287.jpg,1,masks/leaf/1dfbee9df42747828e8a8afd.png,pending,nonempty,Healthy2287.jpg,,Healthy2287.jpg,,a76efa87f251acdf328049b6ca339ba464afa9cadb9f1152b25b62786f374ec5,healthy,,train,False,,pending,unknown,512
SAM3_auto,original,True,healthy:Healthy2288.jpg,512,9fe44f3c84d543eaafa4c424,healthy_source,/content/drive/MyDrive/Healthy/Healthy2288.jpg,1,masks/leaf/9fe44f3c84d543eaafa4c424.png,pending,nonempty,Healthy2288.jpg,,Healthy2288.jpg,,1ebc1b52d964ffbc9f659d401547cd24ff32fb1fb647a5840dd48d48c32460a2,healthy,,train,False,,pending,unknown,512
SAM3_auto,original,True,healthy:Healthy2289.jpg,512,e4da70f5f2de715bd6415eeb,healthy_source,/content/drive/MyDrive/Healthy/Healthy2289.jpg,1,masks/leaf/e4da70f5f2de715bd6415eeb.png,pending,nonempty,Healthy2289.jpg,,Healthy2289.jpg,,a19d895654efecf94d544970c3db1e0985da31959b7a4f43e480c1269480dcbf,healthy,,train,False,,pending,unknown,512
SAM3_auto,original,True,healthy:Healthy229.jpg,512,213e5eb3415c7faf828fb5b2,healthy_source,/content/drive/MyDrive/Healthy/Healthy229.jpg,1,masks/leaf/213e5eb3415c7faf828fb5b2.png,pending,nonempty,Healthy229.jpg,,Healthy229.jpg,,e18149b72a79a59104d6bc476e4c62f196107f3048f303ad49f2ed11a42691c3,healthy,,train,False,,pending,unknown,512
SAM3_auto,original,True,healthy:Healthy2290.jpg,512,ac9eb73dd1d91b4730d9ef64,healthy_source,/content/drive/MyDrive/Healthy/Healthy2290.jpg,1,masks/leaf/ac9eb73dd1d91b4730d9ef64.png,pending,nonempty,Healthy2290.jpg,,Healthy2290.jpg,,2e6a1d099ed9a6da5f9db453448a341be2943c01d07433e1653364be03d1a7ab,healthy,,train,False,,pending,unknown,512
SAM3_auto,original,True,healthy:Healthy2291.jpg,512,d01c429c0d4d5c0051067d76,healthy_source,/content/drive/MyDrive/Healthy/Healthy2291.jpg,1,masks/leaf/d01c429c0d4d5c0051067d76.png,pending,nonempty,Healthy2291.jpg,,Healthy2291.jpg,,20a3fd0323af34882c285b48749e042039196754a16fc17846f5ef6d1638ccc4,healthy,,train,False,,pending,unknown,512
SAM3_auto,original,True,healthy:Healthy2293.jpg,512,249e0c979c915fb94e7e5d1e,healthy_source,/content/drive/MyDrive/Healthy/Healthy2293.jpg,1,masks/leaf/249e0c979c915fb94e7e5d1e.png,pending,nonempty,Healthy2293.jpg,,Healthy2293.jpg,,0af6e4f407299b626ea810793e326dfe5af1c825e8681f3bb9e0379e9725b96f,healthy,,train,False,,pending,unknown,512
SAM3_auto,original,True,healthy:Healthy2294.jpg,512,c2940ea3c800d6aebe8f679c,healthy_source,/content/drive/MyDrive/Healthy/Healthy2294.jpg,1,masks/leaf/c2940ea3c800d6aebe8f679c.png,pending,nonempty,Healthy2294.jpg,,Healthy2294.jpg,,90c11c71a620382a3899100cc7fbe9a760db8ae4b74418dfc0979fc6f84d50ed,healthy,,train,False,,pending,unknown,512
SAM3_auto,original,True,healthy:Healthy2295.jpg,512,0ae3011badbb60b733020ba8,healthy_source,/content/drive/MyDrive/Healthy/Healthy2295.jpg,1,masks/leaf/0ae3011badbb60b733020ba8.png,pending,nonempty,Healthy2295.jpg,,Healthy2295.jpg,,ca51cb5d12b7896e088049a9ecb003a50b8c071c2fa708d3646b74752a080f05,healthy,,train,False,,pending,unknown,512
SAM3_auto,original,True,healthy:Healthy2296.jpg,512,c748d296a73a0035c35b6fe7,healthy_source,/content/drive/MyDrive/Healthy/Healthy2296.jpg,1,masks/leaf/c748d296a73a0035c35b6fe7.png,pending,nonempty,Healthy2296.jpg,,Healthy2296.jpg,,8a461d5e2777619d42239257815548c067fa88324f5def7a3d52dd538e692fb9,healthy,,train,False,,pending,unknown,512
SAM3_auto,original,True,healthy:Healthy2298.jpg,512,09ddb4e795868c8b23a8c236,healthy_source,/content/drive/MyDrive/Healthy/Healthy2298.jpg,1,masks/leaf/09ddb4e795868c8b23a8c236.png,pending,nonempty,Healthy2298.jpg,,Healthy2298.jpg,,8a7ae4c393110a5fbfc9f33213cbb0f3bc0a05ba6aac2cf375401e00ae72f217,healthy,,train,False,,pending,unknown,512
SAM3_auto,original,True,healthy:Healthy2299.jpg,512,7a0aead64f0bc43383291e20,healthy_source,/content/drive/MyDrive/Healthy/Healthy2299.jpg,1,masks/leaf/7a0aead64f0bc43383291e20.png,pending,nonempty,Healthy2299.jpg,,Healthy2299.jpg,,f73321f2a7de8874f58502e5c89387c4539462915acc766180c9421dfb2c16c8,healthy,,train,False,,pending,unknown,512
SAM3_auto,original,True,healthy:Healthy23.jpg,512,c5c8bf2ea7adc13857f1ab45,healthy_source,/content/drive/MyDrive/Healthy/Healthy23.jpg,1,masks/leaf/c5c8bf2ea7adc13857f1ab45.png,pending,nonempty,Healthy23.jpg,,Healthy23.jpg,,bbfbca79c3448cc9a997b2716cc2ca98842c4062066970bbf1f037740de36cac,healthy,,train,False,,pending,unknown,512
SAM3_auto,original,True,healthy:Healthy230.jpg,512,d95e18a9916a755ab0bb59c6,healthy_source,/content/drive/MyDrive/Healthy/Healthy230.jpg,1,masks/leaf/d95e18a9916a755ab0bb59c6.png,pending,nonempty,Healthy230.jpg,,Healthy230.jpg,,ab33413caeddfdbdaf8f963b7f18030d202d158cfe9169bf39888db9465cdc75,healthy,,train,False,,pending,unknown,512
SAM3_auto,original,True,healthy:Healthy2300.jpg,512,a926c40811c7eb0cbbf12f63,healthy_source,/content/drive/MyDrive/Healthy/Healthy2300.jpg,1,masks/leaf/a926c40811c7eb0cbbf12f63.png,pending,nonempty,Healthy2300.jpg,,Healthy2300.jpg,,494a36e1cf0bac31a7ea4d245a8416c44c2a6c4dfc7d5ded5c5af81c94761b98,healthy,,train,False,,pending,unknown,512
SAM3_auto,original,True,healthy:Healthy2301.jpg,512,afd79606554b7e276d42ffd3,healthy_source,/content/drive/MyDrive/Healthy/Healthy2301.jpg,1,masks/leaf/afd79606554b7e276d42ffd3.png,pending,nonempty,Healthy2301.jpg,,Healthy2301.jpg,,ee06f5fe706be6e37d9e53c4af0fbfeb1b9606172f93e49b321bc37b3bb8cb65,healthy,,train,False,,pending,unknown,512
SAM3_auto,original,True,healthy:Healthy2302.jpg,512,2f26bf2051c220716e5ae627,healthy_source,/content/drive/MyDrive/Healthy/Healthy2302.jpg,1,masks/leaf/2f26bf2051c220716e5ae627.png,pending,nonempty,Healthy2302.jpg,,Healthy2302.jpg,,1f9faa801be6b29c69da030755445810672a15794b00969bb7551930cfeae79f,healthy,,train,False,,pending,unknown,512
SAM3_auto,original,True,healthy:Healthy2303.jpg,512,b10011d40d3767ca3a840213,healthy_source,/content/drive/MyDrive/Healthy/Healthy2303.jpg,1,masks/leaf/b10011d40d3767ca3a840213.png,pending,nonempty,Healthy2303.jpg,,Healthy2303.jpg,,bd16ccff912ce7ed7b2d14c7fe9d582a55504f07b7b85507f7f7fa6d7da198dc,healthy,,train,False,,pending,unknown,512
SAM3_auto,original,True,healthy:Healthy2304.jpg,512,055b8c7406ab1193f4bc170b,healthy_source,/content/drive/MyDrive/Healthy/Healthy2304.jpg,1,masks/leaf/055b8c7406ab1193f4bc170b.png,pending,nonempty,Healthy2304.jpg,,Healthy2304.jpg,,b0b43700bd7a05d06eb4ac6c5feb224ac8ec1fd0b4f8ecccb4d96ea045c37282,healthy,,train,False,,pending,unknown,512
SAM3_auto,original,True,healthy:Healthy2305.jpg,512,77747dc9ec9e6819b216eeff,healthy_source,/content/drive/MyDrive/Healthy/Healthy2305.jpg,2,masks/leaf/77747dc9ec9e6819b216eeff.png,pending,nonempty,Healthy2305.jpg,,Healthy2305.jpg,,2b95ba4fa9e9b4476d8459db826516fbf15b48144b36cba5e87222073354a56b,healthy,,train,False,,pending,unknown,512
SAM3_auto,original,True,healthy:Healthy2306.jpg,512,a5e9286f551fd265171817ab,healthy_source,/content/drive/MyDrive/Healthy/Healthy2306.jpg,1,masks/leaf/a5e9286f551fd265171817ab.png,pending,nonempty,Healthy2306.jpg,,Healthy2306.jpg,,ee7b8fe0610f5c46ffb4da396ef4ed15138f08b56bbfee3796fef983ca35db6f,healthy,,train,False,,pending,unknown,512
SAM3_auto,original,True,healthy:Healthy2308.jpg,512,f5f8c6f8d3447e9c05c0b01a,healthy_source,/content/drive/MyDrive/Healthy/Healthy2308.jpg,1,masks/leaf/f5f8c6f8d3447e9c05c0b01a.png,pending,nonempty,Healthy2308.jpg,,Healthy2308.jpg,,6eb56e7e4962a18757fcd32e7bb19696d1b7a90ed7a21e035184d6e2e984dc24,healthy,,train,False,,pending,unknown,512
SAM3_auto,original,True,healthy:Healthy2309.jpg,512,3a3dd7dddb60fe6079302af8,healthy_source,/content/drive/MyDrive/Healthy/Healthy2309.jpg,1,masks/leaf/3a3dd7dddb60fe6079302af8.png,pending,nonempty,Healthy2309.jpg,,Healthy2309.jpg,,420c319311b99c8a7f818ca574be1a756e94d1eac0d14dceeec8ab8cc57e9f8c,healthy,,train,False,,pending,unknown,512
SAM3_auto,original,True,healthy:Healthy231.jpg,512,95ce7512fe4436ef214f0127,healthy_source,/content/drive/MyDrive/Healthy/Healthy231.jpg,1,masks/leaf/95ce7512fe4436ef214f0127.png,pending,nonempty,Healthy231.jpg,,Healthy231.jpg,,aa894473230e262b42225417b74272d8042717aa4813a4297237ca8da25b5442,healthy,,train,False,,pending,unknown,512
SAM3_auto,original,True,healthy:Healthy2310.jpg,512,9dc06ad214a57958de8542ff,healthy_source,/content/drive/MyDrive/Healthy/Healthy2310.jpg,1,masks/leaf/9dc06ad214a57958de8542ff.png,pending,nonempty,Healthy2310.jpg,,Healthy2310.jpg,,d89f5dd4e7ad4eeb60daec064f497c2185ef6c2767c262c0d2ae19be9b63dc23,healthy,,train,False,,pending,unknown,512
SAM3_auto,original,True,healthy:Healthy2311.jpg,512,a91a640461841e53a5476c9a,healthy_source,/content/drive/MyDrive/Healthy/Healthy2311.jpg,1,masks/leaf/a91a640461841e53a5476c9a.png,pending,nonempty,Healthy2311.jpg,,Healthy2311.jpg,,625ec493029109fa6b3ce048f49636698de7cdcf18223e4f478524cea17b4eee,healthy,,train,False,,pending,unknown,512
SAM3_auto,original,True,healthy:Healthy2314.jpg,512,436dcc2a7750ad7010dc3319,healthy_source,/content/drive/MyDrive/Healthy/Healthy2314.jpg,1,masks/leaf/436dcc2a7750ad7010dc3319.png,pending,nonempty,Healthy2314.jpg,,Healthy2314.jpg,,6406d6909531fc8d8488013187f64e33902d265c2b50976b966a73919e6942c0,healthy,,train,False,,pending,unknown,512
SAM3_auto,original,True,healthy:Healthy2315.jpg,512,89cea8a5025c939a561cd77d,healthy_source,/content/drive/MyDrive/Healthy/Healthy2315.jpg,1,masks/leaf/89cea8a5025c939a561cd77d.png,pending,nonempty,Healthy2315.jpg,,Healthy2315.jpg,,1bbe43d6280f76d75d4e48ece26be2c916eb9fb5eb03346220f1f6c17f16680e,healthy,,train,False,,pending,unknown,512
SAM3_auto,original,True,healthy:Healthy2316.jpg,512,5f224494090ec55f95a39586,healthy_source,/content/drive/MyDrive/Healthy/Healthy2316.jpg,2,masks/leaf/5f224494090ec55f95a39586.png,pending,nonempty,Healthy2316.jpg,,Healthy2316.jpg,,b653b0535f915917469f07da53d5b9fd0adf948d0504e68e6fbfa8b713b7fca3,healthy,,train,False,,pending,unknown,512
SAM3_auto,original,True,healthy:Healthy2317.jpg,512,9f03f05f05e41223d62ae158,healthy_source,/content/drive/MyDrive/Healthy/Healthy2317.jpg,1,masks/leaf/9f03f05f05e41223d62ae158.png,pending,nonempty,Healthy2317.jpg,,Healthy2317.jpg,,ffee3c9b9a12cfd4db757d3468d3509e510052965232f0956ae7fdfe03ddf3ee,healthy,,train,False,,pending,unknown,512
SAM3_auto,original,True,healthy:Healthy2318.jpg,512,39c3cd31ed8534e8882a6929,healthy_source,/content/drive/MyDrive/Healthy/Healthy2318.jpg,1,masks/leaf/39c3cd31ed8534e8882a6929.png,pending,nonempty,Healthy2318.jpg,,Healthy2318.jpg,,c8e9cd0fe9dcc632fd269d8dc4bcd1b7d44bfc85c4d0177be89f53ecb4e253d8,healthy,,train,False,,pending,unknown,512
SAM3_auto,original,True,healthy:Healthy232.jpg,512,aeacaceeb50e15f7b2bc38fa,healthy_source,/content/drive/MyDrive/Healthy/Healthy232.jpg,1,masks/leaf/aeacaceeb50e15f7b2bc38fa.png,pending,nonempty,Healthy232.jpg,,Healthy232.jpg,,4169148e25a28dc0a478865587418ee02d2e7a33d391351a28fbef8853ebc10d,healthy,,train,False,,pending,unknown,512
SAM3_auto,original,True,healthy:Healthy2320.jpg,512,4429b66767392e2e3f9cfbf3,healthy_source,/content/drive/MyDrive/Healthy/Healthy2320.jpg,1,masks/leaf/4429b66767392e2e3f9cfbf3.png,pending,nonempty,Healthy2320.jpg,,Healthy2320.jpg,,a884d0b01723056a16714d0f8873df376dd3e3e2ed1403b50956e917c74c06d3,healthy,,train,False,,pending,unknown,512
SAM3_auto,original,True,healthy:Healthy2321.jpg,512,a76aebae5abba3c34cff481e,healthy_source,/content/drive/MyDrive/Healthy/Healthy2321.jpg,1,masks/leaf/a76aebae5abba3c34cff481e.png,pending,nonempty,Healthy2321.jpg,,Healthy2321.jpg,,6af53fb1c7c853b13fc57b460d73dbdfeb49eb361199e4e9820fcf1d3717a1ad,healthy,,train,False,,pending,unknown,512
SAM3_auto,original,True,healthy:Healthy2324.jpg,512,365a44a041d8f01bde6ad289,healthy_source,/content/drive/MyDrive/Healthy/Healthy2324.jpg,1,masks/leaf/365a44a041d8f01bde6ad289.png,pending,nonempty,Healthy2324.jpg,,Healthy2324.jpg,,72f53d263baa336692b7a6a69e403ea669eb47bb203b782e8757b7baf957653b,healthy,,train,False,,pending,unknown,512
SAM3_auto,original,True,healthy:Healthy2326.jpg,512,7940c58828e40e7495d5ae2a,healthy_source,/content/drive/MyDrive/Healthy/Healthy2326.jpg,1,masks/leaf/7940c58828e40e7495d5ae2a.png,pending,nonempty,Healthy2326.jpg,,Healthy2326.jpg,,d0afa74dda6a7fb8ce5c6d6e7b004ce1742bca77116447e423bc8f0e485225b2,healthy,,train,False,,pending,unknown,512
SAM3_auto,original,True,healthy:Healthy2328.jpg,512,1481d80eddc2ef9302c3ea1c,healthy_source,/content/drive/MyDrive/Healthy/Healthy2328.jpg,1,masks/leaf/1481d80eddc2ef9302c3ea1c.png,pending,nonempty,Healthy2328.jpg,,Healthy2328.jpg,,d378c03188746fed16196543d9b1db0920be638fe386dad80881c77cb2adea7f,healthy,,train,False,,pending,unknown,512
SAM3_auto,original,True,healthy:Healthy2329.jpg,512,e0d37f924c9923865bbddb08,healthy_source,/content/drive/MyDrive/Healthy/Healthy2329.jpg,1,masks/leaf/e0d37f924c9923865bbddb08.png,pending,nonempty,Healthy2329.jpg,,Healthy2329.jpg,,af6e340e6525ffacb295830b2afa5fb892856a29614f868100cc820cbe6ec3e0,healthy,,train,False,,pending,unknown,512
SAM3_auto,original,True,healthy:Healthy233.jpg,512,b621e33487a0e364bd8fc5fc,healthy_source,/content/drive/MyDrive/Healthy/Healthy233.jpg,1,masks/leaf/b621e33487a0e364bd8fc5fc.png,pending,nonempty,Healthy233.jpg,,Healthy233.jpg,,bba8b4092019fe15351fd502ce4303d9910235e244877cff9adbad5db58fcdfd,healthy,,train,False,,pending,unknown,512
SAM3_auto,original,True,healthy:Healthy2330.jpg,512,2045de51604091e0fc281103,healthy_source,/content/drive/MyDrive/Healthy/Healthy2330.jpg,1,masks/leaf/2045de51604091e0fc281103.png,pending,nonempty,Healthy2330.jpg,,Healthy2330.jpg,,e966afe412a2007661e6f015099acecc45e47d53c4404e6daade60b821373305,healthy,,train,False,,pending,unknown,512
SAM3_auto,original,True,healthy:Healthy2332.jpg,512,995195c6be31496bd200d943,healthy_source,/content/drive/MyDrive/Healthy/Healthy2332.jpg,1,masks/leaf/995195c6be31496bd200d943.png,pending,nonempty,Healthy2332.jpg,,Healthy2332.jpg,,1fefc5f8670d8999836710ca129a3016d73ae9f930aaf2a3fa30e5385e8e1b97,healthy,,train,False,,pending,unknown,512
SAM3_auto,original,True,healthy:Healthy2334.jpg,512,07b32233eb558972e67d3ae8,healthy_source,/content/drive/MyDrive/Healthy/Healthy2334.jpg,1,masks/leaf/07b32233eb558972e67d3ae8.png,pending,nonempty,Healthy2334.jpg,,Healthy2334.jpg,,0131482e899a748ba2953dc802a4bcba84eb0095089bcdbe407f8bdff9f443a9,healthy,,train,False,,pending,unknown,512
SAM3_auto,original,True,healthy:Healthy2336.jpg,512,867ecf69b53d44e38a4f2c3a,healthy_source,/content/drive/MyDrive/Healthy/Healthy2336.jpg,1,masks/leaf/867ecf69b53d44e38a4f2c3a.png,pending,nonempty,Healthy2336.jpg,,Healthy2336.jpg,,84ca8f282e3774dcf80951ccf74c4700c97a0fbc391cc0bcf618be2ba88b25c9,healthy,,train,False,,pending,unknown,512
SAM3_auto,original,True,healthy:Healthy2337.jpg,512,808db45e976e939a4e9457fb,healthy_source,/content/drive/MyDrive/Healthy/Healthy2337.jpg,1,masks/leaf/808db45e976e939a4e9457fb.png,pending,nonempty,Healthy2337.jpg,,Healthy2337.jpg,,b28a5ecdf1e27c196f5a53f652ea9138dd4e219ee99e4b5db8296fb447dad2fa,healthy,,train,False,,pending,unknown,512
SAM3_auto,original,True,healthy:Healthy2338.jpg,512,4285af32617e501376bd522f,healthy_source,/content/drive/MyDrive/Healthy/Healthy2338.jpg,1,masks/leaf/4285af32617e501376bd522f.png,pending,nonempty,Healthy2338.jpg,,Healthy2338.jpg,,22e78aee756c7184d6ff8e09dfa14d3e2d582604f84d54d8559f88ec7a6a870e,healthy,,train,False,,pending,unknown,512
SAM3_auto,original,True,healthy:Healthy2339.jpg,512,0ab6a47dd428765a0978c48d,healthy_source,/content/drive/MyDrive/Healthy/Healthy2339.jpg,1,masks/leaf/0ab6a47dd428765a0978c48d.png,pending,nonempty,Healthy2339.jpg,,Healthy2339.jpg,,4f392cec2aa4ec19f4ac254cb6f2dabb1e5c305347b645d0fe4282fbec18292c,healthy,,train,False,,pending,unknown,512
SAM3_auto,original,True,healthy:Healthy2342.jpg,512,5ecafa59f0c7c6cf58f6a40d,healthy_source,/content/drive/MyDrive/Healthy/Healthy2342.jpg,1,masks/leaf/5ecafa59f0c7c6cf58f6a40d.png,pending,nonempty,Healthy2342.jpg,,Healthy2342.jpg,,1612db8a8d4b01e327ea832a9eeb91d43763f1857d63899fda048b351bb3477c,healthy,,train,False,,pending,unknown,512
SAM3_auto,original,True,healthy:Healthy2343.jpg,512,bb97eca7eb067852253bc6a9,healthy_source,/content/drive/MyDrive/Healthy/Healthy2343.jpg,1,masks/leaf/bb97eca7eb067852253bc6a9.png,pending,nonempty,Healthy2343.jpg,,Healthy2343.jpg,,5dbfa61f741ec9fe123aba6e3eeaa183cce075bb933a70ca3b39b818066412e0,healthy,,train,False,,pending,unknown,512
SAM3_auto,original,True,healthy:Healthy2344.jpg,512,40c01b5b6bb16aba1f8c1968,healthy_source,/content/drive/MyDrive/Healthy/Healthy2344.jpg,1,masks/leaf/40c01b5b6bb16aba1f8c1968.png,pending,nonempty,Healthy2344.jpg,,Healthy2344.jpg,,4ea9ed0fbc3de8022bcfe61a82e3f7d807f47e540b65c430800952cfc7e1bbac,healthy,,train,False,,pending,unknown,512
SAM3_auto,original,True,healthy:Healthy2345.jpg,512,6db591d94428bcfa456c67fd,healthy_source,/content/drive/MyDrive/Healthy/Healthy2345.jpg,1,masks/leaf/6db591d94428bcfa456c67fd.png,pending,nonempty,Healthy2345.jpg,,Healthy2345.jpg,,59b0b0d4e7efb5790d810a5939331e079b70a513bd567095de1dd33d2e4048a6,healthy,,train,False,,pending,unknown,512
SAM3_auto,original,True,healthy:Healthy2346.jpg,512,c6ab946abe5a34e90d1a8959,healthy_source,/content/drive/MyDrive/Healthy/Healthy2346.jpg,1,masks/leaf/c6ab946abe5a34e90d1a8959.png,pending,nonempty,Healthy2346.jpg,,Healthy2346.jpg,,3dd846f1dab0ac56e22faf01adb1ca618b4cce93a80cb1feece5ace54ae3b2c0,healthy,,train,False,,pending,unknown,512
SAM3_auto,original,True,healthy:Healthy2347.jpg,512,495811ef7096210a5b451147,healthy_source,/content/drive/MyDrive/Healthy/Healthy2347.jpg,1,masks/leaf/495811ef7096210a5b451147.png,pending,nonempty,Healthy2347.jpg,,Healthy2347.jpg,,24e1cb592a12267d7ca9ad4c4ea8ac0680e086d54e38e236f5ad865aae127427,healthy,,train,False,,pending,unknown,512
SAM3_auto,original,True,healthy:Healthy2348.jpg,512,7758df990352f739203c0600,healthy_source,/content/drive/MyDrive/Healthy/Healthy2348.jpg,1,masks/leaf/7758df990352f739203c0600.png,pending,nonempty,Healthy2348.jpg,,Healthy2348.jpg,,f58c07a66ed52365c9a4f9511720a682bfd9efb08c8d4963b338bd5fe351f7fb,healthy,,train,False,,pending,unknown,512
SAM3_auto,original,True,healthy:Healthy2349.jpg,512,62ad57b0e15a6ec11ca8ee6f,healthy_source,/content/drive/MyDrive/Healthy/Healthy2349.jpg,1,masks/leaf/62ad57b0e15a6ec11ca8ee6f.png,pending,nonempty,Healthy2349.jpg,,Healthy2349.jpg,,56567013c007d3b36ad0ac9f013467208368e5a06391acc4fb90aaf88cc67004,healthy,,train,False,,pending,unknown,512
SAM3_auto,original,True,healthy:Healthy2350.jpg,512,faa433a47f573bd95f01d721,healthy_source,/content/drive/MyDrive/Healthy/Healthy2350.jpg,1,masks/leaf/faa433a47f573bd95f01d721.png,pending,nonempty,Healthy2350.jpg,,Healthy2350.jpg,,07d78c17f87f567e6ddb17e52e5893c7f89f141f65f6af9cca944a0b09c0b6e6,healthy,,train,False,,pending,unknown,512
SAM3_auto,original,True,healthy:Healthy2351.jpg,512,dbb00b2b1b82b723643c1725,healthy_source,/content/drive/MyDrive/Healthy/Healthy2351.jpg,1,masks/leaf/dbb00b2b1b82b723643c1725.png,pending,nonempty,Healthy2351.jpg,,Healthy2351.jpg,,6df3aa20baf129cf6b3b62bb9c3afd1e951c4b9f084d44eaeed1e2df917f0a5c,healthy,,train,False,,pending,unknown,512
SAM3_auto,original,True,healthy:Healthy2352.jpg,512,69dc6646339818b846f9f19f,healthy_source,/content/drive/MyDrive/Healthy/Healthy2352.jpg,1,masks/leaf/69dc6646339818b846f9f19f.png,pending,nonempty,Healthy2352.jpg,,Healthy2352.jpg,,8227192208ed063b57f72f8d34f250b468c33f3e5aadadbd29f77a3283a59da6,healthy,,train,False,,pending,unknown,512
SAM3_auto,original,True,healthy:Healthy2354.jpg,512,f29296241717c56095b760a0,healthy_source,/content/drive/MyDrive/Healthy/Healthy2354.jpg,2,masks/leaf/f29296241717c56095b760a0.png,pending,nonempty,Healthy2354.jpg,,Healthy2354.jpg,,c8d20244d477b2c54d10adf0aea87de9ff558d0d43c3b64c1d5d47fce30fcaee,healthy,,train,False,,pending,unknown,512
SAM3_auto,original,True,healthy:Healthy2355.jpg,512,b491616245a1899ff1dce307,healthy_source,/content/drive/MyDrive/Healthy/Healthy2355.jpg,1,masks/leaf/b491616245a1899ff1dce307.png,pending,nonempty,Healthy2355.jpg,,Healthy2355.jpg,,ced7df5978fc9d79dd9254ab0efb4d0f1c314fbbfb967d2c0dd3fba1a150c25b,healthy,,train,False,,pending,unknown,512
SAM3_auto,original,True,healthy:Healthy2356.jpg,512,ce4bb2c9a1a59484e08c518a,healthy_source,/content/drive/MyDrive/Healthy/Healthy2356.jpg,1,masks/leaf/ce4bb2c9a1a59484e08c518a.png,pending,nonempty,Healthy2356.jpg,,Healthy2356.jpg,,5feadd9cb1bc5810438f16e49f6402f6e780817f123f60ee5dadd565fc10fe1b,healthy,,train,False,,pending,unknown,512
SAM3_auto,original,True,healthy:Healthy2357.jpg,512,a60fb22236c4c1b0edf34ae0,healthy_source,/content/drive/MyDrive/Healthy/Healthy2357.jpg,1,masks/leaf/a60fb22236c4c1b0edf34ae0.png,pending,nonempty,Healthy2357.jpg,,Healthy2357.jpg,,192a541275ab20272e5d67b94b856ea1ecd8cbdda2812791b98b734ceee0459f,healthy,,train,False,,pending,unknown,512
SAM3_auto,original,True,healthy:Healthy2359.jpg,512,6472a39ccb522ac75252c90a,healthy_source,/content/drive/MyDrive/Healthy/Healthy2359.jpg,1,masks/leaf/6472a39ccb522ac75252c90a.png,pending,nonempty,Healthy2359.jpg,,Healthy2359.jpg,,109df87216d2a24346c893311e9639764401f15aeea7eb7dbbf43f2d957ac473,healthy,,train,False,,pending,unknown,512
SAM3_auto,original,True,healthy:Healthy236.jpg,512,1ec3627b86c4b3cbf7c31311,healthy_source,/content/drive/MyDrive/Healthy/Healthy236.jpg,1,masks/leaf/1ec3627b86c4b3cbf7c31311.png,pending,nonempty,Healthy236.jpg,,Healthy236.jpg,,cb2c90218b192616877167b245af90c19958bc113d4b354da43a06155268c66e,healthy,,train,False,,pending,unknown,512
SAM3_auto,original,True,healthy:Healthy2360.jpg,512,07982599f5f093a42505a561,healthy_source,/content/drive/MyDrive/Healthy/Healthy2360.jpg,1,masks/leaf/07982599f5f093a42505a561.png,pending,nonempty,Healthy2360.jpg,,Healthy2360.jpg,,00a4ec2851321d2765e9e02f78987ab0675ebc50300864d832d27c8337a03488,healthy,,train,False,,pending,unknown,512
SAM3_auto,original,True,healthy:Healthy2362.jpg,512,21682e71db1c9593e65ae587,healthy_source,/content/drive/MyDrive/Healthy/Healthy2362.jpg,1,masks/leaf/21682e71db1c9593e65ae587.png,pending,nonempty,Healthy2362.jpg,,Healthy2362.jpg,,ecc9a870d3e7c2889504493464a41ffe685590d79df8b7b43b212f73845be4b7,healthy,,train,False,,pending,unknown,512
SAM3_auto,original,True,healthy:Healthy2363.jpg,512,ab30a88cb854cf174923cca6,healthy_source,/content/drive/MyDrive/Healthy/Healthy2363.jpg,1,masks/leaf/ab30a88cb854cf174923cca6.png,pending,nonempty,Healthy2363.jpg,,Healthy2363.jpg,,8aaee05d158d9e9d42a0802c3149ba1075a5fe2bbbbb91bae51a26d326549f15,healthy,,train,False,,pending,unknown,512
SAM3_auto,original,True,healthy:Healthy2366.jpg,512,8fd966f3b3edc0d24c9bdeb8,healthy_source,/content/drive/MyDrive/Healthy/Healthy2366.jpg,1,masks/leaf/8fd966f3b3edc0d24c9bdeb8.png,pending,nonempty,Healthy2366.jpg,,Healthy2366.jpg,,25196299f08e457a56c2bc8cb6e24d7989e504d653d5a1da4b373b339d9f55b8,healthy,,train,False,,pending,unknown,512
SAM3_auto,original,True,healthy:Healthy2367.jpg,512,6fa483573b8906f0c1210923,healthy_source,/content/drive/MyDrive/Healthy/Healthy2367.jpg,1,masks/leaf/6fa483573b8906f0c1210923.png,pending,nonempty,Healthy2367.jpg,,Healthy2367.jpg,,51614620dda0562508810113c689dd1d6ba38a8b32cf351d7cf022629a40ab78,healthy,,train,False,,pending,unknown,512
SAM3_auto,original,True,healthy:Healthy2368.jpg,512,4f503a116803a10da2a1b82a,healthy_source,/content/drive/MyDrive/Healthy/Healthy2368.jpg,1,masks/leaf/4f503a116803a10da2a1b82a.png,pending,nonempty,Healthy2368.jpg,,Healthy2368.jpg,,9bde28fffaca67f1a001e1fac9664f8ab857680bc91ba083b7c41c9ba816471b,healthy,,train,False,,pending,unknown,512
SAM3_auto,original,True,healthy:Healthy237.jpg,512,d618fdbc367904685fa87a81,healthy_source,/content/drive/MyDrive/Healthy/Healthy237.jpg,1,masks/leaf/d618fdbc367904685fa87a81.png,pending,nonempty,Healthy237.jpg,,Healthy237.jpg,,1df98baec37e37e3c12420dad4b4fb18b2cfdb7e5d833d502e2d614da487d37b,healthy,,train,False,,pending,unknown,512
SAM3_auto,original,True,healthy:Healthy2370.jpg,512,3a1edd45d699e588f10d8c3e,healthy_source,/content/drive/MyDrive/Healthy/Healthy2370.jpg,1,masks/leaf/3a1edd45d699e588f10d8c3e.png,pending,nonempty,Healthy2370.jpg,,Healthy2370.jpg,,59ae22dc841aab186ee11d91cd6c1e102e21835eced2b49048f7d6c9e33b9b40,healthy,,train,False,,pending,unknown,512
SAM3_auto,original,True,healthy:Healthy2371.jpg,512,dee20643e03736b5010281d5,healthy_source,/content/drive/MyDrive/Healthy/Healthy2371.jpg,1,masks/leaf/dee20643e03736b5010281d5.png,pending,nonempty,Healthy2371.jpg,,Healthy2371.jpg,,697b63f7f17024bd0dc7cb2578adbba68313c4c17f0623c3780d91e2fa4487df,healthy,,train,False,,pending,unknown,512
SAM3_auto,original,True,healthy:Healthy2372.jpg,512,5168e19125a17564c2d114ce,healthy_source,/content/drive/MyDrive/Healthy/Healthy2372.jpg,1,masks/leaf/5168e19125a17564c2d114ce.png,pending,nonempty,Healthy2372.jpg,,Healthy2372.jpg,,2613ad99252db2ab38ff39c26788186fc6e42352f5ccb3b8f31b26bad91a5c21,healthy,,train,False,,pending,unknown,512
SAM3_auto,original,True,healthy:Healthy2373.jpg,512,bb46d22a6125e928867cd590,healthy_source,/content/drive/MyDrive/Healthy/Healthy2373.jpg,1,masks/leaf/bb46d22a6125e928867cd590.png,pending,nonempty,Healthy2373.jpg,,Healthy2373.jpg,,b2a96958441d7b63de975d65abbe406fde643fa973b0ae3db244237c336c6987,healthy,,train,False,,pending,unknown,512
SAM3_auto,original,True,healthy:Healthy2375.jpg,512,466394de0ff29e9a104c80d0,healthy_source,/content/drive/MyDrive/Healthy/Healthy2375.jpg,1,masks/leaf/466394de0ff29e9a104c80d0.png,pending,nonempty,Healthy2375.jpg,,Healthy2375.jpg,,953df5fce17c427e70ad89b36d0393ca99157a107ae9b501e9895aff6edf3c70,healthy,,train,False,,pending,unknown,512
SAM3_auto,original,True,healthy:Healthy2379.jpg,512,de47afd0ed2793577f1d3bf1,healthy_source,/content/drive/MyDrive/Healthy/Healthy2379.jpg,1,masks/leaf/de47afd0ed2793577f1d3bf1.png,pending,nonempty,Healthy2379.jpg,,Healthy2379.jpg,,822f4529ef5b3037de2db5771e36d24d5ddaaa4c90519bf2f11f5f363f08f532,healthy,,train,False,,pending,unknown,512
SAM3_auto,original,True,healthy:Healthy2380.jpg,512,8463cb871183f852d6d47370,healthy_source,/content/drive/MyDrive/Healthy/Healthy2380.jpg,1,masks/leaf/8463cb871183f852d6d47370.png,pending,nonempty,Healthy2380.jpg,,Healthy2380.jpg,,32f0c15009487a21d612520c22c0719dad78ccf1a8fb0fd9b76264fcf3510a5a,healthy,,train,False,,pending,unknown,512
SAM3_auto,original,True,healthy:Healthy2381.jpg,512,419d795f1983b82d0620c67f,healthy_source,/content/drive/MyDrive/Healthy/Healthy2381.jpg,1,masks/leaf/419d795f1983b82d0620c67f.png,pending,nonempty,Healthy2381.jpg,,Healthy2381.jpg,,9e0ffb366048f073ca8fc97a01fd052ce855c951173fda23f5897bbdb41ac87e,healthy,,train,False,,pending,unknown,512
SAM3_auto,original,True,healthy:Healthy2382.jpg,512,5096c23e34e2bdf7b6353ec7,healthy_source,/content/drive/MyDrive/Healthy/Healthy2382.jpg,1,masks/leaf/5096c23e34e2bdf7b6353ec7.png,pending,nonempty,Healthy2382.jpg,,Healthy2382.jpg,,80d5ab4000b54cdc8f73784f56535e980d9ce595a9ad86c759b7f9a543a29796,healthy,,train,False,,pending,unknown,512
SAM3_auto,original,True,healthy:Healthy2383.jpg,512,7ac5c447705ead38f4f6036d,healthy_source,/content/drive/MyDrive/Healthy/Healthy2383.jpg,1,masks/leaf/7ac5c447705ead38f4f6036d.png,pending,nonempty,Healthy2383.jpg,,Healthy2383.jpg,,6a82c18d80b9b137c57ed76e71e177ae4c623368b641299754f50e7442988645,healthy,,train,False,,pending,unknown,512
SAM3_auto,original,True,healthy:Healthy2384.jpg,512,21429141a1e15ccc74e43a16,healthy_source,/content/drive/MyDrive/Healthy/Healthy2384.jpg,1,masks/leaf/21429141a1e15ccc74e43a16.png,pending,nonempty,Healthy2384.jpg,,Healthy2384.jpg,,e7b27e67605cf470cfa122b1edd304aa54bfda50b51571c46c7457b1755f1e8c,healthy,,train,False,,pending,unknown,512
SAM3_auto,original,True,healthy:Healthy2387.jpg,512,6efce7d0b0d25fe8b1635fac,healthy_source,/content/drive/MyDrive/Healthy/Healthy2387.jpg,1,masks/leaf/6efce7d0b0d25fe8b1635fac.png,pending,nonempty,Healthy2387.jpg,,Healthy2387.jpg,,469b946ee64d606d0dcf0ebfcd8f9c88123a18b31e805c70732f1f35122dd00f,healthy,,train,False,,pending,unknown,512
SAM3_auto,original,True,healthy:Healthy2388.jpg,512,83acf9cc5d022fa2557d49bc,healthy_source,/content/drive/MyDrive/Healthy/Healthy2388.jpg,1,masks/leaf/83acf9cc5d022fa2557d49bc.png,pending,nonempty,Healthy2388.jpg,,Healthy2388.jpg,,d701d7a7faa64c030c5732330779d5185aa86a97f89039292ee8d68dbbc016d0,healthy,,train,False,,pending,unknown,512
SAM3_auto,original,True,healthy:Healthy2389.jpg,512,1af26e6ffa5b645ab5e65818,healthy_source,/content/drive/MyDrive/Healthy/Healthy2389.jpg,1,masks/leaf/1af26e6ffa5b645ab5e65818.png,pending,nonempty,Healthy2389.jpg,,Healthy2389.jpg,,df5bd17f94ad1edd2dc7d938a19cd8a8935061901a9642905f12cd699daf4003,healthy,,train,False,,pending,unknown,512
SAM3_auto,original,True,healthy:Healthy239.jpg,512,ae5b2982b299f4be58d310e4,healthy_source,/content/drive/MyDrive/Healthy/Healthy239.jpg,1,masks/leaf/ae5b2982b299f4be58d310e4.png,pending,nonempty,Healthy239.jpg,,Healthy239.jpg,,a2d3637d7f581357ed0e5d6799b3e30e8b493c35cd850a09583f71730dfc4f27,healthy,,train,False,,pending,unknown,512
SAM3_auto,original,True,healthy:Healthy2390.jpg,512,1a68c88ab7a10f3ace153bba,healthy_source,/content/drive/MyDrive/Healthy/Healthy2390.jpg,1,masks/leaf/1a68c88ab7a10f3ace153bba.png,pending,nonempty,Healthy2390.jpg,,Healthy2390.jpg,,98880ade9d97aa65d9dc81a05d7a4fa22f1de6eb81eac211c6c30b55703a0c91,healthy,,train,False,,pending,unknown,512
SAM3_auto,original,True,healthy:Healthy2391.jpg,512,f33b6b7e5959870980110083,healthy_source,/content/drive/MyDrive/Healthy/Healthy2391.jpg,1,masks/leaf/f33b6b7e5959870980110083.png,pending,nonempty,Healthy2391.jpg,,Healthy2391.jpg,,661dd792fb2db032255409c3160f673b3564023cb6192ff1058d4965ea02b6ec,healthy,,train,False,,pending,unknown,512
SAM3_auto,original,True,healthy:Healthy2392.jpg,512,d754c405f57ba32afe6a9adc,healthy_source,/content/drive/MyDrive/Healthy/Healthy2392.jpg,1,masks/leaf/d754c405f57ba32afe6a9adc.png,pending,nonempty,Healthy2392.jpg,,Healthy2392.jpg,,4eac555d67218b36f4f0599f4d2df820f170f048a0d36bd246739d4719874539,healthy,,train,False,,pending,unknown,512
SAM3_auto,original,True,healthy:Healthy2393.jpg,512,98c29477fb985bc5802f14d5,healthy_source,/content/drive/MyDrive/Healthy/Healthy2393.jpg,1,masks/leaf/98c29477fb985bc5802f14d5.png,pending,nonempty,Healthy2393.jpg,,Healthy2393.jpg,,6d8b4e1b8ac8788dcf8a8adb68d942a7d84911dd683d270d6ea5683693c497d4,healthy,,train,False,,pending,unknown,512
SAM3_auto,original,True,healthy:Healthy2398.jpg,512,e06841c86c0085bbc23745fc,healthy_source,/content/drive/MyDrive/Healthy/Healthy2398.jpg,1,masks/leaf/e06841c86c0085bbc23745fc.png,pending,nonempty,Healthy2398.jpg,,Healthy2398.jpg,,4f292b0c74a681c7a28fbbea439b4261c5db5b482ab37466b3afaf46240e4d23,healthy,,train,False,,pending,unknown,512
SAM3_auto,original,True,healthy:Healthy24.jpg,512,459fd1baa1e67f0901aafaf4,healthy_source,/content/drive/MyDrive/Healthy/Healthy24.jpg,1,masks/leaf/459fd1baa1e67f0901aafaf4.png,pending,nonempty,Healthy24.jpg,,Healthy24.jpg,,03ab61d6387c1072699030e72297a2fdfcc69bf75bf9b7484d6c1322dc024ae8,healthy,,train,False,,pending,unknown,512
SAM3_auto,original,True,healthy:Healthy2401.jpg,512,cb7f1229cc36b572300f7783,healthy_source,/content/drive/MyDrive/Healthy/Healthy2401.jpg,1,masks/leaf/cb7f1229cc36b572300f7783.png,pending,nonempty,Healthy2401.jpg,,Healthy2401.jpg,,f208312a5527f41de5c0eb988207cb97b56e7b98c0dbded079dbca29a5a602ce,healthy,,train,False,,pending,unknown,512
SAM3_auto,original,True,healthy:Healthy2402.jpg,512,6c5ce0529aa56159345e0dbc,healthy_source,/content/drive/MyDrive/Healthy/Healthy2402.jpg,1,masks/leaf/6c5ce0529aa56159345e0dbc.png,pending,nonempty,Healthy2402.jpg,,Healthy2402.jpg,,c167573234d63c41f87b26871b8e562c1e2ee9241f4ce7385fa81dd457ba9cda,healthy,,train,False,,pending,unknown,512
SAM3_auto,original,True,healthy:Healthy2403.jpg,512,5dc002813a5188b4026d4990,healthy_source,/content/drive/MyDrive/Healthy/Healthy2403.jpg,1,masks/leaf/5dc002813a5188b4026d4990.png,pending,nonempty,Healthy2403.jpg,,Healthy2403.jpg,,2e0c88a558d85e08d800442deefeb8be24058febb2060ade2abc65f8d5ac23e7,healthy,,train,False,,pending,unknown,512
SAM3_auto,original,True,healthy:Healthy2405.jpg,512,a84bbbdcf038e52585a49f7b,healthy_source,/content/drive/MyDrive/Healthy/Healthy2405.jpg,1,masks/leaf/a84bbbdcf038e52585a49f7b.png,pending,nonempty,Healthy2405.jpg,,Healthy2405.jpg,,2ac42f3eabe8889137e15a82152967e3338a5b20947a9228873a82107de755b3,healthy,,train,False,,pending,unknown,512
SAM3_auto,original,True,healthy:Healthy2406.jpg,512,564240759b3f7f967ae77d71,healthy_source,/content/drive/MyDrive/Healthy/Healthy2406.jpg,1,masks/leaf/564240759b3f7f967ae77d71.png,pending,nonempty,Healthy2406.jpg,,Healthy2406.jpg,,db36a28ace5881b2aa23f493b12c5f68e51e3b9b7220f2573dc8a2bc8a4da985,healthy,,train,False,,pending,unknown,512
SAM3_auto,original,True,healthy:Healthy2407.jpg,512,524c91260334fc8193c72de7,healthy_source,/content/drive/MyDrive/Healthy/Healthy2407.jpg,1,masks/leaf/524c91260334fc8193c72de7.png,pending,nonempty,Healthy2407.jpg,,Healthy2407.jpg,,d048da313e6c3f7a5fe8794f401554b9c62c78b7a93f169a17731be3cd230c35,healthy,,train,False,,pending,unknown,512
SAM3_auto,original,True,healthy:Healthy2410.jpg,512,112748ff92f7a92d8c8f1cd7,healthy_source,/content/drive/MyDrive/Healthy/Healthy2410.jpg,1,masks/leaf/112748ff92f7a92d8c8f1cd7.png,pending,nonempty,Healthy2410.jpg,,Healthy2410.jpg,,6db236ac2e62af9c5151127856bf3277a913887db378d2bc1f44095d9d96b561,healthy,,train,False,,pending,unknown,512
SAM3_auto,original,True,healthy:Healthy2412.jpg,512,5bcb13383422b7e63da010a5,healthy_source,/content/drive/MyDrive/Healthy/Healthy2412.jpg,1,masks/leaf/5bcb13383422b7e63da010a5.png,pending,nonempty,Healthy2412.jpg,,Healthy2412.jpg,,324620793f33796f605bbbed9691b1b000b22cba59bf8246566d8c034c22500c,healthy,,train,False,,pending,unknown,512
SAM3_auto,original,True,healthy:Healthy2413.jpg,512,90d234684a4700a0e7b93b0c,healthy_source,/content/drive/MyDrive/Healthy/Healthy2413.jpg,1,masks/leaf/90d234684a4700a0e7b93b0c.png,pending,nonempty,Healthy2413.jpg,,Healthy2413.jpg,,1b36b835f3733ab72c69b7645d80311ba8c683bdada73231ad7370e335a82def,healthy,,train,False,,pending,unknown,512
SAM3_auto,original,True,healthy:Healthy2414.jpg,512,8166e5ec4f8d24b38ef32b10,healthy_source,/content/drive/MyDrive/Healthy/Healthy2414.jpg,1,masks/leaf/8166e5ec4f8d24b38ef32b10.png,pending,nonempty,Healthy2414.jpg,,Healthy2414.jpg,,3e59242b802a0b574364c03030729cf7c33c3405844e2a0f1d2c42a2492848b8,healthy,,train,False,,pending,unknown,512
SAM3_auto,original,True,healthy:Healthy2415.jpg,512,2aafd207fd9d8188eaedcb43,healthy_source,/content/drive/MyDrive/Healthy/Healthy2415.jpg,1,masks/leaf/2aafd207fd9d8188eaedcb43.png,pending,nonempty,Healthy2415.jpg,,Healthy2415.jpg,,cff4406a75b39825988038352dd1be694bed06293ca13938ff16ddb2a98e0df1,healthy,,train,False,,pending,unknown,512
SAM3_auto,original,True,healthy:Healthy2416.jpg,512,c6a035269bd24c0c51b0045b,healthy_source,/content/drive/MyDrive/Healthy/Healthy2416.jpg,1,masks/leaf/c6a035269bd24c0c51b0045b.png,pending,nonempty,Healthy2416.jpg,,Healthy2416.jpg,,cc61949ba4f7e885e3e73adcaca9f296bd56676a5f3772296a44adbb2eb324d9,healthy,,train,False,,pending,unknown,512
SAM3_auto,original,True,healthy:Healthy2417.jpg,512,e7567dbdc5442b0b5665789e,healthy_source,/content/drive/MyDrive/Healthy/Healthy2417.jpg,1,masks/leaf/e7567dbdc5442b0b5665789e.png,pending,nonempty,Healthy2417.jpg,,Healthy2417.jpg,,f7770f62b8bc19809d70530528da180129471478b6409a5321a4f9083b66a714,healthy,,train,False,,pending,unknown,512
SAM3_auto,original,True,healthy:Healthy2418.jpg,512,bcf37e1f81129ed100b3d3c9,healthy_source,/content/drive/MyDrive/Healthy/Healthy2418.jpg,1,masks/leaf/bcf37e1f81129ed100b3d3c9.png,pending,nonempty,Healthy2418.jpg,,Healthy2418.jpg,,e1f1f87c51f74110c085b323b1b4fd35a9eeab24ca6195ddaba69f6c902c0ba8,healthy,,train,False,,pending,unknown,512
SAM3_auto,original,True,healthy:Healthy2420.jpg,512,710763fb5336046d8a5bea65,healthy_source,/content/drive/MyDrive/Healthy/Healthy2420.jpg,2,masks/leaf/710763fb5336046d8a5bea65.png,pending,nonempty,Healthy2420.jpg,,Healthy2420.jpg,,c518a95c27cb0852c76fd86bed3dfb6e6ffa6df4eeaec12f1ded308c64929d77,healthy,,train,False,,pending,unknown,512
SAM3_auto,original,True,healthy:Healthy2421.jpg,512,2f9424690383ac3cb09ec167,healthy_source,/content/drive/MyDrive/Healthy/Healthy2421.jpg,1,masks/leaf/2f9424690383ac3cb09ec167.png,pending,nonempty,Healthy2421.jpg,,Healthy2421.jpg,,ca4fd3aad774a900dbb4fe860922315ffa9bcdc00f985935b6af492b84ee9bdf,healthy,,train,False,,pending,unknown,512
SAM3_auto,original,True,healthy:Healthy2422.jpg,512,c3f438a16e5ed2fcca45c5e1,healthy_source,/content/drive/MyDrive/Healthy/Healthy2422.jpg,1,masks/leaf/c3f438a16e5ed2fcca45c5e1.png,pending,nonempty,Healthy2422.jpg,,Healthy2422.jpg,,ac918dcfc6431ac71ef8fc5bc8fd13aca97b3df5aaa9d8d6c795ddbe0822dc09,healthy,,train,False,,pending,unknown,512
SAM3_auto,original,True,healthy:Healthy2424.jpg,512,700e555f000844124a8ee71a,healthy_source,/content/drive/MyDrive/Healthy/Healthy2424.jpg,1,masks/leaf/700e555f000844124a8ee71a.png,pending,nonempty,Healthy2424.jpg,,Healthy2424.jpg,,3c16c932d749ebc1c45ab987a152c3e04394a09851d02f5e0666082b35c2b6c2,healthy,,train,False,,pending,unknown,512
SAM3_auto,original,True,healthy:Healthy2425.jpg,512,bb4f80e05b88d8c8245c2d79,healthy_source,/content/drive/MyDrive/Healthy/Healthy2425.jpg,1,masks/leaf/bb4f80e05b88d8c8245c2d79.png,pending,nonempty,Healthy2425.jpg,,Healthy2425.jpg,,5f2296949dcaa0b095440d34a71b1c39c801b09bf8812ee91ed07ccacd8a829d,healthy,,train,False,,pending,unknown,512
SAM3_auto,original,True,healthy:Healthy2426.jpg,512,e756805d356fab24d4c9f60f,healthy_source,/content/drive/MyDrive/Healthy/Healthy2426.jpg,1,masks/leaf/e756805d356fab24d4c9f60f.png,pending,nonempty,Healthy2426.jpg,,Healthy2426.jpg,,93cb2431f0bda9153942bf4ddec783f729fdb478da2fc97cc784c0db851816ba,healthy,,train,False,,pending,unknown,512
SAM3_auto,original,True,healthy:Healthy2427.jpg,512,bb3b816a156414505c77d91c,healthy_source,/content/drive/MyDrive/Healthy/Healthy2427.jpg,1,masks/leaf/bb3b816a156414505c77d91c.png,pending,nonempty,Healthy2427.jpg,,Healthy2427.jpg,,93ddaf05c7b83e035dfc68f9b98540d451c22a0af470a524f5b56f1147fd758f,healthy,,train,False,,pending,unknown,512
SAM3_auto,original,True,healthy:Healthy2428.jpg,512,41cd53a5cbd81654f3630433,healthy_source,/content/drive/MyDrive/Healthy/Healthy2428.jpg,1,masks/leaf/41cd53a5cbd81654f3630433.png,pending,nonempty,Healthy2428.jpg,,Healthy2428.jpg,,04b43d82d6d34eb826f1f66bf3c6119d584a945a58a62d3abf577f4ebda3be24,healthy,,train,False,,pending,unknown,512
SAM3_auto,original,True,healthy:Healthy243.jpg,512,267d900f2b5dbdaff835a7e2,healthy_source,/content/drive/MyDrive/Healthy/Healthy243.jpg,1,masks/leaf/267d900f2b5dbdaff835a7e2.png,pending,nonempty,Healthy243.jpg,,Healthy243.jpg,,186ec6731c8668262b54176f0ee1d7f3de44f9dbbcce5411a68434fa44fb46b7,healthy,,train,False,,pending,unknown,512
SAM3_auto,original,True,healthy:Healthy2431.jpg,512,c6a0eccda4cfbeb1b4afc5e7,healthy_source,/content/drive/MyDrive/Healthy/Healthy2431.jpg,1,masks/leaf/c6a0eccda4cfbeb1b4afc5e7.png,pending,nonempty,Healthy2431.jpg,,Healthy2431.jpg,,eeeeb519797577fb37afc6d2802fd5be47c7227dfe17ead1db563e42058ef33e,healthy,,train,False,,pending,unknown,512
SAM3_auto,original,True,healthy:Healthy2432.jpg,512,d371c8781034d900cfdbf8f3,healthy_source,/content/drive/MyDrive/Healthy/Healthy2432.jpg,1,masks/leaf/d371c8781034d900cfdbf8f3.png,pending,nonempty,Healthy2432.jpg,,Healthy2432.jpg,,e4d6456c125b90ad4395f40e08f7a64a106be748863c5ee88773877e56f330e2,healthy,,train,False,,pending,unknown,512
SAM3_auto,original,True,healthy:Healthy2433.jpg,512,827a41856fc177d05b7da90e,healthy_source,/content/drive/MyDrive/Healthy/Healthy2433.jpg,1,masks/leaf/827a41856fc177d05b7da90e.png,pending,nonempty,Healthy2433.jpg,,Healthy2433.jpg,,33ca0c4f72cd8899e354d4ad9bb19162db581871a9451c2f448237da2bcbc78d,healthy,,train,False,,pending,unknown,512
SAM3_auto,original,True,healthy:Healthy2434.jpg,512,eee4da8453eae2ee814ac8b9,healthy_source,/content/drive/MyDrive/Healthy/Healthy2434.jpg,1,masks/leaf/eee4da8453eae2ee814ac8b9.png,pending,nonempty,Healthy2434.jpg,,Healthy2434.jpg,,580415e9ed812b1035821dfcab9442dbca195f8d40abefab17cd9c45da1b6af4,healthy,,train,False,,pending,unknown,512
SAM3_auto,original,True,healthy:Healthy2435.jpg,512,1fae3767ec0595d33f9e2a29,healthy_source,/content/drive/MyDrive/Healthy/Healthy2435.jpg,1,masks/leaf/1fae3767ec0595d33f9e2a29.png,pending,nonempty,Healthy2435.jpg,,Healthy2435.jpg,,d3e7fcd70a1600ba96dffb16e7d9258cd5151515560eec222c8b688c4d6aecf7,healthy,,train,False,,pending,unknown,512
SAM3_auto,original,True,healthy:Healthy2436.jpg,512,49b083875a993ddf083b5a5e,healthy_source,/content/drive/MyDrive/Healthy/Healthy2436.jpg,1,masks/leaf/49b083875a993ddf083b5a5e.png,pending,nonempty,Healthy2436.jpg,,Healthy2436.jpg,,b89ac7b8e9114221687f60094198658940dba3102ec867a30a22e58195aa555b,healthy,,train,False,,pending,unknown,512
SAM3_auto,original,True,healthy:Healthy2437.jpg,512,2c011762fc4bc64e1984e5ed,healthy_source,/content/drive/MyDrive/Healthy/Healthy2437.jpg,1,masks/leaf/2c011762fc4bc64e1984e5ed.png,pending,nonempty,Healthy2437.jpg,,Healthy2437.jpg,,2afa60003d1806f358c41fe8db7b2f5360f9c733af7c010981ef2f85e59a242b,healthy,,train,False,,pending,unknown,512
SAM3_auto,original,True,healthy:Healthy2438.jpg,512,88a9abe5c51faf248a413497,healthy_source,/content/drive/MyDrive/Healthy/Healthy2438.jpg,1,masks/leaf/88a9abe5c51faf248a413497.png,pending,nonempty,Healthy2438.jpg,,Healthy2438.jpg,,ff58b1d1e92299eca3136d1f22986a28802339039a52d8f6ce6716f2a13371de,healthy,,train,False,,pending,unknown,512
SAM3_auto,original,True,healthy:Healthy2439.jpg,512,d7da32088e4b7f4479651f46,healthy_source,/content/drive/MyDrive/Healthy/Healthy2439.jpg,1,masks/leaf/d7da32088e4b7f4479651f46.png,pending,nonempty,Healthy2439.jpg,,Healthy2439.jpg,,214688e1c9320c0f1325f0bc6362b8d6b7634107da5f403a7e8c3c16313c60a3,healthy,,train,False,,pending,unknown,512
SAM3_auto,original,True,healthy:Healthy244.jpg,512,e103c42fdb2f1f87c7153657,healthy_source,/content/drive/MyDrive/Healthy/Healthy244.jpg,1,masks/leaf/e103c42fdb2f1f87c7153657.png,pending,nonempty,Healthy244.jpg,,Healthy244.jpg,,5d35e91377742fa6b49238ffd483d8709f547510bac5c5cb8aab35f93fcd6f7a,healthy,,train,False,,pending,unknown,512
SAM3_auto,original,True,healthy:Healthy2443.jpg,512,f64297ccdfb52bb262b3faa5,healthy_source,/content/drive/MyDrive/Healthy/Healthy2443.jpg,2,masks/leaf/f64297ccdfb52bb262b3faa5.png,pending,nonempty,Healthy2443.jpg,,Healthy2443.jpg,,f03e4e0b3323f90e6c5288b3d6a5f30c228e856eb42d36b9a2011e196d591403,healthy,,train,False,,pending,unknown,512
SAM3_auto,original,True,healthy:Healthy2445.jpg,512,4e0beaef998a3b3ffea72aba,healthy_source,/content/drive/MyDrive/Healthy/Healthy2445.jpg,1,masks/leaf/4e0beaef998a3b3ffea72aba.png,pending,nonempty,Healthy2445.jpg,,Healthy2445.jpg,,93e332a0a78672f0c6160cbb1a8e148386c12183c7a9556a51d0d123c02af54d,healthy,,train,False,,pending,unknown,512
SAM3_auto,original,True,healthy:Healthy2446.jpg,512,ab5200424380b68218cccb84,healthy_source,/content/drive/MyDrive/Healthy/Healthy2446.jpg,1,masks/leaf/ab5200424380b68218cccb84.png,pending,nonempty,Healthy2446.jpg,,Healthy2446.jpg,,c6ecd5d9703e7cdbc86af34ac8a080f8d1153fb302c8ff0ed2b348908acdfcad,healthy,,train,False,,pending,unknown,512
SAM3_auto,original,True,healthy:Healthy2448.jpg,512,efeca025fe891b067b0cb2b4,healthy_source,/content/drive/MyDrive/Healthy/Healthy2448.jpg,1,masks/leaf/efeca025fe891b067b0cb2b4.png,pending,nonempty,Healthy2448.jpg,,Healthy2448.jpg,,f8613327b77a65b2a1debbe8ddb9d3104b391773e8f279ad2c4f6b40629ca2b3,healthy,,train,False,,pending,unknown,512
SAM3_auto,original,True,healthy:Healthy245.jpg,512,ed8a9d6b986f159c2c380a9b,healthy_source,/content/drive/MyDrive/Healthy/Healthy245.jpg,1,masks/leaf/ed8a9d6b986f159c2c380a9b.png,pending,nonempty,Healthy245.jpg,,Healthy245.jpg,,dd0be5de38f8cb1511af6ef004d733c9e322101d05340886d35075cc9593f697,healthy,,train,False,,pending,unknown,512
SAM3_auto,original,True,healthy:Healthy2450.jpg,512,307ef3f2d4b275a2fc50d5af,healthy_source,/content/drive/MyDrive/Healthy/Healthy2450.jpg,1,masks/leaf/307ef3f2d4b275a2fc50d5af.png,pending,nonempty,Healthy2450.jpg,,Healthy2450.jpg,,cdaf43c0620610bc95d8b47e49d961b1f44c6f60a7c3045f0c54a99951589fc9,healthy,,train,False,,pending,unknown,512
SAM3_auto,original,True,healthy:Healthy2451.jpg,512,a6f2d650e2ddf0bdbd07aaf0,healthy_source,/content/drive/MyDrive/Healthy/Healthy2451.jpg,1,masks/leaf/a6f2d650e2ddf0bdbd07aaf0.png,pending,nonempty,Healthy2451.jpg,,Healthy2451.jpg,,dea158e7dcabeddd8c212077db3029dc04ceb6d46c443961df464f093ccfdc60,healthy,,train,False,,pending,unknown,512
SAM3_auto,original,True,healthy:Healthy2453.jpg,512,3ea3faeadd75aad171b5a314,healthy_source,/content/drive/MyDrive/Healthy/Healthy2453.jpg,1,masks/leaf/3ea3faeadd75aad171b5a314.png,pending,nonempty,Healthy2453.jpg,,Healthy2453.jpg,,ea2f042a9ec9882341afca7025df1e0c3d6bbb6065e308f3930dcd4595ffa863,healthy,,train,False,,pending,unknown,512
SAM3_auto,original,True,healthy:Healthy2454.jpg,512,377b5c3d268316cc94bcb4c6,healthy_source,/content/drive/MyDrive/Healthy/Healthy2454.jpg,1,masks/leaf/377b5c3d268316cc94bcb4c6.png,pending,nonempty,Healthy2454.jpg,,Healthy2454.jpg,,fa894fc08fe727feccb0af6e1b68b6fa81646a2465282b88131bda8d69a25536,healthy,,train,False,,pending,unknown,512
SAM3_auto,original,True,healthy:Healthy2455.jpg,512,b8b612db5beee4a36f0eed95,healthy_source,/content/drive/MyDrive/Healthy/Healthy2455.jpg,1,masks/leaf/b8b612db5beee4a36f0eed95.png,pending,nonempty,Healthy2455.jpg,,Healthy2455.jpg,,c57937e370f88497ed730c61332193b9d7eb0f73fbcb2eadda63f892fb0dae50,healthy,,train,False,,pending,unknown,512
SAM3_auto,original,True,healthy:Healthy2456.jpg,512,8917c145cb43d23282e54951,healthy_source,/content/drive/MyDrive/Healthy/Healthy2456.jpg,1,masks/leaf/8917c145cb43d23282e54951.png,pending,nonempty,Healthy2456.jpg,,Healthy2456.jpg,,f9622398c6d841756fca8a9913fa97669a33748df970a8c8e1a2ce8fe6ef76b1,healthy,,train,False,,pending,unknown,512
SAM3_auto,original,True,healthy:Healthy2459.jpg,512,a2387f449f398d5e40f9253e,healthy_source,/content/drive/MyDrive/Healthy/Healthy2459.jpg,2,masks/leaf/a2387f449f398d5e40f9253e.png,pending,nonempty,Healthy2459.jpg,,Healthy2459.jpg,,367ca92326313929a62d593ccdd808d93140ca47b00cffb023824516514170f4,healthy,,train,False,,pending,unknown,512
SAM3_auto,original,True,healthy:Healthy2460.jpg,512,20b6dc5841b59e45b086edd6,healthy_source,/content/drive/MyDrive/Healthy/Healthy2460.jpg,1,masks/leaf/20b6dc5841b59e45b086edd6.png,pending,nonempty,Healthy2460.jpg,,Healthy2460.jpg,,c0f6bfc403718b418c418aab4efb1cf08304b93fbd3b71c4c99d49fe1c0bbf60,healthy,,train,False,,pending,unknown,512
SAM3_auto,original,True,healthy:Healthy2461.jpg,512,69f51e69120ed240e607a738,healthy_source,/content/drive/MyDrive/Healthy/Healthy2461.jpg,1,masks/leaf/69f51e69120ed240e607a738.png,pending,nonempty,Healthy2461.jpg,,Healthy2461.jpg,,9d8d5afc1d14d494e9a88c6fec0da90ef5b0fd993583e3d201118d39b9e6358c,healthy,,train,False,,pending,unknown,512
SAM3_auto,original,True,healthy:Healthy2462.jpg,512,d21e299ed8b2740182a28448,healthy_source,/content/drive/MyDrive/Healthy/Healthy2462.jpg,1,masks/leaf/d21e299ed8b2740182a28448.png,pending,nonempty,Healthy2462.jpg,,Healthy2462.jpg,,07594241a026fcbb2552d9093c539e17e85d9bf5313050ccb778d5ebbef2d008,healthy,,train,False,,pending,unknown,512
SAM3_auto,original,True,healthy:Healthy2463.jpg,512,9d12aa8434a1bbc9ce2d5467,healthy_source,/content/drive/MyDrive/Healthy/Healthy2463.jpg,1,masks/leaf/9d12aa8434a1bbc9ce2d5467.png,pending,nonempty,Healthy2463.jpg,,Healthy2463.jpg,,ed4fb15e254dd3e479df616b8680a2de6f97a65e36ffa1bb01d986cc1c5c1828,healthy,,train,False,,pending,unknown,512
SAM3_auto,original,True,healthy:Healthy2465.jpg,512,81f18ab6bd87dc700672a981,healthy_source,/content/drive/MyDrive/Healthy/Healthy2465.jpg,1,masks/leaf/81f18ab6bd87dc700672a981.png,pending,nonempty,Healthy2465.jpg,,Healthy2465.jpg,,07c9c8f492c4c3770769f8e38cb88478c18e98b48e4233e6be79ba95221e33f1,healthy,,train,False,,pending,unknown,512
SAM3_auto,original,True,healthy:Healthy2466.jpg,512,e0e5bfa906b4f49eee9ef74a,healthy_source,/content/drive/MyDrive/Healthy/Healthy2466.jpg,1,masks/leaf/e0e5bfa906b4f49eee9ef74a.png,pending,nonempty,Healthy2466.jpg,,Healthy2466.jpg,,6537e073bdc2f77894b40813f629e3798971e4648f9b3573c908a2752a4b2617,healthy,,train,False,,pending,unknown,512
SAM3_auto,original,True,healthy:Healthy2468.jpg,512,43032e99df871efe2d9a5498,healthy_source,/content/drive/MyDrive/Healthy/Healthy2468.jpg,1,masks/leaf/43032e99df871efe2d9a5498.png,pending,nonempty,Healthy2468.jpg,,Healthy2468.jpg,,e89bc6dec0306e25b88efc01521876036dc3bf925b60d74944fdaddba3117f78,healthy,,train,False,,pending,unknown,512
SAM3_auto,original,True,healthy:Healthy2469.jpg,512,081dacc7a1de844cdfac21bf,healthy_source,/content/drive/MyDrive/Healthy/Healthy2469.jpg,1,masks/leaf/081dacc7a1de844cdfac21bf.png,pending,nonempty,Healthy2469.jpg,,Healthy2469.jpg,,72589195f77e0ad5e6ee5dd7e82a7a2112348713570967d5cc3bad4ee29bcfa7,healthy,,train,False,,pending,unknown,512
SAM3_auto,original,True,healthy:Healthy247.jpg,512,ae30dc5b9db4b2adf673c066,healthy_source,/content/drive/MyDrive/Healthy/Healthy247.jpg,1,masks/leaf/ae30dc5b9db4b2adf673c066.png,pending,nonempty,Healthy247.jpg,,Healthy247.jpg,,72695f4d5bcf7deadd3149e462330735645f218f930a91baa4ebcb52425c030b,healthy,,train,False,,pending,unknown,512
SAM3_auto,original,True,healthy:Healthy2470.jpg,512,3fe929b89d0e14af43125a0a,healthy_source,/content/drive/MyDrive/Healthy/Healthy2470.jpg,1,masks/leaf/3fe929b89d0e14af43125a0a.png,pending,nonempty,Healthy2470.jpg,,Healthy2470.jpg,,e0288c66e2b3492bdb01c6808c2513cf366c5a541ac8ff404c1eb48bf6d6f398,healthy,,train,False,,pending,unknown,512
SAM3_auto,original,True,healthy:Healthy2471.jpg,512,ff133a014e88f8f6e01bd7e7,healthy_source,/content/drive/MyDrive/Healthy/Healthy2471.jpg,1,masks/leaf/ff133a014e88f8f6e01bd7e7.png,pending,nonempty,Healthy2471.jpg,,Healthy2471.jpg,,a01c35e60b5cc47ed89015b724712d038d661e42f31520fc61fda828a99cd7b9,healthy,,train,False,,pending,unknown,512
SAM3_auto,original,True,healthy:Healthy2472.jpg,512,6067d68d490e45e11fcf090e,healthy_source,/content/drive/MyDrive/Healthy/Healthy2472.jpg,1,masks/leaf/6067d68d490e45e11fcf090e.png,pending,nonempty,Healthy2472.jpg,,Healthy2472.jpg,,39df345937f19d6236a04feff9f2006fb9354b9400fdd3722acd87aa9e016bb1,healthy,,train,False,,pending,unknown,512
SAM3_auto,original,True,healthy:Healthy2473.jpg,512,6fdf4237fcfe6f88a47ac31f,healthy_source,/content/drive/MyDrive/Healthy/Healthy2473.jpg,1,masks/leaf/6fdf4237fcfe6f88a47ac31f.png,pending,nonempty,Healthy2473.jpg,,Healthy2473.jpg,,3758dd4464be72aaf8679eabc79e80969717e344e7bbd0bfb32a9008dd132289,healthy,,train,False,,pending,unknown,512
SAM3_auto,original,True,healthy:Healthy2474.jpg,512,de9837ae69679fa937f2f57c,healthy_source,/content/drive/MyDrive/Healthy/Healthy2474.jpg,1,masks/leaf/de9837ae69679fa937f2f57c.png,pending,nonempty,Healthy2474.jpg,,Healthy2474.jpg,,1402f583aa8b72189d5b49c52a400667512db3c158075bdd7fa2a62c0db15914,healthy,,train,False,,pending,unknown,512
SAM3_auto,original,True,healthy:Healthy2475.jpg,512,06401781ef501bc3aacbc471,healthy_source,/content/drive/MyDrive/Healthy/Healthy2475.jpg,1,masks/leaf/06401781ef501bc3aacbc471.png,pending,nonempty,Healthy2475.jpg,,Healthy2475.jpg,,de1460caa81ed3170fb90892379e07a0079eb121483793eaf0d67cd9da9073b9,healthy,,train,False,,pending,unknown,512
SAM3_auto,original,True,healthy:Healthy2476.jpg,512,2dd40f80b47fa88b278cb3e1,healthy_source,/content/drive/MyDrive/Healthy/Healthy2476.jpg,1,masks/leaf/2dd40f80b47fa88b278cb3e1.png,pending,nonempty,Healthy2476.jpg,,Healthy2476.jpg,,58cb15ed78d2e9ff317e889da3288e86242ee37b0175cfb102841d5ff92eeb32,healthy,,train,False,,pending,unknown,512
SAM3_auto,original,True,healthy:Healthy2477.jpg,512,f13f9664803d06c29444078b,healthy_source,/content/drive/MyDrive/Healthy/Healthy2477.jpg,1,masks/leaf/f13f9664803d06c29444078b.png,pending,nonempty,Healthy2477.jpg,,Healthy2477.jpg,,0e4b2afdc63a9faf1ed9f77aaa6cade6a7bb241be0dc2b5e898accf9d1f77419,healthy,,train,False,,pending,unknown,512
SAM3_auto,original,True,healthy:Healthy2478.jpg,512,8027e8c1276b6c4804a9c5e0,healthy_source,/content/drive/MyDrive/Healthy/Healthy2478.jpg,1,masks/leaf/8027e8c1276b6c4804a9c5e0.png,pending,nonempty,Healthy2478.jpg,,Healthy2478.jpg,,f372e88ed1bda0515ac599b11bf85dd25fa9a8a8ac48a4ca0bf1b07d4412c579,healthy,,train,False,,pending,unknown,512
SAM3_auto,original,True,healthy:Healthy2480.jpg,512,2d87017466c4d1229e5d80d7,healthy_source,/content/drive/MyDrive/Healthy/Healthy2480.jpg,1,masks/leaf/2d87017466c4d1229e5d80d7.png,pending,nonempty,Healthy2480.jpg,,Healthy2480.jpg,,7d72d0fa227d3ca9f4bd12fe10781557aaac15ddd18f67b0e14ff6d238a8cfb1,healthy,,train,False,,pending,unknown,512
SAM3_auto,original,True,healthy:Healthy2481.jpg,512,873357cd9217fc8068c6d456,healthy_source,/content/drive/MyDrive/Healthy/Healthy2481.jpg,1,masks/leaf/873357cd9217fc8068c6d456.png,pending,nonempty,Healthy2481.jpg,,Healthy2481.jpg,,6c89715779cf072a4fefb021642f84fe3b5c38044610459d58765dc86c3aa472,healthy,,train,False,,pending,unknown,512
SAM3_auto,original,True,healthy:Healthy2482.jpg,512,d859d87ed9d0bc1f0a0f7a88,healthy_source,/content/drive/MyDrive/Healthy/Healthy2482.jpg,1,masks/leaf/d859d87ed9d0bc1f0a0f7a88.png,pending,nonempty,Healthy2482.jpg,,Healthy2482.jpg,,6ca440ec68b72d235be270c727763754cf2eebe994cffccae89a3181564901cf,healthy,,train,False,,pending,unknown,512
SAM3_auto,original,True,healthy:Healthy2483.jpg,512,3f4362e0b0355b28872b5892,healthy_source,/content/drive/MyDrive/Healthy/Healthy2483.jpg,1,masks/leaf/3f4362e0b0355b28872b5892.png,pending,nonempty,Healthy2483.jpg,,Healthy2483.jpg,,d4c63000746e8e55a950efd262f0754fd32dc4841bfe4038080be41180735059,healthy,,train,False,,pending,unknown,512
SAM3_auto,original,True,healthy:Healthy2484.jpg,512,30656ef19ad49d3ace2dd282,healthy_source,/content/drive/MyDrive/Healthy/Healthy2484.jpg,1,masks/leaf/30656ef19ad49d3ace2dd282.png,pending,nonempty,Healthy2484.jpg,,Healthy2484.jpg,,201656e6102ad755531fff5aa7c758eb2ff6f48e37e53f186c1cb7b469227c3b,healthy,,train,False,,pending,unknown,512
SAM3_auto,original,True,healthy:Healthy2486.jpg,512,37e748e029b30949431fb54b,healthy_source,/content/drive/MyDrive/Healthy/Healthy2486.jpg,1,masks/leaf/37e748e029b30949431fb54b.png,pending,nonempty,Healthy2486.jpg,,Healthy2486.jpg,,72e447d1df540089d0cc8fc4171393af749dd83f9699622105fd40b1f6fda730,healthy,,train,False,,pending,unknown,512
SAM3_auto,original,True,healthy:Healthy2487.jpg,512,4698e81901df8b04e958843a,healthy_source,/content/drive/MyDrive/Healthy/Healthy2487.jpg,1,masks/leaf/4698e81901df8b04e958843a.png,pending,nonempty,Healthy2487.jpg,,Healthy2487.jpg,,5e16ae61dc2093ed605600117f225bbaeb9a161f3390a405b80b13c29000cc25,healthy,,train,False,,pending,unknown,512
SAM3_auto,original,True,healthy:Healthy2488.jpg,512,972ea5e3182ed67a94ff011b,healthy_source,/content/drive/MyDrive/Healthy/Healthy2488.jpg,1,masks/leaf/972ea5e3182ed67a94ff011b.png,pending,nonempty,Healthy2488.jpg,,Healthy2488.jpg,,17af91ed00089763ae3bbb57e2c7fdc228334ed0600a41aae15534ec16db6e9d,healthy,,train,False,,pending,unknown,512
SAM3_auto,original,True,healthy:Healthy2489.jpg,512,c388047cac07f402b490d9c3,healthy_source,/content/drive/MyDrive/Healthy/Healthy2489.jpg,1,masks/leaf/c388047cac07f402b490d9c3.png,pending,nonempty,Healthy2489.jpg,,Healthy2489.jpg,,1271e8da83c0f86cbb158bc8e14dc8a181b1dcb05600d324287de156db811231,healthy,,train,False,,pending,unknown,512
SAM3_auto,original,True,healthy:Healthy249.jpg,512,70c18fb844f0592471372244,healthy_source,/content/drive/MyDrive/Healthy/Healthy249.jpg,1,masks/leaf/70c18fb844f0592471372244.png,pending,nonempty,Healthy249.jpg,,Healthy249.jpg,,fee3e3a9f2a792e5cfd4298f9a6c58f8aca83813fb0782f365f6830341872cbd,healthy,,train,False,,pending,unknown,512
SAM3_auto,original,True,healthy:Healthy2490.jpg,512,9ede0e6165a6f7c4972ebeb1,healthy_source,/content/drive/MyDrive/Healthy/Healthy2490.jpg,1,masks/leaf/9ede0e6165a6f7c4972ebeb1.png,pending,nonempty,Healthy2490.jpg,,Healthy2490.jpg,,57828a13a604efd23aa4095202eea414f93dc7a4ecd903d9dd30aa1bab348d4c,healthy,,train,False,,pending,unknown,512
SAM3_auto,original,True,healthy:Healthy2491.jpg,512,76d4bd6bbd650d5aaf3cee18,healthy_source,/content/drive/MyDrive/Healthy/Healthy2491.jpg,5,masks/leaf/76d4bd6bbd650d5aaf3cee18.png,pending,nonempty,Healthy2491.jpg,,Healthy2491.jpg,,d8320c7c835c231d5a0815967c44bf58fb0e4e77e24aaec2d9b61159710b4c33,healthy,,train,False,,pending,unknown,512
SAM3_auto,original,True,healthy:Healthy2492.jpg,512,0a93ac5b0d1f4b874b20dd18,healthy_source,/content/drive/MyDrive/Healthy/Healthy2492.jpg,1,masks/leaf/0a93ac5b0d1f4b874b20dd18.png,pending,nonempty,Healthy2492.jpg,,Healthy2492.jpg,,c0dc53f25586fafaf90126578373baa9903c14a51fddfba0c688140619506689,healthy,,train,False,,pending,unknown,512
SAM3_auto,original,True,healthy:Healthy2495.jpg,512,8916584451a6c265791f8c27,healthy_source,/content/drive/MyDrive/Healthy/Healthy2495.jpg,1,masks/leaf/8916584451a6c265791f8c27.png,pending,nonempty,Healthy2495.jpg,,Healthy2495.jpg,,0442f2a70a7d3c2d25743346805cb936cee705f08f1f298761ff0d6640e6fcc9,healthy,,train,False,,pending,unknown,512
SAM3_auto,original,True,healthy:Healthy2496.jpg,512,9ccac901e54222d7c9faecf0,healthy_source,/content/drive/MyDrive/Healthy/Healthy2496.jpg,1,masks/leaf/9ccac901e54222d7c9faecf0.png,pending,nonempty,Healthy2496.jpg,,Healthy2496.jpg,,53b5f2dd099fa1e9a2b0551aa11fe7b8eca64aab86f97698f264850066b4d2ca,healthy,,train,False,,pending,unknown,512
SAM3_auto,original,True,healthy:Healthy2497.jpg,512,cc67f887daf09de44429f8eb,healthy_source,/content/drive/MyDrive/Healthy/Healthy2497.jpg,1,masks/leaf/cc67f887daf09de44429f8eb.png,pending,nonempty,Healthy2497.jpg,,Healthy2497.jpg,,8041ce6a9b10909a95c4f3f7936342668c7fa2652fc1f9a789507da8d6c64b18,healthy,,train,False,,pending,unknown,512
SAM3_auto,original,True,healthy:Healthy2499.jpg,512,333d601d83a01bada84c9832,healthy_source,/content/drive/MyDrive/Healthy/Healthy2499.jpg,1,masks/leaf/333d601d83a01bada84c9832.png,pending,nonempty,Healthy2499.jpg,,Healthy2499.jpg,,cf4d342d367f49353ca2e60278b896503fb970c91395d6b201cfa6cf45cae81b,healthy,,train,False,,pending,unknown,512
SAM3_auto,original,True,healthy:Healthy2500.jpg,512,0f0ee463adf8ff001c3cbb56,healthy_source,/content/drive/MyDrive/Healthy/Healthy2500.jpg,1,masks/leaf/0f0ee463adf8ff001c3cbb56.png,pending,nonempty,Healthy2500.jpg,,Healthy2500.jpg,,af05a0761d15db2ea92c636e7fe60e1ad6cd0ba0dc7ee2dc74bbcde9752b9f3a,healthy,,train,False,,pending,unknown,512
SAM3_auto,original,True,healthy:Healthy2501.jpg,512,3932e8f3c4c9f3c53a62db9f,healthy_source,/content/drive/MyDrive/Healthy/Healthy2501.jpg,1,masks/leaf/3932e8f3c4c9f3c53a62db9f.png,pending,nonempty,Healthy2501.jpg,,Healthy2501.jpg,,442f6086325efb3748db9043dc26282dfb0ebfb4743f604f17df67b8c2988c0d,healthy,,train,False,,pending,unknown,512
SAM3_auto,original,True,healthy:Healthy2502.jpg,512,e398fb55cfb3ab0f5608c915,healthy_source,/content/drive/MyDrive/Healthy/Healthy2502.jpg,14,masks/leaf/e398fb55cfb3ab0f5608c915.png,pending,nonempty,Healthy2502.jpg,,Healthy2502.jpg,,0bd4db7d5208068d33304ab21e17f81897b465c64e57969732078554b09df46b,healthy,,train,False,,pending,unknown,512
SAM3_auto,original,True,healthy:Healthy2503.jpg,512,4181e4213ed6daa728387e65,healthy_source,/content/drive/MyDrive/Healthy/Healthy2503.jpg,1,masks/leaf/4181e4213ed6daa728387e65.png,pending,nonempty,Healthy2503.jpg,,Healthy2503.jpg,,0dac77d2d5a23dbfb4f62db4556da6217cd39c7b5b485a0eb7114aa36de985d7,healthy,,train,False,,pending,unknown,512
SAM3_auto,original,True,healthy:Healthy2504.jpg,512,75104685a2327d734fb52892,healthy_source,/content/drive/MyDrive/Healthy/Healthy2504.jpg,1,masks/leaf/75104685a2327d734fb52892.png,pending,nonempty,Healthy2504.jpg,,Healthy2504.jpg,,62f48800cc28e65f67cce25e4d464e2cbfbd359f948402b0105a08178d354681,healthy,,train,False,,pending,unknown,512
SAM3_auto,original,True,healthy:Healthy2505.jpg,512,46fa146860b159c9549d2d3f,healthy_source,/content/drive/MyDrive/Healthy/Healthy2505.jpg,1,masks/leaf/46fa146860b159c9549d2d3f.png,pending,nonempty,Healthy2505.jpg,,Healthy2505.jpg,,af4281c28380e0bc0769fbd34720746959f81b344e20b937ee0bf3993cc23182,healthy,,train,False,,pending,unknown,512
SAM3_auto,original,True,healthy:Healthy2506.jpg,512,a7a6cb4c062d8ae41ae8fca1,healthy_source,/content/drive/MyDrive/Healthy/Healthy2506.jpg,1,masks/leaf/a7a6cb4c062d8ae41ae8fca1.png,pending,nonempty,Healthy2506.jpg,,Healthy2506.jpg,,e6fd9b63d724603351d7b2e32e3e8e4a28d5eb7f91a6caf293253be33936cee4,healthy,,train,False,,pending,unknown,512
SAM3_auto,original,True,healthy:Healthy2507.jpg,512,0776e25efa7e1e6a154dbd63,healthy_source,/content/drive/MyDrive/Healthy/Healthy2507.jpg,1,masks/leaf/0776e25efa7e1e6a154dbd63.png,pending,nonempty,Healthy2507.jpg,,Healthy2507.jpg,,a74fd0a42c7d5ab588a68220af65c12de2f911dd698f581d728a968f58d1f486,healthy,,train,False,,pending,unknown,512
SAM3_auto,original,True,healthy:Healthy2508.jpg,512,1b0b5aa4e1a0d62c500effc8,healthy_source,/content/drive/MyDrive/Healthy/Healthy2508.jpg,2,masks/leaf/1b0b5aa4e1a0d62c500effc8.png,pending,nonempty,Healthy2508.jpg,,Healthy2508.jpg,,397bf9ecbbdc52dc9284f88417f44a9ead35807c48ff9749473646859adf63a7,healthy,,train,False,,pending,unknown,512
SAM3_auto,original,True,healthy:Healthy2509.jpg,512,76b8683a4ef442a40b257bc1,healthy_source,/content/drive/MyDrive/Healthy/Healthy2509.jpg,1,masks/leaf/76b8683a4ef442a40b257bc1.png,pending,nonempty,Healthy2509.jpg,,Healthy2509.jpg,,708cf00052746ff3ec9d82c7d4c4afdf48ba4659ded4c926e842c4a81481ccf0,healthy,,train,False,,pending,unknown,512
SAM3_auto,original,True,healthy:Healthy251.jpg,512,93d28491fcf78611b4c05fb1,healthy_source,/content/drive/MyDrive/Healthy/Healthy251.jpg,1,masks/leaf/93d28491fcf78611b4c05fb1.png,pending,nonempty,Healthy251.jpg,,Healthy251.jpg,,fec654e278a65415f5f495e7fdb843cab21de56497c8783e5e9ba8c2fcd40622,healthy,,train,False,,pending,unknown,512
SAM3_auto,original,True,healthy:Healthy2511.jpg,512,330d344276cb060422fadea8,healthy_source,/content/drive/MyDrive/Healthy/Healthy2511.jpg,1,masks/leaf/330d344276cb060422fadea8.png,pending,nonempty,Healthy2511.jpg,,Healthy2511.jpg,,39d41c6bb5008e2b6db2628839b64da909104dcb9c2280b800d3546e85551669,healthy,,train,False,,pending,unknown,512
SAM3_auto,original,True,healthy:Healthy2512.jpg,512,75fe76b15408824e3b37b5c4,healthy_source,/content/drive/MyDrive/Healthy/Healthy2512.jpg,1,masks/leaf/75fe76b15408824e3b37b5c4.png,pending,nonempty,Healthy2512.jpg,,Healthy2512.jpg,,c1e430df6dda0d2b7bcf846cbfdb6c8c60d64924087affad74958b9b361c4c68,healthy,,train,False,,pending,unknown,512
SAM3_auto,original,True,healthy:Healthy2515.jpg,512,2d89e132e431c5a7e16ee585,healthy_source,/content/drive/MyDrive/Healthy/Healthy2515.jpg,1,masks/leaf/2d89e132e431c5a7e16ee585.png,pending,nonempty,Healthy2515.jpg,,Healthy2515.jpg,,2f7922769bb66f5878ac17aeebb0cf3f53b8e4b704ce7af718ba01519503859a,healthy,,train,False,,pending,unknown,512
SAM3_auto,original,True,healthy:Healthy2516.jpg,512,835d9a558b0704d9f8783e20,healthy_source,/content/drive/MyDrive/Healthy/Healthy2516.jpg,1,masks/leaf/835d9a558b0704d9f8783e20.png,pending,nonempty,Healthy2516.jpg,,Healthy2516.jpg,,c455c7ca2b2bbad0f1bce102fce0ff5944460492c46c3b3d2a267e9a48c7c651,healthy,,train,False,,pending,unknown,512
SAM3_auto,original,True,healthy:Healthy2517.jpg,512,09dfd1f6a1d5daf93234d17b,healthy_source,/content/drive/MyDrive/Healthy/Healthy2517.jpg,1,masks/leaf/09dfd1f6a1d5daf93234d17b.png,pending,nonempty,Healthy2517.jpg,,Healthy2517.jpg,,85405db78b23ddf77ba7614bc203929afb7b5fb9297347b6cfb328f1b5c57195,healthy,,train,False,,pending,unknown,512
SAM3_auto,original,True,healthy:Healthy2518.jpg,512,bbfc446e63d937b9e00b5190,healthy_source,/content/drive/MyDrive/Healthy/Healthy2518.jpg,1,masks/leaf/bbfc446e63d937b9e00b5190.png,pending,nonempty,Healthy2518.jpg,,Healthy2518.jpg,,cba2cfbf4dd01fd17a26fdc0cd8d39f623a5d7243d8589685a904d7120fe1e91,healthy,,train,False,,pending,unknown,512
SAM3_auto,original,True,healthy:Healthy2519.jpg,512,87bd16f118cdf19c9029e350,healthy_source,/content/drive/MyDrive/Healthy/Healthy2519.jpg,1,masks/leaf/87bd16f118cdf19c9029e350.png,pending,nonempty,Healthy2519.jpg,,Healthy2519.jpg,,a151f10384b64b09fc925b66285fc6f067642ffc0b00cb86350aec4c8fdb6c75,healthy,,train,False,,pending,unknown,512
SAM3_auto,original,True,healthy:Healthy252.jpg,512,78efd42e3bbd59a0864389c1,healthy_source,/content/drive/MyDrive/Healthy/Healthy252.jpg,1,masks/leaf/78efd42e3bbd59a0864389c1.png,pending,nonempty,Healthy252.jpg,,Healthy252.jpg,,d6e91d401872b3c2c6c3430150f3817ee4f72a9b1ff5151e2f61659f1350f7f3,healthy,,train,False,,pending,unknown,512
SAM3_auto,original,True,healthy:Healthy2522.jpg,512,9b9f777d50bdf9bf60e96697,healthy_source,/content/drive/MyDrive/Healthy/Healthy2522.jpg,1,masks/leaf/9b9f777d50bdf9bf60e96697.png,pending,nonempty,Healthy2522.jpg,,Healthy2522.jpg,,e6b6c5d9eb6d81ccb46aab9048fdc9e55a1f3e2b611209fe83952390cb3c45f7,healthy,,train,False,,pending,unknown,512
SAM3_auto,original,True,healthy:Healthy2523.jpg,512,a955e04101d2d33f223aa8a8,healthy_source,/content/drive/MyDrive/Healthy/Healthy2523.jpg,1,masks/leaf/a955e04101d2d33f223aa8a8.png,pending,nonempty,Healthy2523.jpg,,Healthy2523.jpg,,03b3eccbd18e5962ba8382bacc7401511fe9155d682dc229dc8e666c088731e7,healthy,,train,False,,pending,unknown,512
SAM3_auto,original,True,healthy:Healthy2524.jpg,512,6d37adbcf9f0cb96877d1b00,healthy_source,/content/drive/MyDrive/Healthy/Healthy2524.jpg,1,masks/leaf/6d37adbcf9f0cb96877d1b00.png,pending,nonempty,Healthy2524.jpg,,Healthy2524.jpg,,df8fa2495c499a3a0540e0a25071a78d2444b00e902ac746267cff3800894747,healthy,,train,False,,pending,unknown,512
SAM3_auto,original,True,healthy:Healthy2526.jpg,512,95256c414801bd4931e86d8d,healthy_source,/content/drive/MyDrive/Healthy/Healthy2526.jpg,1,masks/leaf/95256c414801bd4931e86d8d.png,pending,nonempty,Healthy2526.jpg,,Healthy2526.jpg,,f1f6d2cdd648a5164993b4f56b72195aa26b95a73704730b47fcc57457e1f9fb,healthy,,train,False,,pending,unknown,512
SAM3_auto,original,True,healthy:Healthy2527.jpg,512,c12dd77f675d8b3a4e327cfb,healthy_source,/content/drive/MyDrive/Healthy/Healthy2527.jpg,1,masks/leaf/c12dd77f675d8b3a4e327cfb.png,pending,nonempty,Healthy2527.jpg,,Healthy2527.jpg,,9ee37f509820edb7bb832aad019fb6cd0f5a59b496c2ed33ff5a51b91d877c96,healthy,,train,False,,pending,unknown,512
SAM3_auto,original,True,healthy:Healthy253.jpg,512,23bab38dd1459c1f622e7a67,healthy_source,/content/drive/MyDrive/Healthy/Healthy253.jpg,2,masks/leaf/23bab38dd1459c1f622e7a67.png,pending,nonempty,Healthy253.jpg,,Healthy253.jpg,,52d59231e2c49bf4ae20a1a51b4f2f7b7e64875f2397ca50f720103fd94a37e8,healthy,,train,False,,pending,unknown,512
SAM3_auto,original,True,healthy:Healthy2531.jpg,512,beaa24380112583bdc8a90a8,healthy_source,/content/drive/MyDrive/Healthy/Healthy2531.jpg,1,masks/leaf/beaa24380112583bdc8a90a8.png,pending,nonempty,Healthy2531.jpg,,Healthy2531.jpg,,d34c210f2c7e7b4b7dfdba2e67bd84c9edb2b151f8c30c8ba5a455d38f236c5f,healthy,,train,False,,pending,unknown,512
SAM3_auto,original,True,healthy:Healthy2532.jpg,512,cc824b2ac864e2269ce5bb00,healthy_source,/content/drive/MyDrive/Healthy/Healthy2532.jpg,1,masks/leaf/cc824b2ac864e2269ce5bb00.png,pending,nonempty,Healthy2532.jpg,,Healthy2532.jpg,,83caeccce6784e52f97b7cf11dccdf408e259dc8ba43f105396fd5f8c624425d,healthy,,train,False,,pending,unknown,512
SAM3_auto,original,True,healthy:Healthy2533.jpg,512,2e82c2971fb14fe0585e9259,healthy_source,/content/drive/MyDrive/Healthy/Healthy2533.jpg,1,masks/leaf/2e82c2971fb14fe0585e9259.png,pending,nonempty,Healthy2533.jpg,,Healthy2533.jpg,,cab973dd30d05217464712d0ac169f42414ac61c1fe0afa7ab9497ba59c4ebee,healthy,,train,False,,pending,unknown,512
SAM3_auto,original,True,healthy:Healthy2535.jpg,512,a33909d8873883c3946b1fcf,healthy_source,/content/drive/MyDrive/Healthy/Healthy2535.jpg,8,masks/leaf/a33909d8873883c3946b1fcf.png,pending,nonempty,Healthy2535.jpg,,Healthy2535.jpg,,df021ee254f13d58569bf2e6c14e748a1081edb957f05cc8845d118215214ca4,healthy,,train,False,,pending,unknown,512
SAM3_auto,original,True,healthy:Healthy2537.jpg,512,511b6a8c485729e52ba70b9c,healthy_source,/content/drive/MyDrive/Healthy/Healthy2537.jpg,1,masks/leaf/511b6a8c485729e52ba70b9c.png,pending,nonempty,Healthy2537.jpg,,Healthy2537.jpg,,c12108189fa1361f05ec90ac28346b56341e13bf3f5fd741acd2dc582457594b,healthy,,train,False,,pending,unknown,512
SAM3_auto,original,True,healthy:Healthy2538.jpg,512,1702c41745632fd036f0130c,healthy_source,/content/drive/MyDrive/Healthy/Healthy2538.jpg,1,masks/leaf/1702c41745632fd036f0130c.png,pending,nonempty,Healthy2538.jpg,,Healthy2538.jpg,,4a897fe0fb45959732b399a3191aed9419674d6e6d48258bf24dc747e3a2c357,healthy,,train,False,,pending,unknown,512
SAM3_auto,original,True,healthy:Healthy2539.jpg,512,740b43fa3b22cf08886e66e4,healthy_source,/content/drive/MyDrive/Healthy/Healthy2539.jpg,1,masks/leaf/740b43fa3b22cf08886e66e4.png,pending,nonempty,Healthy2539.jpg,,Healthy2539.jpg,,d92a1bfb13fb82fa5c87fda5e1b422a558336acc68e82f4a9615bfab806997d2,healthy,,train,False,,pending,unknown,512
SAM3_auto,original,True,healthy:Healthy254.jpg,512,3bf57533ca86d83b12ff16f5,healthy_source,/content/drive/MyDrive/Healthy/Healthy254.jpg,1,masks/leaf/3bf57533ca86d83b12ff16f5.png,pending,nonempty,Healthy254.jpg,,Healthy254.jpg,,948a5f11c175846da7fc706cf6898c6e52133cc7bb2fc2ca896dec69e5431257,healthy,,train,False,,pending,unknown,512
SAM3_auto,original,True,healthy:Healthy2540.jpg,512,06025f0909f0c7b2397e2a3f,healthy_source,/content/drive/MyDrive/Healthy/Healthy2540.jpg,1,masks/leaf/06025f0909f0c7b2397e2a3f.png,pending,nonempty,Healthy2540.jpg,,Healthy2540.jpg,,e19eaaa63f150688591f2e06bcffb8bbb09a38121073d7fb138c4f1feee2dc54,healthy,,train,False,,pending,unknown,512
SAM3_auto,original,True,healthy:Healthy2543.jpg,512,72f170cbd5ed72782ecd2d69,healthy_source,/content/drive/MyDrive/Healthy/Healthy2543.jpg,1,masks/leaf/72f170cbd5ed72782ecd2d69.png,pending,nonempty,Healthy2543.jpg,,Healthy2543.jpg,,7ad266c405797d4ffeeec2d4bfa5c2a5965b4e4301c8e80e8cc547d65537e226,healthy,,train,False,,pending,unknown,512
SAM3_auto,original,True,healthy:Healthy2545.jpg,512,1fb185780a29daecfb9b8545,healthy_source,/content/drive/MyDrive/Healthy/Healthy2545.jpg,1,masks/leaf/1fb185780a29daecfb9b8545.png,pending,nonempty,Healthy2545.jpg,,Healthy2545.jpg,,730472451066271a6238f7dd1b40804dab91a8db79a46257743ae0e3a0055270,healthy,,train,False,,pending,unknown,512
SAM3_auto,original,True,healthy:Healthy2547.jpg,512,a601c440fb1ea4fdccdcb612,healthy_source,/content/drive/MyDrive/Healthy/Healthy2547.jpg,1,masks/leaf/a601c440fb1ea4fdccdcb612.png,pending,nonempty,Healthy2547.jpg,,Healthy2547.jpg,,e852f83f2388bad2908367dff1eaaf99d5656050ed44a252c216bf509752ce11,healthy,,train,False,,pending,unknown,512
SAM3_auto,original,True,healthy:Healthy2548.jpg,512,724f4f7373b8792a3a29bf62,healthy_source,/content/drive/MyDrive/Healthy/Healthy2548.jpg,1,masks/leaf/724f4f7373b8792a3a29bf62.png,pending,nonempty,Healthy2548.jpg,,Healthy2548.jpg,,f5865874a02dafd00c1a85e0c8313ad39639d67343c79a28b480648cd7eb5221,healthy,,train,False,,pending,unknown,512
SAM3_auto,original,True,healthy:Healthy2550.jpg,512,8d6add7ff973a5e8bf78782b,healthy_source,/content/drive/MyDrive/Healthy/Healthy2550.jpg,2,masks/leaf/8d6add7ff973a5e8bf78782b.png,pending,nonempty,Healthy2550.jpg,,Healthy2550.jpg,,4d7e4ac491c7b1ca11ce2e9c8b1785d83a4d49f6435d342d405946da5b24bde8,healthy,,train,False,,pending,unknown,512
SAM3_auto,original,True,healthy:Healthy2551.jpg,512,e1dd5387c780b3c487e18e46,healthy_source,/content/drive/MyDrive/Healthy/Healthy2551.jpg,1,masks/leaf/e1dd5387c780b3c487e18e46.png,pending,nonempty,Healthy2551.jpg,,Healthy2551.jpg,,82e4c7e4f0265db02095a45895f869bebae0b25e611925f98872fe23831d2df1,healthy,,train,False,,pending,unknown,512
SAM3_auto,original,True,healthy:Healthy2553.jpg,512,5409d033db8eeb46e52f0e01,healthy_source,/content/drive/MyDrive/Healthy/Healthy2553.jpg,1,masks/leaf/5409d033db8eeb46e52f0e01.png,pending,nonempty,Healthy2553.jpg,,Healthy2553.jpg,,33568f7d21e80dd7c6950546fd803cf81eb55277d08faccf943e490363b6ba6c,healthy,,train,False,,pending,unknown,512
SAM3_auto,original,True,healthy:Healthy2554.jpg,512,f6b6ce7a763daa31a86e0775,healthy_source,/content/drive/MyDrive/Healthy/Healthy2554.jpg,1,masks/leaf/f6b6ce7a763daa31a86e0775.png,pending,nonempty,Healthy2554.jpg,,Healthy2554.jpg,,3f255eeecbdc282254919dd391a0b87f35a0f6e3fa8ce252231d3c861879176d,healthy,,train,False,,pending,unknown,512
SAM3_auto,original,True,healthy:Healthy2555.jpg,512,52106642c42a71127696d118,healthy_source,/content/drive/MyDrive/Healthy/Healthy2555.jpg,1,masks/leaf/52106642c42a71127696d118.png,pending,nonempty,Healthy2555.jpg,,Healthy2555.jpg,,34c9a7ea1aedc1309cfc157b69bc6fa407e986b27fd68aaddab0885a3ceac53b,healthy,,train,False,,pending,unknown,512
SAM3_auto,original,True,healthy:Healthy2556.jpg,512,553526d18e242ed6a7a34dd0,healthy_source,/content/drive/MyDrive/Healthy/Healthy2556.jpg,1,masks/leaf/553526d18e242ed6a7a34dd0.png,pending,nonempty,Healthy2556.jpg,,Healthy2556.jpg,,dd7bd94aa8a33a3d9fc955036cffa3633bd4c4f9a47a2e51282e84f6be951f92,healthy,,train,False,,pending,unknown,512
SAM3_auto,original,True,healthy:Healthy2557.jpg,512,725e06528b32eb7ac00315d9,healthy_source,/content/drive/MyDrive/Healthy/Healthy2557.jpg,1,masks/leaf/725e06528b32eb7ac00315d9.png,pending,nonempty,Healthy2557.jpg,,Healthy2557.jpg,,deb69e9104e71461974490905b867311e75efde89e8cca357ebc98d9dee10109,healthy,,train,False,,pending,unknown,512
SAM3_auto,original,True,healthy:Healthy2558.jpg,512,928d5c89fb6286955a430d24,healthy_source,/content/drive/MyDrive/Healthy/Healthy2558.jpg,13,masks/leaf/928d5c89fb6286955a430d24.png,pending,nonempty,Healthy2558.jpg,,Healthy2558.jpg,,a5dbd76e5a1f49e0cba5ddd7ad42be865ae697df7ec22ff93d7f3c59f7f0206f,healthy,,train,False,,pending,unknown,512
SAM3_auto,original,True,healthy:Healthy2559.jpg,512,d8c0f4b324fec11138fe59ab,healthy_source,/content/drive/MyDrive/Healthy/Healthy2559.jpg,1,masks/leaf/d8c0f4b324fec11138fe59ab.png,pending,nonempty,Healthy2559.jpg,,Healthy2559.jpg,,3c311e052707304de5b1c9c2c963ee85e9b52c870bfb89b707ed8b56bbf37f0e,healthy,,train,False,,pending,unknown,512
SAM3_auto,original,True,healthy:Healthy256.jpg,512,99cfcd4d5e88935e469b7038,healthy_source,/content/drive/MyDrive/Healthy/Healthy256.jpg,1,masks/leaf/99cfcd4d5e88935e469b7038.png,pending,nonempty,Healthy256.jpg,,Healthy256.jpg,,0f83f90879732d6df29a0015ba6449aed526e3ff07b6d7d18ab6c0440b7e812f,healthy,,train,False,,pending,unknown,512
SAM3_auto,original,True,healthy:Healthy2560.jpg,512,7f23241330fc0867c1a0d61a,healthy_source,/content/drive/MyDrive/Healthy/Healthy2560.jpg,1,masks/leaf/7f23241330fc0867c1a0d61a.png,pending,nonempty,Healthy2560.jpg,,Healthy2560.jpg,,7e3827069a6d2075ebfcf9254f98a8c5f132b2fdcfd67cf5c9137ff2ec7536c7,healthy,,train,False,,pending,unknown,512
SAM3_auto,original,True,healthy:Healthy2561.jpg,512,f66ad611469b6c682a790d02,healthy_source,/content/drive/MyDrive/Healthy/Healthy2561.jpg,1,masks/leaf/f66ad611469b6c682a790d02.png,pending,nonempty,Healthy2561.jpg,,Healthy2561.jpg,,f28fe67728617d3685d2bdc50963356df8357bdc0358bea4fe4cc1d1adb5cb64,healthy,,train,False,,pending,unknown,512
SAM3_auto,original,True,healthy:Healthy2563.jpg,512,d9b6128fa7c3db70341bcfe6,healthy_source,/content/drive/MyDrive/Healthy/Healthy2563.jpg,1,masks/leaf/d9b6128fa7c3db70341bcfe6.png,pending,nonempty,Healthy2563.jpg,,Healthy2563.jpg,,81c0f345a6cd77baf97434f5d676b80a12e2b2fded7a59bab70d808693046058,healthy,,train,False,,pending,unknown,512
SAM3_auto,original,True,healthy:Healthy2564.jpg,512,4907f2c0dcebea6129c2cd06,healthy_source,/content/drive/MyDrive/Healthy/Healthy2564.jpg,1,masks/leaf/4907f2c0dcebea6129c2cd06.png,pending,nonempty,Healthy2564.jpg,,Healthy2564.jpg,,8079de837cb514823dd32fcc5e11ab0a02bed9dcd51a4b3f6bd0a9aad98dc1d4,healthy,,train,False,,pending,unknown,512
SAM3_auto,original,True,healthy:Healthy2565.jpg,512,4d5429b757611e6f594f7b2e,healthy_source,/content/drive/MyDrive/Healthy/Healthy2565.jpg,1,masks/leaf/4d5429b757611e6f594f7b2e.png,pending,nonempty,Healthy2565.jpg,,Healthy2565.jpg,,ab0c25bbfaf7cbae96663f3c93be7fdfbed8c7c3eab363e7fa8e5182b32ec2cd,healthy,,train,False,,pending,unknown,512
SAM3_auto,original,True,healthy:Healthy2566.jpg,512,4bf7bd6a0d170c5bda061342,healthy_source,/content/drive/MyDrive/Healthy/Healthy2566.jpg,1,masks/leaf/4bf7bd6a0d170c5bda061342.png,pending,nonempty,Healthy2566.jpg,,Healthy2566.jpg,,52f6bc8dce9834a4dc167b06813f405443a83b4a46d4b56e0dcd13f2960a0e38,healthy,,train,False,,pending,unknown,512
SAM3_auto,original,True,healthy:Healthy2568.jpg,512,2c814dbdf56ad441e35a248e,healthy_source,/content/drive/MyDrive/Healthy/Healthy2568.jpg,1,masks/leaf/2c814dbdf56ad441e35a248e.png,pending,nonempty,Healthy2568.jpg,,Healthy2568.jpg,,ed4d1c10b86f828251cd627e6c11fcecf8bf5e254a5e83f517bd593984bd7c7a,healthy,,train,False,,pending,unknown,512
SAM3_auto,original,True,healthy:Healthy2569.jpg,512,edcef200eaa22bf49d57a9c0,healthy_source,/content/drive/MyDrive/Healthy/Healthy2569.jpg,1,masks/leaf/edcef200eaa22bf49d57a9c0.png,pending,nonempty,Healthy2569.jpg,,Healthy2569.jpg,,3f09217bfb5a75da13588ac1af9076aa42baa31e297421c86c79f302fc30b031,healthy,,train,False,,pending,unknown,512
SAM3_auto,original,True,healthy:Healthy257.jpg,512,d711962dc6e045d474d75d60,healthy_source,/content/drive/MyDrive/Healthy/Healthy257.jpg,1,masks/leaf/d711962dc6e045d474d75d60.png,pending,nonempty,Healthy257.jpg,,Healthy257.jpg,,bd687a7e722b1adbc1df604134e19fa411396d164b4057d3b3c38e741da3dbf4,healthy,,train,False,,pending,unknown,512
SAM3_auto,original,True,healthy:Healthy2570.jpg,512,ad799bb4886b3c6d9e4f6a1f,healthy_source,/content/drive/MyDrive/Healthy/Healthy2570.jpg,1,masks/leaf/ad799bb4886b3c6d9e4f6a1f.png,pending,nonempty,Healthy2570.jpg,,Healthy2570.jpg,,006784392b5f87838edb282cb451929ae5306a198fc6dd59735feab5cf8aa51b,healthy,,train,False,,pending,unknown,512
SAM3_auto,original,True,healthy:Healthy2572.jpg,512,3c2f1995cd4004b6698b6e98,healthy_source,/content/drive/MyDrive/Healthy/Healthy2572.jpg,1,masks/leaf/3c2f1995cd4004b6698b6e98.png,pending,nonempty,Healthy2572.jpg,,Healthy2572.jpg,,c33d64ec3792f4333dc4a3496ea1edefb94d0b32e8de603c001f40ef4fac80e0,healthy,,train,False,,pending,unknown,512
SAM3_auto,original,True,healthy:Healthy2573.jpg,512,8a555c7480038b0b9ce09fe4,healthy_source,/content/drive/MyDrive/Healthy/Healthy2573.jpg,1,masks/leaf/8a555c7480038b0b9ce09fe4.png,pending,nonempty,Healthy2573.jpg,,Healthy2573.jpg,,dc20e851efe7281535028b20625b66cf01fdee61f7412e85d47c5bbf3d9c26bd,healthy,,train,False,,pending,unknown,512
SAM3_auto,original,True,healthy:Healthy2575.jpg,512,f906a23f18c67b3e0b62f512,healthy_source,/content/drive/MyDrive/Healthy/Healthy2575.jpg,1,masks/leaf/f906a23f18c67b3e0b62f512.png,pending,nonempty,Healthy2575.jpg,,Healthy2575.jpg,,0aca9b79a1ca4efb2f40c973f9048c15f0846e26af9c3b3245ae097a02a66382,healthy,,train,False,,pending,unknown,512
SAM3_auto,original,True,healthy:Healthy2577.jpg,512,a8def5a4d4482e87ab7bf5ed,healthy_source,/content/drive/MyDrive/Healthy/Healthy2577.jpg,1,masks/leaf/a8def5a4d4482e87ab7bf5ed.png,pending,nonempty,Healthy2577.jpg,,Healthy2577.jpg,,f090725e4e8f8410e932997919224b4f98d94c14bc96162ed952baaf633d0db8,healthy,,train,False,,pending,unknown,512
SAM3_auto,original,True,healthy:Healthy2578.jpg,512,6727fd6874c6716125167b58,healthy_source,/content/drive/MyDrive/Healthy/Healthy2578.jpg,1,masks/leaf/6727fd6874c6716125167b58.png,pending,nonempty,Healthy2578.jpg,,Healthy2578.jpg,,c2d7368039b9b75d614584b6747d2e1cfc2d96fa666b55fd3ae9f0ef0071e426,healthy,,train,False,,pending,unknown,512
SAM3_auto,original,True,healthy:Healthy2579.jpg,512,c1ba4a805ecac321b26c2ebf,healthy_source,/content/drive/MyDrive/Healthy/Healthy2579.jpg,1,masks/leaf/c1ba4a805ecac321b26c2ebf.png,pending,nonempty,Healthy2579.jpg,,Healthy2579.jpg,,fee46ceb339d5f39ad4ce5d10432f16d08c4d2a55e515c9f714b47c4ff34567f,healthy,,train,False,,pending,unknown,512
SAM3_auto,original,True,healthy:Healthy258.jpg,512,efd5ec369254e05c80497743,healthy_source,/content/drive/MyDrive/Healthy/Healthy258.jpg,2,masks/leaf/efd5ec369254e05c80497743.png,pending,nonempty,Healthy258.jpg,,Healthy258.jpg,,d351aa15429885e011ebcf501d89236ca5bbd1d70def425677cd95e6d6f24ae9,healthy,,train,False,,pending,unknown,512
SAM3_auto,original,True,healthy:Healthy2581.jpg,512,27390becd84545a796601bb0,healthy_source,/content/drive/MyDrive/Healthy/Healthy2581.jpg,1,masks/leaf/27390becd84545a796601bb0.png,pending,nonempty,Healthy2581.jpg,,Healthy2581.jpg,,f6b7a99fb1c762852e259f2884eca9496567699fe42b5e9f269ad9135e8de946,healthy,,train,False,,pending,unknown,512
SAM3_auto,original,True,healthy:Healthy2582.jpg,512,47b7c93afae2cf84fdcca565,healthy_source,/content/drive/MyDrive/Healthy/Healthy2582.jpg,1,masks/leaf/47b7c93afae2cf84fdcca565.png,pending,nonempty,Healthy2582.jpg,,Healthy2582.jpg,,0d2f6b4643c51925439432e9c174efe834c98c34635b8d426d7b756995073c28,healthy,,train,False,,pending,unknown,512
SAM3_auto,original,True,healthy:Healthy2583.jpg,512,4505b0a246a0f7e000b4917b,healthy_source,/content/drive/MyDrive/Healthy/Healthy2583.jpg,1,masks/leaf/4505b0a246a0f7e000b4917b.png,pending,nonempty,Healthy2583.jpg,,Healthy2583.jpg,,045dc6e9182930011cc60585ba7045266564c338a346ccf02abb50c7ce1577a5,healthy,,train,False,,pending,unknown,512
SAM3_auto,original,True,healthy:Healthy2585.jpg,512,ab4a48bf4c301e05da8caf20,healthy_source,/content/drive/MyDrive/Healthy/Healthy2585.jpg,1,masks/leaf/ab4a48bf4c301e05da8caf20.png,pending,nonempty,Healthy2585.jpg,,Healthy2585.jpg,,2f77e9c38dadc5c630e571e4e6e584046c5f6be37fb14fa7b32576630d686eef,healthy,,train,False,,pending,unknown,512
SAM3_auto,original,True,healthy:Healthy2588.jpg,512,0b4ce2ed52ca032b539759eb,healthy_source,/content/drive/MyDrive/Healthy/Healthy2588.jpg,1,masks/leaf/0b4ce2ed52ca032b539759eb.png,pending,nonempty,Healthy2588.jpg,,Healthy2588.jpg,,b41816a384a8b76c2fc6fb228b851b9dd0721eb9d4767de91744096631f4b1f6,healthy,,train,False,,pending,unknown,512
SAM3_auto,original,True,healthy:Healthy2589.jpg,512,32da1465305463db43a4f4e0,healthy_source,/content/drive/MyDrive/Healthy/Healthy2589.jpg,1,masks/leaf/32da1465305463db43a4f4e0.png,pending,nonempty,Healthy2589.jpg,,Healthy2589.jpg,,6b9b17d4a1d279ac015f8589d12039d9285a2cd57461e1cd882c816cfe17202d,healthy,,train,False,,pending,unknown,512
SAM3_auto,original,True,healthy:Healthy259.jpg,512,97cdbc7671feed6130d11a3c,healthy_source,/content/drive/MyDrive/Healthy/Healthy259.jpg,1,masks/leaf/97cdbc7671feed6130d11a3c.png,pending,nonempty,Healthy259.jpg,,Healthy259.jpg,,8ec609b06756edd2300969a2979054fe9ad1c3d926804547862df2a73421fdac,healthy,,train,False,,pending,unknown,512
SAM3_auto,original,True,healthy:Healthy2590.jpg,512,a27d1a200b687239ed20ed1a,healthy_source,/content/drive/MyDrive/Healthy/Healthy2590.jpg,1,masks/leaf/a27d1a200b687239ed20ed1a.png,pending,nonempty,Healthy2590.jpg,,Healthy2590.jpg,,92015057da2fc740cab65780bce8282baa8ff5aa8f2558ef22d4ea36119f5d4e,healthy,,train,False,,pending,unknown,512
SAM3_auto,original,True,healthy:Healthy2591.jpg,512,56279be83dc4885b4cbd7da1,healthy_source,/content/drive/MyDrive/Healthy/Healthy2591.jpg,1,masks/leaf/56279be83dc4885b4cbd7da1.png,pending,nonempty,Healthy2591.jpg,,Healthy2591.jpg,,f2b4611dc91321f201c7314cb056c1f60ca80d07820d58f45bfc97107c13ab1f,healthy,,train,False,,pending,unknown,512
SAM3_auto,original,True,healthy:Healthy2592.jpg,512,80e8f0289175535d9a1c7a04,healthy_source,/content/drive/MyDrive/Healthy/Healthy2592.jpg,1,masks/leaf/80e8f0289175535d9a1c7a04.png,pending,nonempty,Healthy2592.jpg,,Healthy2592.jpg,,fb32b956e800915f7350d12a7a097fa6217404a2433d04ab8e47dfd96c4dffda,healthy,,train,False,,pending,unknown,512
SAM3_auto,original,True,healthy:Healthy2594.jpg,512,ab3d47d4226d52dcf8e9fd5d,healthy_source,/content/drive/MyDrive/Healthy/Healthy2594.jpg,1,masks/leaf/ab3d47d4226d52dcf8e9fd5d.png,pending,nonempty,Healthy2594.jpg,,Healthy2594.jpg,,76c90de48d05c9b927441695dbcf11544d9ad2e2ddd2d6279044d3a520949353,healthy,,train,False,,pending,unknown,512
SAM3_auto,original,True,healthy:Healthy2596.jpg,512,290cca5632bea93ea67b790c,healthy_source,/content/drive/MyDrive/Healthy/Healthy2596.jpg,1,masks/leaf/290cca5632bea93ea67b790c.png,pending,nonempty,Healthy2596.jpg,,Healthy2596.jpg,,d32b0bc0c5532a6d84ad702701ad3910d4f0d9c3d284768981daac7a3c11597c,healthy,,train,False,,pending,unknown,512
SAM3_auto,original,True,healthy:Healthy2597.jpg,512,7fec2774002443a6c99f1591,healthy_source,/content/drive/MyDrive/Healthy/Healthy2597.jpg,1,masks/leaf/7fec2774002443a6c99f1591.png,pending,nonempty,Healthy2597.jpg,,Healthy2597.jpg,,c808201358227db92e71b49e5ea3a9d8a5de8cafffd65ccb06ff9895f3ee5329,healthy,,train,False,,pending,unknown,512
SAM3_auto,original,True,healthy:Healthy2598.jpg,512,b5395950a57d33d3e0d9a397,healthy_source,/content/drive/MyDrive/Healthy/Healthy2598.jpg,1,masks/leaf/b5395950a57d33d3e0d9a397.png,pending,nonempty,Healthy2598.jpg,,Healthy2598.jpg,,b9563d89f1ba1aa5972d371ff7af6540761eb8cf4d945a6872bcddd628f55d6b,healthy,,train,False,,pending,unknown,512
SAM3_auto,original,True,healthy:Healthy260.jpg,512,ee7fa78fc72143ab7c0dd910,healthy_source,/content/drive/MyDrive/Healthy/Healthy260.jpg,1,masks/leaf/ee7fa78fc72143ab7c0dd910.png,pending,nonempty,Healthy260.jpg,,Healthy260.jpg,,bb2ba1688702285243886ab3c12391b47724c02dff1d160795962ee0afe4050c,healthy,,train,False,,pending,unknown,512
SAM3_auto,original,True,healthy:Healthy2601.jpg,512,8b373a5a4899781a2f562016,healthy_source,/content/drive/MyDrive/Healthy/Healthy2601.jpg,1,masks/leaf/8b373a5a4899781a2f562016.png,pending,nonempty,Healthy2601.jpg,,Healthy2601.jpg,,a6b9714fd13e184640f9d6edb9e988eeabfad2c4f80ae2731ac6c584fb0d5e0d,healthy,,train,False,,pending,unknown,512
SAM3_auto,original,True,healthy:Healthy2602.jpg,512,8afd34630c44bddd58a26428,healthy_source,/content/drive/MyDrive/Healthy/Healthy2602.jpg,1,masks/leaf/8afd34630c44bddd58a26428.png,pending,nonempty,Healthy2602.jpg,,Healthy2602.jpg,,66ec34705371acc0696d41442e36c52ff20e202c23f38af22d1a86dba915d8fa,healthy,,train,False,,pending,unknown,512
SAM3_auto,original,True,healthy:Healthy2603.jpg,512,59f0be70f40ce01e69e71fa0,healthy_source,/content/drive/MyDrive/Healthy/Healthy2603.jpg,1,masks/leaf/59f0be70f40ce01e69e71fa0.png,pending,nonempty,Healthy2603.jpg,,Healthy2603.jpg,,ce58d17fa9d00a7738d174a04f62cc36d8ab77c60a15a554754d69fa5b1751fb,healthy,,train,False,,pending,unknown,512
SAM3_auto,original,True,healthy:Healthy2604.jpg,512,99a494e513889424c58c4eda,healthy_source,/content/drive/MyDrive/Healthy/Healthy2604.jpg,1,masks/leaf/99a494e513889424c58c4eda.png,pending,nonempty,Healthy2604.jpg,,Healthy2604.jpg,,24b69aa7a88779c69beab7460752dd94f04cabb8096e8023b138fd04e8f83d5d,healthy,,train,False,,pending,unknown,512
SAM3_auto,original,True,healthy:Healthy2605.jpg,512,952acbba3d2bb59d748ae908,healthy_source,/content/drive/MyDrive/Healthy/Healthy2605.jpg,1,masks/leaf/952acbba3d2bb59d748ae908.png,pending,nonempty,Healthy2605.jpg,,Healthy2605.jpg,,a8c144a0e39a822d7c1cf071ab12fbf7c1766743d323155a0f4160ce5ed2f3bf,healthy,,train,False,,pending,unknown,512
SAM3_auto,original,True,healthy:Healthy2607.jpg,512,82b45658285540cacf43559f,healthy_source,/content/drive/MyDrive/Healthy/Healthy2607.jpg,1,masks/leaf/82b45658285540cacf43559f.png,pending,nonempty,Healthy2607.jpg,,Healthy2607.jpg,,e763696063467c62e318ed5d71dd43a4b823be76b9f349de2e2f582028dc9236,healthy,,train,False,,pending,unknown,512
SAM3_auto,original,True,healthy:Healthy2609.jpg,512,dee85f610986d91767fb1a1f,healthy_source,/content/drive/MyDrive/Healthy/Healthy2609.jpg,1,masks/leaf/dee85f610986d91767fb1a1f.png,pending,nonempty,Healthy2609.jpg,,Healthy2609.jpg,,e90f4d530cff0c8eded9c942a28ae78f0a56c0879c2bc29125e9940a66e9c305,healthy,,train,False,,pending,unknown,512
SAM3_auto,original,True,healthy:Healthy261.jpg,512,af056d647222d10009b6c379,healthy_source,/content/drive/MyDrive/Healthy/Healthy261.jpg,1,masks/leaf/af056d647222d10009b6c379.png,pending,nonempty,Healthy261.jpg,,Healthy261.jpg,,015fd5074f97392dc6eff21f9ce8ef88f4e304d246f2c7aab3da7d05656622db,healthy,,train,False,,pending,unknown,512
SAM3_auto,original,True,healthy:Healthy2610.jpg,512,362da30a293391279e0c2bb2,healthy_source,/content/drive/MyDrive/Healthy/Healthy2610.jpg,1,masks/leaf/362da30a293391279e0c2bb2.png,pending,nonempty,Healthy2610.jpg,,Healthy2610.jpg,,039b575714f3cf5a7888792695ab32abdf0c5dfe3a8c95aeba6e659fbdcb7ad7,healthy,,train,False,,pending,unknown,512
SAM3_auto,original,True,healthy:Healthy2611.jpg,512,0f536fa3ae84fbded195daf5,healthy_source,/content/drive/MyDrive/Healthy/Healthy2611.jpg,1,masks/leaf/0f536fa3ae84fbded195daf5.png,pending,nonempty,Healthy2611.jpg,,Healthy2611.jpg,,37b4f1a55cbb247122c140009fd413ec98b10ff3c53b0d5c2c7647fac01f373f,healthy,,train,False,,pending,unknown,512
SAM3_auto,original,True,healthy:Healthy2613.jpg,512,3de78ba42e94962ad9ee78e0,healthy_source,/content/drive/MyDrive/Healthy/Healthy2613.jpg,1,masks/leaf/3de78ba42e94962ad9ee78e0.png,pending,nonempty,Healthy2613.jpg,,Healthy2613.jpg,,c31089650c4c9308a4306d275e129c074cf57a624abad060d88e1bb905da22c0,healthy,,train,False,,pending,unknown,512
SAM3_auto,original,True,healthy:Healthy2616.jpg,512,eb1535ced9e484c01a11263d,healthy_source,/content/drive/MyDrive/Healthy/Healthy2616.jpg,1,masks/leaf/eb1535ced9e484c01a11263d.png,pending,nonempty,Healthy2616.jpg,,Healthy2616.jpg,,d9c9b8c5dc6c39573657feba44b775b1ef5d5d7ee02c2b1b821c4890e453a62e,healthy,,train,False,,pending,unknown,512
SAM3_auto,original,True,healthy:Healthy2618.jpg,512,8fe05a4a994367c2c84c73a7,healthy_source,/content/drive/MyDrive/Healthy/Healthy2618.jpg,1,masks/leaf/8fe05a4a994367c2c84c73a7.png,pending,nonempty,Healthy2618.jpg,,Healthy2618.jpg,,c88f924486e47fe0629ac9758cbc55e2b4d9de7f10b3b171d3455abd10ddef72,healthy,,train,False,,pending,unknown,512
SAM3_auto,original,True,healthy:Healthy2619.jpg,512,61e7bb3bf84d6392c1ce4973,healthy_source,/content/drive/MyDrive/Healthy/Healthy2619.jpg,1,masks/leaf/61e7bb3bf84d6392c1ce4973.png,pending,nonempty,Healthy2619.jpg,,Healthy2619.jpg,,4d50515b2ac42fe588d9f8babbaf9c0c8a3b987ff5cc0b281eb453c01ec4ca95,healthy,,train,False,,pending,unknown,512
SAM3_auto,original,True,healthy:Healthy262.jpg,512,7b3c8e08907aa79aa9b8c901,healthy_source,/content/drive/MyDrive/Healthy/Healthy262.jpg,1,masks/leaf/7b3c8e08907aa79aa9b8c901.png,pending,nonempty,Healthy262.jpg,,Healthy262.jpg,,01974db75534d04f40e58fd7195d10fc8b7a863d8290b1a72a940ead2a0c1c9f,healthy,,train,False,,pending,unknown,512
SAM3_auto,original,True,healthy:Healthy2621.jpg,512,0d6c275142ddb4cdfaf0210f,healthy_source,/content/drive/MyDrive/Healthy/Healthy2621.jpg,1,masks/leaf/0d6c275142ddb4cdfaf0210f.png,pending,nonempty,Healthy2621.jpg,,Healthy2621.jpg,,4b338a2cf67e3e87359104848e3a1b262396b74b68cc5385438e8579e94420e0,healthy,,train,False,,pending,unknown,512
SAM3_auto,original,True,healthy:Healthy2625.jpg,512,2f073684c5df134b0be5919b,healthy_source,/content/drive/MyDrive/Healthy/Healthy2625.jpg,1,masks/leaf/2f073684c5df134b0be5919b.png,pending,nonempty,Healthy2625.jpg,,Healthy2625.jpg,,180ee0ef91bcbe778b71209996726eb9a513e2740433eee13f292e3bb779c978,healthy,,train,False,,pending,unknown,512
SAM3_auto,original,True,healthy:Healthy2626.jpg,512,1bf0eb8e8be22e9042731ffd,healthy_source,/content/drive/MyDrive/Healthy/Healthy2626.jpg,1,masks/leaf/1bf0eb8e8be22e9042731ffd.png,pending,nonempty,Healthy2626.jpg,,Healthy2626.jpg,,5cd6a135f2baa8bc8738f801dac5359ad17c15ade7f529f2e4550a71781c1090,healthy,,train,False,,pending,unknown,512
SAM3_auto,original,True,healthy:Healthy2627.jpg,512,f333d05a67e97ccc57df244d,healthy_source,/content/drive/MyDrive/Healthy/Healthy2627.jpg,1,masks/leaf/f333d05a67e97ccc57df244d.png,pending,nonempty,Healthy2627.jpg,,Healthy2627.jpg,,4a4c86a30dbaa671939b662ae98b6d0459bc1ef78b4a53b3c260143a251d7ff3,healthy,,train,False,,pending,unknown,512
SAM3_auto,original,True,healthy:Healthy2628.jpg,512,13073ffda6bb8a0bf067aa0d,healthy_source,/content/drive/MyDrive/Healthy/Healthy2628.jpg,1,masks/leaf/13073ffda6bb8a0bf067aa0d.png,pending,nonempty,Healthy2628.jpg,,Healthy2628.jpg,,390a1c6bf971de0cad0e23180790cdef3afca129a2f0ef0561ba2cfd4b214e8f,healthy,,train,False,,pending,unknown,512
SAM3_auto,original,True,healthy:Healthy2629.jpg,512,e2a8c45de93c0836bed46ab5,healthy_source,/content/drive/MyDrive/Healthy/Healthy2629.jpg,1,masks/leaf/e2a8c45de93c0836bed46ab5.png,pending,nonempty,Healthy2629.jpg,,Healthy2629.jpg,,b42bfa308a902c9948e2bc360d5ed669cb905afdc673fb6d1334dcfa667e4ffe,healthy,,train,False,,pending,unknown,512
SAM3_auto,original,True,healthy:Healthy263.jpg,512,3552e39f82bc08557a688275,healthy_source,/content/drive/MyDrive/Healthy/Healthy263.jpg,1,masks/leaf/3552e39f82bc08557a688275.png,pending,nonempty,Healthy263.jpg,,Healthy263.jpg,,39b37a4f8746e0670b96515765692501ffe19198909f68c915d733facb80f9e4,healthy,,train,False,,pending,unknown,512
SAM3_auto,original,True,healthy:Healthy2630.jpg,512,001e1eade060b058602c4448,healthy_source,/content/drive/MyDrive/Healthy/Healthy2630.jpg,1,masks/leaf/001e1eade060b058602c4448.png,pending,nonempty,Healthy2630.jpg,,Healthy2630.jpg,,509dc3498457355d8cd04466192bb9fac1b97341fbcbf4e4498d7e347117660e,healthy,,train,False,,pending,unknown,512
SAM3_auto,original,True,healthy:Healthy2631.jpg,512,0d73b097d7c7933225743b2d,healthy_source,/content/drive/MyDrive/Healthy/Healthy2631.jpg,1,masks/leaf/0d73b097d7c7933225743b2d.png,pending,nonempty,Healthy2631.jpg,,Healthy2631.jpg,,ee635c6271190b628a8f3465b0c7922b40172014da6cfcf83f2b90c5bb2ce548,healthy,,train,False,,pending,unknown,512
SAM3_auto,original,True,healthy:Healthy2633.jpg,512,bae5c3e5d2d58a39e7452722,healthy_source,/content/drive/MyDrive/Healthy/Healthy2633.jpg,1,masks/leaf/bae5c3e5d2d58a39e7452722.png,pending,nonempty,Healthy2633.jpg,,Healthy2633.jpg,,1015e00850989b176a3359124f861e93b0a6c05e9b4ee43bd2e83fc9eb6872a4,healthy,,train,False,,pending,unknown,512
SAM3_auto,original,True,healthy:Healthy2634.jpg,512,898439de36753b602747f38e,healthy_source,/content/drive/MyDrive/Healthy/Healthy2634.jpg,1,masks/leaf/898439de36753b602747f38e.png,pending,nonempty,Healthy2634.jpg,,Healthy2634.jpg,,d5853675295c892cf27c222bd53c3e7ce27e227c5315a1940be495ceea5564b6,healthy,,train,False,,pending,unknown,512
SAM3_auto,original,True,healthy:Healthy2635.jpg,512,6bd38692606f4acbec781196,healthy_source,/content/drive/MyDrive/Healthy/Healthy2635.jpg,23,masks/leaf/6bd38692606f4acbec781196.png,pending,nonempty,Healthy2635.jpg,,Healthy2635.jpg,,6afb07870465c93d816c1935c7060ecedf299fe976865a03e0487fdd307f4523,healthy,,train,False,,pending,unknown,512
SAM3_auto,original,True,healthy:Healthy2636.jpg,512,5fe5f47453451b819fd96bda,healthy_source,/content/drive/MyDrive/Healthy/Healthy2636.jpg,1,masks/leaf/5fe5f47453451b819fd96bda.png,pending,nonempty,Healthy2636.jpg,,Healthy2636.jpg,,922c5e674337705548cce74cfca8cca2d5c4d7a3d0ad49e37cac5a5a56f19367,healthy,,train,False,,pending,unknown,512
SAM3_auto,original,True,healthy:Healthy2637.jpg,512,fb6ff65f0af66bc0c8804d30,healthy_source,/content/drive/MyDrive/Healthy/Healthy2637.jpg,1,masks/leaf/fb6ff65f0af66bc0c8804d30.png,pending,nonempty,Healthy2637.jpg,,Healthy2637.jpg,,979fc43f08b6c0e984501df862492c70e1bc69d7e5f555c67ccd8651a1c0702a,healthy,,train,False,,pending,unknown,512
SAM3_auto,original,True,healthy:Healthy2638.jpg,512,7a879c49b395dc5d18499a75,healthy_source,/content/drive/MyDrive/Healthy/Healthy2638.jpg,1,masks/leaf/7a879c49b395dc5d18499a75.png,pending,nonempty,Healthy2638.jpg,,Healthy2638.jpg,,3a4e142727de3e3fcde8bb35352f8933733dfa647531807fba8c9058b3616e9b,healthy,,train,False,,pending,unknown,512
SAM3_auto,original,True,healthy:Healthy2639.jpg,512,5ea1ff7c4df80b5854e0a410,healthy_source,/content/drive/MyDrive/Healthy/Healthy2639.jpg,1,masks/leaf/5ea1ff7c4df80b5854e0a410.png,pending,nonempty,Healthy2639.jpg,,Healthy2639.jpg,,f53f8fe92610e97c1b68262fe51a119a0d916551b20068dbad1ce80f006e5dff,healthy,,train,False,,pending,unknown,512
SAM3_auto,original,True,healthy:Healthy264.jpg,512,e23e5cc27948eda0d2e43b70,healthy_source,/content/drive/MyDrive/Healthy/Healthy264.jpg,1,masks/leaf/e23e5cc27948eda0d2e43b70.png,pending,nonempty,Healthy264.jpg,,Healthy264.jpg,,d77f02218af51d8ded9cdfe4d676fa5ef1bc3ef6458d51bfced85ae335911336,healthy,,train,False,,pending,unknown,512
SAM3_auto,original,True,healthy:Healthy2640.jpg,512,a409284a3557be7894a6840f,healthy_source,/content/drive/MyDrive/Healthy/Healthy2640.jpg,1,masks/leaf/a409284a3557be7894a6840f.png,pending,nonempty,Healthy2640.jpg,,Healthy2640.jpg,,db910c9b21a9ab007ac3966fa2796715bb48cfb2aeed5c3df6398af54a709fdb,healthy,,train,False,,pending,unknown,512
SAM3_auto,original,True,healthy:Healthy2641.jpg,512,48a69edc2cab290d370b477f,healthy_source,/content/drive/MyDrive/Healthy/Healthy2641.jpg,1,masks/leaf/48a69edc2cab290d370b477f.png,pending,nonempty,Healthy2641.jpg,,Healthy2641.jpg,,af9dcd1d8e6db95d6333ab9fd80138afe5d6ab4a4f0e8aa716cce46700be781f,healthy,,train,False,,pending,unknown,512
SAM3_auto,original,True,healthy:Healthy2643.jpg,512,b49dd1777b2fde200f131831,healthy_source,/content/drive/MyDrive/Healthy/Healthy2643.jpg,1,masks/leaf/b49dd1777b2fde200f131831.png,pending,nonempty,Healthy2643.jpg,,Healthy2643.jpg,,5f76a9bcf75419b36c405a171da2d9e209d3b9c96de7b2cfa3445b8dd5e8e190,healthy,,train,False,,pending,unknown,512
SAM3_auto,original,True,healthy:Healthy2644.jpg,512,9a609e9425f72f7d9aee51b0,healthy_source,/content/drive/MyDrive/Healthy/Healthy2644.jpg,1,masks/leaf/9a609e9425f72f7d9aee51b0.png,pending,nonempty,Healthy2644.jpg,,Healthy2644.jpg,,2b3ed2d765d78e498bf7d6abd62a9507deba71ee59175e12c50f5bdec19b77c0,healthy,,train,False,,pending,unknown,512
SAM3_auto,original,True,healthy:Healthy2645.jpg,512,31ee2c85c2d7065c972f53ec,healthy_source,/content/drive/MyDrive/Healthy/Healthy2645.jpg,1,masks/leaf/31ee2c85c2d7065c972f53ec.png,pending,nonempty,Healthy2645.jpg,,Healthy2645.jpg,,78d3a3bc0cad0cb39b6ef5eb71929469b0811d207d340231938e15ed2da816e1,healthy,,train,False,,pending,unknown,512
SAM3_auto,original,True,healthy:Healthy2646.jpg,512,3f6f906c4531700bd426ac93,healthy_source,/content/drive/MyDrive/Healthy/Healthy2646.jpg,3,masks/leaf/3f6f906c4531700bd426ac93.png,pending,nonempty,Healthy2646.jpg,,Healthy2646.jpg,,fd0c4a1865ef44bc548de4729f43f571a7a25f932abe6f61db78b20eb626bee1,healthy,,train,False,,pending,unknown,512
SAM3_auto,original,True,healthy:Healthy2647.jpg,512,b8ee2a207d3a9d3363d82bcf,healthy_source,/content/drive/MyDrive/Healthy/Healthy2647.jpg,1,masks/leaf/b8ee2a207d3a9d3363d82bcf.png,pending,nonempty,Healthy2647.jpg,,Healthy2647.jpg,,ac500fac9b4b4c948a29f2c1eef445108f0dfb90c1a8a85742b24ecb71f59e14,healthy,,train,False,,pending,unknown,512
SAM3_auto,original,True,healthy:Healthy2649.jpg,512,bf02f6ac0cf2b5008d4f2db8,healthy_source,/content/drive/MyDrive/Healthy/Healthy2649.jpg,1,masks/leaf/bf02f6ac0cf2b5008d4f2db8.png,pending,nonempty,Healthy2649.jpg,,Healthy2649.jpg,,c8df1ee4f7d11c705e21eeb5079d7ef24cc0da19447ab1d25def109dc91421e2,healthy,,train,False,,pending,unknown,512
SAM3_auto,original,True,healthy:Healthy2651.jpg,512,dd20e647aee9ae3620696a49,healthy_source,/content/drive/MyDrive/Healthy/Healthy2651.jpg,1,masks/leaf/dd20e647aee9ae3620696a49.png,pending,nonempty,Healthy2651.jpg,,Healthy2651.jpg,,a5f77922b57f9cbcb6e6fb3e7af9c047a059879b0da5aed594e3868b6a8e1d89,healthy,,train,False,,pending,unknown,512
SAM3_auto,original,True,healthy:Healthy2652.jpg,512,1172744ada1401e0a70f0c08,healthy_source,/content/drive/MyDrive/Healthy/Healthy2652.jpg,1,masks/leaf/1172744ada1401e0a70f0c08.png,pending,nonempty,Healthy2652.jpg,,Healthy2652.jpg,,16d830526e61b79df24fd5e64aca54a59bba4e9d3be277668e5a0e9d13d507c0,healthy,,train,False,,pending,unknown,512
SAM3_auto,original,True,healthy:Healthy2653.jpg,512,351efc233b27e12ed2a9ec0c,healthy_source,/content/drive/MyDrive/Healthy/Healthy2653.jpg,1,masks/leaf/351efc233b27e12ed2a9ec0c.png,pending,nonempty,Healthy2653.jpg,,Healthy2653.jpg,,73bb0e3ddd1f041ebac483714c3b3af9a89f4e632630e50e0da746e1154476be,healthy,,train,False,,pending,unknown,512
SAM3_auto,original,True,healthy:Healthy2655.jpg,512,54760d7bff38dec213041455,healthy_source,/content/drive/MyDrive/Healthy/Healthy2655.jpg,1,masks/leaf/54760d7bff38dec213041455.png,pending,nonempty,Healthy2655.jpg,,Healthy2655.jpg,,1b5b9067565e5e20b52526edd353cfd00ad6ee6a5be9304a9d9e1a76e54abfa6,healthy,,train,False,,pending,unknown,512
SAM3_auto,original,True,healthy:Healthy2658.jpg,512,a9a147c371d5ccf4d557400a,healthy_source,/content/drive/MyDrive/Healthy/Healthy2658.jpg,1,masks/leaf/a9a147c371d5ccf4d557400a.png,pending,nonempty,Healthy2658.jpg,,Healthy2658.jpg,,f10f370164082718c1a7eb5d5ed4d9cc83aafdea6b068eec17e126ece7fe4b04,healthy,,train,False,,pending,unknown,512
SAM3_auto,original,True,healthy:Healthy2659.jpg,512,91950a44d0698f85156a22a5,healthy_source,/content/drive/MyDrive/Healthy/Healthy2659.jpg,1,masks/leaf/91950a44d0698f85156a22a5.png,pending,nonempty,Healthy2659.jpg,,Healthy2659.jpg,,66bdb5dfe7647113b7b4c4caf280c56d0ec06de75b7e185c14e7845f1f655f63,healthy,,train,False,,pending,unknown,512
SAM3_auto,original,True,healthy:Healthy266.jpg,512,8ea04ecc4c809d049c7e3d29,healthy_source,/content/drive/MyDrive/Healthy/Healthy266.jpg,1,masks/leaf/8ea04ecc4c809d049c7e3d29.png,pending,nonempty,Healthy266.jpg,,Healthy266.jpg,,66e0f8aa02a98a69b967456a0608e3c61becf2c691cd2ecfe54b4e29fbd22eb0,healthy,,train,False,,pending,unknown,512
SAM3_auto,original,True,healthy:Healthy2660.jpg,512,8ae6a5c027b204d072d17402,healthy_source,/content/drive/MyDrive/Healthy/Healthy2660.jpg,1,masks/leaf/8ae6a5c027b204d072d17402.png,pending,nonempty,Healthy2660.jpg,,Healthy2660.jpg,,e6ec1266cf884b6b96e52004be74980c7601aa405fea61a5b09488203bffa43a,healthy,,train,False,,pending,unknown,512
SAM3_auto,original,True,healthy:Healthy2662.jpg,512,a9c767032bba0eb1652afc7b,healthy_source,/content/drive/MyDrive/Healthy/Healthy2662.jpg,1,masks/leaf/a9c767032bba0eb1652afc7b.png,pending,nonempty,Healthy2662.jpg,,Healthy2662.jpg,,8b01b0d34820bf1d3e32aa28aceb88e7f7d1d30450135dfa4673b611fc961815,healthy,,train,False,,pending,unknown,512
SAM3_auto,original,True,healthy:Healthy2664.jpg,512,3989fc660717898d59042db4,healthy_source,/content/drive/MyDrive/Healthy/Healthy2664.jpg,1,masks/leaf/3989fc660717898d59042db4.png,pending,nonempty,Healthy2664.jpg,,Healthy2664.jpg,,8ccc01977992226de0add46049d52ec3a37765bc02aaf93c2a1d1f121eea59de,healthy,,train,False,,pending,unknown,512
SAM3_auto,original,True,healthy:Healthy2665.jpg,512,7440d2afedcc68b2068faa74,healthy_source,/content/drive/MyDrive/Healthy/Healthy2665.jpg,1,masks/leaf/7440d2afedcc68b2068faa74.png,pending,nonempty,Healthy2665.jpg,,Healthy2665.jpg,,c66a39e8698baae28202b67dafd8106767e17b399fc8491f88c6606c8030862b,healthy,,train,False,,pending,unknown,512
SAM3_auto,original,True,healthy:Healthy2666.jpg,512,7ae760f79a709193e1f1a354,healthy_source,/content/drive/MyDrive/Healthy/Healthy2666.jpg,1,masks/leaf/7ae760f79a709193e1f1a354.png,pending,nonempty,Healthy2666.jpg,,Healthy2666.jpg,,64336c6614dd678e7796afa554823d30b2766e60f6b9ee744b75384c85626d41,healthy,,train,False,,pending,unknown,512
SAM3_auto,original,True,healthy:Healthy2667.jpg,512,93583633be1acd785d7f8b56,healthy_source,/content/drive/MyDrive/Healthy/Healthy2667.jpg,1,masks/leaf/93583633be1acd785d7f8b56.png,pending,nonempty,Healthy2667.jpg,,Healthy2667.jpg,,884f29441fc155d4ff51f85a68e5b1b85dcc0d2af9ae89cdf8d87eeb5cf2805c,healthy,,train,False,,pending,unknown,512
SAM3_auto,original,True,healthy:Healthy2668.jpg,512,7a7642199a8613d063af9492,healthy_source,/content/drive/MyDrive/Healthy/Healthy2668.jpg,1,masks/leaf/7a7642199a8613d063af9492.png,pending,nonempty,Healthy2668.jpg,,Healthy2668.jpg,,1f1207f52de1db0806f893ad4cdd071652b8ec0be8416b8d1fac2fd1efcfe63e,healthy,,train,False,,pending,unknown,512
SAM3_auto,original,True,healthy:Healthy2670.jpg,512,132f203d66e9ffd2eca0469a,healthy_source,/content/drive/MyDrive/Healthy/Healthy2670.jpg,1,masks/leaf/132f203d66e9ffd2eca0469a.png,pending,nonempty,Healthy2670.jpg,,Healthy2670.jpg,,8f75513aeeb27fce38d993947e911d01cea0d4729da3617983d9880c233ef297,healthy,,train,False,,pending,unknown,512
SAM3_auto,original,True,healthy:Healthy2671.jpg,512,45ac42930456de19a025f8ba,healthy_source,/content/drive/MyDrive/Healthy/Healthy2671.jpg,1,masks/leaf/45ac42930456de19a025f8ba.png,pending,nonempty,Healthy2671.jpg,,Healthy2671.jpg,,fc45bd64fade1ae59f5d14b6366cbb82b355e36542824a065d7ce6a8c7ca33f8,healthy,,train,False,,pending,unknown,512
SAM3_auto,original,True,healthy:Healthy2672.jpg,512,f2fcdf874fc961086a70f2b3,healthy_source,/content/drive/MyDrive/Healthy/Healthy2672.jpg,1,masks/leaf/f2fcdf874fc961086a70f2b3.png,pending,nonempty,Healthy2672.jpg,,Healthy2672.jpg,,078d9af57ff8129cc3760589c8f233b55c7211d2bf8be6df1c32da11553cb8e7,healthy,,train,False,,pending,unknown,512
SAM3_auto,original,True,healthy:Healthy2673.jpg,512,cc0d03635f3c5a08ddca6514,healthy_source,/content/drive/MyDrive/Healthy/Healthy2673.jpg,1,masks/leaf/cc0d03635f3c5a08ddca6514.png,pending,nonempty,Healthy2673.jpg,,Healthy2673.jpg,,4bdb7ca217277d6d11c9ffca65e7d33e847322815fd0a907d88de0e3473c0a5b,healthy,,train,False,,pending,unknown,512
SAM3_auto,original,True,healthy:Healthy2674.jpg,512,f0a30e80a51d9ab071c1a9c0,healthy_source,/content/drive/MyDrive/Healthy/Healthy2674.jpg,1,masks/leaf/f0a30e80a51d9ab071c1a9c0.png,pending,nonempty,Healthy2674.jpg,,Healthy2674.jpg,,3d0af93bc3326deadca4effa00a602e84c021c44fd55218b94d1fb0633132abf,healthy,,train,False,,pending,unknown,512
SAM3_auto,original,True,healthy:Healthy2676.jpg,512,3d41943d6d692f173d9face2,healthy_source,/content/drive/MyDrive/Healthy/Healthy2676.jpg,1,masks/leaf/3d41943d6d692f173d9face2.png,pending,nonempty,Healthy2676.jpg,,Healthy2676.jpg,,b5a7bc8ed3122e90915f1608395cadcacdd779fa5d6dabce585233183b8303f0,healthy,,train,False,,pending,unknown,512
SAM3_auto,original,True,healthy:Healthy2677.jpg,512,2465c32ec9d438b7b152c105,healthy_source,/content/drive/MyDrive/Healthy/Healthy2677.jpg,1,masks/leaf/2465c32ec9d438b7b152c105.png,pending,nonempty,Healthy2677.jpg,,Healthy2677.jpg,,183d48994cb29ccffc1a13f4820f638f02ab2de77e792c893d751adcd87951a1,healthy,,train,False,,pending,unknown,512
SAM3_auto,original,True,healthy:Healthy2678.jpg,512,064361fb9515b54cd1c45e86,healthy_source,/content/drive/MyDrive/Healthy/Healthy2678.jpg,1,masks/leaf/064361fb9515b54cd1c45e86.png,pending,nonempty,Healthy2678.jpg,,Healthy2678.jpg,,c00aee7cebbc075a555fecee37c93442cb10132a4369a54cf7b170bd01f151a5,healthy,,train,False,,pending,unknown,512
SAM3_auto,original,True,healthy:Healthy2679.jpg,512,154bae75eb2e83ac0f6880ad,healthy_source,/content/drive/MyDrive/Healthy/Healthy2679.jpg,1,masks/leaf/154bae75eb2e83ac0f6880ad.png,pending,nonempty,Healthy2679.jpg,,Healthy2679.jpg,,eafdfdf1c0bc04e981b72b01f69f53814c04cf2c7bc27328671abfe677c1b527,healthy,,train,False,,pending,unknown,512
SAM3_auto,original,True,healthy:Healthy2681.jpg,512,22c4478371ed464c3a6fb140,healthy_source,/content/drive/MyDrive/Healthy/Healthy2681.jpg,1,masks/leaf/22c4478371ed464c3a6fb140.png,pending,nonempty,Healthy2681.jpg,,Healthy2681.jpg,,6e793801e7351037a05bcaa67d501f0d256daba65255e9e15f8e27a45af7c1e6,healthy,,train,False,,pending,unknown,512
SAM3_auto,original,True,healthy:Healthy2683.jpg,512,3528e261758b109e0adb4d7b,healthy_source,/content/drive/MyDrive/Healthy/Healthy2683.jpg,1,masks/leaf/3528e261758b109e0adb4d7b.png,pending,nonempty,Healthy2683.jpg,,Healthy2683.jpg,,dfa42b9b76fd2189ce395a35f7e16f7d89dd3419dd8adcf78dbc07c7ec5a52cc,healthy,,train,False,,pending,unknown,512
SAM3_auto,original,True,healthy:Healthy2684.jpg,512,764c88d77d71f1203b0c74d3,healthy_source,/content/drive/MyDrive/Healthy/Healthy2684.jpg,1,masks/leaf/764c88d77d71f1203b0c74d3.png,pending,nonempty,Healthy2684.jpg,,Healthy2684.jpg,,c42472b3d1d6763d01a482fb6f1a9965b0a28b391ca79b139ce9ff56ba4f108c,healthy,,train,False,,pending,unknown,512
SAM3_auto,original,True,healthy:Healthy2685.jpg,512,b4b80e696c77726b75ca3882,healthy_source,/content/drive/MyDrive/Healthy/Healthy2685.jpg,1,masks/leaf/b4b80e696c77726b75ca3882.png,pending,nonempty,Healthy2685.jpg,,Healthy2685.jpg,,dd713060c26d65926ed99d454abc98dc6cb25e4911ec392b0bb92999817d69f3,healthy,,train,False,,pending,unknown,512
SAM3_auto,original,True,healthy:Healthy2687.jpg,512,afff53437cb209879b9dfd30,healthy_source,/content/drive/MyDrive/Healthy/Healthy2687.jpg,1,masks/leaf/afff53437cb209879b9dfd30.png,pending,nonempty,Healthy2687.jpg,,Healthy2687.jpg,,60b660a611c1f4b4b2a9c106948164a886e1d1138ce1d91d5a650ae11b9bb026,healthy,,train,False,,pending,unknown,512
SAM3_auto,original,True,healthy:Healthy2689.jpg,512,5067359a13df11a18ac85c2e,healthy_source,/content/drive/MyDrive/Healthy/Healthy2689.jpg,1,masks/leaf/5067359a13df11a18ac85c2e.png,pending,nonempty,Healthy2689.jpg,,Healthy2689.jpg,,6e0548bc665e9af327e7809f6f7dab3d21cbb6001bf6475d548c9686d290e50c,healthy,,train,False,,pending,unknown,512
SAM3_auto,original,True,healthy:Healthy269.jpg,512,628b5b05681394d04ecc9fcb,healthy_source,/content/drive/MyDrive/Healthy/Healthy269.jpg,1,masks/leaf/628b5b05681394d04ecc9fcb.png,pending,nonempty,Healthy269.jpg,,Healthy269.jpg,,01a61a9651d08612b1c396475782d83b98cf371be2b2393241feaf7e9150359e,healthy,,train,False,,pending,unknown,512
SAM3_auto,original,True,healthy:Healthy2690.jpg,512,8e3235dc7d790fcbfab1fa9e,healthy_source,/content/drive/MyDrive/Healthy/Healthy2690.jpg,1,masks/leaf/8e3235dc7d790fcbfab1fa9e.png,pending,nonempty,Healthy2690.jpg,,Healthy2690.jpg,,d61ef089acf9c0d53ec2f84736fe3a8189827d8c4aa644a20645c09619f26118,healthy,,train,False,,pending,unknown,512
SAM3_auto,original,True,healthy:Healthy2691.jpg,512,879f9d299a0b01e21a22b9b1,healthy_source,/content/drive/MyDrive/Healthy/Healthy2691.jpg,1,masks/leaf/879f9d299a0b01e21a22b9b1.png,pending,nonempty,Healthy2691.jpg,,Healthy2691.jpg,,da385c957611f8847dba8474fafffd71a999cff8bddd01aef3c4d668700f91eb,healthy,,train,False,,pending,unknown,512
SAM3_auto,original,True,healthy:Healthy2692.jpg,512,60ae0a3de273995ed58cedae,healthy_source,/content/drive/MyDrive/Healthy/Healthy2692.jpg,1,masks/leaf/60ae0a3de273995ed58cedae.png,pending,nonempty,Healthy2692.jpg,,Healthy2692.jpg,,178a851eecb8f3daed238951d730c509dad5a461a86a2ebc2e85e5b472f59b1e,healthy,,train,False,,pending,unknown,512
SAM3_auto,original,True,healthy:Healthy2693.jpg,512,82985c9279d58469107229f0,healthy_source,/content/drive/MyDrive/Healthy/Healthy2693.jpg,1,masks/leaf/82985c9279d58469107229f0.png,pending,nonempty,Healthy2693.jpg,,Healthy2693.jpg,,ab055a377c2247d304b33c6dd05a4439a1f55055153c1955e305c46c9ec71498,healthy,,train,False,,pending,unknown,512
SAM3_auto,original,True,healthy:Healthy2695.jpg,512,f02d3edaa23369812747e48b,healthy_source,/content/drive/MyDrive/Healthy/Healthy2695.jpg,1,masks/leaf/f02d3edaa23369812747e48b.png,pending,nonempty,Healthy2695.jpg,,Healthy2695.jpg,,e42cda75f28286c0d2f9803ea8d3db8286fc7a85e19400848aaf6b97a264a335,healthy,,train,False,,pending,unknown,512
SAM3_auto,original,True,healthy:Healthy2696.jpg,512,21681c20982991d6244c22b6,healthy_source,/content/drive/MyDrive/Healthy/Healthy2696.jpg,1,masks/leaf/21681c20982991d6244c22b6.png,pending,nonempty,Healthy2696.jpg,,Healthy2696.jpg,,de56d6030366954d2000b66eadb305092fd4218077b70462cee7b1f90853c407,healthy,,train,False,,pending,unknown,512
SAM3_auto,original,True,healthy:Healthy2698.jpg,512,8f6cb00aad81f1e4b4b06fd6,healthy_source,/content/drive/MyDrive/Healthy/Healthy2698.jpg,1,masks/leaf/8f6cb00aad81f1e4b4b06fd6.png,pending,nonempty,Healthy2698.jpg,,Healthy2698.jpg,,d630de14fee45fe1bd911188be38ec4ba27b9ebbc70d9252b28993f5c61c46fe,healthy,,train,False,,pending,unknown,512
SAM3_auto,original,True,healthy:Healthy2699.jpg,512,4ce7fde4310a339f0cbc7b00,healthy_source,/content/drive/MyDrive/Healthy/Healthy2699.jpg,1,masks/leaf/4ce7fde4310a339f0cbc7b00.png,pending,nonempty,Healthy2699.jpg,,Healthy2699.jpg,,02c34bf5ceeda52346837a082c5ffca28417e41f6b029f82ede86a4749eb8b1d,healthy,,train,False,,pending,unknown,512
SAM3_auto,original,True,healthy:Healthy27.jpg,512,5853ebbaa052402c8cd0474c,healthy_source,/content/drive/MyDrive/Healthy/Healthy27.jpg,1,masks/leaf/5853ebbaa052402c8cd0474c.png,pending,nonempty,Healthy27.jpg,,Healthy27.jpg,,8360ac6ca162f67770675462515ddddfde644d451f974fb1922ba275bb496e56,healthy,,train,False,,pending,unknown,512
SAM3_auto,original,True,healthy:Healthy270.jpg,512,2fd3eba9f9243b55bf4874c6,healthy_source,/content/drive/MyDrive/Healthy/Healthy270.jpg,1,masks/leaf/2fd3eba9f9243b55bf4874c6.png,pending,nonempty,Healthy270.jpg,,Healthy270.jpg,,c8c79cc450045aa87959202c7e3977ebfb822a55a9937de599fcd7c250b4c141,healthy,,train,False,,pending,unknown,512
SAM3_auto,original,True,healthy:Healthy2700.jpg,512,05f6d6fb200f85f455909d3e,healthy_source,/content/drive/MyDrive/Healthy/Healthy2700.jpg,1,masks/leaf/05f6d6fb200f85f455909d3e.png,pending,nonempty,Healthy2700.jpg,,Healthy2700.jpg,,dd9ad52110fd030f21c978924df0083893a0fdeb2ff0a49b18ac1349e36b956a,healthy,,train,False,,pending,unknown,512
SAM3_auto,original,True,healthy:Healthy2701.jpg,512,1998ca9e59866b41cdb5f966,healthy_source,/content/drive/MyDrive/Healthy/Healthy2701.jpg,1,masks/leaf/1998ca9e59866b41cdb5f966.png,pending,nonempty,Healthy2701.jpg,,Healthy2701.jpg,,4b2663686d12b95be34157c7cc1baaa6a6affc7911b935ec2b2100431ba718f6,healthy,,train,False,,pending,unknown,512
SAM3_auto,original,True,healthy:Healthy2702.jpg,512,6921edd1be8d82ecdb5c2a03,healthy_source,/content/drive/MyDrive/Healthy/Healthy2702.jpg,1,masks/leaf/6921edd1be8d82ecdb5c2a03.png,pending,nonempty,Healthy2702.jpg,,Healthy2702.jpg,,12befeb0bb8923fde870acc78ba3768122db700ca8af2b4ffccc4c3d613639d6,healthy,,train,False,,pending,unknown,512
SAM3_auto,original,True,healthy:Healthy2703.jpg,512,ee5ea4c89ee10a7cbcebb0f6,healthy_source,/content/drive/MyDrive/Healthy/Healthy2703.jpg,1,masks/leaf/ee5ea4c89ee10a7cbcebb0f6.png,pending,nonempty,Healthy2703.jpg,,Healthy2703.jpg,,d5a9101a7609f5614f64280713145d36c0a8f97e1e89ad4ab79492ca4e7f34ae,healthy,,train,False,,pending,unknown,512
SAM3_auto,original,True,healthy:Healthy2704.jpg,512,eb31771a15b64c1540a8d657,healthy_source,/content/drive/MyDrive/Healthy/Healthy2704.jpg,1,masks/leaf/eb31771a15b64c1540a8d657.png,pending,nonempty,Healthy2704.jpg,,Healthy2704.jpg,,d6bc807afb5e7e1850f27a2f83c1e6933fc4a77008bf62dd5171582f8081d5e2,healthy,,train,False,,pending,unknown,512
SAM3_auto,original,True,healthy:Healthy2705.jpg,512,4e8f556e45e139d2dc7127c4,healthy_source,/content/drive/MyDrive/Healthy/Healthy2705.jpg,1,masks/leaf/4e8f556e45e139d2dc7127c4.png,pending,nonempty,Healthy2705.jpg,,Healthy2705.jpg,,82a7f62ff51720397b3db3a2d0fe445ff3ff05cee09797c91af7ce003cd01dbd,healthy,,train,False,,pending,unknown,512
SAM3_auto,original,True,healthy:Healthy2706.jpg,512,290fb0669851ff8a59591621,healthy_source,/content/drive/MyDrive/Healthy/Healthy2706.jpg,1,masks/leaf/290fb0669851ff8a59591621.png,pending,nonempty,Healthy2706.jpg,,Healthy2706.jpg,,888606a527a92a97069188b9eb861c60b1f0da79c9b4c13c6864f844570b17f8,healthy,,train,False,,pending,unknown,512
SAM3_auto,original,True,healthy:Healthy2709.jpg,512,3805e7b443e1e7d6fddaad12,healthy_source,/content/drive/MyDrive/Healthy/Healthy2709.jpg,1,masks/leaf/3805e7b443e1e7d6fddaad12.png,pending,nonempty,Healthy2709.jpg,,Healthy2709.jpg,,33eae3bbd408687205245960a472222594ef8d45e935be5997585facf9eb92f8,healthy,,train,False,,pending,unknown,512
SAM3_auto,original,True,healthy:Healthy271.jpg,512,c983e724c983c1c2fe65c315,healthy_source,/content/drive/MyDrive/Healthy/Healthy271.jpg,1,masks/leaf/c983e724c983c1c2fe65c315.png,pending,nonempty,Healthy271.jpg,,Healthy271.jpg,,3f8ff4712f19863a98ce62e53f7897343d21574901e6a98ee7c890cfda06d529,healthy,,train,False,,pending,unknown,512
SAM3_auto,original,True,healthy:Healthy2710.jpg,512,629c9d6314389f0df649c13d,healthy_source,/content/drive/MyDrive/Healthy/Healthy2710.jpg,1,masks/leaf/629c9d6314389f0df649c13d.png,pending,nonempty,Healthy2710.jpg,,Healthy2710.jpg,,6bdcf2800789b0adc094336a3c1c2fef22c2b200f1e75de06b71f436bb5a5579,healthy,,train,False,,pending,unknown,512
SAM3_auto,original,True,healthy:Healthy2711.jpg,512,a0167113c58fe761b3b111fe,healthy_source,/content/drive/MyDrive/Healthy/Healthy2711.jpg,1,masks/leaf/a0167113c58fe761b3b111fe.png,pending,nonempty,Healthy2711.jpg,,Healthy2711.jpg,,13275a10f1fd3cfe0fde4f55c3fa73f7b1e2a54a13adcf74572d06a3f49566a1,healthy,,train,False,,pending,unknown,512
SAM3_auto,original,True,healthy:Healthy2712.jpg,512,ec150bb0ed6d02de34d3a33e,healthy_source,/content/drive/MyDrive/Healthy/Healthy2712.jpg,1,masks/leaf/ec150bb0ed6d02de34d3a33e.png,pending,nonempty,Healthy2712.jpg,,Healthy2712.jpg,,4ecd2d1e784f9ffc1527acb7dd8b880b6f8d88309bc8e495fbf85397b72a6e0e,healthy,,train,False,,pending,unknown,512
SAM3_auto,original,True,healthy:Healthy2713.jpg,512,8fcd0fd57d1172a5e891a40e,healthy_source,/content/drive/MyDrive/Healthy/Healthy2713.jpg,23,masks/leaf/8fcd0fd57d1172a5e891a40e.png,pending,nonempty,Healthy2713.jpg,,Healthy2713.jpg,,de52fe8228b7d715304cd7de1e0483e43f813e4cd283bfb749f6ca87edf74848,healthy,,train,False,,pending,unknown,512
SAM3_auto,original,True,healthy:Healthy2714.jpg,512,d87896fca7571819cdaa6f15,healthy_source,/content/drive/MyDrive/Healthy/Healthy2714.jpg,1,masks/leaf/d87896fca7571819cdaa6f15.png,pending,nonempty,Healthy2714.jpg,,Healthy2714.jpg,,09b113d579dd74c153255d4422c879a0a8ec5c0ec30efa7dbdb931858dc8579d,healthy,,train,False,,pending,unknown,512
SAM3_auto,original,True,healthy:Healthy2715.jpg,512,8353dbfd1ab811018000c616,healthy_source,/content/drive/MyDrive/Healthy/Healthy2715.jpg,1,masks/leaf/8353dbfd1ab811018000c616.png,pending,nonempty,Healthy2715.jpg,,Healthy2715.jpg,,b70880eb907e080eb8267a2088fda6feb064e700f25971756fdf474c8e4c12ff,healthy,,train,False,,pending,unknown,512
SAM3_auto,original,True,healthy:Healthy2716.jpg,512,8b72a4de0b6327c0fdb51a6d,healthy_source,/content/drive/MyDrive/Healthy/Healthy2716.jpg,1,masks/leaf/8b72a4de0b6327c0fdb51a6d.png,pending,nonempty,Healthy2716.jpg,,Healthy2716.jpg,,3d0c28fa01b1a31a006168571e87709030c1b4bff372c1d4339daa9a8f8d4a2a,healthy,,train,False,,pending,unknown,512
SAM3_auto,original,True,healthy:Healthy2719.jpg,512,ebaa8c7a8debef3ee6cd90d4,healthy_source,/content/drive/MyDrive/Healthy/Healthy2719.jpg,1,masks/leaf/ebaa8c7a8debef3ee6cd90d4.png,pending,nonempty,Healthy2719.jpg,,Healthy2719.jpg,,cf415ad9f7a1fe17af1f1813006e0da8be6f850c00fcc75097d5e2e8c61edcf5,healthy,,train,False,,pending,unknown,512
SAM3_auto,original,True,healthy:Healthy272.jpg,512,6b8eeedb5993d1ed2bc5b032,healthy_source,/content/drive/MyDrive/Healthy/Healthy272.jpg,3,masks/leaf/6b8eeedb5993d1ed2bc5b032.png,pending,nonempty,Healthy272.jpg,,Healthy272.jpg,,a5eb29b677b2ae3ee8fa4c77b0112e03c8dd6e24cfe5ab4b57a09532680e36d1,healthy,,train,False,,pending,unknown,512
SAM3_auto,original,True,healthy:Healthy2720.jpg,512,57839af1b11f40f76a839cf7,healthy_source,/content/drive/MyDrive/Healthy/Healthy2720.jpg,1,masks/leaf/57839af1b11f40f76a839cf7.png,pending,nonempty,Healthy2720.jpg,,Healthy2720.jpg,,b8eae93399200477761cda6737b3e13bae518f6ab184aabac6c3bebb14e85225,healthy,,train,False,,pending,unknown,512
SAM3_auto,original,True,healthy:Healthy2721.jpg,512,28c10d6d3c8014039c1a8c7e,healthy_source,/content/drive/MyDrive/Healthy/Healthy2721.jpg,1,masks/leaf/28c10d6d3c8014039c1a8c7e.png,pending,nonempty,Healthy2721.jpg,,Healthy2721.jpg,,e877ff5b3262a28b88946d954ac549970d5c7119119674d771a8140c5ee4caa8,healthy,,train,False,,pending,unknown,512
SAM3_auto,original,True,healthy:Healthy2723.jpg,512,6658498b06ed10073cb0f82a,healthy_source,/content/drive/MyDrive/Healthy/Healthy2723.jpg,1,masks/leaf/6658498b06ed10073cb0f82a.png,pending,nonempty,Healthy2723.jpg,,Healthy2723.jpg,,67cb26765e51812b58e94a8d40ee919663a19e12f906985ae3ff66b13a025c6d,healthy,,train,False,,pending,unknown,512
SAM3_auto,original,True,healthy:Healthy2728.jpg,512,0e58b6080624ff52b4fc05a5,healthy_source,/content/drive/MyDrive/Healthy/Healthy2728.jpg,1,masks/leaf/0e58b6080624ff52b4fc05a5.png,pending,nonempty,Healthy2728.jpg,,Healthy2728.jpg,,58c5bf10a287c8e094ab40d213f8aaeb672eddc94eb8bcfaa099b835a18f2258,healthy,,train,False,,pending,unknown,512
SAM3_auto,original,True,healthy:Healthy2729.jpg,512,e16a6d450caed6841c00aecf,healthy_source,/content/drive/MyDrive/Healthy/Healthy2729.jpg,1,masks/leaf/e16a6d450caed6841c00aecf.png,pending,nonempty,Healthy2729.jpg,,Healthy2729.jpg,,37a6031c444926590bba374fb234352f9d5e205c145ccf7a727fb6a548b74b5c,healthy,,train,False,,pending,unknown,512
SAM3_auto,original,True,healthy:Healthy273.jpg,512,05980aeeeb0b3a911841732f,healthy_source,/content/drive/MyDrive/Healthy/Healthy273.jpg,1,masks/leaf/05980aeeeb0b3a911841732f.png,pending,nonempty,Healthy273.jpg,,Healthy273.jpg,,0d7656e1049f63e4ef69ad8158165f465098337b075b64e78f73f544bf9b4e49,healthy,,train,False,,pending,unknown,512
SAM3_auto,original,True,healthy:Healthy2730.jpg,512,233209a42e0f28e292aa325e,healthy_source,/content/drive/MyDrive/Healthy/Healthy2730.jpg,1,masks/leaf/233209a42e0f28e292aa325e.png,pending,nonempty,Healthy2730.jpg,,Healthy2730.jpg,,6be8b651551307b6021b3f322eab3c681c34b6d19f629d3210860f55f14938d5,healthy,,train,False,,pending,unknown,512
SAM3_auto,original,True,healthy:Healthy2731.jpg,512,65989b6d9d58397292463113,healthy_source,/content/drive/MyDrive/Healthy/Healthy2731.jpg,1,masks/leaf/65989b6d9d58397292463113.png,pending,nonempty,Healthy2731.jpg,,Healthy2731.jpg,,d3721eb8224c50d413976b4e5c58967f1070da78e8497531b7a467dda9efdbcb,healthy,,train,False,,pending,unknown,512
SAM3_auto,original,True,healthy:Healthy2734.jpg,512,ed66b61ac5a1963c6db7c84c,healthy_source,/content/drive/MyDrive/Healthy/Healthy2734.jpg,1,masks/leaf/ed66b61ac5a1963c6db7c84c.png,pending,nonempty,Healthy2734.jpg,,Healthy2734.jpg,,e5ad4fe103a9a52030ac3b10146ffbefeb2fd80c401a3ad608f8e481e05298d8,healthy,,train,False,,pending,unknown,512
SAM3_auto,original,True,healthy:Healthy2736.jpg,512,df379043d2d95b86f1e06110,healthy_source,/content/drive/MyDrive/Healthy/Healthy2736.jpg,1,masks/leaf/df379043d2d95b86f1e06110.png,pending,nonempty,Healthy2736.jpg,,Healthy2736.jpg,,78b2d8fee064e835a9978fd2d99c94280182945a4d0a29ebdbe7e9124ce02832,healthy,,train,False,,pending,unknown,512
SAM3_auto,original,True,healthy:Healthy2738.jpg,512,4d553f029f3f539ddfcf749b,healthy_source,/content/drive/MyDrive/Healthy/Healthy2738.jpg,1,masks/leaf/4d553f029f3f539ddfcf749b.png,pending,nonempty,Healthy2738.jpg,,Healthy2738.jpg,,ac161a5bf21fdb83145ed184d5c243a0e22704b61d00333045de02e691592a6b,healthy,,train,False,,pending,unknown,512
SAM3_auto,original,True,healthy:Healthy2740.jpg,512,dca2b4d10804c8d09dde1199,healthy_source,/content/drive/MyDrive/Healthy/Healthy2740.jpg,1,masks/leaf/dca2b4d10804c8d09dde1199.png,pending,nonempty,Healthy2740.jpg,,Healthy2740.jpg,,5b63d56de1598a2fe93d5e6694b86c2a70836a3755133ba1a85f9d4485932b61,healthy,,train,False,,pending,unknown,512
SAM3_auto,original,True,healthy:Healthy2742.jpg,512,6a472e10795610e3034d93f1,healthy_source,/content/drive/MyDrive/Healthy/Healthy2742.jpg,1,masks/leaf/6a472e10795610e3034d93f1.png,pending,nonempty,Healthy2742.jpg,,Healthy2742.jpg,,b4177c3f86028b8b394cc0e8f167462b1bc77464426609ebe42d0226edeb94f0,healthy,,train,False,,pending,unknown,512
SAM3_auto,original,True,healthy:Healthy2744.jpg,512,92117d32a17d7446e0329f95,healthy_source,/content/drive/MyDrive/Healthy/Healthy2744.jpg,1,masks/leaf/92117d32a17d7446e0329f95.png,pending,nonempty,Healthy2744.jpg,,Healthy2744.jpg,,b143dd37b603d705ccc9bc9aaf129d133c9431f42920c0d2f4d7d2fd185d8da8,healthy,,train,False,,pending,unknown,512
SAM3_auto,original,True,healthy:Healthy2745.jpg,512,c94b77836c95b8e5eedd3a2e,healthy_source,/content/drive/MyDrive/Healthy/Healthy2745.jpg,1,masks/leaf/c94b77836c95b8e5eedd3a2e.png,pending,nonempty,Healthy2745.jpg,,Healthy2745.jpg,,5ccc410ccb6dd0661be931b250124d0f39623dc3efac49c55dd63c1c5564d379,healthy,,train,False,,pending,unknown,512
SAM3_auto,original,True,healthy:Healthy2747.jpg,512,9a2b81d61d6edc49f9c956f4,healthy_source,/content/drive/MyDrive/Healthy/Healthy2747.jpg,1,masks/leaf/9a2b81d61d6edc49f9c956f4.png,pending,nonempty,Healthy2747.jpg,,Healthy2747.jpg,,7baaf6102155c42270247ffbd0708ea735868b3c6fe7ec329f67c9f80d93f5d3,healthy,,train,False,,pending,unknown,512
SAM3_auto,original,True,healthy:Healthy2748.jpg,512,a26bcb06daeeadc5c5c1215a,healthy_source,/content/drive/MyDrive/Healthy/Healthy2748.jpg,4,masks/leaf/a26bcb06daeeadc5c5c1215a.png,pending,nonempty,Healthy2748.jpg,,Healthy2748.jpg,,309ca01f1c5caaaf2e8f7e56aafc8adbfc6ec15581e03e43646106fe83f53838,healthy,,train,False,,pending,unknown,512
SAM3_auto,original,True,healthy:Healthy2749.jpg,512,65d44323fae6c712bc2fdd5e,healthy_source,/content/drive/MyDrive/Healthy/Healthy2749.jpg,1,masks/leaf/65d44323fae6c712bc2fdd5e.png,pending,nonempty,Healthy2749.jpg,,Healthy2749.jpg,,f4ac04c0aa5a4b9d63eaaeade77fb8bbb59a3002cc6cfda90402f0bf38786c10,healthy,,train,False,,pending,unknown,512
SAM3_auto,original,True,healthy:Healthy2750.jpg,512,5337b806e9e3d77c6cd22be3,healthy_source,/content/drive/MyDrive/Healthy/Healthy2750.jpg,2,masks/leaf/5337b806e9e3d77c6cd22be3.png,pending,nonempty,Healthy2750.jpg,,Healthy2750.jpg,,da7b49ab441ee8dd057358c8d17e06ec3a4bd6e3d2b95419d253d73857ea4bb7,healthy,,train,False,,pending,unknown,512
SAM3_auto,original,True,healthy:Healthy2753.jpg,512,025cadd31ff6aef268438d2b,healthy_source,/content/drive/MyDrive/Healthy/Healthy2753.jpg,1,masks/leaf/025cadd31ff6aef268438d2b.png,pending,nonempty,Healthy2753.jpg,,Healthy2753.jpg,,7102adfc2023fa7876302091ed0a553caf26b1905285248f574bfc2f78f0c127,healthy,,train,False,,pending,unknown,512
SAM3_auto,original,True,healthy:Healthy2754.jpg,512,5e060ebb2a335d34ee5a4642,healthy_source,/content/drive/MyDrive/Healthy/Healthy2754.jpg,1,masks/leaf/5e060ebb2a335d34ee5a4642.png,pending,nonempty,Healthy2754.jpg,,Healthy2754.jpg,,fdf87b971493b5b58de91dbfbfa8144972601231557811df02b211324ea4ad79,healthy,,train,False,,pending,unknown,512
SAM3_auto,original,True,healthy:Healthy2755.jpg,512,5bffdcc4e982d23f6d05d7b2,healthy_source,/content/drive/MyDrive/Healthy/Healthy2755.jpg,1,masks/leaf/5bffdcc4e982d23f6d05d7b2.png,pending,nonempty,Healthy2755.jpg,,Healthy2755.jpg,,ba2a4deabddf8dcb8803c31d91663b8dfde696707e4721a1807482b49bce9549,healthy,,train,False,,pending,unknown,512
SAM3_auto,original,True,healthy:Healthy2756.jpg,512,9929eca6753e4bd63ef4a278,healthy_source,/content/drive/MyDrive/Healthy/Healthy2756.jpg,1,masks/leaf/9929eca6753e4bd63ef4a278.png,pending,nonempty,Healthy2756.jpg,,Healthy2756.jpg,,24b1129898faadfc228ed16a8ab8ce0069143b4bc2af0953decb91125f1d12b2,healthy,,train,False,,pending,unknown,512
SAM3_auto,original,True,healthy:Healthy2759.jpg,512,574455b0be0eb1a3371e7f86,healthy_source,/content/drive/MyDrive/Healthy/Healthy2759.jpg,1,masks/leaf/574455b0be0eb1a3371e7f86.png,pending,nonempty,Healthy2759.jpg,,Healthy2759.jpg,,30ce0b93ded41733495e6e2996bdbd9c9740259e8776516010645392ec440fee,healthy,,train,False,,pending,unknown,512
SAM3_auto,original,True,healthy:Healthy276.jpg,512,f36229eee857b31a50467626,healthy_source,/content/drive/MyDrive/Healthy/Healthy276.jpg,1,masks/leaf/f36229eee857b31a50467626.png,pending,nonempty,Healthy276.jpg,,Healthy276.jpg,,9996d61b540bda5b889d416d2a1475d71b84604337b0410137daf11a8db0eea7,healthy,,train,False,,pending,unknown,512
SAM3_auto,original,True,healthy:Healthy2760.jpg,512,8b71eb121df35955b0d57dc6,healthy_source,/content/drive/MyDrive/Healthy/Healthy2760.jpg,1,masks/leaf/8b71eb121df35955b0d57dc6.png,pending,nonempty,Healthy2760.jpg,,Healthy2760.jpg,,868ea241f5cb0d154e6026e946049f02e0ed5f735ad8bdb157912e7a20d59a00,healthy,,train,False,,pending,unknown,512
SAM3_auto,original,True,healthy:Healthy2761.jpg,512,3ad3a332d47fb5af2185be7c,healthy_source,/content/drive/MyDrive/Healthy/Healthy2761.jpg,1,masks/leaf/3ad3a332d47fb5af2185be7c.png,pending,nonempty,Healthy2761.jpg,,Healthy2761.jpg,,573af53da30e1c4bd93a8463af8c860415e3a8ed0af2e14082f9dc2d367b2342,healthy,,train,False,,pending,unknown,512
SAM3_auto,original,True,healthy:Healthy2762.jpg,512,b0ad3a5fb59523abc6b5d2e4,healthy_source,/content/drive/MyDrive/Healthy/Healthy2762.jpg,1,masks/leaf/b0ad3a5fb59523abc6b5d2e4.png,pending,nonempty,Healthy2762.jpg,,Healthy2762.jpg,,d0c70feb92a4ad18045a4bbd5b883a4a789b57568bd30d32139d90d4a3a428f4,healthy,,train,False,,pending,unknown,512
SAM3_auto,original,True,healthy:Healthy2764.jpg,512,e2ef5d5720791a7bd70ab3f4,healthy_source,/content/drive/MyDrive/Healthy/Healthy2764.jpg,1,masks/leaf/e2ef5d5720791a7bd70ab3f4.png,pending,nonempty,Healthy2764.jpg,,Healthy2764.jpg,,a0d4276c6255b00389250f4764aa18fe15a27bd0c56c1defcf7c6b354651e50a,healthy,,train,False,,pending,unknown,512
SAM3_auto,original,True,healthy:Healthy2765.jpg,512,486ed3b97d53737c04c8476c,healthy_source,/content/drive/MyDrive/Healthy/Healthy2765.jpg,1,masks/leaf/486ed3b97d53737c04c8476c.png,pending,nonempty,Healthy2765.jpg,,Healthy2765.jpg,,24ed447cfe9e932d99fb974f063dc2021be24e0b7b6e06ccdd5aa8cb10a020a3,healthy,,train,False,,pending,unknown,512
SAM3_auto,original,True,healthy:Healthy2766.jpg,512,c0a1dfcedddd928d1a994a06,healthy_source,/content/drive/MyDrive/Healthy/Healthy2766.jpg,1,masks/leaf/c0a1dfcedddd928d1a994a06.png,pending,nonempty,Healthy2766.jpg,,Healthy2766.jpg,,2ca46ad2464e2f55b32df54949a320be4c48c691c8a7f866d41fa26555b1993b,healthy,,train,False,,pending,unknown,512
SAM3_auto,original,True,healthy:Healthy2767.jpg,512,61e45b0504ead866f7af1136,healthy_source,/content/drive/MyDrive/Healthy/Healthy2767.jpg,1,masks/leaf/61e45b0504ead866f7af1136.png,pending,nonempty,Healthy2767.jpg,,Healthy2767.jpg,,760abc366044464bc1308375c147046850a74179f9350e8975d014d2b3b48b2f,healthy,,train,False,,pending,unknown,512
SAM3_auto,original,True,healthy:Healthy2768.jpg,512,5b4fd5d1f454e4d06eb91b62,healthy_source,/content/drive/MyDrive/Healthy/Healthy2768.jpg,1,masks/leaf/5b4fd5d1f454e4d06eb91b62.png,pending,nonempty,Healthy2768.jpg,,Healthy2768.jpg,,6dc588116466f78ce1055a47358d60489ef316d6a71c252cd9328358f541755d,healthy,,train,False,,pending,unknown,512
SAM3_auto,original,True,healthy:Healthy2769.jpg,512,7d861bd13f85a177c77f8ae9,healthy_source,/content/drive/MyDrive/Healthy/Healthy2769.jpg,1,masks/leaf/7d861bd13f85a177c77f8ae9.png,pending,nonempty,Healthy2769.jpg,,Healthy2769.jpg,,9a4b7d7f0ccee974462fecee999b1bba93662ad785a82625656c6c596010ac9a,healthy,,train,False,,pending,unknown,512
SAM3_auto,original,True,healthy:Healthy277.jpg,512,83568296485dfe0b66b01547,healthy_source,/content/drive/MyDrive/Healthy/Healthy277.jpg,1,masks/leaf/83568296485dfe0b66b01547.png,pending,nonempty,Healthy277.jpg,,Healthy277.jpg,,a3b8f2daa6b5a12c5b51cce16a2ee73b490276c52d48768d136faaedaca11907,healthy,,train,False,,pending,unknown,512
SAM3_auto,original,True,healthy:Healthy2770.jpg,512,9f3f2500924327fb99ba6bd4,healthy_source,/content/drive/MyDrive/Healthy/Healthy2770.jpg,1,masks/leaf/9f3f2500924327fb99ba6bd4.png,pending,nonempty,Healthy2770.jpg,,Healthy2770.jpg,,20bcd327059c0dbd57e5f39242784ea69d84f3326a8359a3fac568d4cee197b6,healthy,,train,False,,pending,unknown,512
SAM3_auto,original,True,healthy:Healthy2772.jpg,512,893a8a9c70c02b47f1f0f6d3,healthy_source,/content/drive/MyDrive/Healthy/Healthy2772.jpg,1,masks/leaf/893a8a9c70c02b47f1f0f6d3.png,pending,nonempty,Healthy2772.jpg,,Healthy2772.jpg,,de03735d7407e3fe89c1345c7c060d9b20ec51ec22190cd8502c8cca9ab5be81,healthy,,train,False,,pending,unknown,512
SAM3_auto,original,True,healthy:Healthy2773.jpg,512,01568fe5c5334b0197fd6cab,healthy_source,/content/drive/MyDrive/Healthy/Healthy2773.jpg,1,masks/leaf/01568fe5c5334b0197fd6cab.png,pending,nonempty,Healthy2773.jpg,,Healthy2773.jpg,,7597c536cbcdd64a48a8c64575cb2b428343c0aa456f99678dd057c6f3ac7aef,healthy,,train,False,,pending,unknown,512
SAM3_auto,original,True,healthy:Healthy2774.jpg,512,637a359288ffe235713a197e,healthy_source,/content/drive/MyDrive/Healthy/Healthy2774.jpg,1,masks/leaf/637a359288ffe235713a197e.png,pending,nonempty,Healthy2774.jpg,,Healthy2774.jpg,,cde471d59018554ee16a052d1e37066a601898bfba2fb86dddae1444deb34486,healthy,,train,False,,pending,unknown,512
SAM3_auto,original,True,healthy:Healthy2775.jpg,512,076b60f3b8b96379a279436d,healthy_source,/content/drive/MyDrive/Healthy/Healthy2775.jpg,1,masks/leaf/076b60f3b8b96379a279436d.png,pending,nonempty,Healthy2775.jpg,,Healthy2775.jpg,,886200a5eebaca44e8e03fa0cd06ea3b606bd930dadb032a78e7edddbd208f88,healthy,,train,False,,pending,unknown,512
SAM3_auto,original,True,healthy:Healthy2776.jpg,512,e25cfff0671b96e298f33b2c,healthy_source,/content/drive/MyDrive/Healthy/Healthy2776.jpg,1,masks/leaf/e25cfff0671b96e298f33b2c.png,pending,nonempty,Healthy2776.jpg,,Healthy2776.jpg,,5ce851b0d84675d5e30594768212ab2a669b139ec9767a14564fa41920c31e03,healthy,,train,False,,pending,unknown,512
SAM3_auto,original,True,healthy:Healthy2778.jpg,512,3670e76ff6d275c1fbee688f,healthy_source,/content/drive/MyDrive/Healthy/Healthy2778.jpg,1,masks/leaf/3670e76ff6d275c1fbee688f.png,pending,nonempty,Healthy2778.jpg,,Healthy2778.jpg,,59ae52b58cfbf7fe116c005764e710e58bf15231e4f17b7e06c8b158a088ad84,healthy,,train,False,,pending,unknown,512
SAM3_auto,original,True,healthy:Healthy2779.jpg,512,08f4d956b6db37576b862683,healthy_source,/content/drive/MyDrive/Healthy/Healthy2779.jpg,2,masks/leaf/08f4d956b6db37576b862683.png,pending,nonempty,Healthy2779.jpg,,Healthy2779.jpg,,4fbb183b259e5638f6abb54305560106c23a1e482133e2d27a1c7cf7e0b5b0e6,healthy,,train,False,,pending,unknown,512
SAM3_auto,original,True,healthy:Healthy278.jpg,512,c667c7ee4151ff34c3e5e3df,healthy_source,/content/drive/MyDrive/Healthy/Healthy278.jpg,1,masks/leaf/c667c7ee4151ff34c3e5e3df.png,pending,nonempty,Healthy278.jpg,,Healthy278.jpg,,4e20d9a9a260a1e7fd0c2bc216b8be5df08493a7eedf2780a8a5aef2754f77b1,healthy,,train,False,,pending,unknown,512
SAM3_auto,original,True,healthy:Healthy2781.jpg,512,03000006f9cc742076953332,healthy_source,/content/drive/MyDrive/Healthy/Healthy2781.jpg,1,masks/leaf/03000006f9cc742076953332.png,pending,nonempty,Healthy2781.jpg,,Healthy2781.jpg,,32cc899aa4429f5b6b66d46fd80db50061ec5e4cbdddb898f4bf0a02f7904c64,healthy,,train,False,,pending,unknown,512
SAM3_auto,original,True,healthy:Healthy2782.jpg,512,1e9cd2b964b85371f9b4e706,healthy_source,/content/drive/MyDrive/Healthy/Healthy2782.jpg,1,masks/leaf/1e9cd2b964b85371f9b4e706.png,pending,nonempty,Healthy2782.jpg,,Healthy2782.jpg,,d76946d9f7dae742f0e128e0bbdc819dcde3d26306201eec25426d47f293f8b0,healthy,,train,False,,pending,unknown,512
SAM3_auto,original,True,healthy:Healthy2783.jpg,512,b438521d633a3f0f6676598e,healthy_source,/content/drive/MyDrive/Healthy/Healthy2783.jpg,1,masks/leaf/b438521d633a3f0f6676598e.png,pending,nonempty,Healthy2783.jpg,,Healthy2783.jpg,,cd5f715688c3e4637f7fdebcb6caccfde9ce270f179a689ade84bb32d52c2cc6,healthy,,train,False,,pending,unknown,512
SAM3_auto,original,True,healthy:Healthy2784.jpg,512,d7c30520a21bd0b5e3dec951,healthy_source,/content/drive/MyDrive/Healthy/Healthy2784.jpg,1,masks/leaf/d7c30520a21bd0b5e3dec951.png,pending,nonempty,Healthy2784.jpg,,Healthy2784.jpg,,f498d67417f916353b156b975167b99e846dc011881744b5ef50affa5149f564,healthy,,train,False,,pending,unknown,512
SAM3_auto,original,True,healthy:Healthy2785.jpg,512,2e295f05548c86ecd3c66ea7,healthy_source,/content/drive/MyDrive/Healthy/Healthy2785.jpg,1,masks/leaf/2e295f05548c86ecd3c66ea7.png,pending,nonempty,Healthy2785.jpg,,Healthy2785.jpg,,4230b05ef138035a4063ca6ef97722f060ab04a8b0cf76f3b46c7793a55e92e5,healthy,,train,False,,pending,unknown,512
SAM3_auto,original,True,healthy:Healthy2786.jpg,512,b39d210a03f5ab1d774285a2,healthy_source,/content/drive/MyDrive/Healthy/Healthy2786.jpg,1,masks/leaf/b39d210a03f5ab1d774285a2.png,pending,nonempty,Healthy2786.jpg,,Healthy2786.jpg,,1b1ac68c2d38e9a30683e750e7db45c5235bf722d40b23dabd3ac81c6981642c,healthy,,train,False,,pending,unknown,512
SAM3_auto,original,True,healthy:Healthy2787.jpg,512,bc85e39b716b0cdc6233a7c4,healthy_source,/content/drive/MyDrive/Healthy/Healthy2787.jpg,1,masks/leaf/bc85e39b716b0cdc6233a7c4.png,pending,nonempty,Healthy2787.jpg,,Healthy2787.jpg,,7c05d4d03e3cd5718edfff9f3ae97848fc74b24add39b09beeb095fb16b24672,healthy,,train,False,,pending,unknown,512
SAM3_auto,original,True,healthy:Healthy2788.jpg,512,fbc88d0cbc5151878d03a1bf,healthy_source,/content/drive/MyDrive/Healthy/Healthy2788.jpg,1,masks/leaf/fbc88d0cbc5151878d03a1bf.png,pending,nonempty,Healthy2788.jpg,,Healthy2788.jpg,,c7bced470783e0984d0d7991a3e31ad74967bbaaab137d41567ceeb3af537c0d,healthy,,train,False,,pending,unknown,512
SAM3_auto,original,True,healthy:Healthy2789.jpg,512,db9bd16e0fdf3f688783aae1,healthy_source,/content/drive/MyDrive/Healthy/Healthy2789.jpg,1,masks/leaf/db9bd16e0fdf3f688783aae1.png,pending,nonempty,Healthy2789.jpg,,Healthy2789.jpg,,8405e02d86ccb14300042363c6c503c0035042a58340cc67d0d374364107bbe1,healthy,,train,False,,pending,unknown,512
SAM3_auto,original,True,healthy:Healthy279.jpg,512,af1495b6d1cad044542d2068,healthy_source,/content/drive/MyDrive/Healthy/Healthy279.jpg,1,masks/leaf/af1495b6d1cad044542d2068.png,pending,nonempty,Healthy279.jpg,,Healthy279.jpg,,c915ca2e31a42c5cbe6fadd3da7437acad3b678e66655cb37bc587ea87b8caef,healthy,,train,False,,pending,unknown,512
SAM3_auto,original,True,healthy:Healthy2790.jpg,512,0484eba697a6c4f8aa7bcea3,healthy_source,/content/drive/MyDrive/Healthy/Healthy2790.jpg,1,masks/leaf/0484eba697a6c4f8aa7bcea3.png,pending,nonempty,Healthy2790.jpg,,Healthy2790.jpg,,e1affecd06f76d6380fb55874a196adcdac227de55cf94bf11fc124dac20441d,healthy,,train,False,,pending,unknown,512
SAM3_auto,original,True,healthy:Healthy2793.jpg,512,38c7411a02e4af2e7cb0dcf2,healthy_source,/content/drive/MyDrive/Healthy/Healthy2793.jpg,1,masks/leaf/38c7411a02e4af2e7cb0dcf2.png,pending,nonempty,Healthy2793.jpg,,Healthy2793.jpg,,31039f6fc1eac3ccbd91a9b7f5ef6db2bbe3c6f86309a5a46374306c8f4ae958,healthy,,train,False,,pending,unknown,512
SAM3_auto,original,True,healthy:Healthy2795.jpg,512,3cad600a0d6464b4dd18623c,healthy_source,/content/drive/MyDrive/Healthy/Healthy2795.jpg,1,masks/leaf/3cad600a0d6464b4dd18623c.png,pending,nonempty,Healthy2795.jpg,,Healthy2795.jpg,,2f2e60537827eddfe1edc4f93921bb4c826c6f854f9ef7b89ef66d648c5dce6a,healthy,,train,False,,pending,unknown,512
SAM3_auto,original,True,healthy:Healthy2799.jpg,512,6974faabb2b0412ee01c7a9e,healthy_source,/content/drive/MyDrive/Healthy/Healthy2799.jpg,1,masks/leaf/6974faabb2b0412ee01c7a9e.png,pending,nonempty,Healthy2799.jpg,,Healthy2799.jpg,,db3bfde873ee03cff7f125008eb85239122a1ee788f5455b146118342e2b997c,healthy,,train,False,,pending,unknown,512
SAM3_auto,original,True,healthy:Healthy28.jpg,512,c8c319ca9e52b28016a9ffcb,healthy_source,/content/drive/MyDrive/Healthy/Healthy28.jpg,1,masks/leaf/c8c319ca9e52b28016a9ffcb.png,pending,nonempty,Healthy28.jpg,,Healthy28.jpg,,7cef81fbbf627da1ff7049cb321120dd2e71e5d837abf17bc17b3b9a933852e2,healthy,,train,False,,pending,unknown,512
SAM3_auto,original,True,healthy:Healthy280.jpg,512,c3dbff0015991bf6a40dc5ff,healthy_source,/content/drive/MyDrive/Healthy/Healthy280.jpg,2,masks/leaf/c3dbff0015991bf6a40dc5ff.png,pending,nonempty,Healthy280.jpg,,Healthy280.jpg,,f00270633dcec84a9db5b75fe04e11bd0c7f78462aee1491d923c168f73f7000,healthy,,train,False,,pending,unknown,512
SAM3_auto,original,True,healthy:Healthy2802.jpg,512,4cb37e6fa078aba3390948b9,healthy_source,/content/drive/MyDrive/Healthy/Healthy2802.jpg,1,masks/leaf/4cb37e6fa078aba3390948b9.png,pending,nonempty,Healthy2802.jpg,,Healthy2802.jpg,,27f1971a29e8bda498676e4aa3d870a33b68461ec1a035f4d4bfbd5b073a6b2d,healthy,,train,False,,pending,unknown,512
SAM3_auto,original,True,healthy:Healthy2803.jpg,512,f2a4dae26c8e9cce40f289be,healthy_source,/content/drive/MyDrive/Healthy/Healthy2803.jpg,1,masks/leaf/f2a4dae26c8e9cce40f289be.png,pending,nonempty,Healthy2803.jpg,,Healthy2803.jpg,,435a414806dac7f59c08b855461895ce108f22780a5efa6af420484ef939949a,healthy,,train,False,,pending,unknown,512
SAM3_auto,original,True,healthy:Healthy2804.jpg,512,7367ad747df1f919d40345b6,healthy_source,/content/drive/MyDrive/Healthy/Healthy2804.jpg,1,masks/leaf/7367ad747df1f919d40345b6.png,pending,nonempty,Healthy2804.jpg,,Healthy2804.jpg,,a6ca02d7c51f7a96c9f85cc2e6ca76d5b05bb031bc039d90b748a25b83961e05,healthy,,train,False,,pending,unknown,512
SAM3_auto,original,True,healthy:Healthy2805.jpg,512,38854d1f85f4e0d1717730e9,healthy_source,/content/drive/MyDrive/Healthy/Healthy2805.jpg,1,masks/leaf/38854d1f85f4e0d1717730e9.png,pending,nonempty,Healthy2805.jpg,,Healthy2805.jpg,,d20f4b501a56ff83b1d868b9f95de1a10a457e16102fe7087f849afdaa00f15a,healthy,,train,False,,pending,unknown,512
SAM3_auto,original,True,healthy:Healthy2806.jpg,512,2f5f24adbe7607eaa18defed,healthy_source,/content/drive/MyDrive/Healthy/Healthy2806.jpg,1,masks/leaf/2f5f24adbe7607eaa18defed.png,pending,nonempty,Healthy2806.jpg,,Healthy2806.jpg,,5978c4c171a7c071efeec7ced983f8aaad36d06471cba554c887185456c7ab60,healthy,,train,False,,pending,unknown,512
SAM3_auto,original,True,healthy:Healthy2807.jpg,512,743cfb748b9e64046ba086f0,healthy_source,/content/drive/MyDrive/Healthy/Healthy2807.jpg,1,masks/leaf/743cfb748b9e64046ba086f0.png,pending,nonempty,Healthy2807.jpg,,Healthy2807.jpg,,b0e5a10abebb46918c4c617f07655d8b0deac6f67e3643bf74c7bad4e4d52d9d,healthy,,train,False,,pending,unknown,512
SAM3_auto,original,True,healthy:Healthy2809.jpg,512,086dac6b70208312c902ef5c,healthy_source,/content/drive/MyDrive/Healthy/Healthy2809.jpg,1,masks/leaf/086dac6b70208312c902ef5c.png,pending,nonempty,Healthy2809.jpg,,Healthy2809.jpg,,219a0caf49a023ced33c84c60372f4a3b432c3b7464919813cc961f62c50deb0,healthy,,train,False,,pending,unknown,512
SAM3_auto,original,True,healthy:Healthy281.jpg,512,791d7b212f8534210ec49f36,healthy_source,/content/drive/MyDrive/Healthy/Healthy281.jpg,1,masks/leaf/791d7b212f8534210ec49f36.png,pending,nonempty,Healthy281.jpg,,Healthy281.jpg,,73bf116bb4a5bcd1a19ef7b15489cf59107ba5efbb752075053888caf31043bc,healthy,,train,False,,pending,unknown,512
SAM3_auto,original,True,healthy:Healthy2810.jpg,512,d099a908368ef8522dd8e7c4,healthy_source,/content/drive/MyDrive/Healthy/Healthy2810.jpg,1,masks/leaf/d099a908368ef8522dd8e7c4.png,pending,nonempty,Healthy2810.jpg,,Healthy2810.jpg,,9db79adea1d74bbdc4cc5a57eeb444bce1fcdd00fc17f8310b4b52cad5b20056,healthy,,train,False,,pending,unknown,512
SAM3_auto,original,True,healthy:Healthy2811.jpg,512,743c1ce11a6dddfee34d9629,healthy_source,/content/drive/MyDrive/Healthy/Healthy2811.jpg,1,masks/leaf/743c1ce11a6dddfee34d9629.png,pending,nonempty,Healthy2811.jpg,,Healthy2811.jpg,,3d2e91c5606b9218c0f6e433ff6152ea3f8f27b2ac3ef56d6e3741b461fe9b29,healthy,,train,False,,pending,unknown,512
SAM3_auto,original,True,healthy:Healthy2812.jpg,512,a115dc15e3cd9c284abc66b3,healthy_source,/content/drive/MyDrive/Healthy/Healthy2812.jpg,1,masks/leaf/a115dc15e3cd9c284abc66b3.png,pending,nonempty,Healthy2812.jpg,,Healthy2812.jpg,,3fe63cd4c60d7ff4ca245bf6918db5bf89222c387883b0270530c72d6b96630f,healthy,,train,False,,pending,unknown,512
SAM3_auto,original,True,healthy:Healthy2814.jpg,512,ae8f40badd6908246e4a5eb7,healthy_source,/content/drive/MyDrive/Healthy/Healthy2814.jpg,1,masks/leaf/ae8f40badd6908246e4a5eb7.png,pending,nonempty,Healthy2814.jpg,,Healthy2814.jpg,,b648576bee580e6b90fb35a380ac268a65a48c8d7d846ab866284df73663374a,healthy,,train,False,,pending,unknown,512
SAM3_auto,original,True,healthy:Healthy2816.jpg,512,51f0b699b8717a71548d3a70,healthy_source,/content/drive/MyDrive/Healthy/Healthy2816.jpg,1,masks/leaf/51f0b699b8717a71548d3a70.png,pending,nonempty,Healthy2816.jpg,,Healthy2816.jpg,,1a364c955f94b899ed3d2f1ebdc9eb082e784d9763fb741ceb3ac2a01ff127f3,healthy,,train,False,,pending,unknown,512
SAM3_auto,original,True,healthy:Healthy2817.jpg,512,a9d01d03fa9991c37d657a29,healthy_source,/content/drive/MyDrive/Healthy/Healthy2817.jpg,1,masks/leaf/a9d01d03fa9991c37d657a29.png,pending,nonempty,Healthy2817.jpg,,Healthy2817.jpg,,3163c17833197ea9c932491d20099a2a37604fb5f7a3d57704b7a970ccb84f14,healthy,,train,False,,pending,unknown,512
SAM3_auto,original,True,healthy:Healthy2818.jpg,512,a904885c46d812f4b12e0d4e,healthy_source,/content/drive/MyDrive/Healthy/Healthy2818.jpg,1,masks/leaf/a904885c46d812f4b12e0d4e.png,pending,nonempty,Healthy2818.jpg,,Healthy2818.jpg,,16ad667394d078dca26d3f70a27a417fbf5b0ca773fff22192cb8bddb5f086f4,healthy,,train,False,,pending,unknown,512
SAM3_auto,original,True,healthy:Healthy2819.jpg,512,7f1ee27795f9b707dad82004,healthy_source,/content/drive/MyDrive/Healthy/Healthy2819.jpg,1,masks/leaf/7f1ee27795f9b707dad82004.png,pending,nonempty,Healthy2819.jpg,,Healthy2819.jpg,,c2ca0a07c1d306daf392172dc9d10f944a85be58a2672fa5591e76c2d955f798,healthy,,train,False,,pending,unknown,512
SAM3_auto,original,True,healthy:Healthy282.jpg,512,6316f7840e70f3a6c9a48b50,healthy_source,/content/drive/MyDrive/Healthy/Healthy282.jpg,1,masks/leaf/6316f7840e70f3a6c9a48b50.png,pending,nonempty,Healthy282.jpg,,Healthy282.jpg,,5bda3117573982fbd54d1a5f7d19e8723bcadef8a42e8239c25bea079a3c2327,healthy,,train,False,,pending,unknown,512
SAM3_auto,original,True,healthy:Healthy2820.jpg,512,74c2c7218a9a9898139a455c,healthy_source,/content/drive/MyDrive/Healthy/Healthy2820.jpg,1,masks/leaf/74c2c7218a9a9898139a455c.png,pending,nonempty,Healthy2820.jpg,,Healthy2820.jpg,,ade7477ce2e525e2b6609c1cc008ef26e96453a04007bfd0f8e18b14a92be400,healthy,,train,False,,pending,unknown,512
SAM3_auto,original,True,healthy:Healthy2822.jpg,512,a386e2b74eb7936df1306cae,healthy_source,/content/drive/MyDrive/Healthy/Healthy2822.jpg,1,masks/leaf/a386e2b74eb7936df1306cae.png,pending,nonempty,Healthy2822.jpg,,Healthy2822.jpg,,f43317ad5a74aa398537324f4da4c55565de097808498bd7edf39673ad7c720b,healthy,,train,False,,pending,unknown,512
SAM3_auto,original,True,healthy:Healthy2823.jpg,512,41b909dee984d668fe88dca5,healthy_source,/content/drive/MyDrive/Healthy/Healthy2823.jpg,1,masks/leaf/41b909dee984d668fe88dca5.png,pending,nonempty,Healthy2823.jpg,,Healthy2823.jpg,,adc9912123826a6c75d6cad0b38051fe4f4b88ae9582cfa82db58b456d9449c0,healthy,,train,False,,pending,unknown,512
SAM3_auto,original,True,healthy:Healthy2824.jpg,512,962e340ae7ef584facbf80f8,healthy_source,/content/drive/MyDrive/Healthy/Healthy2824.jpg,1,masks/leaf/962e340ae7ef584facbf80f8.png,pending,nonempty,Healthy2824.jpg,,Healthy2824.jpg,,3d3633107dfa209fe6bef0112f6ee2074da375ac213d0a18393143b3b4017571,healthy,,train,False,,pending,unknown,512
SAM3_auto,original,True,healthy:Healthy2825.jpg,512,70bb5089e99d3a72871dd7d7,healthy_source,/content/drive/MyDrive/Healthy/Healthy2825.jpg,1,masks/leaf/70bb5089e99d3a72871dd7d7.png,pending,nonempty,Healthy2825.jpg,,Healthy2825.jpg,,e961dd09daee5138873a5c7884d9c78256d25c59f6717716a06f981b738a4cdd,healthy,,train,False,,pending,unknown,512
SAM3_auto,original,True,healthy:Healthy2827.jpg,512,4b96986b6e1393432fe94209,healthy_source,/content/drive/MyDrive/Healthy/Healthy2827.jpg,1,masks/leaf/4b96986b6e1393432fe94209.png,pending,nonempty,Healthy2827.jpg,,Healthy2827.jpg,,0923ae8fe6afdf0279b3710fca204f84724223693338807a046239ad74e16bb5,healthy,,train,False,,pending,unknown,512
SAM3_auto,original,True,healthy:Healthy2828.jpg,512,d8c070241e29beb07f1dbb5f,healthy_source,/content/drive/MyDrive/Healthy/Healthy2828.jpg,1,masks/leaf/d8c070241e29beb07f1dbb5f.png,pending,nonempty,Healthy2828.jpg,,Healthy2828.jpg,,07c51513bc9688f311dedd86ba2eb54a39f20aa56739896ac117d73767438c8f,healthy,,train,False,,pending,unknown,512
SAM3_auto,original,True,healthy:Healthy2829.jpg,512,a584bad12253a73603abae7f,healthy_source,/content/drive/MyDrive/Healthy/Healthy2829.jpg,1,masks/leaf/a584bad12253a73603abae7f.png,pending,nonempty,Healthy2829.jpg,,Healthy2829.jpg,,0a35a169facb2f1c2145afe3e001a545d6d841e16cb3a793bc82b5df26af2309,healthy,,train,False,,pending,unknown,512
SAM3_auto,original,True,healthy:Healthy283.jpg,512,6e619824132b78de86d13041,healthy_source,/content/drive/MyDrive/Healthy/Healthy283.jpg,3,masks/leaf/6e619824132b78de86d13041.png,pending,nonempty,Healthy283.jpg,,Healthy283.jpg,,2bfc1a0490d0699b204071309f2416dd5277cf7c5b331648c91700ba2029c332,healthy,,train,False,,pending,unknown,512
SAM3_auto,original,True,healthy:Healthy2831.jpg,512,9d42ff25ed5372b2445fbea0,healthy_source,/content/drive/MyDrive/Healthy/Healthy2831.jpg,1,masks/leaf/9d42ff25ed5372b2445fbea0.png,pending,nonempty,Healthy2831.jpg,,Healthy2831.jpg,,f47a8fe9e067cf4a1ad6e8ce3e40104af55aa4a064ee2ce7963b86543f78b217,healthy,,train,False,,pending,unknown,512
SAM3_auto,original,True,healthy:Healthy2832.jpg,512,d5cacd8058a4241266585e1c,healthy_source,/content/drive/MyDrive/Healthy/Healthy2832.jpg,1,masks/leaf/d5cacd8058a4241266585e1c.png,pending,nonempty,Healthy2832.jpg,,Healthy2832.jpg,,b75dcbc976dcd5f3f82261da95f9d49405402bff7f79a3db7bb863a3010330cb,healthy,,train,False,,pending,unknown,512
SAM3_auto,original,True,healthy:Healthy2833.jpg,512,9a2c2001796c7b0a3d93011f,healthy_source,/content/drive/MyDrive/Healthy/Healthy2833.jpg,1,masks/leaf/9a2c2001796c7b0a3d93011f.png,pending,nonempty,Healthy2833.jpg,,Healthy2833.jpg,,41bd46a58ece88898cac7d1d8a3b699d2e5bf489236012e9d193079790e0ad07,healthy,,train,False,,pending,unknown,512
SAM3_auto,original,True,healthy:Healthy2834.jpg,512,8522ad5130ea42f3897b28b4,healthy_source,/content/drive/MyDrive/Healthy/Healthy2834.jpg,1,masks/leaf/8522ad5130ea42f3897b28b4.png,pending,nonempty,Healthy2834.jpg,,Healthy2834.jpg,,939ead58e4ee296f3a134bcfd11bce00997e50d34d8bb211f266c202a14c3e38,healthy,,train,False,,pending,unknown,512
SAM3_auto,original,True,healthy:Healthy2835.jpg,512,2778d61b7b19c22274f86b88,healthy_source,/content/drive/MyDrive/Healthy/Healthy2835.jpg,5,masks/leaf/2778d61b7b19c22274f86b88.png,pending,nonempty,Healthy2835.jpg,,Healthy2835.jpg,,073a1b073ca98dfd0d5f958c2f0a3fa83d30c913624d30c92ccc921db5da040e,healthy,,train,False,,pending,unknown,512
SAM3_auto,original,True,healthy:Healthy2836.jpg,512,0f26a3168c04c1a36317f190,healthy_source,/content/drive/MyDrive/Healthy/Healthy2836.jpg,1,masks/leaf/0f26a3168c04c1a36317f190.png,pending,nonempty,Healthy2836.jpg,,Healthy2836.jpg,,36881974682720a4a044309c27d44e4daf18c4273691343fd448ac4810373be6,healthy,,train,False,,pending,unknown,512
SAM3_auto,original,True,healthy:Healthy2837.jpg,512,9fe6f412bb40f1589d7e9e5a,healthy_source,/content/drive/MyDrive/Healthy/Healthy2837.jpg,1,masks/leaf/9fe6f412bb40f1589d7e9e5a.png,pending,nonempty,Healthy2837.jpg,,Healthy2837.jpg,,9a8d3f2ba074851badff5e1c556982d918b37db8d9a6e54d27a14facc8d18265,healthy,,train,False,,pending,unknown,512
SAM3_auto,original,True,healthy:Healthy2839.jpg,512,a988abffa789a71875d0bf46,healthy_source,/content/drive/MyDrive/Healthy/Healthy2839.jpg,1,masks/leaf/a988abffa789a71875d0bf46.png,pending,nonempty,Healthy2839.jpg,,Healthy2839.jpg,,36111ec1fa51cfd9d3d4d5cd8a7423d18f172c836e32962a361f1e9786ca21f8,healthy,,train,False,,pending,unknown,512
SAM3_auto,original,True,healthy:Healthy284.jpg,512,be11641f70e2bb65452516be,healthy_source,/content/drive/MyDrive/Healthy/Healthy284.jpg,1,masks/leaf/be11641f70e2bb65452516be.png,pending,nonempty,Healthy284.jpg,,Healthy284.jpg,,7b6fd6b4a4d0e6767d9c0c114dc2d4f63ebccb09200fee729f96ed9f4bcfd2ae,healthy,,train,False,,pending,unknown,512
SAM3_auto,original,True,healthy:Healthy2840.jpg,512,ad87507f922853c7c30c8e6c,healthy_source,/content/drive/MyDrive/Healthy/Healthy2840.jpg,1,masks/leaf/ad87507f922853c7c30c8e6c.png,pending,nonempty,Healthy2840.jpg,,Healthy2840.jpg,,da23436bdf72337314f3353b86f84ff051148e3e35ce2559ce10056bddb16f1f,healthy,,train,False,,pending,unknown,512
SAM3_auto,original,True,healthy:Healthy2841.jpg,512,386b629b8d8c522e4e4963e7,healthy_source,/content/drive/MyDrive/Healthy/Healthy2841.jpg,1,masks/leaf/386b629b8d8c522e4e4963e7.png,pending,nonempty,Healthy2841.jpg,,Healthy2841.jpg,,99bd0d11e44c137baa9df7138af34c847095b8c5b5f190ea5c48d9804743d5c5,healthy,,train,False,,pending,unknown,512
SAM3_auto,original,True,healthy:Healthy2842.jpg,512,ae301a3561bbf56fe604ec2b,healthy_source,/content/drive/MyDrive/Healthy/Healthy2842.jpg,1,masks/leaf/ae301a3561bbf56fe604ec2b.png,pending,nonempty,Healthy2842.jpg,,Healthy2842.jpg,,dad57f610fd98cb2d9ec380656d9745402319163b914b9361c217cb6249f005d,healthy,,train,False,,pending,unknown,512
SAM3_auto,original,True,healthy:Healthy2845.jpg,512,216711d800871c644804f798,healthy_source,/content/drive/MyDrive/Healthy/Healthy2845.jpg,1,masks/leaf/216711d800871c644804f798.png,pending,nonempty,Healthy2845.jpg,,Healthy2845.jpg,,84d58dfb70d0e6c651bb4e9d2c825c9e147dfba60ba93dc141087cb79c281725,healthy,,train,False,,pending,unknown,512
SAM3_auto,original,True,healthy:Healthy2846.jpg,512,9c50c6e9e33a2ec0b1122e8f,healthy_source,/content/drive/MyDrive/Healthy/Healthy2846.jpg,1,masks/leaf/9c50c6e9e33a2ec0b1122e8f.png,pending,nonempty,Healthy2846.jpg,,Healthy2846.jpg,,995854714f9ee1250b0f2c175db43b6b45e1383c459eccec22f27883e14640aa,healthy,,train,False,,pending,unknown,512
SAM3_auto,original,True,healthy:Healthy2847.jpg,512,e4e284144066896b350ce286,healthy_source,/content/drive/MyDrive/Healthy/Healthy2847.jpg,1,masks/leaf/e4e284144066896b350ce286.png,pending,nonempty,Healthy2847.jpg,,Healthy2847.jpg,,99557156cde051361e1f802d7eabbe3dabb97b6157e02e6beaae477b9fd9745a,healthy,,train,False,,pending,unknown,512
SAM3_auto,original,True,healthy:Healthy2849.jpg,512,2d500199e04e59c2ffa29447,healthy_source,/content/drive/MyDrive/Healthy/Healthy2849.jpg,1,masks/leaf/2d500199e04e59c2ffa29447.png,pending,nonempty,Healthy2849.jpg,,Healthy2849.jpg,,a11eaac682a1f3449596741b683a20cac721daa63e9f68f4710947c3b587c137,healthy,,train,False,,pending,unknown,512
SAM3_auto,original,True,healthy:Healthy285.jpg,512,d13f0ee7a0b83d0fc7decd28,healthy_source,/content/drive/MyDrive/Healthy/Healthy285.jpg,1,masks/leaf/d13f0ee7a0b83d0fc7decd28.png,pending,nonempty,Healthy285.jpg,,Healthy285.jpg,,5559bf6cfede2226bcdd0079bd616916a16ff2a918e856b0b951881b7a0fb580,healthy,,train,False,,pending,unknown,512
SAM3_auto,original,True,healthy:Healthy2851.jpg,512,22d7f56e8115f262f29c539a,healthy_source,/content/drive/MyDrive/Healthy/Healthy2851.jpg,1,masks/leaf/22d7f56e8115f262f29c539a.png,pending,nonempty,Healthy2851.jpg,,Healthy2851.jpg,,37ff61fb42fde07dde93088c74ae6686e1ac2de8cdfa2854fb169755211f4893,healthy,,train,False,,pending,unknown,512
SAM3_auto,original,True,healthy:Healthy2852.jpg,512,8e377ab7a617f8132a3cf06d,healthy_source,/content/drive/MyDrive/Healthy/Healthy2852.jpg,1,masks/leaf/8e377ab7a617f8132a3cf06d.png,pending,nonempty,Healthy2852.jpg,,Healthy2852.jpg,,87511ec62990c7e0b29ad57ff468ac8fda849e470d9d0c73471dc41e1877ca06,healthy,,train,False,,pending,unknown,512
SAM3_auto,original,True,healthy:Healthy2855.jpg,512,78ca8de3b7aaca0a012de0a8,healthy_source,/content/drive/MyDrive/Healthy/Healthy2855.jpg,1,masks/leaf/78ca8de3b7aaca0a012de0a8.png,pending,nonempty,Healthy2855.jpg,,Healthy2855.jpg,,97b50eb54e130d3f8e2322c37bd2ffe661e0113bb85fbc846d01598874f729d6,healthy,,train,False,,pending,unknown,512
SAM3_auto,original,True,healthy:Healthy2856.jpg,512,dfdac13691ab08cbdb73a022,healthy_source,/content/drive/MyDrive/Healthy/Healthy2856.jpg,1,masks/leaf/dfdac13691ab08cbdb73a022.png,pending,nonempty,Healthy2856.jpg,,Healthy2856.jpg,,6c15cd4e2ab74d78162424a796269de63bb1650fa0de1af6dd2bfc879ff029f2,healthy,,train,False,,pending,unknown,512
SAM3_auto,original,True,healthy:Healthy2858.jpg,512,0377152213887fdbf05caecd,healthy_source,/content/drive/MyDrive/Healthy/Healthy2858.jpg,1,masks/leaf/0377152213887fdbf05caecd.png,pending,nonempty,Healthy2858.jpg,,Healthy2858.jpg,,54e8b54cf8fd2ecaf8dee74480ff70a7aa7b69dfa8e9e8585bba99fb635a7af6,healthy,,train,False,,pending,unknown,512
SAM3_auto,original,True,healthy:Healthy2859.jpg,512,b7c574d4fc757d85334fd94c,healthy_source,/content/drive/MyDrive/Healthy/Healthy2859.jpg,1,masks/leaf/b7c574d4fc757d85334fd94c.png,pending,nonempty,Healthy2859.jpg,,Healthy2859.jpg,,4159646acd54d14839a06d64fc0239950b7d6cee7be69b1602a29c5f13c354c8,healthy,,train,False,,pending,unknown,512
SAM3_auto,original,True,healthy:Healthy2860.jpg,512,860c2b0eb8f837723dbe895c,healthy_source,/content/drive/MyDrive/Healthy/Healthy2860.jpg,1,masks/leaf/860c2b0eb8f837723dbe895c.png,pending,nonempty,Healthy2860.jpg,,Healthy2860.jpg,,d03f943bee34c3adfc3f0928444a586f6efb787b17aa04d665c48c32f99319a7,healthy,,train,False,,pending,unknown,512
SAM3_auto,original,True,healthy:Healthy2862.jpg,512,bdc47703780554cf720883c8,healthy_source,/content/drive/MyDrive/Healthy/Healthy2862.jpg,1,masks/leaf/bdc47703780554cf720883c8.png,pending,nonempty,Healthy2862.jpg,,Healthy2862.jpg,,8e8b9d105765e9c120d3526f7bdb030de52174a7f2301514085c1d7490c0cafb,healthy,,train,False,,pending,unknown,512
SAM3_auto,original,True,healthy:Healthy2865.jpg,512,3c05e74ce7256f2f32830f94,healthy_source,/content/drive/MyDrive/Healthy/Healthy2865.jpg,1,masks/leaf/3c05e74ce7256f2f32830f94.png,pending,nonempty,Healthy2865.jpg,,Healthy2865.jpg,,cda7db3261a2c222316bfbd80ecc97b961c4cd97babf4bc0c79f14dac3488d13,healthy,,train,False,,pending,unknown,512
SAM3_auto,original,True,healthy:Healthy2866.jpg,512,aa6306ccc084e11c639b4182,healthy_source,/content/drive/MyDrive/Healthy/Healthy2866.jpg,1,masks/leaf/aa6306ccc084e11c639b4182.png,pending,nonempty,Healthy2866.jpg,,Healthy2866.jpg,,d3990c06d2233aa9595e0b9696ce681c71d62691186db3e0bf862018ec3c371d,healthy,,train,False,,pending,unknown,512
SAM3_auto,original,True,healthy:Healthy2867.jpg,512,ed4751e5a4a1495f2cb641b6,healthy_source,/content/drive/MyDrive/Healthy/Healthy2867.jpg,1,masks/leaf/ed4751e5a4a1495f2cb641b6.png,pending,nonempty,Healthy2867.jpg,,Healthy2867.jpg,,80d547336fa1633825482f267956d89f8fd8ec8516a5fab74710d5077f4b46cd,healthy,,train,False,,pending,unknown,512
SAM3_auto,original,True,healthy:Healthy2868.jpg,512,a6b0d4b5d205c8de96a04ee4,healthy_source,/content/drive/MyDrive/Healthy/Healthy2868.jpg,1,masks/leaf/a6b0d4b5d205c8de96a04ee4.png,pending,nonempty,Healthy2868.jpg,,Healthy2868.jpg,,212eb42076058008f44a9da4edc0dbc4ebd123dad7f8238077fa098f45f90cc5,healthy,,train,False,,pending,unknown,512
SAM3_auto,original,True,healthy:Healthy2873.jpg,512,5cb498a81f3a4613e92e2630,healthy_source,/content/drive/MyDrive/Healthy/Healthy2873.jpg,1,masks/leaf/5cb498a81f3a4613e92e2630.png,pending,nonempty,Healthy2873.jpg,,Healthy2873.jpg,,48d5fdb8c1885bbb565e319b98a0fbb817ea7cefcc9490bb24534bb0581ce87d,healthy,,train,False,,pending,unknown,512
SAM3_auto,original,True,healthy:Healthy2874.jpg,512,735dc664205345794002bbaf,healthy_source,/content/drive/MyDrive/Healthy/Healthy2874.jpg,1,masks/leaf/735dc664205345794002bbaf.png,pending,nonempty,Healthy2874.jpg,,Healthy2874.jpg,,cc012144197824477e0e268b6596860190edc647dc07d413e2264ebc206bf098,healthy,,train,False,,pending,unknown,512
SAM3_auto,original,True,healthy:Healthy2875.jpg,512,642f2a5f0eea966705b7d3be,healthy_source,/content/drive/MyDrive/Healthy/Healthy2875.jpg,1,masks/leaf/642f2a5f0eea966705b7d3be.png,pending,nonempty,Healthy2875.jpg,,Healthy2875.jpg,,a1feac16089bdd108029452f5b35e9cd3b7bbf41554909c97517c967dd4ea828,healthy,,train,False,,pending,unknown,512
SAM3_auto,original,True,healthy:Healthy2876.jpg,512,a5ac49704cc4714f8acf2fd4,healthy_source,/content/drive/MyDrive/Healthy/Healthy2876.jpg,1,masks/leaf/a5ac49704cc4714f8acf2fd4.png,pending,nonempty,Healthy2876.jpg,,Healthy2876.jpg,,5b694c782faa10ab2f8b37528481c1e1e08102754f0b0a8d4c75b78a1ee8ba14,healthy,,train,False,,pending,unknown,512
SAM3_auto,original,True,healthy:Healthy2879.jpg,512,b8b1c18f3cf70fa4b970a870,healthy_source,/content/drive/MyDrive/Healthy/Healthy2879.jpg,1,masks/leaf/b8b1c18f3cf70fa4b970a870.png,pending,nonempty,Healthy2879.jpg,,Healthy2879.jpg,,8ef8281ae447e5d7e535d8ab5d696ef2afc5ef3de84eea1cb441ebd2367ad18d,healthy,,train,False,,pending,unknown,512
SAM3_auto,original,True,healthy:Healthy2880.jpg,512,9bcc3402b74f854a406830d1,healthy_source,/content/drive/MyDrive/Healthy/Healthy2880.jpg,1,masks/leaf/9bcc3402b74f854a406830d1.png,pending,nonempty,Healthy2880.jpg,,Healthy2880.jpg,,fbf643edcd5f862841baabb9f24d5cabec1298ac76603419baf40b0ac41bf317,healthy,,train,False,,pending,unknown,512
SAM3_auto,original,True,healthy:Healthy2881.jpg,512,d9264b3363d49983ef111748,healthy_source,/content/drive/MyDrive/Healthy/Healthy2881.jpg,1,masks/leaf/d9264b3363d49983ef111748.png,pending,nonempty,Healthy2881.jpg,,Healthy2881.jpg,,8090332cf64682c7d65d4fc3a20fcd72bc2fe41232f5d30d2a81b6aefdcab5e5,healthy,,train,False,,pending,unknown,512
SAM3_auto,original,True,healthy:Healthy2882.jpg,512,ce046a0760a9c33418f2fcd0,healthy_source,/content/drive/MyDrive/Healthy/Healthy2882.jpg,1,masks/leaf/ce046a0760a9c33418f2fcd0.png,pending,nonempty,Healthy2882.jpg,,Healthy2882.jpg,,a99777bd7ebdff5a4c692973650b3f1a47fa27ef68b2738bbb77c162716be4c6,healthy,,train,False,,pending,unknown,512
SAM3_auto,original,True,healthy:Healthy2883.jpg,512,0ae1654b4e8937d808a6ea4a,healthy_source,/content/drive/MyDrive/Healthy/Healthy2883.jpg,1,masks/leaf/0ae1654b4e8937d808a6ea4a.png,pending,nonempty,Healthy2883.jpg,,Healthy2883.jpg,,9d124c564e1ab957d4862d85fd28d804d8b557dfadcb813efd976f5900355ce6,healthy,,train,False,,pending,unknown,512
SAM3_auto,original,True,healthy:Healthy2884.jpg,512,e5d52a8c63d2873cfac33fc2,healthy_source,/content/drive/MyDrive/Healthy/Healthy2884.jpg,2,masks/leaf/e5d52a8c63d2873cfac33fc2.png,pending,nonempty,Healthy2884.jpg,,Healthy2884.jpg,,f431221d7160bca761dfe5479a7c45c9af200ca82e9f4cac1b1cde79dc05d30c,healthy,,train,False,,pending,unknown,512
SAM3_auto,original,True,healthy:Healthy2885.jpg,512,2174339fb37f72bc652b6ecc,healthy_source,/content/drive/MyDrive/Healthy/Healthy2885.jpg,1,masks/leaf/2174339fb37f72bc652b6ecc.png,pending,nonempty,Healthy2885.jpg,,Healthy2885.jpg,,75abaa6d1716b9b53f4e6b5df46e822a4ea280f736879ebb5e0106eb610636e1,healthy,,train,False,,pending,unknown,512
SAM3_auto,original,True,healthy:Healthy2886.jpg,512,e4bf9b4af28e64599bd0a72f,healthy_source,/content/drive/MyDrive/Healthy/Healthy2886.jpg,1,masks/leaf/e4bf9b4af28e64599bd0a72f.png,pending,nonempty,Healthy2886.jpg,,Healthy2886.jpg,,5c382403cfa62423f572da6948e8a64af9cf0fa7d9112abbe909d22ebd0862e2,healthy,,train,False,,pending,unknown,512
SAM3_auto,original,True,healthy:Healthy2887.jpg,512,221a27b6bdb5abcd7c5e281b,healthy_source,/content/drive/MyDrive/Healthy/Healthy2887.jpg,1,masks/leaf/221a27b6bdb5abcd7c5e281b.png,pending,nonempty,Healthy2887.jpg,,Healthy2887.jpg,,a7e8c91c671bdbd91d40089b470fd48b4e29707ac82e1c65135b429e62deb40d,healthy,,train,False,,pending,unknown,512
SAM3_auto,original,True,healthy:Healthy2888.jpg,512,42974dac640c5a68d93aba21,healthy_source,/content/drive/MyDrive/Healthy/Healthy2888.jpg,1,masks/leaf/42974dac640c5a68d93aba21.png,pending,nonempty,Healthy2888.jpg,,Healthy2888.jpg,,cd633f5082c78a4caef79ac5209d26786d415df5e6722710c8140924b35ee071,healthy,,train,False,,pending,unknown,512
SAM3_auto,original,True,healthy:Healthy2889.jpg,512,b9d91a4932b03d2e2e60234d,healthy_source,/content/drive/MyDrive/Healthy/Healthy2889.jpg,1,masks/leaf/b9d91a4932b03d2e2e60234d.png,pending,nonempty,Healthy2889.jpg,,Healthy2889.jpg,,c6078aa331b07fecd980d92a30431c4643424e894a1cd666ec36941a05533c33,healthy,,train,False,,pending,unknown,512
SAM3_auto,original,True,healthy:Healthy289.jpg,512,1ca7091753b0fbbf77dc828f,healthy_source,/content/drive/MyDrive/Healthy/Healthy289.jpg,1,masks/leaf/1ca7091753b0fbbf77dc828f.png,pending,nonempty,Healthy289.jpg,,Healthy289.jpg,,4c4a2d042b728b313f58a32b1bf58a9f0ebbe781305a565a67ffbe1b252cc766,healthy,,train,False,,pending,unknown,512
SAM3_auto,original,True,healthy:Healthy2890.jpg,512,847d581e663abfe34f106794,healthy_source,/content/drive/MyDrive/Healthy/Healthy2890.jpg,1,masks/leaf/847d581e663abfe34f106794.png,pending,nonempty,Healthy2890.jpg,,Healthy2890.jpg,,bea50facc09f07d0e3b032dd0b53f0f8084ab631ac2ee8862e2f1db710472ca7,healthy,,train,False,,pending,unknown,512
SAM3_auto,original,True,healthy:Healthy2891.jpg,512,abc151c0ef75076a3be6d2f4,healthy_source,/content/drive/MyDrive/Healthy/Healthy2891.jpg,11,masks/leaf/abc151c0ef75076a3be6d2f4.png,pending,nonempty,Healthy2891.jpg,,Healthy2891.jpg,,78fbf2e9cc6f5d532fb22d081ec19c8063dd3544e2290d9a524359965bf304d8,healthy,,train,False,,pending,unknown,512
SAM3_auto,original,True,healthy:Healthy2892.jpg,512,623d3f25382ce691a06af6c9,healthy_source,/content/drive/MyDrive/Healthy/Healthy2892.jpg,1,masks/leaf/623d3f25382ce691a06af6c9.png,pending,nonempty,Healthy2892.jpg,,Healthy2892.jpg,,ed3480d21944560ee1ed48f95380839be0fd85b4428b216a5d8e78b786c7e8fd,healthy,,train,False,,pending,unknown,512
SAM3_auto,original,True,healthy:Healthy2893.jpg,512,065134dbe81d2857437d0b63,healthy_source,/content/drive/MyDrive/Healthy/Healthy2893.jpg,1,masks/leaf/065134dbe81d2857437d0b63.png,pending,nonempty,Healthy2893.jpg,,Healthy2893.jpg,,8d8a4f7f1a26d6a5cdd3f39309ab2bdd06d17aa536498b6119b7eb0a0ced7c05,healthy,,train,False,,pending,unknown,512
SAM3_auto,original,True,healthy:Healthy2896.jpg,512,bf6bd9b7f441e76b5a132166,healthy_source,/content/drive/MyDrive/Healthy/Healthy2896.jpg,1,masks/leaf/bf6bd9b7f441e76b5a132166.png,pending,nonempty,Healthy2896.jpg,,Healthy2896.jpg,,94b22d0aeeeb5dcfab59aeaebae8f97c931eea02a65941c514cfd155de089c97,healthy,,train,False,,pending,unknown,512
SAM3_auto,original,True,healthy:Healthy2898.jpg,512,724362641e67ded7acd999bd,healthy_source,/content/drive/MyDrive/Healthy/Healthy2898.jpg,1,masks/leaf/724362641e67ded7acd999bd.png,pending,nonempty,Healthy2898.jpg,,Healthy2898.jpg,,829145766a7f0c41e5173972c2a9d5b2f542df51d7e2946374195beb3275d62e,healthy,,train,False,,pending,unknown,512
SAM3_auto,original,True,healthy:Healthy2899.jpg,512,3d17dc36f71f69acfc52ab7b,healthy_source,/content/drive/MyDrive/Healthy/Healthy2899.jpg,1,masks/leaf/3d17dc36f71f69acfc52ab7b.png,pending,nonempty,Healthy2899.jpg,,Healthy2899.jpg,,46b73affac43f9897f394b86757f7f99c5fe282da5dd33d2d3d4721fc63d4862,healthy,,train,False,,pending,unknown,512
SAM3_auto,original,True,healthy:Healthy290.jpg,512,d8f9e9d8055cc5db898021e7,healthy_source,/content/drive/MyDrive/Healthy/Healthy290.jpg,1,masks/leaf/d8f9e9d8055cc5db898021e7.png,pending,nonempty,Healthy290.jpg,,Healthy290.jpg,,22d34c0a0b89e7d682e509c9832bb35af2f87c1ac2e4f881688887b9e85c3bad,healthy,,train,False,,pending,unknown,512
SAM3_auto,original,True,healthy:Healthy2900.jpg,512,aa2f0e6ddef850197ee6e5a3,healthy_source,/content/drive/MyDrive/Healthy/Healthy2900.jpg,1,masks/leaf/aa2f0e6ddef850197ee6e5a3.png,pending,nonempty,Healthy2900.jpg,,Healthy2900.jpg,,7cbae573388d4bf6e79873a754ad86e04aa9ce0ff147f032f20266a3c2792ef7,healthy,,train,False,,pending,unknown,512
SAM3_auto,original,True,healthy:Healthy2902.jpg,512,616863bb6698b06f5930fbca,healthy_source,/content/drive/MyDrive/Healthy/Healthy2902.jpg,28,masks/leaf/616863bb6698b06f5930fbca.png,pending,nonempty,Healthy2902.jpg,,Healthy2902.jpg,,c08b0dc5207a8bb3db591f6f3b14ebd4a47bffb27f9ebf430c856200e346d799,healthy,,train,False,,pending,unknown,512
SAM3_auto,original,True,healthy:Healthy2904.jpg,512,2b47820642a27530054762aa,healthy_source,/content/drive/MyDrive/Healthy/Healthy2904.jpg,1,masks/leaf/2b47820642a27530054762aa.png,pending,nonempty,Healthy2904.jpg,,Healthy2904.jpg,,01fe001dac111e0f07ebf13b58c468a5092b528e4fe7372a29685d8bf8571b28,healthy,,train,False,,pending,unknown,512
SAM3_auto,original,True,healthy:Healthy2906.jpg,512,a914f10cb29e83b9a499e7bb,healthy_source,/content/drive/MyDrive/Healthy/Healthy2906.jpg,1,masks/leaf/a914f10cb29e83b9a499e7bb.png,pending,nonempty,Healthy2906.jpg,,Healthy2906.jpg,,b02cd219686cd9be82f80928e89663a702121f5a2d81988ef60063617a6350d1,healthy,,train,False,,pending,unknown,512
SAM3_auto,original,True,healthy:Healthy2907.jpg,512,bc526b4f7e90015a6777bc86,healthy_source,/content/drive/MyDrive/Healthy/Healthy2907.jpg,2,masks/leaf/bc526b4f7e90015a6777bc86.png,pending,nonempty,Healthy2907.jpg,,Healthy2907.jpg,,f6bf147e386cfef9985b345362046116d8cd13cbc72b43e94e590549d802dcd3,healthy,,train,False,,pending,unknown,512
SAM3_auto,original,True,healthy:Healthy2908.jpg,512,530c1f912a336a74270ea4e9,healthy_source,/content/drive/MyDrive/Healthy/Healthy2908.jpg,1,masks/leaf/530c1f912a336a74270ea4e9.png,pending,nonempty,Healthy2908.jpg,,Healthy2908.jpg,,b739bb3bb23d764d32be92c8c038b0cd51b38588701add9bb26edaabcf74b4c3,healthy,,train,False,,pending,unknown,512
SAM3_auto,original,True,healthy:Healthy2909.jpg,512,e53972fceb66b933de2013a3,healthy_source,/content/drive/MyDrive/Healthy/Healthy2909.jpg,1,masks/leaf/e53972fceb66b933de2013a3.png,pending,nonempty,Healthy2909.jpg,,Healthy2909.jpg,,af302ad7b4f081f1aa04ea3daa58409a1b0ab7f52567865e907b68e736944e52,healthy,,train,False,,pending,unknown,512
SAM3_auto,original,True,healthy:Healthy291.jpg,512,5d2578082bcca763c70ba502,healthy_source,/content/drive/MyDrive/Healthy/Healthy291.jpg,1,masks/leaf/5d2578082bcca763c70ba502.png,pending,nonempty,Healthy291.jpg,,Healthy291.jpg,,9aaf370ee485a972af1164b5e8863f04b14937a5db081eda42b9023a02dabce5,healthy,,train,False,,pending,unknown,512
SAM3_auto,original,True,healthy:Healthy2910.jpg,512,53947eaedffe0d06666a2b72,healthy_source,/content/drive/MyDrive/Healthy/Healthy2910.jpg,1,masks/leaf/53947eaedffe0d06666a2b72.png,pending,nonempty,Healthy2910.jpg,,Healthy2910.jpg,,6fbf226e949a66f466a81fb42432e7d4eff37230f04aba206f56f8652981e641,healthy,,train,False,,pending,unknown,512
SAM3_auto,original,True,healthy:Healthy2915.jpg,512,c5331e0c8410d284a06de880,healthy_source,/content/drive/MyDrive/Healthy/Healthy2915.jpg,1,masks/leaf/c5331e0c8410d284a06de880.png,pending,nonempty,Healthy2915.jpg,,Healthy2915.jpg,,dac82d65699639f39b6bfc551c1335f8622f68f64c80d53c841e6274aea1d813,healthy,,train,False,,pending,unknown,512
SAM3_auto,original,True,healthy:Healthy2916.jpg,512,649e12b196bcfab325ca2818,healthy_source,/content/drive/MyDrive/Healthy/Healthy2916.jpg,1,masks/leaf/649e12b196bcfab325ca2818.png,pending,nonempty,Healthy2916.jpg,,Healthy2916.jpg,,2b42d4a9c579a2ca546d7a5290698181f4ad0a5af894900c6dc25a2ff8579e29,healthy,,train,False,,pending,unknown,512
SAM3_auto,original,True,healthy:Healthy2917.jpg,512,e401075e7c218dd964c6dc9c,healthy_source,/content/drive/MyDrive/Healthy/Healthy2917.jpg,1,masks/leaf/e401075e7c218dd964c6dc9c.png,pending,nonempty,Healthy2917.jpg,,Healthy2917.jpg,,eb872db3603d61cbbb4cad07da536d564dfadf4c074f53abffcc59ac04521f82,healthy,,train,False,,pending,unknown,512
SAM3_auto,original,True,healthy:Healthy2918.jpg,512,a96f2d430a516973698d76cb,healthy_source,/content/drive/MyDrive/Healthy/Healthy2918.jpg,1,masks/leaf/a96f2d430a516973698d76cb.png,pending,nonempty,Healthy2918.jpg,,Healthy2918.jpg,,5d0c7643ecfe8a3ef78e36c4cbbf103c4f4be76437b7c68fc2deae342c12d36c,healthy,,train,False,,pending,unknown,512
SAM3_auto,original,True,healthy:Healthy292.jpg,512,a7585d910be84c5dbf79d8a0,healthy_source,/content/drive/MyDrive/Healthy/Healthy292.jpg,1,masks/leaf/a7585d910be84c5dbf79d8a0.png,pending,nonempty,Healthy292.jpg,,Healthy292.jpg,,8804a90789560deb8c896ecf1e450851ce9f6786911485e18e6ae28251f7ac55,healthy,,train,False,,pending,unknown,512
SAM3_auto,original,True,healthy:Healthy2920.jpg,512,597729a6093420d19a778a1c,healthy_source,/content/drive/MyDrive/Healthy/Healthy2920.jpg,1,masks/leaf/597729a6093420d19a778a1c.png,pending,nonempty,Healthy2920.jpg,,Healthy2920.jpg,,5f6df0d875bc77645ec262d9205143b8b09acc4ae495f4b302d478686a46bac9,healthy,,train,False,,pending,unknown,512
SAM3_auto,original,True,healthy:Healthy2921.jpg,512,50c379573e6900b2fafd8498,healthy_source,/content/drive/MyDrive/Healthy/Healthy2921.jpg,1,masks/leaf/50c379573e6900b2fafd8498.png,pending,nonempty,Healthy2921.jpg,,Healthy2921.jpg,,bbe2ad5e4f120bdd092b1b30b81c54f4d8df3d5ccaa4a0e0f401f227dbb158ec,healthy,,train,False,,pending,unknown,512
SAM3_auto,original,True,healthy:Healthy2923.jpg,512,8aa72f8d39637a5aa63bcd59,healthy_source,/content/drive/MyDrive/Healthy/Healthy2923.jpg,1,masks/leaf/8aa72f8d39637a5aa63bcd59.png,pending,nonempty,Healthy2923.jpg,,Healthy2923.jpg,,b5c12019478ab10b7b42a4ba7b8df8cd4133ac9d1c282403fff85a930c42a414,healthy,,train,False,,pending,unknown,512
SAM3_auto,original,True,healthy:Healthy2924.jpg,512,ca8d58c93ddaa83e39dbd07c,healthy_source,/content/drive/MyDrive/Healthy/Healthy2924.jpg,1,masks/leaf/ca8d58c93ddaa83e39dbd07c.png,pending,nonempty,Healthy2924.jpg,,Healthy2924.jpg,,67e296825488199c9e40da4ce2cca59c5e085816b3ca44d2abee7740f750c31d,healthy,,train,False,,pending,unknown,512
SAM3_auto,original,True,healthy:Healthy2925.jpg,512,6802f34ce43278e44f4fe895,healthy_source,/content/drive/MyDrive/Healthy/Healthy2925.jpg,1,masks/leaf/6802f34ce43278e44f4fe895.png,pending,nonempty,Healthy2925.jpg,,Healthy2925.jpg,,51ad58d94620419abbe5c881da90ea35dcc64ef980be8ae25fd8aea3044da549,healthy,,train,False,,pending,unknown,512
SAM3_auto,original,True,healthy:Healthy2926.jpg,512,8b75f03d064e8925ac320ba6,healthy_source,/content/drive/MyDrive/Healthy/Healthy2926.jpg,1,masks/leaf/8b75f03d064e8925ac320ba6.png,pending,nonempty,Healthy2926.jpg,,Healthy2926.jpg,,3d271df135fbd7f0cb683bd2ba6e02b884e77ced8a3097351dc5bf051bf00e09,healthy,,train,False,,pending,unknown,512
SAM3_auto,original,True,healthy:Healthy2928.jpg,512,6e059a19d840b39ecd91aed3,healthy_source,/content/drive/MyDrive/Healthy/Healthy2928.jpg,1,masks/leaf/6e059a19d840b39ecd91aed3.png,pending,nonempty,Healthy2928.jpg,,Healthy2928.jpg,,dac64d9f9a7b34358e4ae6551da93376b1bc8bec4f2eae5daeac9ee5c35344d9,healthy,,train,False,,pending,unknown,512
SAM3_auto,original,True,healthy:Healthy293.jpg,512,9ce3c65c2453126109d1628c,healthy_source,/content/drive/MyDrive/Healthy/Healthy293.jpg,1,masks/leaf/9ce3c65c2453126109d1628c.png,pending,nonempty,Healthy293.jpg,,Healthy293.jpg,,a318c0658ef519bd2d96ea0e2f939d2cb7b7109adffc3ef55238ae7db4781399,healthy,,train,False,,pending,unknown,512
SAM3_auto,original,True,healthy:Healthy2930.jpg,512,ea63d7fe07909bd79348ec1e,healthy_source,/content/drive/MyDrive/Healthy/Healthy2930.jpg,1,masks/leaf/ea63d7fe07909bd79348ec1e.png,pending,nonempty,Healthy2930.jpg,,Healthy2930.jpg,,757632a3fdf7caa14fd1c304cd9be7bab0155ece5a3fbebc7ce9bc6fb4f9eaef,healthy,,train,False,,pending,unknown,512
SAM3_auto,original,True,healthy:Healthy2934.jpg,512,0a3a8a4bc6ab4ca290ef4e5a,healthy_source,/content/drive/MyDrive/Healthy/Healthy2934.jpg,1,masks/leaf/0a3a8a4bc6ab4ca290ef4e5a.png,pending,nonempty,Healthy2934.jpg,,Healthy2934.jpg,,1fd4dd5f8d0883b66de7667581eab94bf8ce19e6cd0406c9b38778d25d348ef8,healthy,,train,False,,pending,unknown,512
SAM3_auto,original,True,healthy:Healthy2935.jpg,512,45e8ae8ded2cbe75be78cd48,healthy_source,/content/drive/MyDrive/Healthy/Healthy2935.jpg,8,masks/leaf/45e8ae8ded2cbe75be78cd48.png,pending,nonempty,Healthy2935.jpg,,Healthy2935.jpg,,446cf384362b3b0d7002aa6f96975beb5b2bec3fb8ae9d76c0a5a779f018ee6d,healthy,,train,False,,pending,unknown,512
SAM3_auto,original,True,healthy:Healthy2936.jpg,512,37fcae540e53c25e8965b9e7,healthy_source,/content/drive/MyDrive/Healthy/Healthy2936.jpg,1,masks/leaf/37fcae540e53c25e8965b9e7.png,pending,nonempty,Healthy2936.jpg,,Healthy2936.jpg,,12d01a4a4f1a9463770114008a3436d7e55163537921cfa4810db2d76f4f94b5,healthy,,train,False,,pending,unknown,512
SAM3_auto,original,True,healthy:Healthy2938.jpg,512,04d59953f01bab2f756001ff,healthy_source,/content/drive/MyDrive/Healthy/Healthy2938.jpg,1,masks/leaf/04d59953f01bab2f756001ff.png,pending,nonempty,Healthy2938.jpg,,Healthy2938.jpg,,89a7293410d6dca81b3e4a80fd1ffc9e28b6ba62ec808c6a19373bd2062f62c5,healthy,,train,False,,pending,unknown,512
SAM3_auto,original,True,healthy:Healthy2939.jpg,512,0fdaad320a8b860f01270e13,healthy_source,/content/drive/MyDrive/Healthy/Healthy2939.jpg,1,masks/leaf/0fdaad320a8b860f01270e13.png,pending,nonempty,Healthy2939.jpg,,Healthy2939.jpg,,1ca09536a84e56d64632b33f5f8bd56eabb4bcfbddb4f763ecf78d64c17e9eb3,healthy,,train,False,,pending,unknown,512
SAM3_auto,original,True,healthy:Healthy2940.jpg,512,7726a20c9c7a82150c32d9b9,healthy_source,/content/drive/MyDrive/Healthy/Healthy2940.jpg,1,masks/leaf/7726a20c9c7a82150c32d9b9.png,pending,nonempty,Healthy2940.jpg,,Healthy2940.jpg,,fb5f9821f8ff51d1a1364ad656248e1fa7c4b198c7f5628eccc7bf0a26c956d8,healthy,,train,False,,pending,unknown,512
SAM3_auto,original,True,healthy:Healthy2943.jpg,512,addc88e1b73e749a5f728adb,healthy_source,/content/drive/MyDrive/Healthy/Healthy2943.jpg,1,masks/leaf/addc88e1b73e749a5f728adb.png,pending,nonempty,Healthy2943.jpg,,Healthy2943.jpg,,294334f47d2a86b5504bd84dc3569a3b2254e2f7b3eedd8f491f10b00a4454e4,healthy,,train,False,,pending,unknown,512
SAM3_auto,original,True,healthy:Healthy2945.jpg,512,ee4e74e4face6742e8257e15,healthy_source,/content/drive/MyDrive/Healthy/Healthy2945.jpg,1,masks/leaf/ee4e74e4face6742e8257e15.png,pending,nonempty,Healthy2945.jpg,,Healthy2945.jpg,,5ffb93bff7741e8a15473a67216c327a5d62c587c7d0fda1dee23134a40f4c4f,healthy,,train,False,,pending,unknown,512
SAM3_auto,original,True,healthy:Healthy2948.jpg,512,0aeb054c1288562fa10867ce,healthy_source,/content/drive/MyDrive/Healthy/Healthy2948.jpg,1,masks/leaf/0aeb054c1288562fa10867ce.png,pending,nonempty,Healthy2948.jpg,,Healthy2948.jpg,,a59c1fe85cf7aaa99b318847a0719864ec347f7dcf2365451ffbaeddb550ee1e,healthy,,train,False,,pending,unknown,512
SAM3_auto,original,True,healthy:Healthy2950.jpg,512,4b235276ba4566bb8e82dc2a,healthy_source,/content/drive/MyDrive/Healthy/Healthy2950.jpg,1,masks/leaf/4b235276ba4566bb8e82dc2a.png,pending,nonempty,Healthy2950.jpg,,Healthy2950.jpg,,3d580c9d8fdf478ac2ae70a4f70ad411d68fb655d812b6df3edf0a3efe505c04,healthy,,train,False,,pending,unknown,512
SAM3_auto,original,True,healthy:Healthy2951.jpg,512,4613e65f770d4b85a47a4e64,healthy_source,/content/drive/MyDrive/Healthy/Healthy2951.jpg,1,masks/leaf/4613e65f770d4b85a47a4e64.png,pending,nonempty,Healthy2951.jpg,,Healthy2951.jpg,,f565e09a61d012fedebdd76b6fb6cf39983fe0143da7103ecffbb4482bb2fa58,healthy,,train,False,,pending,unknown,512
SAM3_auto,original,True,healthy:Healthy2954.jpg,512,f21ad676549eb7e6ede58825,healthy_source,/content/drive/MyDrive/Healthy/Healthy2954.jpg,1,masks/leaf/f21ad676549eb7e6ede58825.png,pending,nonempty,Healthy2954.jpg,,Healthy2954.jpg,,ae013c5b742d735bfb00740e904bb20805e2e93c0822b91dc76a6e50bda90dd0,healthy,,train,False,,pending,unknown,512
SAM3_auto,original,True,healthy:Healthy2955.jpg,512,3882fa44a4a893028f609869,healthy_source,/content/drive/MyDrive/Healthy/Healthy2955.jpg,1,masks/leaf/3882fa44a4a893028f609869.png,pending,nonempty,Healthy2955.jpg,,Healthy2955.jpg,,9ec95071a05952c9cd3849897ed446d4a6b7f0a0f5149fdb57f23fc658807008,healthy,,train,False,,pending,unknown,512
SAM3_auto,original,True,healthy:Healthy2956.jpg,512,b9fae613906955ed1736f1df,healthy_source,/content/drive/MyDrive/Healthy/Healthy2956.jpg,1,masks/leaf/b9fae613906955ed1736f1df.png,pending,nonempty,Healthy2956.jpg,,Healthy2956.jpg,,3d7f5dc8c4997401f5f1dde2d2c0cc3e661414a832bc9adbc7307e8623cf4b36,healthy,,train,False,,pending,unknown,512
SAM3_auto,original,True,healthy:Healthy2957.jpg,512,12c4ce4cc7701402193c84bb,healthy_source,/content/drive/MyDrive/Healthy/Healthy2957.jpg,1,masks/leaf/12c4ce4cc7701402193c84bb.png,pending,nonempty,Healthy2957.jpg,,Healthy2957.jpg,,bd7d0cfbcc0ac598630e81b38cd1eede53fe110d7cf272f447e83ef000dbd0d6,healthy,,train,False,,pending,unknown,512
SAM3_auto,original,True,healthy:Healthy2958.jpg,512,582bb68b5ef81b83b0e95aba,healthy_source,/content/drive/MyDrive/Healthy/Healthy2958.jpg,1,masks/leaf/582bb68b5ef81b83b0e95aba.png,pending,nonempty,Healthy2958.jpg,,Healthy2958.jpg,,aaa7a892d6ee065de4185eb486594dba4a80454c5803cc7e590d7397a7ce5211,healthy,,train,False,,pending,unknown,512
SAM3_auto,original,True,healthy:Healthy2959.jpg,512,796cdb01344806520107b6bf,healthy_source,/content/drive/MyDrive/Healthy/Healthy2959.jpg,1,masks/leaf/796cdb01344806520107b6bf.png,pending,nonempty,Healthy2959.jpg,,Healthy2959.jpg,,f2b3eeeca0044434faa0bd0bb178dc486a059edf91d32fdc98499e62ccdeac51,healthy,,train,False,,pending,unknown,512
SAM3_auto,original,True,healthy:Healthy296.jpg,512,1e656b17faeca068310f0374,healthy_source,/content/drive/MyDrive/Healthy/Healthy296.jpg,2,masks/leaf/1e656b17faeca068310f0374.png,pending,nonempty,Healthy296.jpg,,Healthy296.jpg,,045ba9c0baea47ccab77934ca646626d982d7427a94a6dbbb1eb9281c9aa47b2,healthy,,train,False,,pending,unknown,512
SAM3_auto,original,True,healthy:Healthy2960.jpg,512,d869f7376998f09ccedacef3,healthy_source,/content/drive/MyDrive/Healthy/Healthy2960.jpg,1,masks/leaf/d869f7376998f09ccedacef3.png,pending,nonempty,Healthy2960.jpg,,Healthy2960.jpg,,9c646b1de4436cd16ebb218adcc349cec6e04ee46a637c9e940f6a445df43995,healthy,,train,False,,pending,unknown,512
SAM3_auto,original,True,healthy:Healthy2961.jpg,512,53d74d4a7e57cd2994ea6e06,healthy_source,/content/drive/MyDrive/Healthy/Healthy2961.jpg,1,masks/leaf/53d74d4a7e57cd2994ea6e06.png,pending,nonempty,Healthy2961.jpg,,Healthy2961.jpg,,254128e63f9de0b5090284b309903dd73a960e358dc8fb8aeef419bd42c2fe32,healthy,,train,False,,pending,unknown,512
SAM3_auto,original,True,healthy:Healthy2962.jpg,512,ab3e783d316a3cfec285aff2,healthy_source,/content/drive/MyDrive/Healthy/Healthy2962.jpg,2,masks/leaf/ab3e783d316a3cfec285aff2.png,pending,nonempty,Healthy2962.jpg,,Healthy2962.jpg,,00c6e30cf053fe49915d268b2a6b8d00540f4b1c6bdea2b5125132df227b17e0,healthy,,train,False,,pending,unknown,512
SAM3_auto,original,True,healthy:Healthy2963.jpg,512,272a007fb0dc6ab4792cf69e,healthy_source,/content/drive/MyDrive/Healthy/Healthy2963.jpg,1,masks/leaf/272a007fb0dc6ab4792cf69e.png,pending,nonempty,Healthy2963.jpg,,Healthy2963.jpg,,054d10f550ae061bb89d959b3f0b22887074a05899a43ed7353e20952b36f6c3,healthy,,train,False,,pending,unknown,512
SAM3_auto,original,True,healthy:Healthy2964.jpg,512,9adf566a3e424591dbc1f8f5,healthy_source,/content/drive/MyDrive/Healthy/Healthy2964.jpg,1,masks/leaf/9adf566a3e424591dbc1f8f5.png,pending,nonempty,Healthy2964.jpg,,Healthy2964.jpg,,7a5ca1b4b82d8c42b2a9bbe3a8424aefe7c245a7a930482c98948464f78e16aa,healthy,,train,False,,pending,unknown,512
SAM3_auto,original,True,healthy:Healthy2966.jpg,512,ba00af63cfb3cd5341167f2f,healthy_source,/content/drive/MyDrive/Healthy/Healthy2966.jpg,1,masks/leaf/ba00af63cfb3cd5341167f2f.png,pending,nonempty,Healthy2966.jpg,,Healthy2966.jpg,,c7c850fd684215106bc1ce365588bd55d0287e502906dccd005dd18a70675a13,healthy,,train,False,,pending,unknown,512
SAM3_auto,original,True,healthy:Healthy2968.jpg,512,92818102d8877872af5fe10f,healthy_source,/content/drive/MyDrive/Healthy/Healthy2968.jpg,1,masks/leaf/92818102d8877872af5fe10f.png,pending,nonempty,Healthy2968.jpg,,Healthy2968.jpg,,9483978ee7bcb55e6b20555da2b300fbe7cad0e6bc036d1062fc9eba27448162,healthy,,train,False,,pending,unknown,512
SAM3_auto,original,True,healthy:Healthy2970.jpg,512,d9e6f5570d81e98e9a75196b,healthy_source,/content/drive/MyDrive/Healthy/Healthy2970.jpg,1,masks/leaf/d9e6f5570d81e98e9a75196b.png,pending,nonempty,Healthy2970.jpg,,Healthy2970.jpg,,aa6bf7ca202e77a901ba379bfac495139039f0d71f9c4ffff8fb2da159ac65dd,healthy,,train,False,,pending,unknown,512
SAM3_auto,original,True,healthy:Healthy2971.jpg,512,1b1628dd7d8aff0d2db8e258,healthy_source,/content/drive/MyDrive/Healthy/Healthy2971.jpg,1,masks/leaf/1b1628dd7d8aff0d2db8e258.png,pending,nonempty,Healthy2971.jpg,,Healthy2971.jpg,,23a4c7c12ee7bbe3585606d365e9fc28edbad99a3cd19f14a702258280ce8229,healthy,,train,False,,pending,unknown,512
SAM3_auto,original,True,healthy:Healthy2972.jpg,512,24ccf993f49cff5d2c51e76f,healthy_source,/content/drive/MyDrive/Healthy/Healthy2972.jpg,1,masks/leaf/24ccf993f49cff5d2c51e76f.png,pending,nonempty,Healthy2972.jpg,,Healthy2972.jpg,,8640c3be9f7957dca7a95947b6f9612b127a29552b0ae45f0a691902ccf6b32c,healthy,,train,False,,pending,unknown,512
SAM3_auto,original,True,healthy:Healthy2973.jpg,512,21b8dd89c8f5f8f580c12bd7,healthy_source,/content/drive/MyDrive/Healthy/Healthy2973.jpg,1,masks/leaf/21b8dd89c8f5f8f580c12bd7.png,pending,nonempty,Healthy2973.jpg,,Healthy2973.jpg,,14e9d625bf1b74f8a7562177f9d4d555df69c769910e6cdaaf3c3a6757be9358,healthy,,train,False,,pending,unknown,512
SAM3_auto,original,True,healthy:Healthy2974.jpg,512,c818dcfe5e34d0eb450a8bba,healthy_source,/content/drive/MyDrive/Healthy/Healthy2974.jpg,1,masks/leaf/c818dcfe5e34d0eb450a8bba.png,pending,nonempty,Healthy2974.jpg,,Healthy2974.jpg,,4d528df2d00db4edea124d9a6ce01be1f07550d1fde0e0196dfe4c34455b17f9,healthy,,train,False,,pending,unknown,512
SAM3_auto,original,True,healthy:Healthy2975.jpg,512,ceeb6e9cc9061cbc5c17170f,healthy_source,/content/drive/MyDrive/Healthy/Healthy2975.jpg,1,masks/leaf/ceeb6e9cc9061cbc5c17170f.png,pending,nonempty,Healthy2975.jpg,,Healthy2975.jpg,,7f5ae27b1449d9c5c52359e7cbdaf30b6a3fba62c2f975ce0d497a72cfaa98f0,healthy,,train,False,,pending,unknown,512
SAM3_auto,original,True,healthy:Healthy2976.jpg,512,b210b16ea62df70dce90478f,healthy_source,/content/drive/MyDrive/Healthy/Healthy2976.jpg,1,masks/leaf/b210b16ea62df70dce90478f.png,pending,nonempty,Healthy2976.jpg,,Healthy2976.jpg,,939583171a6907fb56fe863fb59bbbe5f37d782666a716a283e3458c335b675c,healthy,,train,False,,pending,unknown,512
SAM3_auto,original,True,healthy:Healthy2979.jpg,512,06cac2ea9a1f5a2885ce75eb,healthy_source,/content/drive/MyDrive/Healthy/Healthy2979.jpg,1,masks/leaf/06cac2ea9a1f5a2885ce75eb.png,pending,nonempty,Healthy2979.jpg,,Healthy2979.jpg,,637a515c75ffd9eb6969ed8ad23dde6e652b598f7447eaefbcb8f861646423f1,healthy,,train,False,,pending,unknown,512
SAM3_auto,original,True,healthy:Healthy298.jpg,512,f6cdc5718114b7fdf143d311,healthy_source,/content/drive/MyDrive/Healthy/Healthy298.jpg,1,masks/leaf/f6cdc5718114b7fdf143d311.png,pending,nonempty,Healthy298.jpg,,Healthy298.jpg,,f49af743169b0f948ad50be959cdb1df00130d85b3ca31fa0d2cf9f0722497e0,healthy,,train,False,,pending,unknown,512
SAM3_auto,original,True,healthy:Healthy2980.jpg,512,7ae9748cdefdbd91c1d45b17,healthy_source,/content/drive/MyDrive/Healthy/Healthy2980.jpg,1,masks/leaf/7ae9748cdefdbd91c1d45b17.png,pending,nonempty,Healthy2980.jpg,,Healthy2980.jpg,,80fc5a71beea03693064c309ccbf4f36a56310ae29039e94d9645f6bac52d65f,healthy,,train,False,,pending,unknown,512
SAM3_auto,original,True,healthy:Healthy2981.jpg,512,b6791ddb840ea5d1091dea41,healthy_source,/content/drive/MyDrive/Healthy/Healthy2981.jpg,1,masks/leaf/b6791ddb840ea5d1091dea41.png,pending,nonempty,Healthy2981.jpg,,Healthy2981.jpg,,2ac1d0820691f01fc58bae6e476d19688b3714613751d71d4fcc8a9321213690,healthy,,train,False,,pending,unknown,512
SAM3_auto,original,True,healthy:Healthy2983.jpg,512,0dde4eb0f7e5d4efeab260bf,healthy_source,/content/drive/MyDrive/Healthy/Healthy2983.jpg,1,masks/leaf/0dde4eb0f7e5d4efeab260bf.png,pending,nonempty,Healthy2983.jpg,,Healthy2983.jpg,,1c0c9258e5b7d0ce3bbd19e1c2ea51dab8ab1c9556684d47eb7b0990fc8f50d5,healthy,,train,False,,pending,unknown,512
SAM3_auto,original,True,healthy:Healthy2984.jpg,512,33b1c94402075ba3e06f5062,healthy_source,/content/drive/MyDrive/Healthy/Healthy2984.jpg,1,masks/leaf/33b1c94402075ba3e06f5062.png,pending,nonempty,Healthy2984.jpg,,Healthy2984.jpg,,5aa3c071be44a994847be62530e01ac015f94b5d6ead9e10f54e50d93ebf69e9,healthy,,train,False,,pending,unknown,512
SAM3_auto,original,True,healthy:Healthy2986.jpg,512,cf673318a1e7ee02b94bf3d8,healthy_source,/content/drive/MyDrive/Healthy/Healthy2986.jpg,1,masks/leaf/cf673318a1e7ee02b94bf3d8.png,pending,nonempty,Healthy2986.jpg,,Healthy2986.jpg,,ef5292fb2c0fa22bf2014e5a549936c7e34187e21b8623ed58984083047f2d6f,healthy,,train,False,,pending,unknown,512
SAM3_auto,original,True,healthy:Healthy2987.jpg,512,48e3db21355092fea41e3a2a,healthy_source,/content/drive/MyDrive/Healthy/Healthy2987.jpg,3,masks/leaf/48e3db21355092fea41e3a2a.png,pending,nonempty,Healthy2987.jpg,,Healthy2987.jpg,,8fb2fed3dcf4000709af8df07b90a70a7cbadbeb55adf0e4876e581f5664ee8b,healthy,,train,False,,pending,unknown,512
SAM3_auto,original,True,healthy:Healthy2988.jpg,512,10ad849379f9c6bcb225d957,healthy_source,/content/drive/MyDrive/Healthy/Healthy2988.jpg,1,masks/leaf/10ad849379f9c6bcb225d957.png,pending,nonempty,Healthy2988.jpg,,Healthy2988.jpg,,e50753aeb7228b18f2ae2f8b5698b597b9afc2b9e8ec83e0a1935f7a1cbb86b7,healthy,,train,False,,pending,unknown,512
SAM3_auto,original,True,healthy:Healthy2989.jpg,512,0009a6077c39006d5c799109,healthy_source,/content/drive/MyDrive/Healthy/Healthy2989.jpg,1,masks/leaf/0009a6077c39006d5c799109.png,pending,nonempty,Healthy2989.jpg,,Healthy2989.jpg,,d4082845c684992853fc3f91e660830f16c71b619b4916f82dfec59553db543e,healthy,,train,False,,pending,unknown,512
SAM3_auto,original,True,healthy:Healthy299.jpg,512,119e19d197d5c598d3bdc33a,healthy_source,/content/drive/MyDrive/Healthy/Healthy299.jpg,4,masks/leaf/119e19d197d5c598d3bdc33a.png,pending,nonempty,Healthy299.jpg,,Healthy299.jpg,,32077af0886f7fdce03ee793377b36f497b4931167ea90a5c512bff269676377,healthy,,train,False,,pending,unknown,512
SAM3_auto,original,True,healthy:Healthy2990.jpg,512,af786cdfe55cb6dcb62fb616,healthy_source,/content/drive/MyDrive/Healthy/Healthy2990.jpg,1,masks/leaf/af786cdfe55cb6dcb62fb616.png,pending,nonempty,Healthy2990.jpg,,Healthy2990.jpg,,02929aa6331a0a45eb149b348e69350be911f308f7752a5c2f25c531e763ad3c,healthy,,train,False,,pending,unknown,512
SAM3_auto,original,True,healthy:Healthy2991.jpg,512,734e0a901e7e6537c41301e5,healthy_source,/content/drive/MyDrive/Healthy/Healthy2991.jpg,1,masks/leaf/734e0a901e7e6537c41301e5.png,pending,nonempty,Healthy2991.jpg,,Healthy2991.jpg,,1656fdc7637fb4af385ec9713933bb407071ddb7024dff59c329f03906eb9065,healthy,,train,False,,pending,unknown,512
SAM3_auto,original,True,healthy:Healthy2994.jpg,512,5f24368f31c5388eb8d91fcc,healthy_source,/content/drive/MyDrive/Healthy/Healthy2994.jpg,1,masks/leaf/5f24368f31c5388eb8d91fcc.png,pending,nonempty,Healthy2994.jpg,,Healthy2994.jpg,,2d35ed08b17081693cba3b8ca6b9179cabefa140f3454cfe84cb728f41ae1f4b,healthy,,train,False,,pending,unknown,512
SAM3_auto,original,True,healthy:Healthy2995.jpg,512,342ab7864e189cd601b638cd,healthy_source,/content/drive/MyDrive/Healthy/Healthy2995.jpg,1,masks/leaf/342ab7864e189cd601b638cd.png,pending,nonempty,Healthy2995.jpg,,Healthy2995.jpg,,04b4d27b5619fdd1d4d362db898ea83bab5f91acba92dbe3e6e50979facc15bb,healthy,,train,False,,pending,unknown,512
SAM3_auto,original,True,healthy:Healthy2996.jpg,512,5382655a3acaa049a882c775,healthy_source,/content/drive/MyDrive/Healthy/Healthy2996.jpg,1,masks/leaf/5382655a3acaa049a882c775.png,pending,nonempty,Healthy2996.jpg,,Healthy2996.jpg,,6b4007d62d3fecc65140e9d39062be745e9082cdfb497d89c7487539ff6f046a,healthy,,train,False,,pending,unknown,512
SAM3_auto,original,True,healthy:Healthy2999.jpg,512,c5433947d76c95773e740519,healthy_source,/content/drive/MyDrive/Healthy/Healthy2999.jpg,1,masks/leaf/c5433947d76c95773e740519.png,pending,nonempty,Healthy2999.jpg,,Healthy2999.jpg,,b0ded8269089ebb87c8fbcf509ef3805b59449601f92829107b0f38837ba7517,healthy,,train,False,,pending,unknown,512
SAM3_auto,original,True,healthy:Healthy3.jpg,512,b682ce76e47f1f8b2c4a8a3e,healthy_source,/content/drive/MyDrive/Healthy/Healthy3.jpg,1,masks/leaf/b682ce76e47f1f8b2c4a8a3e.png,pending,nonempty,Healthy3.jpg,,Healthy3.jpg,,452c066f0a43870a6eb2b80dcefcdc4ab2ac6b8a13c0908818e961feb728a9cf,healthy,,train,False,,pending,unknown,512
SAM3_auto,original,True,healthy:Healthy30.jpg,512,bc5003e9b4e0b92c81feb5c2,healthy_source,/content/drive/MyDrive/Healthy/Healthy30.jpg,1,masks/leaf/bc5003e9b4e0b92c81feb5c2.png,pending,nonempty,Healthy30.jpg,,Healthy30.jpg,,3dca7590f2d4742f5a7096e886c442230eb53cc736c083e9a53d54924019f284,healthy,,train,False,,pending,unknown,512
SAM3_auto,original,True,healthy:Healthy300.jpg,512,425343a7f549c51787ba413a,healthy_source,/content/drive/MyDrive/Healthy/Healthy300.jpg,1,masks/leaf/425343a7f549c51787ba413a.png,pending,nonempty,Healthy300.jpg,,Healthy300.jpg,,a38e49b9fd6471138c9e6c72c642e34f2facdbef9ea1da36cb44c1077602e2d2,healthy,,train,False,,pending,unknown,512
SAM3_auto,original,True,healthy:Healthy3000.jpg,512,12755ffea9603daf04bfedd4,healthy_source,/content/drive/MyDrive/Healthy/Healthy3000.jpg,1,masks/leaf/12755ffea9603daf04bfedd4.png,pending,nonempty,Healthy3000.jpg,,Healthy3000.jpg,,d3de4748e87fb7589909f12bff05f7a5ccbdc0118ac3a81a246d8953ead2a63b,healthy,,train,False,,pending,unknown,512
SAM3_auto,original,True,healthy:Healthy3001.jpg,512,cfd96248d4fe541b79708bda,healthy_source,/content/drive/MyDrive/Healthy/Healthy3001.jpg,3,masks/leaf/cfd96248d4fe541b79708bda.png,pending,nonempty,Healthy3001.jpg,,Healthy3001.jpg,,e690927823f925cee42f76344afa1289beabc6ac9a94715612e9545a4ff06aa1,healthy,,train,False,,pending,unknown,512
SAM3_auto,original,True,healthy:Healthy3002.jpg,512,ecf0aed2366cf71028bc4778,healthy_source,/content/drive/MyDrive/Healthy/Healthy3002.jpg,1,masks/leaf/ecf0aed2366cf71028bc4778.png,pending,nonempty,Healthy3002.jpg,,Healthy3002.jpg,,5f607cdfe1c531625acdbf66d6dce5150b096d831b680aba7d84b578ebecfc8b,healthy,,train,False,,pending,unknown,512
SAM3_auto,original,True,healthy:Healthy3003.jpg,512,553578e9362540ec5e9379de,healthy_source,/content/drive/MyDrive/Healthy/Healthy3003.jpg,1,masks/leaf/553578e9362540ec5e9379de.png,pending,nonempty,Healthy3003.jpg,,Healthy3003.jpg,,a22410409a703709e2d6d49f49342eaa6bed62473cb6536bab5b0d9411c1a3bf,healthy,,train,False,,pending,unknown,512
SAM3_auto,original,True,healthy:Healthy3005.jpg,512,6b6c45051bc38cede4152f02,healthy_source,/content/drive/MyDrive/Healthy/Healthy3005.jpg,1,masks/leaf/6b6c45051bc38cede4152f02.png,pending,nonempty,Healthy3005.jpg,,Healthy3005.jpg,,e8123f2c583989529595b4a3a3940ee24e1b4ec9aa65cc7497f1a7622f4c32a4,healthy,,train,False,,pending,unknown,512
SAM3_auto,original,True,healthy:Healthy3007.jpg,512,f4dcaf2ff554f2cb6797e113,healthy_source,/content/drive/MyDrive/Healthy/Healthy3007.jpg,1,masks/leaf/f4dcaf2ff554f2cb6797e113.png,pending,nonempty,Healthy3007.jpg,,Healthy3007.jpg,,64016648820124745bd743259a77402d24d443c96d959b9d92225eff9c5ce7c8,healthy,,train,False,,pending,unknown,512
SAM3_auto,original,True,healthy:Healthy3009.jpg,512,ca46685f24c83efcc8997e59,healthy_source,/content/drive/MyDrive/Healthy/Healthy3009.jpg,1,masks/leaf/ca46685f24c83efcc8997e59.png,pending,nonempty,Healthy3009.jpg,,Healthy3009.jpg,,d3975324294d5aac99af5a95301332147ffe92ff5b58ead263dd8a3e8aad1a14,healthy,,train,False,,pending,unknown,512
SAM3_auto,original,True,healthy:Healthy301.jpg,512,b1726ea5b25c28ae8a9d764f,healthy_source,/content/drive/MyDrive/Healthy/Healthy301.jpg,1,masks/leaf/b1726ea5b25c28ae8a9d764f.png,pending,nonempty,Healthy301.jpg,,Healthy301.jpg,,6b99e7faf0c4162fe6852f11eb459c4a15290a775f9ce8d083fe692c58147391,healthy,,train,False,,pending,unknown,512
SAM3_auto,original,True,healthy:Healthy3010.jpg,512,e7c721d6512d97a7a196e188,healthy_source,/content/drive/MyDrive/Healthy/Healthy3010.jpg,1,masks/leaf/e7c721d6512d97a7a196e188.png,pending,nonempty,Healthy3010.jpg,,Healthy3010.jpg,,baa556d4d9fc876eac952bbea1b7037e024f399b9d654d877f33af7025e16079,healthy,,train,False,,pending,unknown,512
SAM3_auto,original,True,healthy:Healthy3012.jpg,512,7d1dfc0e4adc8aad22943993,healthy_source,/content/drive/MyDrive/Healthy/Healthy3012.jpg,1,masks/leaf/7d1dfc0e4adc8aad22943993.png,pending,nonempty,Healthy3012.jpg,,Healthy3012.jpg,,1fe37034b4d8f7cf3de0b7262c111c39eb20cfb716628fd6e8d0eea3b07b1d89,healthy,,train,False,,pending,unknown,512
SAM3_auto,original,True,healthy:Healthy3013.jpg,512,510ec77c58d5c1ae4a57c6e6,healthy_source,/content/drive/MyDrive/Healthy/Healthy3013.jpg,1,masks/leaf/510ec77c58d5c1ae4a57c6e6.png,pending,nonempty,Healthy3013.jpg,,Healthy3013.jpg,,ce7c7530dccb9f02b32c04622642da91ed0621642ae27649312ce15a89703a18,healthy,,train,False,,pending,unknown,512
SAM3_auto,original,True,healthy:Healthy3014.jpg,512,5e1d4bcdf7d3330a3deb4d4d,healthy_source,/content/drive/MyDrive/Healthy/Healthy3014.jpg,1,masks/leaf/5e1d4bcdf7d3330a3deb4d4d.png,pending,nonempty,Healthy3014.jpg,,Healthy3014.jpg,,67c612a9372d228342bfeb9bfb4995fc9006a8345fa3a42a601edaec13607128,healthy,,train,False,,pending,unknown,512
SAM3_auto,original,True,healthy:Healthy302.jpg,512,4d55e076e4852bc3edbbc5b0,healthy_source,/content/drive/MyDrive/Healthy/Healthy302.jpg,1,masks/leaf/4d55e076e4852bc3edbbc5b0.png,pending,nonempty,Healthy302.jpg,,Healthy302.jpg,,867eb33fb21763efc21965dd5f2666024c90c2f24c7a4c5331c1afa75b872810,healthy,,train,False,,pending,unknown,512
SAM3_auto,original,True,healthy:Healthy3020.jpg,512,ca105f96c9f794e7a78046e2,healthy_source,/content/drive/MyDrive/Healthy/Healthy3020.jpg,1,masks/leaf/ca105f96c9f794e7a78046e2.png,pending,nonempty,Healthy3020.jpg,,Healthy3020.jpg,,de0f800f2a611426adfc6e487e4aafc40f961aacdf9b76bc0f0526c3b7a6c773,healthy,,train,False,,pending,unknown,512
SAM3_auto,original,True,healthy:Healthy3022.jpg,512,dffdcbaa84a12c23241f787e,healthy_source,/content/drive/MyDrive/Healthy/Healthy3022.jpg,1,masks/leaf/dffdcbaa84a12c23241f787e.png,pending,nonempty,Healthy3022.jpg,,Healthy3022.jpg,,0569a4e0f6094a58ae60f239eae36f4b36c8af766d9dab2c81479183bc3f4451,healthy,,train,False,,pending,unknown,512
SAM3_auto,original,True,healthy:Healthy3023.jpg,512,34a7c9ecfba6850087f1c673,healthy_source,/content/drive/MyDrive/Healthy/Healthy3023.jpg,1,masks/leaf/34a7c9ecfba6850087f1c673.png,pending,nonempty,Healthy3023.jpg,,Healthy3023.jpg,,ddccda73197ce76b626e634e21be0ed5a1ac6bad8aa1dc316362893ccd7453fd,healthy,,train,False,,pending,unknown,512
SAM3_auto,original,True,healthy:Healthy3024.jpg,512,9de578e6294b852a4c48ec8a,healthy_source,/content/drive/MyDrive/Healthy/Healthy3024.jpg,18,masks/leaf/9de578e6294b852a4c48ec8a.png,pending,nonempty,Healthy3024.jpg,,Healthy3024.jpg,,d3a911a2e48d084d2ea72472bbab033f3ad0f292f36bba7cdf8383abed9a9ce9,healthy,,train,False,,pending,unknown,512
SAM3_auto,original,True,healthy:Healthy3025.jpg,512,225336bd61fcd0619a6c8dc4,healthy_source,/content/drive/MyDrive/Healthy/Healthy3025.jpg,1,masks/leaf/225336bd61fcd0619a6c8dc4.png,pending,nonempty,Healthy3025.jpg,,Healthy3025.jpg,,b9770df39bdefa1d50aaee02553f1403dcf44025840e254d1bb4185be5719a82,healthy,,train,False,,pending,unknown,512
SAM3_auto,original,True,healthy:Healthy3026.jpg,512,a8de535b1cf1466b19b54202,healthy_source,/content/drive/MyDrive/Healthy/Healthy3026.jpg,1,masks/leaf/a8de535b1cf1466b19b54202.png,pending,nonempty,Healthy3026.jpg,,Healthy3026.jpg,,8982c7e0f7c6d0bfa656c3d202cce30fa90186d62a9ad065b7517094dd99b641,healthy,,train,False,,pending,unknown,512
SAM3_auto,original,True,healthy:Healthy3027.jpg,512,4c580f3330dde25808b353b7,healthy_source,/content/drive/MyDrive/Healthy/Healthy3027.jpg,1,masks/leaf/4c580f3330dde25808b353b7.png,pending,nonempty,Healthy3027.jpg,,Healthy3027.jpg,,0b27063857917410c2425d7472581af20046f9b25750e6a8cec6001f28e3949f,healthy,,train,False,,pending,unknown,512
SAM3_auto,original,True,healthy:Healthy3029.jpg,512,2eede9cf62490039173ab441,healthy_source,/content/drive/MyDrive/Healthy/Healthy3029.jpg,1,masks/leaf/2eede9cf62490039173ab441.png,pending,nonempty,Healthy3029.jpg,,Healthy3029.jpg,,6396f5e9b536b3779746de82b2866198f892f890c83f51dac172fbaf830bf7c1,healthy,,train,False,,pending,unknown,512
SAM3_auto,original,True,healthy:Healthy303.jpg,512,52ccdeb79e9d95f26e299234,healthy_source,/content/drive/MyDrive/Healthy/Healthy303.jpg,1,masks/leaf/52ccdeb79e9d95f26e299234.png,pending,nonempty,Healthy303.jpg,,Healthy303.jpg,,230d4fef0f198dc2db80ac7724dfc149a86ab1204987007dc4972605bd670996,healthy,,train,False,,pending,unknown,512
SAM3_auto,original,True,healthy:Healthy3030.jpg,512,0d8471c917cf71d99147d1b4,healthy_source,/content/drive/MyDrive/Healthy/Healthy3030.jpg,1,masks/leaf/0d8471c917cf71d99147d1b4.png,pending,nonempty,Healthy3030.jpg,,Healthy3030.jpg,,3532e95787c66f1768eaa698b6035c1db00a874bca025270a89592b99e0d3e12,healthy,,train,False,,pending,unknown,512
SAM3_auto,original,True,healthy:Healthy3031.jpg,512,aea6694fc9ce4dee08793d0e,healthy_source,/content/drive/MyDrive/Healthy/Healthy3031.jpg,1,masks/leaf/aea6694fc9ce4dee08793d0e.png,pending,nonempty,Healthy3031.jpg,,Healthy3031.jpg,,950e03207366e8e971fde2b69c65b7b9ab457d6c4620e15381c9f9002ab23969,healthy,,train,False,,pending,unknown,512
SAM3_auto,original,True,healthy:Healthy3032.jpg,512,5dceb0a9b8517e0a5ca12101,healthy_source,/content/drive/MyDrive/Healthy/Healthy3032.jpg,1,masks/leaf/5dceb0a9b8517e0a5ca12101.png,pending,nonempty,Healthy3032.jpg,,Healthy3032.jpg,,dbed5f13cf43a0f441fcd8a99ef2abd4a596e2bf665af97fcd55c3369161b32a,healthy,,train,False,,pending,unknown,512
SAM3_auto,original,True,healthy:Healthy3033.jpg,512,89e9f83c6bd60196bf3dc5bb,healthy_source,/content/drive/MyDrive/Healthy/Healthy3033.jpg,1,masks/leaf/89e9f83c6bd60196bf3dc5bb.png,pending,nonempty,Healthy3033.jpg,,Healthy3033.jpg,,db55595301cd8a281bc3be472dfaef9539688b2b9b7031e60abe94f68910c280,healthy,,train,False,,pending,unknown,512
SAM3_auto,original,True,healthy:Healthy3034.jpg,512,c4e6ce50a7d62bf4ab4720d5,healthy_source,/content/drive/MyDrive/Healthy/Healthy3034.jpg,1,masks/leaf/c4e6ce50a7d62bf4ab4720d5.png,pending,nonempty,Healthy3034.jpg,,Healthy3034.jpg,,faf514f1b6ac1aa91c8befdfab5f16f0a8540360eade8d9221d44eafe06e03fe,healthy,,train,False,,pending,unknown,512
SAM3_auto,original,True,healthy:Healthy3035.jpg,512,7b7c511cb1d62b7a45de35f4,healthy_source,/content/drive/MyDrive/Healthy/Healthy3035.jpg,29,masks/leaf/7b7c511cb1d62b7a45de35f4.png,pending,nonempty,Healthy3035.jpg,,Healthy3035.jpg,,f4c614d064cb4c23bd03dd4b787c3ddcd032be75af3c37a60f1cb01a5231262b,healthy,,train,False,,pending,unknown,512
SAM3_auto,original,True,healthy:Healthy3036.jpg,512,dd7b5b10ab75a618d5483b94,healthy_source,/content/drive/MyDrive/Healthy/Healthy3036.jpg,1,masks/leaf/dd7b5b10ab75a618d5483b94.png,pending,nonempty,Healthy3036.jpg,,Healthy3036.jpg,,26ffd104748bbf326e1101c16b671153546fca8fe95d523cd8a34dab8469123e,healthy,,train,False,,pending,unknown,512
SAM3_auto,original,True,healthy:Healthy3037.jpg,512,8bd5faf3671f79fa2fb42072,healthy_source,/content/drive/MyDrive/Healthy/Healthy3037.jpg,1,masks/leaf/8bd5faf3671f79fa2fb42072.png,pending,nonempty,Healthy3037.jpg,,Healthy3037.jpg,,8b2246eb58c40d8e378896dd8b0ad4bf0c2419adbf6c6abb34f55844446bdc56,healthy,,train,False,,pending,unknown,512
SAM3_auto,original,True,healthy:Healthy3038.jpg,512,e77420f251b1fd402821ad02,healthy_source,/content/drive/MyDrive/Healthy/Healthy3038.jpg,1,masks/leaf/e77420f251b1fd402821ad02.png,pending,nonempty,Healthy3038.jpg,,Healthy3038.jpg,,11978cb7796ce3ec5dacc546f13122f93d750c7c662b0286e2cc3894e77d4b86,healthy,,train,False,,pending,unknown,512
SAM3_auto,original,True,healthy:Healthy304.jpg,512,2a9b2b3ce88c6f8ef5144b51,healthy_source,/content/drive/MyDrive/Healthy/Healthy304.jpg,1,masks/leaf/2a9b2b3ce88c6f8ef5144b51.png,pending,nonempty,Healthy304.jpg,,Healthy304.jpg,,e9e0f5f93d56eedd44320e66dbc152c7149c755fe8b990d2eab57474aac91a40,healthy,,train,False,,pending,unknown,512
SAM3_auto,original,True,healthy:Healthy3041.jpg,512,19995e3314aa2f2425b7c866,healthy_source,/content/drive/MyDrive/Healthy/Healthy3041.jpg,1,masks/leaf/19995e3314aa2f2425b7c866.png,pending,nonempty,Healthy3041.jpg,,Healthy3041.jpg,,44fb6ce74259a3e080d3cc6c5c8ff1febf0ddff8ff371cae7eb13d2a49ea39db,healthy,,train,False,,pending,unknown,512
SAM3_auto,original,True,healthy:Healthy3042.jpg,512,b7b8756c6071898bca06889e,healthy_source,/content/drive/MyDrive/Healthy/Healthy3042.jpg,1,masks/leaf/b7b8756c6071898bca06889e.png,pending,nonempty,Healthy3042.jpg,,Healthy3042.jpg,,2b7c85a008f766833617628cb39468e48473cb144a63f0259aed0669c040b85d,healthy,,train,False,,pending,unknown,512
SAM3_auto,original,True,healthy:Healthy3043.jpg,512,dfc2e35a067e04ae0025cb5e,healthy_source,/content/drive/MyDrive/Healthy/Healthy3043.jpg,3,masks/leaf/dfc2e35a067e04ae0025cb5e.png,pending,nonempty,Healthy3043.jpg,,Healthy3043.jpg,,7f16e46ae9f9eaff1bbba16664043b0625f4b2e573a6d8da4578c5fbb7d115fe,healthy,,train,False,,pending,unknown,512
SAM3_auto,original,True,healthy:Healthy3044.jpg,512,9413b012a841bd74553477cd,healthy_source,/content/drive/MyDrive/Healthy/Healthy3044.jpg,1,masks/leaf/9413b012a841bd74553477cd.png,pending,nonempty,Healthy3044.jpg,,Healthy3044.jpg,,ef941698452d7898a8a257aa8cb2affb6bc862cbd144b83949b449ebb9d1ecfa,healthy,,train,False,,pending,unknown,512
SAM3_auto,original,True,healthy:Healthy3045.jpg,512,9280a3c3088b4fc994a4eb2f,healthy_source,/content/drive/MyDrive/Healthy/Healthy3045.jpg,1,masks/leaf/9280a3c3088b4fc994a4eb2f.png,pending,nonempty,Healthy3045.jpg,,Healthy3045.jpg,,471f4fd3a2309f3e4c2d6afa2f2e05dbb39a27324723834398fc310f17afd2de,healthy,,train,False,,pending,unknown,512
SAM3_auto,original,True,healthy:Healthy3046.jpg,512,c16c60ebb89f36f5e762ef94,healthy_source,/content/drive/MyDrive/Healthy/Healthy3046.jpg,1,masks/leaf/c16c60ebb89f36f5e762ef94.png,pending,nonempty,Healthy3046.jpg,,Healthy3046.jpg,,436594b148fa84e8ac72cce5e69902039925e3b3ac1e833a0df23bfa01d29205,healthy,,train,False,,pending,unknown,512
SAM3_auto,original,True,healthy:Healthy3047.jpg,512,762150e558715ed42028a165,healthy_source,/content/drive/MyDrive/Healthy/Healthy3047.jpg,1,masks/leaf/762150e558715ed42028a165.png,pending,nonempty,Healthy3047.jpg,,Healthy3047.jpg,,b71876be7c9bb1f380411a73c7dba2fe5a3b30222d1624e025f4c498eb41321f,healthy,,train,False,,pending,unknown,512
SAM3_auto,original,True,healthy:Healthy3048.jpg,512,26e45d40177ab11027cd67c4,healthy_source,/content/drive/MyDrive/Healthy/Healthy3048.jpg,1,masks/leaf/26e45d40177ab11027cd67c4.png,pending,nonempty,Healthy3048.jpg,,Healthy3048.jpg,,5503b875aeff77a4b30481ff52f23f4c54e28eb41885c0b3db380e314b606a4e,healthy,,train,False,,pending,unknown,512
SAM3_auto,original,True,healthy:Healthy3049.jpg,512,de477f91744c42af5bc48b34,healthy_source,/content/drive/MyDrive/Healthy/Healthy3049.jpg,1,masks/leaf/de477f91744c42af5bc48b34.png,pending,nonempty,Healthy3049.jpg,,Healthy3049.jpg,,ea608a286056292077538b993e57e55d62722478aacd5600c679c7ef363160ac,healthy,,train,False,,pending,unknown,512
SAM3_auto,original,True,healthy:Healthy305.jpg,512,f5dd0dc53078c6f1c658d4b5,healthy_source,/content/drive/MyDrive/Healthy/Healthy305.jpg,1,masks/leaf/f5dd0dc53078c6f1c658d4b5.png,pending,nonempty,Healthy305.jpg,,Healthy305.jpg,,302571598c6ac2b4775a441db3e9f2ee78b12d722d25ca7629a0f5e720edda17,healthy,,train,False,,pending,unknown,512
SAM3_auto,original,True,healthy:Healthy3050.jpg,512,12cc02e75d28ea458f13f640,healthy_source,/content/drive/MyDrive/Healthy/Healthy3050.jpg,1,masks/leaf/12cc02e75d28ea458f13f640.png,pending,nonempty,Healthy3050.jpg,,Healthy3050.jpg,,4808e930ca0f8689acd6a2171501e1133c4b021e1a9f8e8f9bc51a727fbcda66,healthy,,train,False,,pending,unknown,512
SAM3_auto,original,True,healthy:Healthy3052.jpg,512,6761f22e597aacd016aa3bee,healthy_source,/content/drive/MyDrive/Healthy/Healthy3052.jpg,1,masks/leaf/6761f22e597aacd016aa3bee.png,pending,nonempty,Healthy3052.jpg,,Healthy3052.jpg,,0bb3cb169a84e8d6505fe4a916913b4d69e6c98be31ecbf0b6e3b5a0d477c9f5,healthy,,train,False,,pending,unknown,512
SAM3_auto,original,True,healthy:Healthy3054.jpg,512,99542c52edc11125d6290de1,healthy_source,/content/drive/MyDrive/Healthy/Healthy3054.jpg,1,masks/leaf/99542c52edc11125d6290de1.png,pending,nonempty,Healthy3054.jpg,,Healthy3054.jpg,,95d71fbc812358ecda03cc2b9e6e99eabba6359ba68da328312b35fe788f72f6,healthy,,train,False,,pending,unknown,512
SAM3_auto,original,True,healthy:Healthy3055.jpg,512,9dcd34bee7f6a8d2af83c5df,healthy_source,/content/drive/MyDrive/Healthy/Healthy3055.jpg,1,masks/leaf/9dcd34bee7f6a8d2af83c5df.png,pending,nonempty,Healthy3055.jpg,,Healthy3055.jpg,,847fdd3431d1e1ef01ec8a83c064558a41e6d020a72d26d56ed375b081eec7ea,healthy,,train,False,,pending,unknown,512
SAM3_auto,original,True,healthy:Healthy3057.jpg,512,f078d3266cd084b2aaac8f51,healthy_source,/content/drive/MyDrive/Healthy/Healthy3057.jpg,1,masks/leaf/f078d3266cd084b2aaac8f51.png,pending,nonempty,Healthy3057.jpg,,Healthy3057.jpg,,0e2675c99d6fe3af4704f0c08e4acb9ccbdc2bb8f04f2eeda4bea728b6b34221,healthy,,train,False,,pending,unknown,512
SAM3_auto,original,True,healthy:Healthy3058.jpg,512,bd6b2155f18d3fd4135a13fd,healthy_source,/content/drive/MyDrive/Healthy/Healthy3058.jpg,1,masks/leaf/bd6b2155f18d3fd4135a13fd.png,pending,nonempty,Healthy3058.jpg,,Healthy3058.jpg,,6f7a0a62cd86a23344cec6a70f573c88ef968b7cf51be65a58e1c7590f8598b7,healthy,,train,False,,pending,unknown,512
SAM3_auto,original,True,healthy:Healthy306.jpg,512,fec17dcba7b3ec0090d37b58,healthy_source,/content/drive/MyDrive/Healthy/Healthy306.jpg,1,masks/leaf/fec17dcba7b3ec0090d37b58.png,pending,nonempty,Healthy306.jpg,,Healthy306.jpg,,de44c2e900cb9ef9f4114e213d7fb884c79b0ef40b58be6724d2688e2e1f9d51,healthy,,train,False,,pending,unknown,512
SAM3_auto,original,True,healthy:Healthy3060.jpg,512,48abc7513489210b224528e9,healthy_source,/content/drive/MyDrive/Healthy/Healthy3060.jpg,1,masks/leaf/48abc7513489210b224528e9.png,pending,nonempty,Healthy3060.jpg,,Healthy3060.jpg,,d2ef03cf8f729831e1b8e911297122e10fa4dfbdbb481e8fefdd082f0b647190,healthy,,train,False,,pending,unknown,512
SAM3_auto,original,True,healthy:Healthy3061.jpg,512,64a2d7352708221d4875bda3,healthy_source,/content/drive/MyDrive/Healthy/Healthy3061.jpg,1,masks/leaf/64a2d7352708221d4875bda3.png,pending,nonempty,Healthy3061.jpg,,Healthy3061.jpg,,e53ec38e4d248be44bfbcc8eb7b07f717946ce1e6eaee3e081ceb44e9887c276,healthy,,train,False,,pending,unknown,512
SAM3_auto,original,True,healthy:Healthy3064.jpg,512,2d0f57fced0b057d5d3ff12c,healthy_source,/content/drive/MyDrive/Healthy/Healthy3064.jpg,1,masks/leaf/2d0f57fced0b057d5d3ff12c.png,pending,nonempty,Healthy3064.jpg,,Healthy3064.jpg,,9bee82af94a8d423f0cb02dce1646513e843e631d294a4c51be083868a23b165,healthy,,train,False,,pending,unknown,512
SAM3_auto,original,True,healthy:Healthy3065.jpg,512,1257a31186295d0cfeee5e9c,healthy_source,/content/drive/MyDrive/Healthy/Healthy3065.jpg,1,masks/leaf/1257a31186295d0cfeee5e9c.png,pending,nonempty,Healthy3065.jpg,,Healthy3065.jpg,,8ad592088551e6c1e96de74e9d9bb339d41d4439660a16c77b18cdc64d04e780,healthy,,train,False,,pending,unknown,512
SAM3_auto,original,True,healthy:Healthy3066.jpg,512,ee8f55655d18306bd6e57232,healthy_source,/content/drive/MyDrive/Healthy/Healthy3066.jpg,1,masks/leaf/ee8f55655d18306bd6e57232.png,pending,nonempty,Healthy3066.jpg,,Healthy3066.jpg,,75c657766fcae4366a00bf3635e1c4748587657c214f0485b5c5028e6d9fd209,healthy,,train,False,,pending,unknown,512
SAM3_auto,original,True,healthy:Healthy3067.jpg,512,47927f1d7c3e7bcac0ea363b,healthy_source,/content/drive/MyDrive/Healthy/Healthy3067.jpg,1,masks/leaf/47927f1d7c3e7bcac0ea363b.png,pending,nonempty,Healthy3067.jpg,,Healthy3067.jpg,,c1effe09e46c8da5c8107bc2a00e51dfa0d9c058f78ee095a31b623559b157ce,healthy,,train,False,,pending,unknown,512
SAM3_auto,original,True,healthy:Healthy3069.jpg,512,9c0252209426eb72957d28f0,healthy_source,/content/drive/MyDrive/Healthy/Healthy3069.jpg,1,masks/leaf/9c0252209426eb72957d28f0.png,pending,nonempty,Healthy3069.jpg,,Healthy3069.jpg,,44c07d37e4bbd16b5b3a0ebdd038619838a4ce823433ac1b1e650c2de22e5945,healthy,,train,False,,pending,unknown,512
SAM3_auto,original,True,healthy:Healthy3072.jpg,512,a6a539173b120cdc699d244e,healthy_source,/content/drive/MyDrive/Healthy/Healthy3072.jpg,1,masks/leaf/a6a539173b120cdc699d244e.png,pending,nonempty,Healthy3072.jpg,,Healthy3072.jpg,,42fce6ad660a708205a98307401fdf3fb7a937d631d05c9028101eea508c1e89,healthy,,train,False,,pending,unknown,512
SAM3_auto,original,True,healthy:Healthy3073.jpg,512,02d7a2306fa56cbb12aab365,healthy_source,/content/drive/MyDrive/Healthy/Healthy3073.jpg,1,masks/leaf/02d7a2306fa56cbb12aab365.png,pending,nonempty,Healthy3073.jpg,,Healthy3073.jpg,,5a5b040ebe22d300b4e1908a1f12829dbe9133d7e51207e1d9a199fc0636557d,healthy,,train,False,,pending,unknown,512
SAM3_auto,original,True,healthy:Healthy3074.jpg,512,9a750dd6775db4b75574b89e,healthy_source,/content/drive/MyDrive/Healthy/Healthy3074.jpg,1,masks/leaf/9a750dd6775db4b75574b89e.png,pending,nonempty,Healthy3074.jpg,,Healthy3074.jpg,,d18e2df199b69bdd545d614cdd0f9356f37a2132704f52210a9064f80ab14bd0,healthy,,train,False,,pending,unknown,512
SAM3_auto,original,True,healthy:Healthy3076.jpg,512,2d2ab5c52e054bc280ec27d3,healthy_source,/content/drive/MyDrive/Healthy/Healthy3076.jpg,1,masks/leaf/2d2ab5c52e054bc280ec27d3.png,pending,nonempty,Healthy3076.jpg,,Healthy3076.jpg,,e6084c25e6504b8897dc32af8f1c281b0aa4aa266f10d57e4c042d5d0ba59a71,healthy,,train,False,,pending,unknown,512
SAM3_auto,original,True,healthy:Healthy3081.jpg,512,43cd37d92ea0b725bbd4e507,healthy_source,/content/drive/MyDrive/Healthy/Healthy3081.jpg,1,masks/leaf/43cd37d92ea0b725bbd4e507.png,pending,nonempty,Healthy3081.jpg,,Healthy3081.jpg,,b13702232755e2724b29ebe55e31823d3ee4f00dfd77b45e7db1a7066c189eef,healthy,,train,False,,pending,unknown,512
SAM3_auto,original,True,healthy:Healthy3082.jpg,512,cace18d470df05aa1aedac0e,healthy_source,/content/drive/MyDrive/Healthy/Healthy3082.jpg,1,masks/leaf/cace18d470df05aa1aedac0e.png,pending,nonempty,Healthy3082.jpg,,Healthy3082.jpg,,1bae8f1588f25822dea43e436f94e17bb5f5499a78c2d2357edd9ece82d5fcf6,healthy,,train,False,,pending,unknown,512
SAM3_auto,original,True,healthy:Healthy3083.jpg,512,77a695ed3cf936be95d148b8,healthy_source,/content/drive/MyDrive/Healthy/Healthy3083.jpg,1,masks/leaf/77a695ed3cf936be95d148b8.png,pending,nonempty,Healthy3083.jpg,,Healthy3083.jpg,,f2d1e9192db5bf410b7272cb7ac3352df24761b3d8bad59e40a686c306a8d166,healthy,,train,False,,pending,unknown,512
SAM3_auto,original,True,healthy:Healthy3086.jpg,512,53ab29805a94ef7d3a72a1c0,healthy_source,/content/drive/MyDrive/Healthy/Healthy3086.jpg,1,masks/leaf/53ab29805a94ef7d3a72a1c0.png,pending,nonempty,Healthy3086.jpg,,Healthy3086.jpg,,d19cb0f7629ffe40737e85ff1e38247ac0eea53397dfaaecc856fc1288e99781,healthy,,train,False,,pending,unknown,512
SAM3_auto,original,True,healthy:Healthy3087.jpg,512,b3a3665a193eae38ff42990b,healthy_source,/content/drive/MyDrive/Healthy/Healthy3087.jpg,1,masks/leaf/b3a3665a193eae38ff42990b.png,pending,nonempty,Healthy3087.jpg,,Healthy3087.jpg,,775b6bbbcd3ce445166cef0feb7b3bb1a407843f1c47a22cf53255b33a53bfb6,healthy,,train,False,,pending,unknown,512
SAM3_auto,original,True,healthy:Healthy309.jpg,512,b7f059193887a76e7c905cc0,healthy_source,/content/drive/MyDrive/Healthy/Healthy309.jpg,1,masks/leaf/b7f059193887a76e7c905cc0.png,pending,nonempty,Healthy309.jpg,,Healthy309.jpg,,0c0f014c97f13ede82a302445caa506f21ef0557834aa6c64fd56af44364b5b9,healthy,,train,False,,pending,unknown,512
SAM3_auto,original,True,healthy:Healthy3092.jpg,512,f020f6aaac2d322e376dc70b,healthy_source,/content/drive/MyDrive/Healthy/Healthy3092.jpg,1,masks/leaf/f020f6aaac2d322e376dc70b.png,pending,nonempty,Healthy3092.jpg,,Healthy3092.jpg,,aad7a0f3f48b9d329c676145237b9e20ea008d35164da4a9975804ec17fd8aa8,healthy,,train,False,,pending,unknown,512
SAM3_auto,original,True,healthy:Healthy3093.jpg,512,c6e0a10fdfde04198687d32e,healthy_source,/content/drive/MyDrive/Healthy/Healthy3093.jpg,1,masks/leaf/c6e0a10fdfde04198687d32e.png,pending,nonempty,Healthy3093.jpg,,Healthy3093.jpg,,17bd59ea726f2f5d1d41be0260416548e825964664f4d547fca587307f56dd0f,healthy,,train,False,,pending,unknown,512
SAM3_auto,original,True,healthy:Healthy3097.jpg,512,97bfedc6807866917ab08ce7,healthy_source,/content/drive/MyDrive/Healthy/Healthy3097.jpg,1,masks/leaf/97bfedc6807866917ab08ce7.png,pending,nonempty,Healthy3097.jpg,,Healthy3097.jpg,,554542060218a914eaa8de02f5508fa33cce39f78a42ce36cccccdd8b917e632,healthy,,train,False,,pending,unknown,512
SAM3_auto,original,True,healthy:Healthy3098.jpg,512,4ff4f8e7b8106c396892bdc1,healthy_source,/content/drive/MyDrive/Healthy/Healthy3098.jpg,1,masks/leaf/4ff4f8e7b8106c396892bdc1.png,pending,nonempty,Healthy3098.jpg,,Healthy3098.jpg,,956aa739e2e8c5600dc99fe1f0a7583410074a7a475e89fc54059891957224a5,healthy,,train,False,,pending,unknown,512
SAM3_auto,original,True,healthy:Healthy3099.jpg,512,3cdc0cf4924c7d44cc362432,healthy_source,/content/drive/MyDrive/Healthy/Healthy3099.jpg,1,masks/leaf/3cdc0cf4924c7d44cc362432.png,pending,nonempty,Healthy3099.jpg,,Healthy3099.jpg,,a744f267c8157bbf388a418c8b6103302d37f8923bde2f865e3470f0c56b117a,healthy,,train,False,,pending,unknown,512
SAM3_auto,original,True,healthy:Healthy31.jpg,512,92f8ecb63f3f9cd05ca2c6bf,healthy_source,/content/drive/MyDrive/Healthy/Healthy31.jpg,1,masks/leaf/92f8ecb63f3f9cd05ca2c6bf.png,pending,nonempty,Healthy31.jpg,,Healthy31.jpg,,bec55c1cf7367ce15ebfda53f7af73c9a528863bae85f65ccd3b1c2b12589ad2,healthy,,train,False,,pending,unknown,512
SAM3_auto,original,True,healthy:Healthy310.jpg,512,df272d74d096aaddb34f8f19,healthy_source,/content/drive/MyDrive/Healthy/Healthy310.jpg,1,masks/leaf/df272d74d096aaddb34f8f19.png,pending,nonempty,Healthy310.jpg,,Healthy310.jpg,,3e4c642c17abf9becaf2f9cabc52c057fd3d20cdc608e18c5ae553d21dfa012b,healthy,,train,False,,pending,unknown,512
SAM3_auto,original,True,healthy:Healthy3100.jpg,512,6eeb11d07117b8d6e564344a,healthy_source,/content/drive/MyDrive/Healthy/Healthy3100.jpg,1,masks/leaf/6eeb11d07117b8d6e564344a.png,pending,nonempty,Healthy3100.jpg,,Healthy3100.jpg,,16163a6a12d8f0dce798e19566a7fa6655f43a09ba3ef9fc5bf6ef2d922e93b2,healthy,,train,False,,pending,unknown,512
SAM3_auto,original,True,healthy:Healthy3101.jpg,512,88330c40def9ec69e81f493d,healthy_source,/content/drive/MyDrive/Healthy/Healthy3101.jpg,1,masks/leaf/88330c40def9ec69e81f493d.png,pending,nonempty,Healthy3101.jpg,,Healthy3101.jpg,,e2f8979cd20b605b0414c87c711083592cc36d95a94ff66bfd494b26b4aafa27,healthy,,train,False,,pending,unknown,512
SAM3_auto,original,True,healthy:Healthy3102.jpg,512,c0d912512e1c03598e9ec44d,healthy_source,/content/drive/MyDrive/Healthy/Healthy3102.jpg,1,masks/leaf/c0d912512e1c03598e9ec44d.png,pending,nonempty,Healthy3102.jpg,,Healthy3102.jpg,,0880f084a8d6b880cec972507509e178f9159405aacc73811740e3974697fe15,healthy,,train,False,,pending,unknown,512
SAM3_auto,original,True,healthy:Healthy3103.jpg,512,3b146178091c66e67b3154d8,healthy_source,/content/drive/MyDrive/Healthy/Healthy3103.jpg,1,masks/leaf/3b146178091c66e67b3154d8.png,pending,nonempty,Healthy3103.jpg,,Healthy3103.jpg,,23253212642ac9a84126998edbbae264130447eeb2b83e1adbc4889720c9254d,healthy,,train,False,,pending,unknown,512
SAM3_auto,original,True,healthy:Healthy3104.jpg,512,fdb558ad881a1e26860c4d32,healthy_source,/content/drive/MyDrive/Healthy/Healthy3104.jpg,1,masks/leaf/fdb558ad881a1e26860c4d32.png,pending,nonempty,Healthy3104.jpg,,Healthy3104.jpg,,82a4eb15d316bffc546f0c3c4165ff1b31b0b4d3f159ce94ee9dc934d752df26,healthy,,train,False,,pending,unknown,512
SAM3_auto,original,True,healthy:Healthy3105.jpg,512,a8de6ea6d0d6e01944757bba,healthy_source,/content/drive/MyDrive/Healthy/Healthy3105.jpg,1,masks/leaf/a8de6ea6d0d6e01944757bba.png,pending,nonempty,Healthy3105.jpg,,Healthy3105.jpg,,8bf7d06b763bdfb2099534c7652665bb488f14afab17937c7372868a48974506,healthy,,train,False,,pending,unknown,512
SAM3_auto,original,True,healthy:Healthy3106.jpg,512,3318332f4756eb57095e68bc,healthy_source,/content/drive/MyDrive/Healthy/Healthy3106.jpg,1,masks/leaf/3318332f4756eb57095e68bc.png,pending,nonempty,Healthy3106.jpg,,Healthy3106.jpg,,0a47584779a12717598d7fe2c826982c06fe72fd3d61ff9ac99452053c7f9440,healthy,,train,False,,pending,unknown,512
SAM3_auto,original,True,healthy:Healthy3107.jpg,512,bd187731bf277aaed0c39ed6,healthy_source,/content/drive/MyDrive/Healthy/Healthy3107.jpg,1,masks/leaf/bd187731bf277aaed0c39ed6.png,pending,nonempty,Healthy3107.jpg,,Healthy3107.jpg,,4f39267170f11af48b3380a9f157d6ee1fe740990b0d271ec9c87c2099c3615d,healthy,,train,False,,pending,unknown,512
SAM3_auto,original,True,healthy:Healthy311.jpg,512,211dec9d5282c5a9b0fb01b1,healthy_source,/content/drive/MyDrive/Healthy/Healthy311.jpg,1,masks/leaf/211dec9d5282c5a9b0fb01b1.png,pending,nonempty,Healthy311.jpg,,Healthy311.jpg,,4918fce3497b07100c1a34f6f94cb5b96f7e30beee56a8cf0bc70dc2b128b30c,healthy,,train,False,,pending,unknown,512
SAM3_auto,original,True,healthy:Healthy3110.jpg,512,54af2c576b09ac470f63127e,healthy_source,/content/drive/MyDrive/Healthy/Healthy3110.jpg,1,masks/leaf/54af2c576b09ac470f63127e.png,pending,nonempty,Healthy3110.jpg,,Healthy3110.jpg,,2fb233b6bc27d1f3ecd52d9810c676173e4104401642bb942213a438cee1c370,healthy,,train,False,,pending,unknown,512
SAM3_auto,original,True,healthy:Healthy3111.jpg,512,f67c3f847cc8f2614566afed,healthy_source,/content/drive/MyDrive/Healthy/Healthy3111.jpg,1,masks/leaf/f67c3f847cc8f2614566afed.png,pending,nonempty,Healthy3111.jpg,,Healthy3111.jpg,,680eea0a38bb84608a2c7f2d6aaacc21faa93b345609e5097a41416944d32d0c,healthy,,train,False,,pending,unknown,512
SAM3_auto,original,True,healthy:Healthy3112.jpg,512,107e0c209d84961adf66218e,healthy_source,/content/drive/MyDrive/Healthy/Healthy3112.jpg,1,masks/leaf/107e0c209d84961adf66218e.png,pending,nonempty,Healthy3112.jpg,,Healthy3112.jpg,,372ad0ad1952ccff9fceb8bc3bbfad2f2563d6e4f04203e8a78e31bab224fa52,healthy,,train,False,,pending,unknown,512
SAM3_auto,original,True,healthy:Healthy3113.jpg,512,47d1442973898db79e426c6d,healthy_source,/content/drive/MyDrive/Healthy/Healthy3113.jpg,1,masks/leaf/47d1442973898db79e426c6d.png,pending,nonempty,Healthy3113.jpg,,Healthy3113.jpg,,0a934f0d31789f30bebf0111cdee59db6db6c6ac2b5c763a9d7f4f29848d5259,healthy,,train,False,,pending,unknown,512
SAM3_auto,original,True,healthy:Healthy3115.jpg,512,cf2679bdb87c1604b792d9f7,healthy_source,/content/drive/MyDrive/Healthy/Healthy3115.jpg,1,masks/leaf/cf2679bdb87c1604b792d9f7.png,pending,nonempty,Healthy3115.jpg,,Healthy3115.jpg,,c8712f087cd7ea2ff64d5c3d0316fa7ecc79b44d1e8c1ad0998aae84cfc605ff,healthy,,train,False,,pending,unknown,512
SAM3_auto,original,True,healthy:Healthy3116.jpg,512,1523b2473c09abbc735c7f13,healthy_source,/content/drive/MyDrive/Healthy/Healthy3116.jpg,1,masks/leaf/1523b2473c09abbc735c7f13.png,pending,nonempty,Healthy3116.jpg,,Healthy3116.jpg,,3393253b44a6edb42b91ddb49fde775e9e86c6a13c032f9334a0b52d0b271271,healthy,,train,False,,pending,unknown,512
SAM3_auto,original,True,healthy:Healthy3118.jpg,512,9215387e3c3ccb933a1fbb43,healthy_source,/content/drive/MyDrive/Healthy/Healthy3118.jpg,1,masks/leaf/9215387e3c3ccb933a1fbb43.png,pending,nonempty,Healthy3118.jpg,,Healthy3118.jpg,,c45c888be60791a0b6b35278f09b1d4f4465b745c9e2c0fd6c7726232d64ca93,healthy,,train,False,,pending,unknown,512
SAM3_auto,original,True,healthy:Healthy312.jpg,512,9d98f82b29d823b3caa742b0,healthy_source,/content/drive/MyDrive/Healthy/Healthy312.jpg,1,masks/leaf/9d98f82b29d823b3caa742b0.png,pending,nonempty,Healthy312.jpg,,Healthy312.jpg,,997d699c9e02a6b803633c6f1e1d4da6cc852677670cab4dde69854e2da7d2e6,healthy,,train,False,,pending,unknown,512
SAM3_auto,original,True,healthy:Healthy3120.jpg,512,88996211d96899cd67e861f3,healthy_source,/content/drive/MyDrive/Healthy/Healthy3120.jpg,1,masks/leaf/88996211d96899cd67e861f3.png,pending,nonempty,Healthy3120.jpg,,Healthy3120.jpg,,ad479be2483b72568c65971f2419026286afb83016800bb7267e9c899b8f1c96,healthy,,train,False,,pending,unknown,512
SAM3_auto,original,True,healthy:Healthy3121.jpg,512,051ed2fe99945e46878296f7,healthy_source,/content/drive/MyDrive/Healthy/Healthy3121.jpg,1,masks/leaf/051ed2fe99945e46878296f7.png,pending,nonempty,Healthy3121.jpg,,Healthy3121.jpg,,01b0dd9659cd4b4bb906723837010bb2d77d19472b19464f4c4370e277e834b4,healthy,,train,False,,pending,unknown,512
SAM3_auto,original,True,healthy:Healthy3122.jpg,512,cd7aa7baabaa35fad968b3cc,healthy_source,/content/drive/MyDrive/Healthy/Healthy3122.jpg,1,masks/leaf/cd7aa7baabaa35fad968b3cc.png,pending,nonempty,Healthy3122.jpg,,Healthy3122.jpg,,1a05c94d07d05ee71138d8f6c8be89972713b5b84547594f9e5155dcb2437baf,healthy,,train,False,,pending,unknown,512
SAM3_auto,original,True,healthy:Healthy3123.jpg,512,e46f318867baa69dc8c2c8ec,healthy_source,/content/drive/MyDrive/Healthy/Healthy3123.jpg,1,masks/leaf/e46f318867baa69dc8c2c8ec.png,pending,nonempty,Healthy3123.jpg,,Healthy3123.jpg,,5b5094bb48f1f1296f2aaf92b2c007ed9947b9ff2c89a52f34060e965d4db24d,healthy,,train,False,,pending,unknown,512
SAM3_auto,original,True,healthy:Healthy3126.jpg,512,fc9cbdcda943a0857836389e,healthy_source,/content/drive/MyDrive/Healthy/Healthy3126.jpg,1,masks/leaf/fc9cbdcda943a0857836389e.png,pending,nonempty,Healthy3126.jpg,,Healthy3126.jpg,,4ba3d629900474858c67efa708087ec14008346c2f2742131457257433049028,healthy,,train,False,,pending,unknown,512
SAM3_auto,original,True,healthy:Healthy3127.jpg,512,56e6a72043ae71aee12aa441,healthy_source,/content/drive/MyDrive/Healthy/Healthy3127.jpg,1,masks/leaf/56e6a72043ae71aee12aa441.png,pending,nonempty,Healthy3127.jpg,,Healthy3127.jpg,,60cd792575cddb13f1089c2d116a5a4547ba301daafd61c8f65f8d68aa5bc94c,healthy,,train,False,,pending,unknown,512
SAM3_auto,original,True,healthy:Healthy3128.jpg,512,583dc4d84acee7c9034e450a,healthy_source,/content/drive/MyDrive/Healthy/Healthy3128.jpg,1,masks/leaf/583dc4d84acee7c9034e450a.png,pending,nonempty,Healthy3128.jpg,,Healthy3128.jpg,,db8bc4f9e2f402250db8eab519dec9c73b88c8c571b32191869fcb4014cc6a92,healthy,,train,False,,pending,unknown,512
SAM3_auto,original,True,healthy:Healthy3130.jpg,512,cb08ad5a33618aa951b6fb38,healthy_source,/content/drive/MyDrive/Healthy/Healthy3130.jpg,1,masks/leaf/cb08ad5a33618aa951b6fb38.png,pending,nonempty,Healthy3130.jpg,,Healthy3130.jpg,,f008e3217d0ba1d442c28816301d7ca1a213d932cdd279655a9ad70f20b51b7f,healthy,,train,False,,pending,unknown,512
SAM3_auto,original,True,healthy:Healthy3132.jpg,512,805fc867b8b22c8b59a58f6a,healthy_source,/content/drive/MyDrive/Healthy/Healthy3132.jpg,1,masks/leaf/805fc867b8b22c8b59a58f6a.png,pending,nonempty,Healthy3132.jpg,,Healthy3132.jpg,,661a44fcee9b29e7c44dbfae3ab238d6c47de4f7acbf9cecc274651a4e69379f,healthy,,train,False,,pending,unknown,512
SAM3_auto,original,True,healthy:Healthy3133.jpg,512,780ea5c9b91f609c57ee48ab,healthy_source,/content/drive/MyDrive/Healthy/Healthy3133.jpg,1,masks/leaf/780ea5c9b91f609c57ee48ab.png,pending,nonempty,Healthy3133.jpg,,Healthy3133.jpg,,c8d85ddfbffcff26d7c2ac0b5f2deaa76feebc196190c263befc740bdae1c264,healthy,,train,False,,pending,unknown,512
SAM3_auto,original,True,healthy:Healthy3134.jpg,512,2cc9c14ec8d8bd6600a30563,healthy_source,/content/drive/MyDrive/Healthy/Healthy3134.jpg,1,masks/leaf/2cc9c14ec8d8bd6600a30563.png,pending,nonempty,Healthy3134.jpg,,Healthy3134.jpg,,5e93c60e897e58a8a1c3cc7211d171dc067e043d58f6776cb9b26c5c6c4fc8b6,healthy,,train,False,,pending,unknown,512
SAM3_auto,original,True,healthy:Healthy3135.jpg,512,dd9f4368f824fe8f139ac7f4,healthy_source,/content/drive/MyDrive/Healthy/Healthy3135.jpg,10,masks/leaf/dd9f4368f824fe8f139ac7f4.png,pending,nonempty,Healthy3135.jpg,,Healthy3135.jpg,,fd8e52ba78aa5267460a94d826d33ee6593baa23af6cf2f3a68fd2adac70c48c,healthy,,train,False,,pending,unknown,512
SAM3_auto,original,True,healthy:Healthy3138.jpg,512,755aecea14a6d8dbe17b150d,healthy_source,/content/drive/MyDrive/Healthy/Healthy3138.jpg,1,masks/leaf/755aecea14a6d8dbe17b150d.png,pending,nonempty,Healthy3138.jpg,,Healthy3138.jpg,,2fd9ccd693b08a0a927b7e2c0ef1c161d07e8000fed44f7a9dbc57a1162d50d8,healthy,,train,False,,pending,unknown,512
SAM3_auto,original,True,healthy:Healthy3139.jpg,512,0244a080d3e4b4c2da462852,healthy_source,/content/drive/MyDrive/Healthy/Healthy3139.jpg,1,masks/leaf/0244a080d3e4b4c2da462852.png,pending,nonempty,Healthy3139.jpg,,Healthy3139.jpg,,0813f6f12c490bac0837156567fbbfbec80c19e7e23167fde8a23212977acd96,healthy,,train,False,,pending,unknown,512
SAM3_auto,original,True,healthy:Healthy314.jpg,512,1842fb63ff1352036bbcf974,healthy_source,/content/drive/MyDrive/Healthy/Healthy314.jpg,4,masks/leaf/1842fb63ff1352036bbcf974.png,pending,nonempty,Healthy314.jpg,,Healthy314.jpg,,e29a322757f77eadbf116ac6476f453547d5e147b96f7bc7c379863769ff2e9c,healthy,,train,False,,pending,unknown,512
SAM3_auto,original,True,healthy:Healthy3140.jpg,512,d0c329959f1e3c866fa85e63,healthy_source,/content/drive/MyDrive/Healthy/Healthy3140.jpg,1,masks/leaf/d0c329959f1e3c866fa85e63.png,pending,nonempty,Healthy3140.jpg,,Healthy3140.jpg,,6242eb782e8b20c459c9ecee3675c3530592c60c5e991f8ae2ea46fc6a147d95,healthy,,train,False,,pending,unknown,512
SAM3_auto,original,True,healthy:Healthy3143.jpg,512,eae638da8cc27b8e9e74c3a3,healthy_source,/content/drive/MyDrive/Healthy/Healthy3143.jpg,1,masks/leaf/eae638da8cc27b8e9e74c3a3.png,pending,nonempty,Healthy3143.jpg,,Healthy3143.jpg,,6ece9048b041ad71d71f517ddde06f6cad05c1c73789786ae91f162f405488cf,healthy,,train,False,,pending,unknown,512
SAM3_auto,original,True,healthy:Healthy3145.jpg,512,060ce3f0ee6c00bcdbb73223,healthy_source,/content/drive/MyDrive/Healthy/Healthy3145.jpg,1,masks/leaf/060ce3f0ee6c00bcdbb73223.png,pending,nonempty,Healthy3145.jpg,,Healthy3145.jpg,,0c81f127d3823596fb29b79b2eca7412e0676005850097120c9d2336a8ee7551,healthy,,train,False,,pending,unknown,512
SAM3_auto,original,True,healthy:Healthy3146.jpg,512,216c8688f1a3d93feffc8d3c,healthy_source,/content/drive/MyDrive/Healthy/Healthy3146.jpg,1,masks/leaf/216c8688f1a3d93feffc8d3c.png,pending,nonempty,Healthy3146.jpg,,Healthy3146.jpg,,0318198f36d72fa7e107c7e6916b8a54e8763dd45f314050238043e78b305dc8,healthy,,train,False,,pending,unknown,512
SAM3_auto,original,True,healthy:Healthy3147.jpg,512,3ba6771db3fa90f71c135e2e,healthy_source,/content/drive/MyDrive/Healthy/Healthy3147.jpg,1,masks/leaf/3ba6771db3fa90f71c135e2e.png,pending,nonempty,Healthy3147.jpg,,Healthy3147.jpg,,45568036da69384ca3a53ab992a3e4a6a4a58cd03dad1c36ee6c1f3fac27baf0,healthy,,train,False,,pending,unknown,512
SAM3_auto,original,True,healthy:Healthy3148.jpg,512,f6bb4627edceb04ac492732a,healthy_source,/content/drive/MyDrive/Healthy/Healthy3148.jpg,1,masks/leaf/f6bb4627edceb04ac492732a.png,pending,nonempty,Healthy3148.jpg,,Healthy3148.jpg,,9111261ed69c7b78c33b7bb676b729c6bd99bf14bcbda3d160129d78e3a37cf2,healthy,,train,False,,pending,unknown,512
SAM3_auto,original,True,healthy:Healthy3149.jpg,512,4c1265ebff2fea05e564b13c,healthy_source,/content/drive/MyDrive/Healthy/Healthy3149.jpg,1,masks/leaf/4c1265ebff2fea05e564b13c.png,pending,nonempty,Healthy3149.jpg,,Healthy3149.jpg,,8f879f1a4a3e41cb936a0913682214ed0ac21b609a0e2ea3a20b14b44f124b6f,healthy,,train,False,,pending,unknown,512
SAM3_auto,original,True,healthy:Healthy315.jpg,512,c3a32b88f503f5440688ea6e,healthy_source,/content/drive/MyDrive/Healthy/Healthy315.jpg,1,masks/leaf/c3a32b88f503f5440688ea6e.png,pending,nonempty,Healthy315.jpg,,Healthy315.jpg,,8f88445fb59d18f1f4e4bf0c77bd2aa6ec21ca3c288b1c397c8b799e2ec355e4,healthy,,train,False,,pending,unknown,512
SAM3_auto,original,True,healthy:Healthy3150.jpg,512,b08d65a5a3727b0a1e328ad3,healthy_source,/content/drive/MyDrive/Healthy/Healthy3150.jpg,1,masks/leaf/b08d65a5a3727b0a1e328ad3.png,pending,nonempty,Healthy3150.jpg,,Healthy3150.jpg,,7c5d3c1563e0a95a38a604db8687eb2ed4d1143cb6356b6e623596946f5161d8,healthy,,train,False,,pending,unknown,512
SAM3_auto,original,True,healthy:Healthy3153.jpg,512,7363ebd7f931a13d16534236,healthy_source,/content/drive/MyDrive/Healthy/Healthy3153.jpg,2,masks/leaf/7363ebd7f931a13d16534236.png,pending,nonempty,Healthy3153.jpg,,Healthy3153.jpg,,55db6ed1d93f77ffb070a45d78e71e4b7b364913657ff4d47251809e85fb2290,healthy,,train,False,,pending,unknown,512
SAM3_auto,original,True,healthy:Healthy3154.jpg,512,7c22081bab6f35cae22369ca,healthy_source,/content/drive/MyDrive/Healthy/Healthy3154.jpg,1,masks/leaf/7c22081bab6f35cae22369ca.png,pending,nonempty,Healthy3154.jpg,,Healthy3154.jpg,,d5e58272bb414f9d2d353ec3761f60a44f3ce13ee8c609547c668d67cf0396c3,healthy,,train,False,,pending,unknown,512
SAM3_auto,original,True,healthy:Healthy3157.jpg,512,5a4043f3ba2d8d2f0889326f,healthy_source,/content/drive/MyDrive/Healthy/Healthy3157.jpg,17,masks/leaf/5a4043f3ba2d8d2f0889326f.png,pending,nonempty,Healthy3157.jpg,,Healthy3157.jpg,,32c6a3bca601c9439909ff727a20e657946956adb31f594532de417baebf3f3e,healthy,,train,False,,pending,unknown,512
SAM3_auto,original,True,healthy:Healthy3158.jpg,512,ee34e8b1eb7b177e90dbb211,healthy_source,/content/drive/MyDrive/Healthy/Healthy3158.jpg,1,masks/leaf/ee34e8b1eb7b177e90dbb211.png,pending,nonempty,Healthy3158.jpg,,Healthy3158.jpg,,a427524b5517346323fd6dad5d46affefea9ce5c702e9ec63eb8ec151a7c7d68,healthy,,train,False,,pending,unknown,512
SAM3_auto,original,True,healthy:Healthy3159.jpg,512,6e00fce2a4e2de4225c7604f,healthy_source,/content/drive/MyDrive/Healthy/Healthy3159.jpg,1,masks/leaf/6e00fce2a4e2de4225c7604f.png,pending,nonempty,Healthy3159.jpg,,Healthy3159.jpg,,7d63730cc356f325a5fc22126896278e83448cdec650e1b9b337e646104d5cfd,healthy,,train,False,,pending,unknown,512
SAM3_auto,original,True,healthy:Healthy3160.jpg,512,690b314dee9c362db5f97284,healthy_source,/content/drive/MyDrive/Healthy/Healthy3160.jpg,1,masks/leaf/690b314dee9c362db5f97284.png,pending,nonempty,Healthy3160.jpg,,Healthy3160.jpg,,1cd64d02c271da015f954b5b1b29da42f3475c25fca812553e399209856987d4,healthy,,train,False,,pending,unknown,512
SAM3_auto,original,True,healthy:Healthy3161.jpg,512,5df26665f6c04eac53efff72,healthy_source,/content/drive/MyDrive/Healthy/Healthy3161.jpg,3,masks/leaf/5df26665f6c04eac53efff72.png,pending,nonempty,Healthy3161.jpg,,Healthy3161.jpg,,d4937f4594e5bf51199147dfb3281e174d59dfe2a317eaeb7599e1cda45bbff0,healthy,,train,False,,pending,unknown,512
SAM3_auto,original,True,healthy:Healthy3162.jpg,512,c98b73d67b08c2c81ef1c1c5,healthy_source,/content/drive/MyDrive/Healthy/Healthy3162.jpg,1,masks/leaf/c98b73d67b08c2c81ef1c1c5.png,pending,nonempty,Healthy3162.jpg,,Healthy3162.jpg,,dfe1a54b7c2bc06b72db90236a9b93bbb101be9c75117cb9aef296d2571bdbde,healthy,,train,False,,pending,unknown,512
SAM3_auto,original,True,healthy:Healthy3163.jpg,512,169e93adac2e0d5284123b02,healthy_source,/content/drive/MyDrive/Healthy/Healthy3163.jpg,1,masks/leaf/169e93adac2e0d5284123b02.png,pending,nonempty,Healthy3163.jpg,,Healthy3163.jpg,,67e85c3526a47d64589b6f87be4d787135c9cf39ff1c6698e2c9e066cdac9462,healthy,,train,False,,pending,unknown,512
SAM3_auto,original,True,healthy:Healthy3164.jpg,512,22de1bc444c3a1f9479e8259,healthy_source,/content/drive/MyDrive/Healthy/Healthy3164.jpg,1,masks/leaf/22de1bc444c3a1f9479e8259.png,pending,nonempty,Healthy3164.jpg,,Healthy3164.jpg,,14be956c8338adb5594284bf706139a314867210930053784e4eb7adf13964d6,healthy,,train,False,,pending,unknown,512
SAM3_auto,original,True,healthy:Healthy3165.jpg,512,9f213c1ab0ebd05d8dd76f52,healthy_source,/content/drive/MyDrive/Healthy/Healthy3165.jpg,1,masks/leaf/9f213c1ab0ebd05d8dd76f52.png,pending,nonempty,Healthy3165.jpg,,Healthy3165.jpg,,9814366b0cf43049bf767b983af40616ea2706b5547e0e7779fc030120541bee,healthy,,train,False,,pending,unknown,512
SAM3_auto,original,True,healthy:Healthy3167.jpg,512,ba6eabedd6dee783aaa72979,healthy_source,/content/drive/MyDrive/Healthy/Healthy3167.jpg,1,masks/leaf/ba6eabedd6dee783aaa72979.png,pending,nonempty,Healthy3167.jpg,,Healthy3167.jpg,,f14b60444840de5152c0766768876e1e2f780ac311eac1b30cfe08faaa2de925,healthy,,train,False,,pending,unknown,512
SAM3_auto,original,True,healthy:Healthy3168.jpg,512,420926e4cc922c821b1676da,healthy_source,/content/drive/MyDrive/Healthy/Healthy3168.jpg,6,masks/leaf/420926e4cc922c821b1676da.png,pending,nonempty,Healthy3168.jpg,,Healthy3168.jpg,,235621b64afa0fed4771369d07973e8e2cc2777aee7eec1c95a55f452c30d107,healthy,,train,False,,pending,unknown,512
SAM3_auto,original,True,healthy:Healthy3169.jpg,512,0850873c19101fccc998706c,healthy_source,/content/drive/MyDrive/Healthy/Healthy3169.jpg,1,masks/leaf/0850873c19101fccc998706c.png,pending,nonempty,Healthy3169.jpg,,Healthy3169.jpg,,9da136278a2b57788d9ba23fabf3b8e07723c12708a6c6ac066b15337748bc7e,healthy,,train,False,,pending,unknown,512
SAM3_auto,original,True,healthy:Healthy3171.jpg,512,739c72018c0f2e0b0338c0c7,healthy_source,/content/drive/MyDrive/Healthy/Healthy3171.jpg,1,masks/leaf/739c72018c0f2e0b0338c0c7.png,pending,nonempty,Healthy3171.jpg,,Healthy3171.jpg,,5e8571cea7a1dadf81a4683c27fb49d98915cd4624a9aff558a1f2bea618b426,healthy,,train,False,,pending,unknown,512
SAM3_auto,original,True,healthy:Healthy3174.jpg,512,2ecab2df95f9af639e6edf90,healthy_source,/content/drive/MyDrive/Healthy/Healthy3174.jpg,1,masks/leaf/2ecab2df95f9af639e6edf90.png,pending,nonempty,Healthy3174.jpg,,Healthy3174.jpg,,3560ca7e5ad36ec2ee82cb52693605ae1da78d41e9407f9c67b1e4aee7f5106e,healthy,,train,False,,pending,unknown,512
SAM3_auto,original,True,healthy:Healthy3175.jpg,512,180d9d84dbfd8c5a005d5e5b,healthy_source,/content/drive/MyDrive/Healthy/Healthy3175.jpg,1,masks/leaf/180d9d84dbfd8c5a005d5e5b.png,pending,nonempty,Healthy3175.jpg,,Healthy3175.jpg,,6aedb208ba4519128ce856f26ea5264e82221853a4be8cdcfdf97df73edd14c5,healthy,,train,False,,pending,unknown,512
SAM3_auto,original,True,healthy:Healthy3176.jpg,512,85a1711b3e8b9ea76babc048,healthy_source,/content/drive/MyDrive/Healthy/Healthy3176.jpg,1,masks/leaf/85a1711b3e8b9ea76babc048.png,pending,nonempty,Healthy3176.jpg,,Healthy3176.jpg,,59eb5939343b23cb861feabd365d5422b6896f92b29c6a81acdc2bfb2b954f6f,healthy,,train,False,,pending,unknown,512
SAM3_auto,original,True,healthy:Healthy3177.jpg,512,591a24d88d3641c48812dcb1,healthy_source,/content/drive/MyDrive/Healthy/Healthy3177.jpg,1,masks/leaf/591a24d88d3641c48812dcb1.png,pending,nonempty,Healthy3177.jpg,,Healthy3177.jpg,,90daf3f73c01e3ef55da3258a5a6c9ddf3ce41b479ad41e4820f3290bc480868,healthy,,train,False,,pending,unknown,512
SAM3_auto,original,True,healthy:Healthy3179.jpg,512,2856831d33b4680ba21b72f5,healthy_source,/content/drive/MyDrive/Healthy/Healthy3179.jpg,13,masks/leaf/2856831d33b4680ba21b72f5.png,pending,nonempty,Healthy3179.jpg,,Healthy3179.jpg,,6242f7305351bc703f8c169e1852e1a1e078258d9ff729d90be873baa7f8ea28,healthy,,train,False,,pending,unknown,512
SAM3_auto,original,True,healthy:Healthy3180.jpg,512,d204b30cdbfd1bd8639d652e,healthy_source,/content/drive/MyDrive/Healthy/Healthy3180.jpg,1,masks/leaf/d204b30cdbfd1bd8639d652e.png,pending,nonempty,Healthy3180.jpg,,Healthy3180.jpg,,27123378c64049bd0d5e6f79ac25e5fa224e13ff34996e7ead780a57158161ab,healthy,,train,False,,pending,unknown,512
SAM3_auto,original,True,healthy:Healthy3181.jpg,512,1e020103eb2fd73b46628724,healthy_source,/content/drive/MyDrive/Healthy/Healthy3181.jpg,1,masks/leaf/1e020103eb2fd73b46628724.png,pending,nonempty,Healthy3181.jpg,,Healthy3181.jpg,,eb8ec6f074e2a3586efc2d2dd1c3e0aafa390bb2bfe41029c2236ffd27082bd5,healthy,,train,False,,pending,unknown,512
SAM3_auto,original,True,healthy:Healthy3182.jpg,512,ae7c775603abe97fe8116410,healthy_source,/content/drive/MyDrive/Healthy/Healthy3182.jpg,1,masks/leaf/ae7c775603abe97fe8116410.png,pending,nonempty,Healthy3182.jpg,,Healthy3182.jpg,,565d3d59842b9428cab08eee652a9f4f502fe526d9c5c683013b2ca85e60e43d,healthy,,train,False,,pending,unknown,512
SAM3_auto,original,True,healthy:Healthy3183.jpg,512,57cf928fc90a81a5b621c16d,healthy_source,/content/drive/MyDrive/Healthy/Healthy3183.jpg,1,masks/leaf/57cf928fc90a81a5b621c16d.png,pending,nonempty,Healthy3183.jpg,,Healthy3183.jpg,,331449611e9d49e3411b55664c1627c601e401661a3e730d9b241ad4584c3a58,healthy,,train,False,,pending,unknown,512
SAM3_auto,original,True,healthy:Healthy3184.jpg,512,7fbe665d551d5bd46bd0b0e3,healthy_source,/content/drive/MyDrive/Healthy/Healthy3184.jpg,1,masks/leaf/7fbe665d551d5bd46bd0b0e3.png,pending,nonempty,Healthy3184.jpg,,Healthy3184.jpg,,1eeacf8868d122a3ed30a0daf87979e24f193fd3f08cf20ca315f22c51422b74,healthy,,train,False,,pending,unknown,512
SAM3_auto,original,True,healthy:Healthy3186.jpg,512,18688285ef62efbc050ca38e,healthy_source,/content/drive/MyDrive/Healthy/Healthy3186.jpg,1,masks/leaf/18688285ef62efbc050ca38e.png,pending,nonempty,Healthy3186.jpg,,Healthy3186.jpg,,c9a672857337d9e62d7746c8003de02419c350506a7a001b6e8e9e6b6a9dd9d1,healthy,,train,False,,pending,unknown,512
SAM3_auto,original,True,healthy:Healthy3190.jpg,512,3304f682babae3f4983c5a28,healthy_source,/content/drive/MyDrive/Healthy/Healthy3190.jpg,15,masks/leaf/3304f682babae3f4983c5a28.png,pending,nonempty,Healthy3190.jpg,,Healthy3190.jpg,,4e0091e000d1fc0da3c1e50b726d13a84508d231f9b85c4099b1d262caf2a21b,healthy,,train,False,,pending,unknown,512
SAM3_auto,original,True,healthy:Healthy3191.jpg,512,c9db29cdaaeea5ec01115145,healthy_source,/content/drive/MyDrive/Healthy/Healthy3191.jpg,1,masks/leaf/c9db29cdaaeea5ec01115145.png,pending,nonempty,Healthy3191.jpg,,Healthy3191.jpg,,7dfc2db50608ab34c80842fea438d30d76b3d91e2142a23665b80fd43a1110f8,healthy,,train,False,,pending,unknown,512
SAM3_auto,original,True,healthy:Healthy3193.jpg,512,65f37c683d41ab610e754fdd,healthy_source,/content/drive/MyDrive/Healthy/Healthy3193.jpg,1,masks/leaf/65f37c683d41ab610e754fdd.png,pending,nonempty,Healthy3193.jpg,,Healthy3193.jpg,,d39fe60151539029424e4a7ada7107454400ae5ef11506ba39c0cbb87242b547,healthy,,train,False,,pending,unknown,512
SAM3_auto,original,True,healthy:Healthy3195.jpg,512,59157e818fc6ba9e3bbf24d1,healthy_source,/content/drive/MyDrive/Healthy/Healthy3195.jpg,1,masks/leaf/59157e818fc6ba9e3bbf24d1.png,pending,nonempty,Healthy3195.jpg,,Healthy3195.jpg,,3b7045ce44be734a85eb3f1774879e04959fc8d498b995b1bd9540aebcafeeb7,healthy,,train,False,,pending,unknown,512
SAM3_auto,original,True,healthy:Healthy3196.jpg,512,7b4fd80cf0733400cf2a3438,healthy_source,/content/drive/MyDrive/Healthy/Healthy3196.jpg,1,masks/leaf/7b4fd80cf0733400cf2a3438.png,pending,nonempty,Healthy3196.jpg,,Healthy3196.jpg,,9b654d5768c86ae687ddadd723634b43b3f945de6ce003fc9651c2aed24333ed,healthy,,train,False,,pending,unknown,512
SAM3_auto,original,True,healthy:Healthy3197.jpg,512,1237e150ef93cb70f5534659,healthy_source,/content/drive/MyDrive/Healthy/Healthy3197.jpg,1,masks/leaf/1237e150ef93cb70f5534659.png,pending,nonempty,Healthy3197.jpg,,Healthy3197.jpg,,5121b56b1e3f2a6ac1ad91ae0f0bf2c29e5b045c9d9e65f4a163b2b85bf1435b,healthy,,train,False,,pending,unknown,512
SAM3_auto,original,True,healthy:Healthy3199.jpg,512,a8e8c67559306bd1d550dbd9,healthy_source,/content/drive/MyDrive/Healthy/Healthy3199.jpg,1,masks/leaf/a8e8c67559306bd1d550dbd9.png,pending,nonempty,Healthy3199.jpg,,Healthy3199.jpg,,5bff4578b742a732c22e30365da8a131d13631f67d115a748fd7bc716427436e,healthy,,train,False,,pending,unknown,512
SAM3_auto,original,True,healthy:Healthy32.jpg,512,9186a0bf19bed2f073fb09f1,healthy_source,/content/drive/MyDrive/Healthy/Healthy32.jpg,1,masks/leaf/9186a0bf19bed2f073fb09f1.png,pending,nonempty,Healthy32.jpg,,Healthy32.jpg,,017737c5e61235b599cfcd4e5e9a614d83a8fc7ff64b73097ad0b25bf297ddfb,healthy,,train,False,,pending,unknown,512
SAM3_auto,original,True,healthy:Healthy320.jpg,512,9b1f654e46e85ddbe61efef0,healthy_source,/content/drive/MyDrive/Healthy/Healthy320.jpg,1,masks/leaf/9b1f654e46e85ddbe61efef0.png,pending,nonempty,Healthy320.jpg,,Healthy320.jpg,,2f2793e5ed21bfc9e923bf4cb338a46a348bc8cb6d414bcd21cc39fe276e0538,healthy,,train,False,,pending,unknown,512
SAM3_auto,original,True,healthy:Healthy3200.jpg,512,1171b2286422d23a0e458dc1,healthy_source,/content/drive/MyDrive/Healthy/Healthy3200.jpg,1,masks/leaf/1171b2286422d23a0e458dc1.png,pending,nonempty,Healthy3200.jpg,,Healthy3200.jpg,,d2e62c2284fcd46b6b17e77c0aa16e844ec18f7dffbade58aaecb44da87f1d09,healthy,,train,False,,pending,unknown,512
SAM3_auto,original,True,healthy:Healthy3202.jpg,512,9d91365f78915329564134bd,healthy_source,/content/drive/MyDrive/Healthy/Healthy3202.jpg,1,masks/leaf/9d91365f78915329564134bd.png,pending,nonempty,Healthy3202.jpg,,Healthy3202.jpg,,6e4f6bdcce06a8cedd8b798ee656ce1b1459dd6cf74bebfba5fe0c558e7de08f,healthy,,train,False,,pending,unknown,512
SAM3_auto,original,True,healthy:Healthy3204.jpg,512,28f6c7db4cefee64faa5e7bf,healthy_source,/content/drive/MyDrive/Healthy/Healthy3204.jpg,2,masks/leaf/28f6c7db4cefee64faa5e7bf.png,pending,nonempty,Healthy3204.jpg,,Healthy3204.jpg,,de8940bf92aca84cb08724a5adaef36c87af986db7bce4f2eadac6631de7b3b1,healthy,,train,False,,pending,unknown,512
SAM3_auto,original,True,healthy:Healthy3205.jpg,512,cf399f103a2aade264983b00,healthy_source,/content/drive/MyDrive/Healthy/Healthy3205.jpg,1,masks/leaf/cf399f103a2aade264983b00.png,pending,nonempty,Healthy3205.jpg,,Healthy3205.jpg,,706693a37998e95db60dc98bb7f43d72b8880a925b3da6ddafb313d906da1071,healthy,,train,False,,pending,unknown,512
SAM3_auto,original,True,healthy:Healthy3206.jpg,512,642e89a095e1ce500730f325,healthy_source,/content/drive/MyDrive/Healthy/Healthy3206.jpg,1,masks/leaf/642e89a095e1ce500730f325.png,pending,nonempty,Healthy3206.jpg,,Healthy3206.jpg,,a96207c378fc1ad53b0999da72948c73f95444c762b1ea75d3d073362eb81245,healthy,,train,False,,pending,unknown,512
SAM3_auto,original,True,healthy:Healthy3207.jpg,512,5e532fc3d68133be1499b5b8,healthy_source,/content/drive/MyDrive/Healthy/Healthy3207.jpg,1,masks/leaf/5e532fc3d68133be1499b5b8.png,pending,nonempty,Healthy3207.jpg,,Healthy3207.jpg,,1082bbd836f82203b5af466883d06c2383489d2d88d68415204b99bce3efcec6,healthy,,train,False,,pending,unknown,512
SAM3_auto,original,True,healthy:Healthy3208.jpg,512,acf6bce3be521ccea1fdb398,healthy_source,/content/drive/MyDrive/Healthy/Healthy3208.jpg,1,masks/leaf/acf6bce3be521ccea1fdb398.png,pending,nonempty,Healthy3208.jpg,,Healthy3208.jpg,,96e32463caee66b67d67847961a422e82d4c74a78d2df954bb8c63d910c32f98,healthy,,train,False,,pending,unknown,512
SAM3_auto,original,True,healthy:Healthy3210.jpg,512,addd8d7b8e9cac1d2b70f81d,healthy_source,/content/drive/MyDrive/Healthy/Healthy3210.jpg,1,masks/leaf/addd8d7b8e9cac1d2b70f81d.png,pending,nonempty,Healthy3210.jpg,,Healthy3210.jpg,,4304b3ecab8eeca4e63b38bd3810c1f51f56ca0fe4013d3f14b733e7eca0ea56,healthy,,train,False,,pending,unknown,512
SAM3_auto,original,True,healthy:Healthy3212.jpg,512,2d15b530b5c943bbdb53d820,healthy_source,/content/drive/MyDrive/Healthy/Healthy3212.jpg,1,masks/leaf/2d15b530b5c943bbdb53d820.png,pending,nonempty,Healthy3212.jpg,,Healthy3212.jpg,,c39f15992eb066cf76b7b36e6871b7a271afec8aaed6eb1f92b9f872bdda9ae0,healthy,,train,False,,pending,unknown,512
SAM3_auto,original,True,healthy:Healthy3213.jpg,512,672f1e64522a4bf54480a2ca,healthy_source,/content/drive/MyDrive/Healthy/Healthy3213.jpg,1,masks/leaf/672f1e64522a4bf54480a2ca.png,pending,nonempty,Healthy3213.jpg,,Healthy3213.jpg,,76227e951982db604f69bf11e29aba80b562bd31bdd464bfe8a56367fc65a3a0,healthy,,train,False,,pending,unknown,512
SAM3_auto,original,True,healthy:Healthy3214.jpg,512,3fa10e85393f369ffc5b8d57,healthy_source,/content/drive/MyDrive/Healthy/Healthy3214.jpg,1,masks/leaf/3fa10e85393f369ffc5b8d57.png,pending,nonempty,Healthy3214.jpg,,Healthy3214.jpg,,81d5e98825e50d451e1bf2820a8c13f1746373ee80df98c6de6ab1e4700f1389,healthy,,train,False,,pending,unknown,512
SAM3_auto,original,True,healthy:Healthy3216.jpg,512,de2860983aa28ebced67a9aa,healthy_source,/content/drive/MyDrive/Healthy/Healthy3216.jpg,1,masks/leaf/de2860983aa28ebced67a9aa.png,pending,nonempty,Healthy3216.jpg,,Healthy3216.jpg,,06f8fc62b5141b91da53d824674e2f3130dd5cf71826473e02c27b03b6785e08,healthy,,train,False,,pending,unknown,512
SAM3_auto,original,True,healthy:Healthy3217.jpg,512,bce54189aa8c15e903ddcbe4,healthy_source,/content/drive/MyDrive/Healthy/Healthy3217.jpg,1,masks/leaf/bce54189aa8c15e903ddcbe4.png,pending,nonempty,Healthy3217.jpg,,Healthy3217.jpg,,86770cf16d5161bf98680072b023f7a681e33a1a66d264759ca8ba2d40dbabec,healthy,,train,False,,pending,unknown,512
SAM3_auto,original,True,healthy:Healthy3218.jpg,512,033f7197516916f22c721061,healthy_source,/content/drive/MyDrive/Healthy/Healthy3218.jpg,1,masks/leaf/033f7197516916f22c721061.png,pending,nonempty,Healthy3218.jpg,,Healthy3218.jpg,,60d1aacc6d95bf9715a1ec5638edb17eaa8cd961d4f1fc6347a01e1330b65b7f,healthy,,train,False,,pending,unknown,512
SAM3_auto,original,True,healthy:Healthy322.jpg,512,0d41058b5d7d38e04578e1ef,healthy_source,/content/drive/MyDrive/Healthy/Healthy322.jpg,1,masks/leaf/0d41058b5d7d38e04578e1ef.png,pending,nonempty,Healthy322.jpg,,Healthy322.jpg,,8c92d8d1bca2dc1ed5667d14ebda6cd20b222b631c2a3c3a2f1eae6b85ccf23d,healthy,,train,False,,pending,unknown,512
SAM3_auto,original,True,healthy:Healthy3220.jpg,512,87bfdc359cf0071e622e2dd4,healthy_source,/content/drive/MyDrive/Healthy/Healthy3220.jpg,1,masks/leaf/87bfdc359cf0071e622e2dd4.png,pending,nonempty,Healthy3220.jpg,,Healthy3220.jpg,,3bb13aa8f4272f1799e3e50fce8ad6634682052870f129a181ee63c745964991,healthy,,train,False,,pending,unknown,512
SAM3_auto,original,True,healthy:Healthy3222.jpg,512,68763c739f7cc6f82c239fa3,healthy_source,/content/drive/MyDrive/Healthy/Healthy3222.jpg,1,masks/leaf/68763c739f7cc6f82c239fa3.png,pending,nonempty,Healthy3222.jpg,,Healthy3222.jpg,,9f93ff72e7c441813f054c55a960be03341c6ee50c0cc718e5d79569368612c9,healthy,,train,False,,pending,unknown,512
SAM3_auto,original,True,healthy:Healthy3223.jpg,512,cad1b5422e40178306484c65,healthy_source,/content/drive/MyDrive/Healthy/Healthy3223.jpg,1,masks/leaf/cad1b5422e40178306484c65.png,pending,nonempty,Healthy3223.jpg,,Healthy3223.jpg,,ed11ea71705159947962c44f9e1d146ce7fdb990bd0441b53484cd33612880bd,healthy,,train,False,,pending,unknown,512
SAM3_auto,original,True,healthy:Healthy3224.jpg,512,f66fbffffaa5b917c3ed90ed,healthy_source,/content/drive/MyDrive/Healthy/Healthy3224.jpg,1,masks/leaf/f66fbffffaa5b917c3ed90ed.png,pending,nonempty,Healthy3224.jpg,,Healthy3224.jpg,,06a30f7c6f4fa16df56131014c2c1342a664137283a5fc645be49942ca8566e8,healthy,,train,False,,pending,unknown,512
SAM3_auto,original,True,healthy:Healthy3229.jpg,512,b07f29ee37a0dc0b54b24ba1,healthy_source,/content/drive/MyDrive/Healthy/Healthy3229.jpg,1,masks/leaf/b07f29ee37a0dc0b54b24ba1.png,pending,nonempty,Healthy3229.jpg,,Healthy3229.jpg,,530b38cc58ed922efc70d420c7117ccd3ea04df2efa134ec4eb11c178d643f09,healthy,,train,False,,pending,unknown,512
SAM3_auto,original,True,healthy:Healthy323.jpg,512,6ab608a6ee1f217402238668,healthy_source,/content/drive/MyDrive/Healthy/Healthy323.jpg,1,masks/leaf/6ab608a6ee1f217402238668.png,pending,nonempty,Healthy323.jpg,,Healthy323.jpg,,c01f42c9ed8443b34ae608a445fb804a5ba8fe847f9d92c2b1fc79c96aaae0f6,healthy,,train,False,,pending,unknown,512
SAM3_auto,original,True,healthy:Healthy3231.jpg,512,06fa53d36b604621da4c548a,healthy_source,/content/drive/MyDrive/Healthy/Healthy3231.jpg,1,masks/leaf/06fa53d36b604621da4c548a.png,pending,nonempty,Healthy3231.jpg,,Healthy3231.jpg,,2cc1f4c71dc4700df846288d1870a085f012130615b10f08b786ef74a4485b86,healthy,,train,False,,pending,unknown,512
SAM3_auto,original,True,healthy:Healthy3232.jpg,512,8397d30b2244c7a53c83d15f,healthy_source,/content/drive/MyDrive/Healthy/Healthy3232.jpg,1,masks/leaf/8397d30b2244c7a53c83d15f.png,pending,nonempty,Healthy3232.jpg,,Healthy3232.jpg,,152b68ec03a0d42d49935b35d2d883483c5bfa3f7898f692205e57bd29bccfec,healthy,,train,False,,pending,unknown,512
SAM3_auto,original,True,healthy:Healthy3234.jpg,512,1d73b3c803fe437922e2c16f,healthy_source,/content/drive/MyDrive/Healthy/Healthy3234.jpg,1,masks/leaf/1d73b3c803fe437922e2c16f.png,pending,nonempty,Healthy3234.jpg,,Healthy3234.jpg,,1b1fcfe247890a8239aa6a1ca63050266cb35c6e1f0cf69f444991744162be14,healthy,,train,False,,pending,unknown,512
SAM3_auto,original,True,healthy:Healthy3239.jpg,512,de531f474480b17f6ca66a3b,healthy_source,/content/drive/MyDrive/Healthy/Healthy3239.jpg,1,masks/leaf/de531f474480b17f6ca66a3b.png,pending,nonempty,Healthy3239.jpg,,Healthy3239.jpg,,315c6ece8209ff30790d3413e2bad7558bac2d0bfc2683bc0bf801af750e13c1,healthy,,train,False,,pending,unknown,512
SAM3_auto,original,True,healthy:Healthy3240.jpg,512,a6455b40f228b67306b9d713,healthy_source,/content/drive/MyDrive/Healthy/Healthy3240.jpg,1,masks/leaf/a6455b40f228b67306b9d713.png,pending,nonempty,Healthy3240.jpg,,Healthy3240.jpg,,d4655f78ebbd9085dc0903fb810463bef41a3ced89430a63be2246246236fc46,healthy,,train,False,,pending,unknown,512
SAM3_auto,original,True,healthy:Healthy3241.jpg,512,266401993921f3dfe1f095fa,healthy_source,/content/drive/MyDrive/Healthy/Healthy3241.jpg,1,masks/leaf/266401993921f3dfe1f095fa.png,pending,nonempty,Healthy3241.jpg,,Healthy3241.jpg,,5887a35d0ad4f5a159bb23345c94b962fcd8117da5bfcccb2b976c1e347c458a,healthy,,train,False,,pending,unknown,512
SAM3_auto,original,True,healthy:Healthy3242.jpg,512,83b0e51d570c090d91579b24,healthy_source,/content/drive/MyDrive/Healthy/Healthy3242.jpg,1,masks/leaf/83b0e51d570c090d91579b24.png,pending,nonempty,Healthy3242.jpg,,Healthy3242.jpg,,9b016d7415fc3bf861c7242fe08d25459fa752db2cee2eb4cda6b7665ce1c035,healthy,,train,False,,pending,unknown,512
SAM3_auto,original,True,healthy:Healthy3244.jpg,512,7f664055d363affe9c7c5347,healthy_source,/content/drive/MyDrive/Healthy/Healthy3244.jpg,1,masks/leaf/7f664055d363affe9c7c5347.png,pending,nonempty,Healthy3244.jpg,,Healthy3244.jpg,,c2ef13d0ab7e8ed78b1ef535e2d750570f9e44623267c2df7ea658658af8da23,healthy,,train,False,,pending,unknown,512
SAM3_auto,original,True,healthy:Healthy3245.jpg,512,a2d76883b6a22ff731881180,healthy_source,/content/drive/MyDrive/Healthy/Healthy3245.jpg,2,masks/leaf/a2d76883b6a22ff731881180.png,pending,nonempty,Healthy3245.jpg,,Healthy3245.jpg,,415402a2a8e685767e4afb73291e63d0da0b4774f305ec7d4bcad91565f2bd8a,healthy,,train,False,,pending,unknown,512
SAM3_auto,original,True,healthy:Healthy3246.jpg,512,373c2ef65e3b626731b91e14,healthy_source,/content/drive/MyDrive/Healthy/Healthy3246.jpg,24,masks/leaf/373c2ef65e3b626731b91e14.png,pending,nonempty,Healthy3246.jpg,,Healthy3246.jpg,,f9b4df604852d6bee2ffb123559a08f4018e89c33af657dd77396940aefa8726,healthy,,train,False,,pending,unknown,512
SAM3_auto,original,True,healthy:Healthy325.jpg,512,db7ac7f3f68d31036c77e352,healthy_source,/content/drive/MyDrive/Healthy/Healthy325.jpg,1,masks/leaf/db7ac7f3f68d31036c77e352.png,pending,nonempty,Healthy325.jpg,,Healthy325.jpg,,b7f68b49c2907d6560614b810bb7b03d797a709fc0f09d99d82eed527de63d72,healthy,,train,False,,pending,unknown,512
SAM3_auto,original,True,healthy:Healthy3250.jpg,512,ef37bddc0503e5e4a5808708,healthy_source,/content/drive/MyDrive/Healthy/Healthy3250.jpg,1,masks/leaf/ef37bddc0503e5e4a5808708.png,pending,nonempty,Healthy3250.jpg,,Healthy3250.jpg,,dce68f2c1dd165ae3bfe67d0e0b2db3e4fb9bc9d697c500c633505b8fa6bfb02,healthy,,train,False,,pending,unknown,512
SAM3_auto,original,True,healthy:Healthy3251.jpg,512,ce3744b65e553e6e860afb70,healthy_source,/content/drive/MyDrive/Healthy/Healthy3251.jpg,1,masks/leaf/ce3744b65e553e6e860afb70.png,pending,nonempty,Healthy3251.jpg,,Healthy3251.jpg,,7d8420f4e65e3e52d86196a1aff4287f687641bdf4c839f645ad97ed658b4e7d,healthy,,train,False,,pending,unknown,512
SAM3_auto,original,True,healthy:Healthy3252.jpg,512,116aa16206bdd70de9607543,healthy_source,/content/drive/MyDrive/Healthy/Healthy3252.jpg,4,masks/leaf/116aa16206bdd70de9607543.png,pending,nonempty,Healthy3252.jpg,,Healthy3252.jpg,,f5961d24a138dc8494b0cdc62786d42b0a30b40d6b04fcc21b4d1b11b6ba9181,healthy,,train,False,,pending,unknown,512
SAM3_auto,original,True,healthy:Healthy3253.jpg,512,c02004132aa221dd2f652d6d,healthy_source,/content/drive/MyDrive/Healthy/Healthy3253.jpg,1,masks/leaf/c02004132aa221dd2f652d6d.png,pending,nonempty,Healthy3253.jpg,,Healthy3253.jpg,,fee987f17d7556f9766df2ab6530b5d2142bff056f4095b9cc7de8475b673202,healthy,,train,False,,pending,unknown,512
SAM3_auto,original,True,healthy:Healthy3254.jpg,512,03e86ca85b2ff86bf1dcbea9,healthy_source,/content/drive/MyDrive/Healthy/Healthy3254.jpg,1,masks/leaf/03e86ca85b2ff86bf1dcbea9.png,pending,nonempty,Healthy3254.jpg,,Healthy3254.jpg,,0c51b1bf1bba7443c5152a2b171224c5dbbcb5256a370ce09905a2e540ddf550,healthy,,train,False,,pending,unknown,512
SAM3_auto,original,True,healthy:Healthy3255.jpg,512,b8d638e29aa14b82399c0563,healthy_source,/content/drive/MyDrive/Healthy/Healthy3255.jpg,1,masks/leaf/b8d638e29aa14b82399c0563.png,pending,nonempty,Healthy3255.jpg,,Healthy3255.jpg,,dfc133c39301bc56db5308f2df081937f8b404b37dc7236f350aba778a24421d,healthy,,train,False,,pending,unknown,512
SAM3_auto,original,True,healthy:Healthy3256.jpg,512,bda863fc03bc2b6db6c92ae0,healthy_source,/content/drive/MyDrive/Healthy/Healthy3256.jpg,1,masks/leaf/bda863fc03bc2b6db6c92ae0.png,pending,nonempty,Healthy3256.jpg,,Healthy3256.jpg,,e1f2366a1dd138afb3f94ef9779fa579c79ce7fab776fbde8428bca3ae50dab9,healthy,,train,False,,pending,unknown,512
SAM3_auto,original,True,healthy:Healthy3257.jpg,512,ec5896d5260e1cb2e21115ea,healthy_source,/content/drive/MyDrive/Healthy/Healthy3257.jpg,1,masks/leaf/ec5896d5260e1cb2e21115ea.png,pending,nonempty,Healthy3257.jpg,,Healthy3257.jpg,,69b1756539f7566526c1451806d304b8aa7267f3691661d98ca9e145fc38140d,healthy,,train,False,,pending,unknown,512
SAM3_auto,original,True,healthy:Healthy3258.jpg,512,cb2c6a92972773efc620f688,healthy_source,/content/drive/MyDrive/Healthy/Healthy3258.jpg,1,masks/leaf/cb2c6a92972773efc620f688.png,pending,nonempty,Healthy3258.jpg,,Healthy3258.jpg,,b7eb3dac78d025fcd3055ba44a9e314c98a297629f91679c6518a283d9e12d5b,healthy,,train,False,,pending,unknown,512
SAM3_auto,original,True,healthy:Healthy3259.jpg,512,d95a34cb58d2ae75fb4355db,healthy_source,/content/drive/MyDrive/Healthy/Healthy3259.jpg,1,masks/leaf/d95a34cb58d2ae75fb4355db.png,pending,nonempty,Healthy3259.jpg,,Healthy3259.jpg,,8e89348948f30534b7ac4e5226ea110e69c5ecc76a26c886967434f3ac9a8b42,healthy,,train,False,,pending,unknown,512
SAM3_auto,original,True,healthy:Healthy326.jpg,512,96c6f48bee163f964ae5e481,healthy_source,/content/drive/MyDrive/Healthy/Healthy326.jpg,1,masks/leaf/96c6f48bee163f964ae5e481.png,pending,nonempty,Healthy326.jpg,,Healthy326.jpg,,74b36580a5b7bd08ee38f5adf9b7f066557fdb5567878d7cec2f429b2c36fb45,healthy,,train,False,,pending,unknown,512
SAM3_auto,original,True,healthy:Healthy3260.jpg,512,d516b75b4fe9029ec96e8a99,healthy_source,/content/drive/MyDrive/Healthy/Healthy3260.jpg,1,masks/leaf/d516b75b4fe9029ec96e8a99.png,pending,nonempty,Healthy3260.jpg,,Healthy3260.jpg,,e71cb6992f2d478e64f69a37c834721cf0cc17aed462c4b17594ec467da68509,healthy,,train,False,,pending,unknown,512
SAM3_auto,original,True,healthy:Healthy3261.jpg,512,7d1a317f9fee32b9efb5be98,healthy_source,/content/drive/MyDrive/Healthy/Healthy3261.jpg,1,masks/leaf/7d1a317f9fee32b9efb5be98.png,pending,nonempty,Healthy3261.jpg,,Healthy3261.jpg,,e73b42105d94d299f849e346aa99f51f717eb81bf0e256e93dc2f6482106568c,healthy,,train,False,,pending,unknown,512
SAM3_auto,original,True,healthy:Healthy3262.jpg,512,690fcf3a0d1811ddecb89459,healthy_source,/content/drive/MyDrive/Healthy/Healthy3262.jpg,1,masks/leaf/690fcf3a0d1811ddecb89459.png,pending,nonempty,Healthy3262.jpg,,Healthy3262.jpg,,749a857f6debf4ba8a4f11077cc4602d7fc93cf79eb617bac692ade940988bc2,healthy,,train,False,,pending,unknown,512
SAM3_auto,original,True,healthy:Healthy3263.jpg,512,47775fe39555cc80b95f790c,healthy_source,/content/drive/MyDrive/Healthy/Healthy3263.jpg,1,masks/leaf/47775fe39555cc80b95f790c.png,pending,nonempty,Healthy3263.jpg,,Healthy3263.jpg,,dcb64feec56c7f031318d3b90dcad76650b9badf67e37cec175b16108985fb99,healthy,,train,False,,pending,unknown,512
SAM3_auto,original,True,healthy:Healthy3264.jpg,512,0842a00378320dbdafec4b3c,healthy_source,/content/drive/MyDrive/Healthy/Healthy3264.jpg,1,masks/leaf/0842a00378320dbdafec4b3c.png,pending,nonempty,Healthy3264.jpg,,Healthy3264.jpg,,9f8df8824869927b28c94f034a9f5c7cd5ce82efd4569d5c16aad38b8449bb44,healthy,,train,False,,pending,unknown,512
SAM3_auto,original,True,healthy:Healthy3266.jpg,512,0f6e27938677a4b058411ea1,healthy_source,/content/drive/MyDrive/Healthy/Healthy3266.jpg,1,masks/leaf/0f6e27938677a4b058411ea1.png,pending,nonempty,Healthy3266.jpg,,Healthy3266.jpg,,3548fd746c51e20e5a7dd7b93bbe63706d8e05723a3f16d6cc8f1a49b32f8604,healthy,,train,False,,pending,unknown,512
SAM3_auto,original,True,healthy:Healthy3268.jpg,512,427b9a2da303e635c25ba6c0,healthy_source,/content/drive/MyDrive/Healthy/Healthy3268.jpg,1,masks/leaf/427b9a2da303e635c25ba6c0.png,pending,nonempty,Healthy3268.jpg,,Healthy3268.jpg,,77626c58c24cc74024579cf5e9b71cd2b089c0b015bf4ba057c4a6a56e29949d,healthy,,train,False,,pending,unknown,512
SAM3_auto,original,True,healthy:Healthy3270.jpg,512,8c3ca2d05f845ec6f82241b7,healthy_source,/content/drive/MyDrive/Healthy/Healthy3270.jpg,1,masks/leaf/8c3ca2d05f845ec6f82241b7.png,pending,nonempty,Healthy3270.jpg,,Healthy3270.jpg,,6f160d1c13f5e9ad955d59969479fe829dcb4eea312db23990beaa0f7f63712b,healthy,,train,False,,pending,unknown,512
SAM3_auto,original,True,healthy:Healthy3272.jpg,512,3685e8cbfea48f350ebd57e1,healthy_source,/content/drive/MyDrive/Healthy/Healthy3272.jpg,1,masks/leaf/3685e8cbfea48f350ebd57e1.png,pending,nonempty,Healthy3272.jpg,,Healthy3272.jpg,,34aed46b86347b979e97781244797e6d6c9075685c116cdf9757eb4ae684ae9a,healthy,,train,False,,pending,unknown,512
SAM3_auto,original,True,healthy:Healthy3273.jpg,512,77995b4b8a13d9612b653d55,healthy_source,/content/drive/MyDrive/Healthy/Healthy3273.jpg,1,masks/leaf/77995b4b8a13d9612b653d55.png,pending,nonempty,Healthy3273.jpg,,Healthy3273.jpg,,93f5bbb2ffc92cc8a522017ddbca9bd2bec38a10b248b39372521d24b70baad3,healthy,,train,False,,pending,unknown,512
SAM3_auto,original,True,healthy:Healthy3274.jpg,512,140ceb4bb08162b491c5c376,healthy_source,/content/drive/MyDrive/Healthy/Healthy3274.jpg,1,masks/leaf/140ceb4bb08162b491c5c376.png,pending,nonempty,Healthy3274.jpg,,Healthy3274.jpg,,0ef790130de3d0494d62b94479ee0f0fd36909ee8aa50c1dccee35cebe5c3d49,healthy,,train,False,,pending,unknown,512
SAM3_auto,original,True,healthy:Healthy3275.jpg,512,f079e35dd12b1ef6d5ecb067,healthy_source,/content/drive/MyDrive/Healthy/Healthy3275.jpg,1,masks/leaf/f079e35dd12b1ef6d5ecb067.png,pending,nonempty,Healthy3275.jpg,,Healthy3275.jpg,,a82316108bb790936a854d61d0bb91e00fbcc9ce05b4cf91742b00a672e85b51,healthy,,train,False,,pending,unknown,512
SAM3_auto,original,True,healthy:Healthy3278.jpg,512,2c2a12d5f37bf46aa06ecdf4,healthy_source,/content/drive/MyDrive/Healthy/Healthy3278.jpg,1,masks/leaf/2c2a12d5f37bf46aa06ecdf4.png,pending,nonempty,Healthy3278.jpg,,Healthy3278.jpg,,e381bdd1278534bb94776dc83b9ee5fd67285fb064d6d5cf4f3fd49d7731607a,healthy,,train,False,,pending,unknown,512
SAM3_auto,original,True,healthy:Healthy3279.jpg,512,c86ed0cbce741916527bdcd0,healthy_source,/content/drive/MyDrive/Healthy/Healthy3279.jpg,32,masks/leaf/c86ed0cbce741916527bdcd0.png,pending,nonempty,Healthy3279.jpg,,Healthy3279.jpg,,d9c9cf5a99adc4ec7f2355dbe918dbf78fa8f04dcfe14c40a1f44aee8fd66aa6,healthy,,train,False,,pending,unknown,512
SAM3_auto,original,True,healthy:Healthy328.jpg,512,652d5065e3354c8d9590806d,healthy_source,/content/drive/MyDrive/Healthy/Healthy328.jpg,1,masks/leaf/652d5065e3354c8d9590806d.png,pending,nonempty,Healthy328.jpg,,Healthy328.jpg,,e2f3d4542acae1f05083447724b4e1e870b394667a9960203e0de988d53f269e,healthy,,train,False,,pending,unknown,512
SAM3_auto,original,True,healthy:Healthy3280.jpg,512,b718846f69bd0a6e1f935ccc,healthy_source,/content/drive/MyDrive/Healthy/Healthy3280.jpg,1,masks/leaf/b718846f69bd0a6e1f935ccc.png,pending,nonempty,Healthy3280.jpg,,Healthy3280.jpg,,da5d03f42899e8a4c6ff4447d2f7902ee6678e41b58e46e9f083a3385e5aac2e,healthy,,train,False,,pending,unknown,512
SAM3_auto,original,True,healthy:Healthy3281.jpg,512,0790809d5579346bc439262d,healthy_source,/content/drive/MyDrive/Healthy/Healthy3281.jpg,1,masks/leaf/0790809d5579346bc439262d.png,pending,nonempty,Healthy3281.jpg,,Healthy3281.jpg,,620f21d57f1bd8ae49fcbff20231e157550a4eadc8f2b5a4c2dd4220fc19d185,healthy,,train,False,,pending,unknown,512
SAM3_auto,original,True,healthy:Healthy3284.jpg,512,eb2c3bc68529aacd09a21eb4,healthy_source,/content/drive/MyDrive/Healthy/Healthy3284.jpg,1,masks/leaf/eb2c3bc68529aacd09a21eb4.png,pending,nonempty,Healthy3284.jpg,,Healthy3284.jpg,,3fb76156c1f771bdc7047a6aa2d0fcdcf600f6d7bf8c83ae6219db7e9c0620df,healthy,,train,False,,pending,unknown,512
SAM3_auto,original,True,healthy:Healthy3285.jpg,512,2a3a574e7d32d486ff9557a3,healthy_source,/content/drive/MyDrive/Healthy/Healthy3285.jpg,1,masks/leaf/2a3a574e7d32d486ff9557a3.png,pending,nonempty,Healthy3285.jpg,,Healthy3285.jpg,,af89b734b517d371b7e27f64662e663777826ca8b7c7400823da8105cd8cf8f1,healthy,,train,False,,pending,unknown,512
SAM3_auto,original,True,healthy:Healthy3288.jpg,512,732db26c820792846d3ad5b6,healthy_source,/content/drive/MyDrive/Healthy/Healthy3288.jpg,1,masks/leaf/732db26c820792846d3ad5b6.png,pending,nonempty,Healthy3288.jpg,,Healthy3288.jpg,,8bb3c98f46a5758e9164a6e6420d2685843795ff389bc237a40d163927989f80,healthy,,train,False,,pending,unknown,512
SAM3_auto,original,True,healthy:Healthy3289.jpg,512,99da62bc8f99c3937f43b316,healthy_source,/content/drive/MyDrive/Healthy/Healthy3289.jpg,1,masks/leaf/99da62bc8f99c3937f43b316.png,pending,nonempty,Healthy3289.jpg,,Healthy3289.jpg,,3c50726116649ae5fc96e45987573cc4bcfa80d94866dd34add974a880c628b0,healthy,,train,False,,pending,unknown,512
SAM3_auto,original,True,healthy:Healthy329.jpg,512,39a9bf10bf4c92930db1a108,healthy_source,/content/drive/MyDrive/Healthy/Healthy329.jpg,1,masks/leaf/39a9bf10bf4c92930db1a108.png,pending,nonempty,Healthy329.jpg,,Healthy329.jpg,,fae01e5ad7280a2771e56105a07ea7ea02a03ce7f700639fb4a9223abcd831c9,healthy,,train,False,,pending,unknown,512
SAM3_auto,original,True,healthy:Healthy3290.jpg,512,98239262479adcf4952fb13e,healthy_source,/content/drive/MyDrive/Healthy/Healthy3290.jpg,1,masks/leaf/98239262479adcf4952fb13e.png,pending,nonempty,Healthy3290.jpg,,Healthy3290.jpg,,007747f2a6d1c23fd3e1e37eadcc95d09b233f840569cb837d08bfeeebe37736,healthy,,train,False,,pending,unknown,512
SAM3_auto,original,True,healthy:Healthy3291.jpg,512,853027ab424b4ffbcd2a335b,healthy_source,/content/drive/MyDrive/Healthy/Healthy3291.jpg,1,masks/leaf/853027ab424b4ffbcd2a335b.png,pending,nonempty,Healthy3291.jpg,,Healthy3291.jpg,,955041037727128f9832ec63f0c8abea1cde593abbc73a22b5dcba64cc1fdfbf,healthy,,train,False,,pending,unknown,512
SAM3_auto,original,True,healthy:Healthy3292.jpg,512,bdbe7642d03597993722efb2,healthy_source,/content/drive/MyDrive/Healthy/Healthy3292.jpg,1,masks/leaf/bdbe7642d03597993722efb2.png,pending,nonempty,Healthy3292.jpg,,Healthy3292.jpg,,23d0e371f2058e3125ffc077420dea2657eea3ac469428099815a034bee0238d,healthy,,train,False,,pending,unknown,512
SAM3_auto,original,True,healthy:Healthy3294.jpg,512,a2920abe9f1765ef926ab575,healthy_source,/content/drive/MyDrive/Healthy/Healthy3294.jpg,1,masks/leaf/a2920abe9f1765ef926ab575.png,pending,nonempty,Healthy3294.jpg,,Healthy3294.jpg,,b58d10c3dec9c23000fe965f41b8d6e3b5e6829383b95b7ab9b1e4e29c19beb3,healthy,,train,False,,pending,unknown,512
SAM3_auto,original,True,healthy:Healthy3295.jpg,512,8b3e43f655308beb19747379,healthy_source,/content/drive/MyDrive/Healthy/Healthy3295.jpg,1,masks/leaf/8b3e43f655308beb19747379.png,pending,nonempty,Healthy3295.jpg,,Healthy3295.jpg,,fa94d493a9c00736890d9b8541394f862f7c67cf7cb0f46667b99e8024c0da44,healthy,,train,False,,pending,unknown,512
SAM3_auto,original,True,healthy:Healthy3296.jpg,512,055bd53ee13869a7ab6eae50,healthy_source,/content/drive/MyDrive/Healthy/Healthy3296.jpg,1,masks/leaf/055bd53ee13869a7ab6eae50.png,pending,nonempty,Healthy3296.jpg,,Healthy3296.jpg,,630d9541026d13cc5b67c4e87744333dea37fb73c3b8655917a50ee12f0a2979,healthy,,train,False,,pending,unknown,512
SAM3_auto,original,True,healthy:Healthy3297.jpg,512,2a9554493d531035bba85b35,healthy_source,/content/drive/MyDrive/Healthy/Healthy3297.jpg,1,masks/leaf/2a9554493d531035bba85b35.png,pending,nonempty,Healthy3297.jpg,,Healthy3297.jpg,,e19423cc9245384c5846eb9e028cfe0ec305738457ab062d54300e6f737dc635,healthy,,train,False,,pending,unknown,512
SAM3_auto,original,True,healthy:Healthy3298.jpg,512,04e9e0ab1c187d4f96621398,healthy_source,/content/drive/MyDrive/Healthy/Healthy3298.jpg,1,masks/leaf/04e9e0ab1c187d4f96621398.png,pending,nonempty,Healthy3298.jpg,,Healthy3298.jpg,,5240b683143f2ad7c70340d3ee24e82fbed181a8c3b26603b23a6d74f427554c,healthy,,train,False,,pending,unknown,512
SAM3_auto,original,True,healthy:Healthy3299.jpg,512,ca0257f9306d0a60d8020f83,healthy_source,/content/drive/MyDrive/Healthy/Healthy3299.jpg,1,masks/leaf/ca0257f9306d0a60d8020f83.png,pending,nonempty,Healthy3299.jpg,,Healthy3299.jpg,,519259cc1ab0beaac5391ea0c998fd1aad826527b3e21b95ab4bd98dda5dc3ac,healthy,,train,False,,pending,unknown,512
SAM3_auto,original,True,healthy:Healthy33.jpg,512,ae0b2b7e39d2b6b0e32aa22c,healthy_source,/content/drive/MyDrive/Healthy/Healthy33.jpg,1,masks/leaf/ae0b2b7e39d2b6b0e32aa22c.png,pending,nonempty,Healthy33.jpg,,Healthy33.jpg,,e9be26b170b4c9d6548df251ad8a41085e3a8b6ffa129bb3f1db8f15ac8ac46d,healthy,,train,False,,pending,unknown,512
SAM3_auto,original,True,healthy:Healthy330.jpg,512,c72ea537fd767fa9d859574c,healthy_source,/content/drive/MyDrive/Healthy/Healthy330.jpg,1,masks/leaf/c72ea537fd767fa9d859574c.png,pending,nonempty,Healthy330.jpg,,Healthy330.jpg,,af2e7388deb21d3addac04e4512e509f6a69590a5c41ac8cf466b87e2d9babdc,healthy,,train,False,,pending,unknown,512
SAM3_auto,original,True,healthy:Healthy3302.jpg,512,0d77a381f47cbeae0213007d,healthy_source,/content/drive/MyDrive/Healthy/Healthy3302.jpg,1,masks/leaf/0d77a381f47cbeae0213007d.png,pending,nonempty,Healthy3302.jpg,,Healthy3302.jpg,,f585dfcbc552ae8473cd45765beab16cba1054cc33e80a456e5964df2338b618,healthy,,train,False,,pending,unknown,512
SAM3_auto,original,True,healthy:Healthy3303.jpg,512,f5a26a7beac97a92d1fa309b,healthy_source,/content/drive/MyDrive/Healthy/Healthy3303.jpg,1,masks/leaf/f5a26a7beac97a92d1fa309b.png,pending,nonempty,Healthy3303.jpg,,Healthy3303.jpg,,803f7d0f8ea37fe7f84e2d10d06d30670365fd9b5841d33dc6b2aaa76b501b13,healthy,,train,False,,pending,unknown,512
SAM3_auto,original,True,healthy:Healthy3304.jpg,512,636c4846cdfecd4c20be5030,healthy_source,/content/drive/MyDrive/Healthy/Healthy3304.jpg,1,masks/leaf/636c4846cdfecd4c20be5030.png,pending,nonempty,Healthy3304.jpg,,Healthy3304.jpg,,35085d69af00dea69996f8891775f9b585a36b5a49d4910f650082aaaf1f4e4e,healthy,,train,False,,pending,unknown,512
SAM3_auto,original,True,healthy:Healthy3309.jpg,512,bf9316417da03070a410d506,healthy_source,/content/drive/MyDrive/Healthy/Healthy3309.jpg,1,masks/leaf/bf9316417da03070a410d506.png,pending,nonempty,Healthy3309.jpg,,Healthy3309.jpg,,eadb6fdfcd3fd2f5af5f75f4f9bda31b1cce3c6a556f9e3dbc8bccc704e317a3,healthy,,train,False,,pending,unknown,512
SAM3_auto,original,True,healthy:Healthy331.jpg,512,c0194a004e6fe5e11ea1f402,healthy_source,/content/drive/MyDrive/Healthy/Healthy331.jpg,1,masks/leaf/c0194a004e6fe5e11ea1f402.png,pending,nonempty,Healthy331.jpg,,Healthy331.jpg,,d8c09cc2f065d805b49a8f8241d82818393cb55c79ac6bba8e67c79b47993181,healthy,,train,False,,pending,unknown,512
SAM3_auto,original,True,healthy:Healthy3310.jpg,512,4a791840034675bf085480fa,healthy_source,/content/drive/MyDrive/Healthy/Healthy3310.jpg,1,masks/leaf/4a791840034675bf085480fa.png,pending,nonempty,Healthy3310.jpg,,Healthy3310.jpg,,3c1af2676c3c4f92f605503d965c0f6d4a477817efeb058499887a0bcfd4c732,healthy,,train,False,,pending,unknown,512
SAM3_auto,original,True,healthy:Healthy3312.jpg,512,8d3895c26510ac64b82c4b74,healthy_source,/content/drive/MyDrive/Healthy/Healthy3312.jpg,1,masks/leaf/8d3895c26510ac64b82c4b74.png,pending,nonempty,Healthy3312.jpg,,Healthy3312.jpg,,24c7ad4495de20f93fedc0e21838ebd1fe69812a2068fc7009e8a76552e364f4,healthy,,train,False,,pending,unknown,512
SAM3_auto,original,True,healthy:Healthy3314.jpg,512,0e9268cee8659d2cb10b4b98,healthy_source,/content/drive/MyDrive/Healthy/Healthy3314.jpg,1,masks/leaf/0e9268cee8659d2cb10b4b98.png,pending,nonempty,Healthy3314.jpg,,Healthy3314.jpg,,28cb1c9079428c92253ffcb5e58ffc861a405dbdf2f52cd5bda3cc6170c64773,healthy,,train,False,,pending,unknown,512
SAM3_auto,original,True,healthy:Healthy3316.jpg,512,63ad1c213bfba753759a79c5,healthy_source,/content/drive/MyDrive/Healthy/Healthy3316.jpg,1,masks/leaf/63ad1c213bfba753759a79c5.png,pending,nonempty,Healthy3316.jpg,,Healthy3316.jpg,,9762e14ae60433f0c2c546e641187628d7bfd3f229c700a2c401c53717058b6a,healthy,,train,False,,pending,unknown,512
SAM3_auto,original,True,healthy:Healthy3317.jpg,512,5206c0b806bb0ad834429d85,healthy_source,/content/drive/MyDrive/Healthy/Healthy3317.jpg,1,masks/leaf/5206c0b806bb0ad834429d85.png,pending,nonempty,Healthy3317.jpg,,Healthy3317.jpg,,030ecf5ee820582864a8ff81d63f79c222aa68f8571fbb24d5a8bbfb12107b3e,healthy,,train,False,,pending,unknown,512
SAM3_auto,original,True,healthy:Healthy3319.jpg,512,a524c28e33b7ff40a5d95f56,healthy_source,/content/drive/MyDrive/Healthy/Healthy3319.jpg,1,masks/leaf/a524c28e33b7ff40a5d95f56.png,pending,nonempty,Healthy3319.jpg,,Healthy3319.jpg,,51d4009b6bae5183ae43bd21ed58feea09e673978b9ada25de9e50cc5e96f32b,healthy,,train,False,,pending,unknown,512
SAM3_auto,original,True,healthy:Healthy332.jpg,512,806f7f90242c1fd4fa03b769,healthy_source,/content/drive/MyDrive/Healthy/Healthy332.jpg,1,masks/leaf/806f7f90242c1fd4fa03b769.png,pending,nonempty,Healthy332.jpg,,Healthy332.jpg,,79dde9ef8b67bc3f8ac074942ebd720db88bdb98330f9404674d53ccdd9fe52d,healthy,,train,False,,pending,unknown,512
SAM3_auto,original,True,healthy:Healthy3321.jpg,512,3e56bad2288f17fa3abd9d5a,healthy_source,/content/drive/MyDrive/Healthy/Healthy3321.jpg,1,masks/leaf/3e56bad2288f17fa3abd9d5a.png,pending,nonempty,Healthy3321.jpg,,Healthy3321.jpg,,c0b64aabb35a6674a861a99912eb0fa9fdc89068aa1d028329cf1c739cfdc863,healthy,,train,False,,pending,unknown,512
SAM3_auto,original,True,healthy:Healthy3322.jpg,512,fc05b3c77d6f1f21fa70e8bd,healthy_source,/content/drive/MyDrive/Healthy/Healthy3322.jpg,1,masks/leaf/fc05b3c77d6f1f21fa70e8bd.png,pending,nonempty,Healthy3322.jpg,,Healthy3322.jpg,,0afe6a38324425db18ff662a0db4380eb77f1503f4b53b2ff6c52f1ffc32d4e8,healthy,,train,False,,pending,unknown,512
SAM3_auto,original,True,healthy:Healthy3323.jpg,512,ce54d36859cafd44c8588e7f,healthy_source,/content/drive/MyDrive/Healthy/Healthy3323.jpg,1,masks/leaf/ce54d36859cafd44c8588e7f.png,pending,nonempty,Healthy3323.jpg,,Healthy3323.jpg,,7e5f7f7afaccbdf12fc2cb94294a9d017a6aa6d71b4cc3e4cf18bf33416f5161,healthy,,train,False,,pending,unknown,512
SAM3_auto,original,True,healthy:Healthy3324.jpg,512,d07f63b8a5200dbc6386d858,healthy_source,/content/drive/MyDrive/Healthy/Healthy3324.jpg,1,masks/leaf/d07f63b8a5200dbc6386d858.png,pending,nonempty,Healthy3324.jpg,,Healthy3324.jpg,,12fa48c48dee511de4425a7ee2d672bff6ae87ff093c5578df23c2403796b353,healthy,,train,False,,pending,unknown,512
SAM3_auto,original,True,healthy:Healthy3326.jpg,512,99cc45bf88dc448f6ced1f09,healthy_source,/content/drive/MyDrive/Healthy/Healthy3326.jpg,1,masks/leaf/99cc45bf88dc448f6ced1f09.png,pending,nonempty,Healthy3326.jpg,,Healthy3326.jpg,,9f74648bb70b0f88eeaca1c87a2b737bd89a37dd2483cde73321a4ad06c6e2bd,healthy,,train,False,,pending,unknown,512
SAM3_auto,original,True,healthy:Healthy3327.jpg,512,a1b799d39b42772e7dc35b14,healthy_source,/content/drive/MyDrive/Healthy/Healthy3327.jpg,1,masks/leaf/a1b799d39b42772e7dc35b14.png,pending,nonempty,Healthy3327.jpg,,Healthy3327.jpg,,ced7ab8c5f2159d876d36e793ed34110000c66ee3d4a5487535f8db809bd5662,healthy,,train,False,,pending,unknown,512
SAM3_auto,original,True,healthy:Healthy3330.jpg,512,97798064e6ecc0899dfaec89,healthy_source,/content/drive/MyDrive/Healthy/Healthy3330.jpg,3,masks/leaf/97798064e6ecc0899dfaec89.png,pending,nonempty,Healthy3330.jpg,,Healthy3330.jpg,,71c199f9b4abcc0445b2c8d27fab1f5b2aba3f66a1de0e12cf41baadd158dcbd,healthy,,train,False,,pending,unknown,512
SAM3_auto,original,True,healthy:Healthy3332.jpg,512,40eb5ecc7a3ce71bc642a313,healthy_source,/content/drive/MyDrive/Healthy/Healthy3332.jpg,1,masks/leaf/40eb5ecc7a3ce71bc642a313.png,pending,nonempty,Healthy3332.jpg,,Healthy3332.jpg,,69bf5747fe17f27c8b4fde1e7572343253ea82619af3b5a7c8e063fb5166f88b,healthy,,train,False,,pending,unknown,512
SAM3_auto,original,True,healthy:Healthy3334.jpg,512,b15cc4a0fbcec7abeb8ab047,healthy_source,/content/drive/MyDrive/Healthy/Healthy3334.jpg,1,masks/leaf/b15cc4a0fbcec7abeb8ab047.png,pending,nonempty,Healthy3334.jpg,,Healthy3334.jpg,,bfe6f2e58911020a9493839b4e2d4671c636432c24f24daca6fcee5b6024ec3d,healthy,,train,False,,pending,unknown,512
SAM3_auto,original,True,healthy:Healthy3336.jpg,512,15ca993b176e77f4c7577521,healthy_source,/content/drive/MyDrive/Healthy/Healthy3336.jpg,1,masks/leaf/15ca993b176e77f4c7577521.png,pending,nonempty,Healthy3336.jpg,,Healthy3336.jpg,,2d79ab3d53afd68858eadbc216288a10188ae58ae0c5226108717ff9ce6deaf2,healthy,,train,False,,pending,unknown,512
SAM3_auto,original,True,healthy:Healthy3337.jpg,512,e1ded9b76a1b9f79183345be,healthy_source,/content/drive/MyDrive/Healthy/Healthy3337.jpg,1,masks/leaf/e1ded9b76a1b9f79183345be.png,pending,nonempty,Healthy3337.jpg,,Healthy3337.jpg,,25f668a32bf4bae05249513851a75457f5d6db42ffd38f33fb41d86a3139cd07,healthy,,train,False,,pending,unknown,512
SAM3_auto,original,True,healthy:Healthy3338.jpg,512,a86948aaf5b67b5b24d22117,healthy_source,/content/drive/MyDrive/Healthy/Healthy3338.jpg,1,masks/leaf/a86948aaf5b67b5b24d22117.png,pending,nonempty,Healthy3338.jpg,,Healthy3338.jpg,,6343771f35f9fee46802068f5555a63d4851423e968c832bb8568fc9e9951be3,healthy,,train,False,,pending,unknown,512
SAM3_auto,original,True,healthy:Healthy334.jpg,512,10632e46363915d527bc879d,healthy_source,/content/drive/MyDrive/Healthy/Healthy334.jpg,1,masks/leaf/10632e46363915d527bc879d.png,pending,nonempty,Healthy334.jpg,,Healthy334.jpg,,e9e7a46ac9e91aaaf542fb9c74eba6a14881a95c82792101f67d7ac1d2f9a5fa,healthy,,train,False,,pending,unknown,512
SAM3_auto,original,True,healthy:Healthy3340.jpg,512,c51be777a303e55decabdd11,healthy_source,/content/drive/MyDrive/Healthy/Healthy3340.jpg,1,masks/leaf/c51be777a303e55decabdd11.png,pending,nonempty,Healthy3340.jpg,,Healthy3340.jpg,,ba7bf6b3ded8417db25cad4547ec142b08029635cb6a4843bcf9ebaa257c7343,healthy,,train,False,,pending,unknown,512
SAM3_auto,original,True,healthy:Healthy3341.jpg,512,faee07422b75bf631344c072,healthy_source,/content/drive/MyDrive/Healthy/Healthy3341.jpg,1,masks/leaf/faee07422b75bf631344c072.png,pending,nonempty,Healthy3341.jpg,,Healthy3341.jpg,,52134b6908bb860426e1c53f05531e06b259bc4d8b76cf1e7fa16761865b96e1,healthy,,train,False,,pending,unknown,512
SAM3_auto,original,True,healthy:Healthy3344.jpg,512,02f58ab84ebe4781fddf5309,healthy_source,/content/drive/MyDrive/Healthy/Healthy3344.jpg,1,masks/leaf/02f58ab84ebe4781fddf5309.png,pending,nonempty,Healthy3344.jpg,,Healthy3344.jpg,,cab382b03c65d39ed1b8e1beb1b0b467107c34cdd8af128d3929652637209db0,healthy,,train,False,,pending,unknown,512
SAM3_auto,original,True,healthy:Healthy3347.jpg,512,a3b42d36cb178f639588819e,healthy_source,/content/drive/MyDrive/Healthy/Healthy3347.jpg,1,masks/leaf/a3b42d36cb178f639588819e.png,pending,nonempty,Healthy3347.jpg,,Healthy3347.jpg,,faa306897c0a6c705331fb3186fc1c712fe614503f99159adba9428c9a86817b,healthy,,train,False,,pending,unknown,512
SAM3_auto,original,True,healthy:Healthy3348.jpg,512,ad155364a601ad86e8176bb4,healthy_source,/content/drive/MyDrive/Healthy/Healthy3348.jpg,1,masks/leaf/ad155364a601ad86e8176bb4.png,pending,nonempty,Healthy3348.jpg,,Healthy3348.jpg,,d47bc5fb6c5b855f4add61bfcbdb2fcba063c1995bf34da7d9d81977e39c9c20,healthy,,train,False,,pending,unknown,512
SAM3_auto,original,True,healthy:Healthy3349.jpg,512,5aa48e3b02e2bf11fe87708b,healthy_source,/content/drive/MyDrive/Healthy/Healthy3349.jpg,1,masks/leaf/5aa48e3b02e2bf11fe87708b.png,pending,nonempty,Healthy3349.jpg,,Healthy3349.jpg,,ddd5659b7cecc74432ad2b834c4a946784b3f9d6391d3eb0612b57de41a8e78c,healthy,,train,False,,pending,unknown,512
SAM3_auto,original,True,healthy:Healthy3351.jpg,512,a30445692dbef799abb460b8,healthy_source,/content/drive/MyDrive/Healthy/Healthy3351.jpg,2,masks/leaf/a30445692dbef799abb460b8.png,pending,nonempty,Healthy3351.jpg,,Healthy3351.jpg,,041f22fc7bde2b6bfb1f43be3f98668e51404d35a8ffebac7443b10fa9615fda,healthy,,train,False,,pending,unknown,512
SAM3_auto,original,True,healthy:Healthy3352.jpg,512,5166b2a08d511abc8fe01667,healthy_source,/content/drive/MyDrive/Healthy/Healthy3352.jpg,1,masks/leaf/5166b2a08d511abc8fe01667.png,pending,nonempty,Healthy3352.jpg,,Healthy3352.jpg,,d03d0c84c76016be1cf05053d280c74b358f5b4aaf0789e76fbb681836bffa81,healthy,,train,False,,pending,unknown,512
SAM3_auto,original,True,healthy:Healthy3353.jpg,512,b344c8a3c99ab7694fc198a4,healthy_source,/content/drive/MyDrive/Healthy/Healthy3353.jpg,1,masks/leaf/b344c8a3c99ab7694fc198a4.png,pending,nonempty,Healthy3353.jpg,,Healthy3353.jpg,,3ec79c6e3ad47823ab895934c1747ec6d2617923e32bed0bb2786cd248f12ea3,healthy,,train,False,,pending,unknown,512
SAM3_auto,original,True,healthy:Healthy3355.jpg,512,425826f76d825f5774236ec8,healthy_source,/content/drive/MyDrive/Healthy/Healthy3355.jpg,1,masks/leaf/425826f76d825f5774236ec8.png,pending,nonempty,Healthy3355.jpg,,Healthy3355.jpg,,2c36ad3e92705466672dcf08b056924ebcf0e8c06f40fc1eb5b16b91f0030f5e,healthy,,train,False,,pending,unknown,512
SAM3_auto,original,True,healthy:Healthy3356.jpg,512,e4f61d31cc1bc377e34c93ed,healthy_source,/content/drive/MyDrive/Healthy/Healthy3356.jpg,1,masks/leaf/e4f61d31cc1bc377e34c93ed.png,pending,nonempty,Healthy3356.jpg,,Healthy3356.jpg,,453b89cf11b9d36135b2379cf59585ec125ce012bf013051e89f667e8660c770,healthy,,train,False,,pending,unknown,512
SAM3_auto,original,True,healthy:Healthy3359.jpg,512,8f771ad373fc2629103f2b57,healthy_source,/content/drive/MyDrive/Healthy/Healthy3359.jpg,1,masks/leaf/8f771ad373fc2629103f2b57.png,pending,nonempty,Healthy3359.jpg,,Healthy3359.jpg,,788ba70ead56e22a8d1f6b2ed9d8d4f43d66549cfb15d2fc410f92f38c073eaf,healthy,,train,False,,pending,unknown,512
SAM3_auto,original,True,healthy:Healthy336.jpg,512,1755fee591e452db7ff95e6a,healthy_source,/content/drive/MyDrive/Healthy/Healthy336.jpg,1,masks/leaf/1755fee591e452db7ff95e6a.png,pending,nonempty,Healthy336.jpg,,Healthy336.jpg,,421ab38806a0a44321493ae3a1737a0353b42029abe2d5e68c78ff8865ac9853,healthy,,train,False,,pending,unknown,512
SAM3_auto,original,True,healthy:Healthy3360.jpg,512,94e6f649b00444ef5a8283e2,healthy_source,/content/drive/MyDrive/Healthy/Healthy3360.jpg,1,masks/leaf/94e6f649b00444ef5a8283e2.png,pending,nonempty,Healthy3360.jpg,,Healthy3360.jpg,,e5d6b38d8bf671da09f14e00dcc4ebc9016fafea629fd5e6f73825d7cc24be0d,healthy,,train,False,,pending,unknown,512
SAM3_auto,original,True,healthy:Healthy3363.jpg,512,975a5796e82a354d1cdd67e8,healthy_source,/content/drive/MyDrive/Healthy/Healthy3363.jpg,1,masks/leaf/975a5796e82a354d1cdd67e8.png,pending,nonempty,Healthy3363.jpg,,Healthy3363.jpg,,7568c81e9d21936fb183558d69e0cf494698fbe030f518b06f041c2b12845c21,healthy,,train,False,,pending,unknown,512
SAM3_auto,original,True,healthy:Healthy3365.jpg,512,22e450e4a11835649dc46e05,healthy_source,/content/drive/MyDrive/Healthy/Healthy3365.jpg,1,masks/leaf/22e450e4a11835649dc46e05.png,pending,nonempty,Healthy3365.jpg,,Healthy3365.jpg,,6d9f8f270a4d3c07a4a265d9fdcbb40260373858e6db4ee97e4845fa00167420,healthy,,train,False,,pending,unknown,512
SAM3_auto,original,True,healthy:Healthy3366.jpg,512,a878404d01068ba199c4f3e5,healthy_source,/content/drive/MyDrive/Healthy/Healthy3366.jpg,1,masks/leaf/a878404d01068ba199c4f3e5.png,pending,nonempty,Healthy3366.jpg,,Healthy3366.jpg,,dc3a49cb87f4e4e3dab39918773953bd013a0b5a93fb34f9561faaabbf02eeea,healthy,,train,False,,pending,unknown,512
SAM3_auto,original,True,healthy:Healthy3367.jpg,512,3ef22cc4ed762f764471ee28,healthy_source,/content/drive/MyDrive/Healthy/Healthy3367.jpg,1,masks/leaf/3ef22cc4ed762f764471ee28.png,pending,nonempty,Healthy3367.jpg,,Healthy3367.jpg,,100b9c84bb5afacb80dad4655cdf31d49b2b5f1b9dc41a6da252bf247fe218b9,healthy,,train,False,,pending,unknown,512
SAM3_auto,original,True,healthy:Healthy3368.jpg,512,eefaaf4ac31a9eef556906c8,healthy_source,/content/drive/MyDrive/Healthy/Healthy3368.jpg,1,masks/leaf/eefaaf4ac31a9eef556906c8.png,pending,nonempty,Healthy3368.jpg,,Healthy3368.jpg,,007ec2787543cca28222444c6f94b84ed8aabab275bb31859adad3faa49508f4,healthy,,train,False,,pending,unknown,512
SAM3_auto,original,True,healthy:Healthy3369.jpg,512,c1d513bb7ddc3090b5f5e62a,healthy_source,/content/drive/MyDrive/Healthy/Healthy3369.jpg,1,masks/leaf/c1d513bb7ddc3090b5f5e62a.png,pending,nonempty,Healthy3369.jpg,,Healthy3369.jpg,,7a2d688fa53bf682000e61f902d6a13a805d64ad32c8f7c0c28bb775b6c4cc77,healthy,,train,False,,pending,unknown,512
SAM3_auto,original,True,healthy:Healthy337.jpg,512,947ee705813450e4eab0483f,healthy_source,/content/drive/MyDrive/Healthy/Healthy337.jpg,1,masks/leaf/947ee705813450e4eab0483f.png,pending,nonempty,Healthy337.jpg,,Healthy337.jpg,,088e48b82c5f63775d4e23c6284dcfd41008bfc7b2c1afba36e992d12e4995e1,healthy,,train,False,,pending,unknown,512
SAM3_auto,original,True,healthy:Healthy3370.jpg,512,98a800b1802697e9760e05a9,healthy_source,/content/drive/MyDrive/Healthy/Healthy3370.jpg,1,masks/leaf/98a800b1802697e9760e05a9.png,pending,nonempty,Healthy3370.jpg,,Healthy3370.jpg,,3bedc694f7290aced69c3b9e8c4cdfd710aa8aacdee48fa714f0fd23c806a62b,healthy,,train,False,,pending,unknown,512
SAM3_auto,original,True,healthy:Healthy3371.jpg,512,6ef1124ea63eaf1a533f7a1c,healthy_source,/content/drive/MyDrive/Healthy/Healthy3371.jpg,1,masks/leaf/6ef1124ea63eaf1a533f7a1c.png,pending,nonempty,Healthy3371.jpg,,Healthy3371.jpg,,0d99f93c41168994c3d554825bff4a255ec317b4ec7a92595358539f3253b69a,healthy,,train,False,,pending,unknown,512
SAM3_auto,original,True,healthy:Healthy3372.jpg,512,4f7c367b256c8dbe64cc4aef,healthy_source,/content/drive/MyDrive/Healthy/Healthy3372.jpg,1,masks/leaf/4f7c367b256c8dbe64cc4aef.png,pending,nonempty,Healthy3372.jpg,,Healthy3372.jpg,,a0130303dfae52961edd23c7cfcd0437500ef905edcbe7cdf570a22c1a804e3c,healthy,,train,False,,pending,unknown,512
SAM3_auto,original,True,healthy:Healthy3373.jpg,512,72d006dd2b2880baf44a0796,healthy_source,/content/drive/MyDrive/Healthy/Healthy3373.jpg,1,masks/leaf/72d006dd2b2880baf44a0796.png,pending,nonempty,Healthy3373.jpg,,Healthy3373.jpg,,4df781e37ab6e6036e7172f42ba0b2fcb99ca7a082308754348b002fe0cc650c,healthy,,train,False,,pending,unknown,512
SAM3_auto,original,True,healthy:Healthy3374.jpg,512,f47aedbf07d0fd3850bf22be,healthy_source,/content/drive/MyDrive/Healthy/Healthy3374.jpg,1,masks/leaf/f47aedbf07d0fd3850bf22be.png,pending,nonempty,Healthy3374.jpg,,Healthy3374.jpg,,8dd49a980b8a3679a18797ebb9067e98ae205dc15b3ea532cac1970db5559edc,healthy,,train,False,,pending,unknown,512
SAM3_auto,original,True,healthy:Healthy3377.jpg,512,001a876d9b0e23d51e625b75,healthy_source,/content/drive/MyDrive/Healthy/Healthy3377.jpg,1,masks/leaf/001a876d9b0e23d51e625b75.png,pending,nonempty,Healthy3377.jpg,,Healthy3377.jpg,,b3aab925564f060cc90846d1f16c96d33504298d9f37edf87e0e920dc31e6c66,healthy,,train,False,,pending,unknown,512
SAM3_auto,original,True,healthy:Healthy3378.jpg,512,216f1849f309b4a91d961b79,healthy_source,/content/drive/MyDrive/Healthy/Healthy3378.jpg,1,masks/leaf/216f1849f309b4a91d961b79.png,pending,nonempty,Healthy3378.jpg,,Healthy3378.jpg,,2891880b778ea5d2dab5b172aa9c81fc05f43f0e68e6f5f25c6e621cebabe26f,healthy,,train,False,,pending,unknown,512
SAM3_auto,original,True,healthy:Healthy3380.jpg,512,fee7ad332b35b2b12230cd08,healthy_source,/content/drive/MyDrive/Healthy/Healthy3380.jpg,1,masks/leaf/fee7ad332b35b2b12230cd08.png,pending,nonempty,Healthy3380.jpg,,Healthy3380.jpg,,e22d470702b643ff486aa9f50bea5f61ce7c2125d483561042d8d3927474d992,healthy,,train,False,,pending,unknown,512
SAM3_auto,original,True,healthy:Healthy3382.jpg,512,3022d8b9b8fbdac6807e74f0,healthy_source,/content/drive/MyDrive/Healthy/Healthy3382.jpg,1,masks/leaf/3022d8b9b8fbdac6807e74f0.png,pending,nonempty,Healthy3382.jpg,,Healthy3382.jpg,,1193e416aa931d540a65f285e2c92739f2f0a09b837e7e98d6081117f29681d2,healthy,,train,False,,pending,unknown,512
SAM3_auto,original,True,healthy:Healthy3384.jpg,512,16641817c6f94bd3e05d98fb,healthy_source,/content/drive/MyDrive/Healthy/Healthy3384.jpg,1,masks/leaf/16641817c6f94bd3e05d98fb.png,pending,nonempty,Healthy3384.jpg,,Healthy3384.jpg,,0067ce87f4ad13f33808fa1669e75ca5f490a747245feb0677c05a8c6b3949e6,healthy,,train,False,,pending,unknown,512
SAM3_auto,original,True,healthy:Healthy3385.jpg,512,a1d4c7eb8a0c53000469dbfc,healthy_source,/content/drive/MyDrive/Healthy/Healthy3385.jpg,1,masks/leaf/a1d4c7eb8a0c53000469dbfc.png,pending,nonempty,Healthy3385.jpg,,Healthy3385.jpg,,0798b421c281b820f3dd4f5576a7fe3eb1e76e8f66e7e42cb3c1817abb2bb825,healthy,,train,False,,pending,unknown,512
SAM3_auto,original,True,healthy:Healthy3386.jpg,512,53c4b9ae466dbcd73f94994c,healthy_source,/content/drive/MyDrive/Healthy/Healthy3386.jpg,1,masks/leaf/53c4b9ae466dbcd73f94994c.png,pending,nonempty,Healthy3386.jpg,,Healthy3386.jpg,,8188dee0f89849119eb02c43a7e2bc22760cfb6e8ce94e1aa1d719b0b1b2744f,healthy,,train,False,,pending,unknown,512
SAM3_auto,original,True,healthy:Healthy3387.jpg,512,320340e6ca4bbfbe981dcfdd,healthy_source,/content/drive/MyDrive/Healthy/Healthy3387.jpg,1,masks/leaf/320340e6ca4bbfbe981dcfdd.png,pending,nonempty,Healthy3387.jpg,,Healthy3387.jpg,,ae69c3879f1a31f7d36aefaa89bd918aef340174094aab275eac9dcb2d526206,healthy,,train,False,,pending,unknown,512
SAM3_auto,original,True,healthy:Healthy3388.jpg,512,76a425d3c8251f03b0154726,healthy_source,/content/drive/MyDrive/Healthy/Healthy3388.jpg,1,masks/leaf/76a425d3c8251f03b0154726.png,pending,nonempty,Healthy3388.jpg,,Healthy3388.jpg,,a63da280de9311ac31a09f537169ea53d14d09031102b873eb89414742f7e949,healthy,,train,False,,pending,unknown,512
SAM3_auto,original,True,healthy:Healthy3389.jpg,512,c97d9c4c6cdf5fb2d96271bf,healthy_source,/content/drive/MyDrive/Healthy/Healthy3389.jpg,1,masks/leaf/c97d9c4c6cdf5fb2d96271bf.png,pending,nonempty,Healthy3389.jpg,,Healthy3389.jpg,,0b30cac565b69f5d303e8270accd6a9672f56aaf1386358a8db7e5e3da4994ef,healthy,,train,False,,pending,unknown,512
SAM3_auto,original,True,healthy:Healthy339.jpg,512,f9172017dfc50b4c3e8d16b9,healthy_source,/content/drive/MyDrive/Healthy/Healthy339.jpg,1,masks/leaf/f9172017dfc50b4c3e8d16b9.png,pending,nonempty,Healthy339.jpg,,Healthy339.jpg,,ce896da96d51c7d16ed3717bee8a2bd0eb58f13b98825c36de659bc21e8416e5,healthy,,train,False,,pending,unknown,512
SAM3_auto,original,True,healthy:Healthy3390.jpg,512,3a0b5c5e0d88372633292eaa,healthy_source,/content/drive/MyDrive/Healthy/Healthy3390.jpg,1,masks/leaf/3a0b5c5e0d88372633292eaa.png,pending,nonempty,Healthy3390.jpg,,Healthy3390.jpg,,2fa0da08af279d9687edb8065b52e8b88cb89b5465f17d97216cb14ec43bed6f,healthy,,train,False,,pending,unknown,512
SAM3_auto,original,True,healthy:Healthy3391.jpg,512,f57cc83705913a9281312eba,healthy_source,/content/drive/MyDrive/Healthy/Healthy3391.jpg,22,masks/leaf/f57cc83705913a9281312eba.png,pending,nonempty,Healthy3391.jpg,,Healthy3391.jpg,,454a8c18828c5dd45a4f6c3366bb6e88c83a1c11c2040500c82aa06360a6d456,healthy,,train,False,,pending,unknown,512
SAM3_auto,original,True,healthy:Healthy3393.jpg,512,b20f062803b34c74d42cde2c,healthy_source,/content/drive/MyDrive/Healthy/Healthy3393.jpg,1,masks/leaf/b20f062803b34c74d42cde2c.png,pending,nonempty,Healthy3393.jpg,,Healthy3393.jpg,,f42982c4a7c8293e9a62529a2f8495a1a1aa75338debdea795364c41bc953039,healthy,,train,False,,pending,unknown,512
SAM3_auto,original,True,healthy:Healthy3394.jpg,512,c5238a591e5eb3ae54ad107d,healthy_source,/content/drive/MyDrive/Healthy/Healthy3394.jpg,1,masks/leaf/c5238a591e5eb3ae54ad107d.png,pending,nonempty,Healthy3394.jpg,,Healthy3394.jpg,,f686277390b99776ce513fb7b4450650c0a22bdd13c2480c3b0b1afa3ff15c44,healthy,,train,False,,pending,unknown,512
SAM3_auto,original,True,healthy:Healthy3395.jpg,512,69f7a8bc55d6176af3627a0b,healthy_source,/content/drive/MyDrive/Healthy/Healthy3395.jpg,1,masks/leaf/69f7a8bc55d6176af3627a0b.png,pending,nonempty,Healthy3395.jpg,,Healthy3395.jpg,,c754de1e21894cc83e0a4178ebaf66972fa60d80afc9c4f7f4f35616c120982e,healthy,,train,False,,pending,unknown,512
SAM3_auto,original,True,healthy:Healthy3396.jpg,512,c8f5a19169acb33ff45ba956,healthy_source,/content/drive/MyDrive/Healthy/Healthy3396.jpg,1,masks/leaf/c8f5a19169acb33ff45ba956.png,pending,nonempty,Healthy3396.jpg,,Healthy3396.jpg,,9dd9e89868c9bc6755d40d6c9f9279f686654606ad4d9cd06eac6d07cef2b379,healthy,,train,False,,pending,unknown,512
SAM3_auto,original,True,healthy:Healthy3397.jpg,512,8604281e7a7cc542e92ea941,healthy_source,/content/drive/MyDrive/Healthy/Healthy3397.jpg,1,masks/leaf/8604281e7a7cc542e92ea941.png,pending,nonempty,Healthy3397.jpg,,Healthy3397.jpg,,cb5e91aea3d4e19efe82abc5b06f5cbdd69dfdc67d64aae41474ae71831c2053,healthy,,train,False,,pending,unknown,512
SAM3_auto,original,True,healthy:Healthy3399.jpg,512,277a829fc22cc80c65577b16,healthy_source,/content/drive/MyDrive/Healthy/Healthy3399.jpg,1,masks/leaf/277a829fc22cc80c65577b16.png,pending,nonempty,Healthy3399.jpg,,Healthy3399.jpg,,54bfa961a68f6280f7362b50b64185f1b2d8c0066776f09805d869d085f72ec7,healthy,,train,False,,pending,unknown,512
SAM3_auto,original,True,healthy:Healthy3400.jpg,512,30d26e76a3f89ffb9d514f60,healthy_source,/content/drive/MyDrive/Healthy/Healthy3400.jpg,1,masks/leaf/30d26e76a3f89ffb9d514f60.png,pending,nonempty,Healthy3400.jpg,,Healthy3400.jpg,,00ac594e869ce927596160ac2fa83562266a4afbb851e8c9307d6361a6bc77fc,healthy,,train,False,,pending,unknown,512
SAM3_auto,original,True,healthy:Healthy3401.jpg,512,3341f35f951614b109e0b830,healthy_source,/content/drive/MyDrive/Healthy/Healthy3401.jpg,1,masks/leaf/3341f35f951614b109e0b830.png,pending,nonempty,Healthy3401.jpg,,Healthy3401.jpg,,7882047cd4c62808be2c8670fd991f86342c555731f96512b14ffc319da46247,healthy,,train,False,,pending,unknown,512
SAM3_auto,original,True,healthy:Healthy3402.jpg,512,e76e63c58af9ae3d1793b48e,healthy_source,/content/drive/MyDrive/Healthy/Healthy3402.jpg,16,masks/leaf/e76e63c58af9ae3d1793b48e.png,pending,nonempty,Healthy3402.jpg,,Healthy3402.jpg,,0a236e06ee84783ca10cca9fe9e20218d44e0f2ebfdb541ad62e5731c1b05e66,healthy,,train,False,,pending,unknown,512
SAM3_auto,original,True,healthy:Healthy3403.jpg,512,69445d5b2b225303a3c676ae,healthy_source,/content/drive/MyDrive/Healthy/Healthy3403.jpg,1,masks/leaf/69445d5b2b225303a3c676ae.png,pending,nonempty,Healthy3403.jpg,,Healthy3403.jpg,,a14a92abdeaa69bfa42c511799e63a889ba7338aec7c5e8705c8a86e022307ff,healthy,,train,False,,pending,unknown,512
SAM3_auto,original,True,healthy:Healthy3404.jpg,512,e4789b2d19bc351fd63a362f,healthy_source,/content/drive/MyDrive/Healthy/Healthy3404.jpg,1,masks/leaf/e4789b2d19bc351fd63a362f.png,pending,nonempty,Healthy3404.jpg,,Healthy3404.jpg,,2691df3638ca0a513e66aeecd121735b7c2a3a9958552165cf007b9e5aed8de6,healthy,,train,False,,pending,unknown,512
SAM3_auto,original,True,healthy:Healthy3405.jpg,512,192709683c2bc22c5fd93218,healthy_source,/content/drive/MyDrive/Healthy/Healthy3405.jpg,1,masks/leaf/192709683c2bc22c5fd93218.png,pending,nonempty,Healthy3405.jpg,,Healthy3405.jpg,,801cb26d82c4954b43ddd57eee6631aa3ae7b37eb6a5bdf00b3192cc059a86a4,healthy,,train,False,,pending,unknown,512
SAM3_auto,original,True,healthy:Healthy3407.jpg,512,5c465944bfd75445b6df1c91,healthy_source,/content/drive/MyDrive/Healthy/Healthy3407.jpg,1,masks/leaf/5c465944bfd75445b6df1c91.png,pending,nonempty,Healthy3407.jpg,,Healthy3407.jpg,,98c5615f9cfadd072fc7115b69abd0d458cc529c3b192c1a53bd0d2f1bdf13ac,healthy,,train,False,,pending,unknown,512
SAM3_auto,original,True,healthy:Healthy341.jpg,512,ed6162c175e005d20efa1866,healthy_source,/content/drive/MyDrive/Healthy/Healthy341.jpg,1,masks/leaf/ed6162c175e005d20efa1866.png,pending,nonempty,Healthy341.jpg,,Healthy341.jpg,,04f830a23e6282e0d05b1654217a0bc8a96b6b3519a791e8f8beb22a91c4b7dd,healthy,,train,False,,pending,unknown,512
SAM3_auto,original,True,healthy:Healthy3410.jpg,512,69f8bf347630ccba255f259d,healthy_source,/content/drive/MyDrive/Healthy/Healthy3410.jpg,1,masks/leaf/69f8bf347630ccba255f259d.png,pending,nonempty,Healthy3410.jpg,,Healthy3410.jpg,,38cb2d0f1231ccd53197e476f787ed30f8f8a5d923ae99d868404f96774b023c,healthy,,train,False,,pending,unknown,512
SAM3_auto,original,True,healthy:Healthy3411.jpg,512,5a0f2c1486bfd5c50cf53604,healthy_source,/content/drive/MyDrive/Healthy/Healthy3411.jpg,1,masks/leaf/5a0f2c1486bfd5c50cf53604.png,pending,nonempty,Healthy3411.jpg,,Healthy3411.jpg,,8e138f51caa0f2e1da65763c7936668c1d0e44cbffe0d72f1d914a0b503a90f0,healthy,,train,False,,pending,unknown,512
SAM3_auto,original,True,healthy:Healthy3412.jpg,512,891431a2d7799b1564f5c795,healthy_source,/content/drive/MyDrive/Healthy/Healthy3412.jpg,1,masks/leaf/891431a2d7799b1564f5c795.png,pending,nonempty,Healthy3412.jpg,,Healthy3412.jpg,,5541dcdd036bfd6ad021c464932628220ac2576bd735b740f1b7522baa22a0c9,healthy,,train,False,,pending,unknown,512
SAM3_auto,original,True,healthy:Healthy3413.jpg,512,fc1dff816194e7a57edd1bd2,healthy_source,/content/drive/MyDrive/Healthy/Healthy3413.jpg,28,masks/leaf/fc1dff816194e7a57edd1bd2.png,pending,nonempty,Healthy3413.jpg,,Healthy3413.jpg,,8595d9a2eead35d5328feb78eae9d1710743768107d3dba17d95576d5ca1d54b,healthy,,train,False,,pending,unknown,512
SAM3_auto,original,True,healthy:Healthy3414.jpg,512,63f74ba7f1a224b77bf32d10,healthy_source,/content/drive/MyDrive/Healthy/Healthy3414.jpg,1,masks/leaf/63f74ba7f1a224b77bf32d10.png,pending,nonempty,Healthy3414.jpg,,Healthy3414.jpg,,745bf5f20bfc69ad6bf92514e151479eafe464958d85877422235b556a11c6fc,healthy,,train,False,,pending,unknown,512
SAM3_auto,original,True,healthy:Healthy3415.jpg,512,29d464aace8d9fbd4e9e8a6a,healthy_source,/content/drive/MyDrive/Healthy/Healthy3415.jpg,22,masks/leaf/29d464aace8d9fbd4e9e8a6a.png,pending,nonempty,Healthy3415.jpg,,Healthy3415.jpg,,9479d4604399540030a1ac0052b4aea121c38145689b3e61c7fd5dcb029ebf0d,healthy,,train,False,,pending,unknown,512
SAM3_auto,original,True,healthy:Healthy3416.jpg,512,7236bfd7814d7e56fae554ff,healthy_source,/content/drive/MyDrive/Healthy/Healthy3416.jpg,20,masks/leaf/7236bfd7814d7e56fae554ff.png,pending,nonempty,Healthy3416.jpg,,Healthy3416.jpg,,b09eb3c5d9f7152d7c3da9c660e8a40bf5b89d0c92dc7f2c8043fa61fb4e2a4f,healthy,,train,False,,pending,unknown,512
SAM3_auto,original,True,healthy:Healthy3417.jpg,512,75c0d1d53546e64fdb04f43c,healthy_source,/content/drive/MyDrive/Healthy/Healthy3417.jpg,19,masks/leaf/75c0d1d53546e64fdb04f43c.png,pending,nonempty,Healthy3417.jpg,,Healthy3417.jpg,,68024c1409e78d0dc07a704b521f4c4bba5829226ab564c0664b188534c7d562,healthy,,train,False,,pending,unknown,512
SAM3_auto,original,True,healthy:Healthy3419.jpg,512,60ac48b62a6c16dd23355845,healthy_source,/content/drive/MyDrive/Healthy/Healthy3419.jpg,33,masks/leaf/60ac48b62a6c16dd23355845.png,pending,nonempty,Healthy3419.jpg,,Healthy3419.jpg,,9f9c3dddbd904347d73ef8c452a61b19c8bc9177971028c98f5cca474351bd5d,healthy,,train,False,,pending,unknown,512
SAM3_auto,original,True,healthy:Healthy3421.jpg,512,b8569f24f132c6a419d17154,healthy_source,/content/drive/MyDrive/Healthy/Healthy3421.jpg,16,masks/leaf/b8569f24f132c6a419d17154.png,pending,nonempty,Healthy3421.jpg,,Healthy3421.jpg,,e60824c31bc4060263eea9d6acb02eaec627ef4d56ee26fbac445d8483df623d,healthy,,train,False,,pending,unknown,512
SAM3_auto,original,True,healthy:Healthy3422.jpg,512,742ffd2751cf9c454e057593,healthy_source,/content/drive/MyDrive/Healthy/Healthy3422.jpg,24,masks/leaf/742ffd2751cf9c454e057593.png,pending,nonempty,Healthy3422.jpg,,Healthy3422.jpg,,5b7260af11b7c764f06d0a2583d20f8e9501db597c78bba7e1d8b5dc5a49cc29,healthy,,train,False,,pending,unknown,512
SAM3_auto,original,True,healthy:Healthy3423.jpg,512,9b0870abff07636ae094f14d,healthy_source,/content/drive/MyDrive/Healthy/Healthy3423.jpg,15,masks/leaf/9b0870abff07636ae094f14d.png,pending,nonempty,Healthy3423.jpg,,Healthy3423.jpg,,d292503d64684be7dad3b2ce1d1f1f3da83d5d2a20906e2d811b952ba8018559,healthy,,train,False,,pending,unknown,512
SAM3_auto,original,True,healthy:Healthy3424.jpg,512,4846a3f9560a8fc480234b16,healthy_source,/content/drive/MyDrive/Healthy/Healthy3424.jpg,26,masks/leaf/4846a3f9560a8fc480234b16.png,pending,nonempty,Healthy3424.jpg,,Healthy3424.jpg,,2792c6e9b12af531774851820156a1e9659e4f0faeff55ad69baf5468aa0f5ce,healthy,,train,False,,pending,unknown,512
SAM3_auto,original,True,healthy:Healthy3425.jpg,512,5b07a9f5f9d65825fe069ca1,healthy_source,/content/drive/MyDrive/Healthy/Healthy3425.jpg,36,masks/leaf/5b07a9f5f9d65825fe069ca1.png,pending,nonempty,Healthy3425.jpg,,Healthy3425.jpg,,1daa44d4e1dc254165d6b8017829213be272c21ce1eca0ff0237ac99e9417e9e,healthy,,train,False,,pending,unknown,512
SAM3_auto,original,True,healthy:Healthy3428.jpg,512,0f44b3f88e32ecfa1d043e9f,healthy_source,/content/drive/MyDrive/Healthy/Healthy3428.jpg,43,masks/leaf/0f44b3f88e32ecfa1d043e9f.png,pending,nonempty,Healthy3428.jpg,,Healthy3428.jpg,,d6aadcd592b9f8710653d79e4c3f1586e5542edb61f0cbec1be19b8917867162,healthy,,train,False,,pending,unknown,512
SAM3_auto,original,True,healthy:Healthy3429.jpg,512,5b9c1cda5adee659c8f4b131,healthy_source,/content/drive/MyDrive/Healthy/Healthy3429.jpg,8,masks/leaf/5b9c1cda5adee659c8f4b131.png,pending,nonempty,Healthy3429.jpg,,Healthy3429.jpg,,2c478edeb321117b20ebf57d8561461ae4735411b2ef8ea669ea072c59574b74,healthy,,train,False,,pending,unknown,512
SAM3_auto,original,True,healthy:Healthy343.jpg,512,62f372a9ffdf77270d11eda1,healthy_source,/content/drive/MyDrive/Healthy/Healthy343.jpg,1,masks/leaf/62f372a9ffdf77270d11eda1.png,pending,nonempty,Healthy343.jpg,,Healthy343.jpg,,f1d321b2359a502306c96de9cbcbaed68323023d5f42c3e728800d968ef2029d,healthy,,train,False,,pending,unknown,512
SAM3_auto,original,True,healthy:Healthy3430.jpg,512,1d2bd63de6d9360f727cca55,healthy_source,/content/drive/MyDrive/Healthy/Healthy3430.jpg,34,masks/leaf/1d2bd63de6d9360f727cca55.png,pending,nonempty,Healthy3430.jpg,,Healthy3430.jpg,,bfb4aa175479c44b1ba56bf6220d33fcaf762bb8d8d786d867c957e42e5344e3,healthy,,train,False,,pending,unknown,512
SAM3_auto,original,True,healthy:Healthy3431.jpg,512,eace59ae72b84b0bc3c55bb2,healthy_source,/content/drive/MyDrive/Healthy/Healthy3431.jpg,24,masks/leaf/eace59ae72b84b0bc3c55bb2.png,pending,nonempty,Healthy3431.jpg,,Healthy3431.jpg,,49b6e6e5c14775e712c7a3f375fc4c5466887f1c0dc2afaf1e2070f07cf56d46,healthy,,train,False,,pending,unknown,512
SAM3_auto,original,True,healthy:Healthy3432.jpg,512,bfe5b76539f0b673997ed27f,healthy_source,/content/drive/MyDrive/Healthy/Healthy3432.jpg,51,masks/leaf/bfe5b76539f0b673997ed27f.png,pending,nonempty,Healthy3432.jpg,,Healthy3432.jpg,,5e22f8258dc5ca02a7cdfe2c92e7e609151ec660b579446694a568efa42ae192,healthy,,train,False,,pending,unknown,512
SAM3_auto,original,True,healthy:Healthy3433.jpg,512,55e806ec7bb42497d51c8dd7,healthy_source,/content/drive/MyDrive/Healthy/Healthy3433.jpg,15,masks/leaf/55e806ec7bb42497d51c8dd7.png,pending,nonempty,Healthy3433.jpg,,Healthy3433.jpg,,e4ff6b0af9de1b88b130d1de74615b0e57d801064b80e0d86f4668c124aed9ed,healthy,,train,False,,pending,unknown,512
SAM3_auto,original,True,healthy:Healthy3436.jpg,512,fb780d00f191c67e43b4a3bd,healthy_source,/content/drive/MyDrive/Healthy/Healthy3436.jpg,14,masks/leaf/fb780d00f191c67e43b4a3bd.png,pending,nonempty,Healthy3436.jpg,,Healthy3436.jpg,,7c4897796c223a614f415644d2ac762a59e8435adabed42615c378df3a21274d,healthy,,train,False,,pending,unknown,512
SAM3_auto,original,True,healthy:Healthy3437.jpg,512,a11efaad535e27d55a0ffe98,healthy_source,/content/drive/MyDrive/Healthy/Healthy3437.jpg,8,masks/leaf/a11efaad535e27d55a0ffe98.png,pending,nonempty,Healthy3437.jpg,,Healthy3437.jpg,,42d752430cdae569eeeda8d4dc95b56e63f8b5f3de0bb285496ec8dbea917b05,healthy,,train,False,,pending,unknown,512
SAM3_auto,original,True,healthy:Healthy3438.jpg,512,09c45b28a066f1b34917e05b,healthy_source,/content/drive/MyDrive/Healthy/Healthy3438.jpg,18,masks/leaf/09c45b28a066f1b34917e05b.png,pending,nonempty,Healthy3438.jpg,,Healthy3438.jpg,,2b3332b4be5249f3310d1a9f5f43d313227a5c3409004938d9e95dce9792830c,healthy,,train,False,,pending,unknown,512
SAM3_auto,original,True,healthy:Healthy3440.jpg,512,09a7f7b8b862b0233ea2d3ff,healthy_source,/content/drive/MyDrive/Healthy/Healthy3440.jpg,1,masks/leaf/09a7f7b8b862b0233ea2d3ff.png,pending,nonempty,Healthy3440.jpg,,Healthy3440.jpg,,8dd221caa41cb3e2740713e08fa23b1f68a422dc18e51f4e3e4e6caf1c2e7511,healthy,,train,False,,pending,unknown,512
SAM3_auto,original,True,healthy:Healthy3441.jpg,512,9d4051492b8bb93f0d270208,healthy_source,/content/drive/MyDrive/Healthy/Healthy3441.jpg,1,masks/leaf/9d4051492b8bb93f0d270208.png,pending,nonempty,Healthy3441.jpg,,Healthy3441.jpg,,86343d7edfaed01151ceb7cda211a0bfeeb01c2971cfdab0473c80cc72bf26ab,healthy,,train,False,,pending,unknown,512
SAM3_auto,original,True,healthy:Healthy3442.jpg,512,a31462058d80f996bf5bef9f,healthy_source,/content/drive/MyDrive/Healthy/Healthy3442.jpg,1,masks/leaf/a31462058d80f996bf5bef9f.png,pending,nonempty,Healthy3442.jpg,,Healthy3442.jpg,,3f1f34db266c56ad2fa78b986c1252bcd241190e5faa04f7aaa466cd7ef02364,healthy,,train,False,,pending,unknown,512
SAM3_auto,original,True,healthy:Healthy3443.jpg,512,df8525a51e5c77bbbc0d950f,healthy_source,/content/drive/MyDrive/Healthy/Healthy3443.jpg,1,masks/leaf/df8525a51e5c77bbbc0d950f.png,pending,nonempty,Healthy3443.jpg,,Healthy3443.jpg,,47dd985b47bef0ca70fb7e6f9f2eea578efd0f11d93b7a6090e1ec9bb5282074,healthy,,train,False,,pending,unknown,512
SAM3_auto,original,True,healthy:Healthy3444.jpg,512,7fa91714b41521b8a24069c6,healthy_source,/content/drive/MyDrive/Healthy/Healthy3444.jpg,1,masks/leaf/7fa91714b41521b8a24069c6.png,pending,nonempty,Healthy3444.jpg,,Healthy3444.jpg,,cf107ee2632d2019f564e3311c803155ca3856804f448d4eb757e18da0822cb8,healthy,,train,False,,pending,unknown,512
SAM3_auto,original,True,healthy:Healthy3445.jpg,512,6de8381f6ebb3c647b98d57c,healthy_source,/content/drive/MyDrive/Healthy/Healthy3445.jpg,1,masks/leaf/6de8381f6ebb3c647b98d57c.png,pending,nonempty,Healthy3445.jpg,,Healthy3445.jpg,,e19f0d1a5182c3f9c4b0199ea35788ef4fb70140cf0d47b6666d1c2c5732adfc,healthy,,train,False,,pending,unknown,512
SAM3_auto,original,True,healthy:Healthy3446.jpg,512,f991ad9239614ee0cc5b392e,healthy_source,/content/drive/MyDrive/Healthy/Healthy3446.jpg,1,masks/leaf/f991ad9239614ee0cc5b392e.png,pending,nonempty,Healthy3446.jpg,,Healthy3446.jpg,,af6d50fcb3694ce4813d6435afdc8abaed03ce0a666ff072783e5ad1b2b13657,healthy,,train,False,,pending,unknown,512
SAM3_auto,original,True,healthy:Healthy3447.jpg,512,50602cdf3a65d230ce286be9,healthy_source,/content/drive/MyDrive/Healthy/Healthy3447.jpg,27,masks/leaf/50602cdf3a65d230ce286be9.png,pending,nonempty,Healthy3447.jpg,,Healthy3447.jpg,,b5037ed69b16349ca4371dac61cbd520a1ca21c9193bd1ee09f590ed51fb8fd5,healthy,,train,False,,pending,unknown,512
SAM3_auto,original,True,healthy:Healthy3449.jpg,512,7f9aa511b1fd4ced58300007,healthy_source,/content/drive/MyDrive/Healthy/Healthy3449.jpg,1,masks/leaf/7f9aa511b1fd4ced58300007.png,pending,nonempty,Healthy3449.jpg,,Healthy3449.jpg,,2e991b4a22e1d433823a306b2384fcd809477502ea530258637849c3609ae02a,healthy,,train,False,,pending,unknown,512
SAM3_auto,original,True,healthy:Healthy3450.jpg,512,1527ad0e2c3952afe9b24db9,healthy_source,/content/drive/MyDrive/Healthy/Healthy3450.jpg,1,masks/leaf/1527ad0e2c3952afe9b24db9.png,pending,nonempty,Healthy3450.jpg,,Healthy3450.jpg,,3c0d3d781990f37222599cfd49a38cc0a0e6a73739f88d57c28af6c8e6de4308,healthy,,train,False,,pending,unknown,512
SAM3_auto,original,True,healthy:Healthy3451.jpg,512,5f938fb5f56e5b266819707f,healthy_source,/content/drive/MyDrive/Healthy/Healthy3451.jpg,1,masks/leaf/5f938fb5f56e5b266819707f.png,pending,nonempty,Healthy3451.jpg,,Healthy3451.jpg,,3b26dba1e4d66b808eec8cbf9b3b2268956a237aeab2b734bb26a734adf9817b,healthy,,train,False,,pending,unknown,512
SAM3_auto,original,True,healthy:Healthy3452.jpg,512,452336ac736b438838cd03d1,healthy_source,/content/drive/MyDrive/Healthy/Healthy3452.jpg,1,masks/leaf/452336ac736b438838cd03d1.png,pending,nonempty,Healthy3452.jpg,,Healthy3452.jpg,,f60a3917ef5770d0646a7c28f099008795679e77b9a8303bae96f528c872230a,healthy,,train,False,,pending,unknown,512
SAM3_auto,original,True,healthy:Healthy3453.jpg,512,6efe55da66727029c6bc9688,healthy_source,/content/drive/MyDrive/Healthy/Healthy3453.jpg,1,masks/leaf/6efe55da66727029c6bc9688.png,pending,nonempty,Healthy3453.jpg,,Healthy3453.jpg,,d8ce70c06895318134b0c605678f8146aa72232f171c92e6b1906b3a8d130c28,healthy,,train,False,,pending,unknown,512
SAM3_auto,original,True,healthy:Healthy3454.jpg,512,19ff1d5a4f00147539906de8,healthy_source,/content/drive/MyDrive/Healthy/Healthy3454.jpg,1,masks/leaf/19ff1d5a4f00147539906de8.png,pending,nonempty,Healthy3454.jpg,,Healthy3454.jpg,,9b2be062d1a5723cc70fd085f4034872a66f3c5dda2e7096a56ce42919503b7f,healthy,,train,False,,pending,unknown,512
SAM3_auto,original,True,healthy:Healthy3455.jpg,512,dd0fb0f303dd01ce3d1e31f3,healthy_source,/content/drive/MyDrive/Healthy/Healthy3455.jpg,1,masks/leaf/dd0fb0f303dd01ce3d1e31f3.png,pending,nonempty,Healthy3455.jpg,,Healthy3455.jpg,,f7b3f2a3a68282453cf5ea4c2003c45c3c3e86b2fce54c41507e4f2332358e24,healthy,,train,False,,pending,unknown,512
SAM3_auto,original,True,healthy:Healthy3457.jpg,512,dc5f2d46bc008455e05d377e,healthy_source,/content/drive/MyDrive/Healthy/Healthy3457.jpg,1,masks/leaf/dc5f2d46bc008455e05d377e.png,pending,nonempty,Healthy3457.jpg,,Healthy3457.jpg,,f7e42d9cc98ebf8b3b95b09cd9e2b4d8a2ad58d1c1034035f4e84e42b035db3a,healthy,,train,False,,pending,unknown,512
SAM3_auto,original,True,healthy:Healthy3458.jpg,512,337b941d5568242607e73162,healthy_source,/content/drive/MyDrive/Healthy/Healthy3458.jpg,1,masks/leaf/337b941d5568242607e73162.png,pending,nonempty,Healthy3458.jpg,,Healthy3458.jpg,,9c46db83dbe4deae65d61227a595bc61c3ddc727319207921819c181634b0f6b,healthy,,train,False,,pending,unknown,512
SAM3_auto,original,True,healthy:Healthy3459.jpg,512,33ab572896a67119f282ef0d,healthy_source,/content/drive/MyDrive/Healthy/Healthy3459.jpg,1,masks/leaf/33ab572896a67119f282ef0d.png,pending,nonempty,Healthy3459.jpg,,Healthy3459.jpg,,011f3a568e438537741eab45d68cfae3c838ce7c79b79bccd37b33951a5028d5,healthy,,train,False,,pending,unknown,512
SAM3_auto,original,True,healthy:Healthy3463.jpg,512,45acc7ac3209b165265234d1,healthy_source,/content/drive/MyDrive/Healthy/Healthy3463.jpg,1,masks/leaf/45acc7ac3209b165265234d1.png,pending,nonempty,Healthy3463.jpg,,Healthy3463.jpg,,40c46d46f92cc6acdccf54db8d09c4fdfb93c2f1dbf5dd492f6e55f8b9b6faad,healthy,,train,False,,pending,unknown,512
SAM3_auto,original,True,healthy:Healthy3464.jpg,512,b633d55f9a46406b195d6323,healthy_source,/content/drive/MyDrive/Healthy/Healthy3464.jpg,1,masks/leaf/b633d55f9a46406b195d6323.png,pending,nonempty,Healthy3464.jpg,,Healthy3464.jpg,,ff07f9057c4bc3365fc25c7ff0895f897efa0cd6f9e7a0570674a5327f54b3d7,healthy,,train,False,,pending,unknown,512
SAM3_auto,original,True,healthy:Healthy3465.jpg,512,a7664fefbc6a6ed6955f92c5,healthy_source,/content/drive/MyDrive/Healthy/Healthy3465.jpg,1,masks/leaf/a7664fefbc6a6ed6955f92c5.png,pending,nonempty,Healthy3465.jpg,,Healthy3465.jpg,,f6e00712c571c9b0e26614c97e2e2968e20227280c8a2df665b069110d57b270,healthy,,train,False,,pending,unknown,512
SAM3_auto,original,True,healthy:Healthy3466.jpg,512,c02dea43b0647678a67fcec5,healthy_source,/content/drive/MyDrive/Healthy/Healthy3466.jpg,1,masks/leaf/c02dea43b0647678a67fcec5.png,pending,nonempty,Healthy3466.jpg,,Healthy3466.jpg,,7baa6f5753e1d577eada55bc0d3b87a1c72d48937e669ef3ed595e7207b0b137,healthy,,train,False,,pending,unknown,512
SAM3_auto,original,True,healthy:Healthy3467.jpg,512,ab8c569e939dbba4551da8a6,healthy_source,/content/drive/MyDrive/Healthy/Healthy3467.jpg,1,masks/leaf/ab8c569e939dbba4551da8a6.png,pending,nonempty,Healthy3467.jpg,,Healthy3467.jpg,,3131e37092d2e59851831cd15eb78e9e5d03d4d6c66eb78c5eafaaacd963394a,healthy,,train,False,,pending,unknown,512
SAM3_auto,original,True,healthy:Healthy3468.jpg,512,dbba90ef2e53aa4b2b5742b2,healthy_source,/content/drive/MyDrive/Healthy/Healthy3468.jpg,1,masks/leaf/dbba90ef2e53aa4b2b5742b2.png,pending,nonempty,Healthy3468.jpg,,Healthy3468.jpg,,8aa4e73e9ded4b0a952f229b76e2ec10b3b46e54f7b4be2dcb45b3d2e866a800,healthy,,train,False,,pending,unknown,512
SAM3_auto,original,True,healthy:Healthy3469.jpg,512,8d1bea05ddcaed3f1aa44a87,healthy_source,/content/drive/MyDrive/Healthy/Healthy3469.jpg,2,masks/leaf/8d1bea05ddcaed3f1aa44a87.png,pending,nonempty,Healthy3469.jpg,,Healthy3469.jpg,,bd6cc099efa9d3aefb865cbd628e13ad16a11ec6212d910adc7b26beae8cc2e4,healthy,,train,False,,pending,unknown,512
SAM3_auto,original,True,healthy:Healthy3470.jpg,512,a79eed4776b68cf5308529e3,healthy_source,/content/drive/MyDrive/Healthy/Healthy3470.jpg,1,masks/leaf/a79eed4776b68cf5308529e3.png,pending,nonempty,Healthy3470.jpg,,Healthy3470.jpg,,f4bec19f5bc584944ea2be71769c32943e2414cfabc55fff0b663c0dfe889207,healthy,,train,False,,pending,unknown,512
SAM3_auto,original,True,healthy:Healthy3471.jpg,512,f521f2cc597b416c08326fb4,healthy_source,/content/drive/MyDrive/Healthy/Healthy3471.jpg,1,masks/leaf/f521f2cc597b416c08326fb4.png,pending,nonempty,Healthy3471.jpg,,Healthy3471.jpg,,60af2019e17ea49a07e1e6d96e9688b813b4f1915400ce175f83e4f9a8797d11,healthy,,train,False,,pending,unknown,512
SAM3_auto,original,True,healthy:Healthy3473.jpg,512,8818b632e4b887e4935b4c26,healthy_source,/content/drive/MyDrive/Healthy/Healthy3473.jpg,1,masks/leaf/8818b632e4b887e4935b4c26.png,pending,nonempty,Healthy3473.jpg,,Healthy3473.jpg,,620c3393e7eb51475afd5d8b00daf1edfc0868f9782180cf074abf96bfbb9fb1,healthy,,train,False,,pending,unknown,512
SAM3_auto,original,True,healthy:Healthy3474.jpg,512,7d4ff667043345ec784acb51,healthy_source,/content/drive/MyDrive/Healthy/Healthy3474.jpg,1,masks/leaf/7d4ff667043345ec784acb51.png,pending,nonempty,Healthy3474.jpg,,Healthy3474.jpg,,69c5f75dbad2839c6dec7abe6bd76e5a134dadf86b2f6f7c00c7b4f2de20bb5f,healthy,,train,False,,pending,unknown,512
SAM3_auto,original,True,healthy:Healthy3475.jpg,512,2a164ffd7c515964c08a4f42,healthy_source,/content/drive/MyDrive/Healthy/Healthy3475.jpg,1,masks/leaf/2a164ffd7c515964c08a4f42.png,pending,nonempty,Healthy3475.jpg,,Healthy3475.jpg,,9aa301c1394a4f050108c90e7bbfac4b4a5d661d197fa9962dedbfff37a28058,healthy,,train,False,,pending,unknown,512
SAM3_auto,original,True,healthy:Healthy3476.jpg,512,df5bf089033c5b8f1e4ab064,healthy_source,/content/drive/MyDrive/Healthy/Healthy3476.jpg,1,masks/leaf/df5bf089033c5b8f1e4ab064.png,pending,nonempty,Healthy3476.jpg,,Healthy3476.jpg,,98e518f92999287ba8f37b75a4622f26d750e639a762186cd7ed0440349798df,healthy,,train,False,,pending,unknown,512
SAM3_auto,original,True,healthy:Healthy3477.jpg,512,a688b131dff7cc08f932e713,healthy_source,/content/drive/MyDrive/Healthy/Healthy3477.jpg,1,masks/leaf/a688b131dff7cc08f932e713.png,pending,nonempty,Healthy3477.jpg,,Healthy3477.jpg,,aa002b1da61ac78c4c3c29d91a39fff7eb52e68058e5f6113c49e179527bb394,healthy,,train,False,,pending,unknown,512
SAM3_auto,original,True,healthy:Healthy348.jpg,512,ca576c0adc88392ec4abd7a4,healthy_source,/content/drive/MyDrive/Healthy/Healthy348.jpg,1,masks/leaf/ca576c0adc88392ec4abd7a4.png,pending,nonempty,Healthy348.jpg,,Healthy348.jpg,,c7641fbd116cba9b359cb3d2e648337803d4cacc1e734db567f3a91f2bd8d470,healthy,,train,False,,pending,unknown,512
SAM3_auto,original,True,healthy:Healthy3483.jpg,512,56c549c49fabac5e07da253b,healthy_source,/content/drive/MyDrive/Healthy/Healthy3483.jpg,3,masks/leaf/56c549c49fabac5e07da253b.png,pending,nonempty,Healthy3483.jpg,,Healthy3483.jpg,,198e20cf864e3383782a8d0f29b006d5bf1257b1b1883ff5cb717945c2b90a1d,healthy,,train,False,,pending,unknown,512
SAM3_auto,original,True,healthy:Healthy3486.jpg,512,df3e35f69267a9f5cf61cea0,healthy_source,/content/drive/MyDrive/Healthy/Healthy3486.jpg,1,masks/leaf/df3e35f69267a9f5cf61cea0.png,pending,nonempty,Healthy3486.jpg,,Healthy3486.jpg,,d5d7ac338129fdebe9159c7d4ac96eb3e02c5de117e98ce0ba4ba2d702abc125,healthy,,train,False,,pending,unknown,512
SAM3_auto,original,True,healthy:Healthy3489.jpg,512,a65353f146261984e64fe159,healthy_source,/content/drive/MyDrive/Healthy/Healthy3489.jpg,1,masks/leaf/a65353f146261984e64fe159.png,pending,nonempty,Healthy3489.jpg,,Healthy3489.jpg,,80f963f07ade91712d391ae019c1410cc46086e25602f08973845714e3fd9443,healthy,,train,False,,pending,unknown,512
SAM3_auto,original,True,healthy:Healthy349.jpg,512,e79b651120024127c919bd66,healthy_source,/content/drive/MyDrive/Healthy/Healthy349.jpg,1,masks/leaf/e79b651120024127c919bd66.png,pending,nonempty,Healthy349.jpg,,Healthy349.jpg,,de11ea31b6628d45fb6db168a950589174df388d5363868816cb7354caa99dcb,healthy,,train,False,,pending,unknown,512
SAM3_auto,original,True,healthy:Healthy3490.jpg,512,6ba00d3cc65fcc3f118c39e9,healthy_source,/content/drive/MyDrive/Healthy/Healthy3490.jpg,1,masks/leaf/6ba00d3cc65fcc3f118c39e9.png,pending,nonempty,Healthy3490.jpg,,Healthy3490.jpg,,68394de4b6270bc445a312b27219d01c0da8088a69579b5cf58c604b1198931a,healthy,,train,False,,pending,unknown,512
SAM3_auto,original,True,healthy:Healthy3494.jpg,512,13f5fb614e7d3134774b93b4,healthy_source,/content/drive/MyDrive/Healthy/Healthy3494.jpg,24,masks/leaf/13f5fb614e7d3134774b93b4.png,pending,nonempty,Healthy3494.jpg,,Healthy3494.jpg,,6927cc67f4c9fb75f0ad588b262554d4a2c8c76e3b77b26cbf645b5d9397cf29,healthy,,train,False,,pending,unknown,512
SAM3_auto,original,True,healthy:Healthy3495.jpg,512,05f3a149a32c870a93878e53,healthy_source,/content/drive/MyDrive/Healthy/Healthy3495.jpg,14,masks/leaf/05f3a149a32c870a93878e53.png,pending,nonempty,Healthy3495.jpg,,Healthy3495.jpg,,5400cde3b5435bfae6583d2947ffa702c45adab6a74bfbda80e9a74d894d58b1,healthy,,train,False,,pending,unknown,512
SAM3_auto,original,True,healthy:Healthy3496.jpg,512,69fa9b8c268fab30fb2714d2,healthy_source,/content/drive/MyDrive/Healthy/Healthy3496.jpg,6,masks/leaf/69fa9b8c268fab30fb2714d2.png,pending,nonempty,Healthy3496.jpg,,Healthy3496.jpg,,86134f7c1979a930cc72bcbb64df9fb90dee74b6a2c193a753ceee8eb9a3ef8b,healthy,,train,False,,pending,unknown,512
SAM3_auto,original,True,healthy:Healthy35.jpg,512,1df1bd8392b4881715224965,healthy_source,/content/drive/MyDrive/Healthy/Healthy35.jpg,1,masks/leaf/1df1bd8392b4881715224965.png,pending,nonempty,Healthy35.jpg,,Healthy35.jpg,,337599b1ab18f06b86248ebc03dcdbfa647a170d11b317f086e5cb0e28c2d6fe,healthy,,train,False,,pending,unknown,512
SAM3_auto,original,True,healthy:Healthy350.jpg,512,75930ba9d3f953584444a00e,healthy_source,/content/drive/MyDrive/Healthy/Healthy350.jpg,1,masks/leaf/75930ba9d3f953584444a00e.png,pending,nonempty,Healthy350.jpg,,Healthy350.jpg,,52f37474a4a2ee4f44f22c9e7f396fe884511852e659b33382281a63ebe0c980,healthy,,train,False,,pending,unknown,512
SAM3_auto,original,True,healthy:Healthy3501.jpg,512,98ed4e4dcb157d7f23beb73c,healthy_source,/content/drive/MyDrive/Healthy/Healthy3501.jpg,38,masks/leaf/98ed4e4dcb157d7f23beb73c.png,pending,nonempty,Healthy3501.jpg,,Healthy3501.jpg,,b0c240f223e3de7a243e0afb5ef651e004c347473f3cc98080c8162e546bf4c9,healthy,,train,False,,pending,unknown,512
SAM3_auto,original,True,healthy:Healthy3503.jpg,512,527a5d9fb191acd47413f887,healthy_source,/content/drive/MyDrive/Healthy/Healthy3503.jpg,27,masks/leaf/527a5d9fb191acd47413f887.png,pending,nonempty,Healthy3503.jpg,,Healthy3503.jpg,,30ab234ccbef1a87485957456ee58783da0869a83f4e1367e6360888ce2b935a,healthy,,train,False,,pending,unknown,512
SAM3_auto,original,True,healthy:Healthy3504.jpg,512,3ac48bfb1866f857cb0d2f2c,healthy_source,/content/drive/MyDrive/Healthy/Healthy3504.jpg,23,masks/leaf/3ac48bfb1866f857cb0d2f2c.png,pending,nonempty,Healthy3504.jpg,,Healthy3504.jpg,,88a58ebd8f1a2c1b7d8fbab2f1fcd0e16d37640ff0c4d0f8902426573df7f4d0,healthy,,train,False,,pending,unknown,512
SAM3_auto,original,True,healthy:Healthy3505.jpg,512,f672d539d76c6ab46a2a2537,healthy_source,/content/drive/MyDrive/Healthy/Healthy3505.jpg,23,masks/leaf/f672d539d76c6ab46a2a2537.png,pending,nonempty,Healthy3505.jpg,,Healthy3505.jpg,,8aa6ff2ec10118ebeb9280952eeb12979db8148b9877f712c384715f91d7db5a,healthy,,train,False,,pending,unknown,512
SAM3_auto,original,True,healthy:Healthy3506.jpg,512,5647542cef786a66ce8dddab,healthy_source,/content/drive/MyDrive/Healthy/Healthy3506.jpg,17,masks/leaf/5647542cef786a66ce8dddab.png,pending,nonempty,Healthy3506.jpg,,Healthy3506.jpg,,9df0c2d3ef6be5d2e652f84d14fc63133526ab74efb33845b3e42c3ff0cd13a3,healthy,,train,False,,pending,unknown,512
SAM3_auto,original,True,healthy:Healthy3507.jpg,512,10abd6e12675ff4bb96ab8fd,healthy_source,/content/drive/MyDrive/Healthy/Healthy3507.jpg,12,masks/leaf/10abd6e12675ff4bb96ab8fd.png,pending,nonempty,Healthy3507.jpg,,Healthy3507.jpg,,04497bd9889623e16a79887100f4ad631fd9b6152845a992b3c2cb3be0a50cd3,healthy,,train,False,,pending,unknown,512
SAM3_auto,original,True,healthy:Healthy3508.jpg,512,4e9323d63aee51cf3ba7b71a,healthy_source,/content/drive/MyDrive/Healthy/Healthy3508.jpg,39,masks/leaf/4e9323d63aee51cf3ba7b71a.png,pending,nonempty,Healthy3508.jpg,,Healthy3508.jpg,,b50c40f777c277cb520b361dad13616be43d00e0091497d9288942fcf639c388,healthy,,train,False,,pending,unknown,512
SAM3_auto,original,True,healthy:Healthy3509.jpg,512,d6404d7b79749cd6042e539f,healthy_source,/content/drive/MyDrive/Healthy/Healthy3509.jpg,31,masks/leaf/d6404d7b79749cd6042e539f.png,pending,nonempty,Healthy3509.jpg,,Healthy3509.jpg,,daed3ae0a5dfdb69b288169faf15741039d097de947b6d3a3f28b2aeebde1bde,healthy,,train,False,,pending,unknown,512
SAM3_auto,original,True,healthy:Healthy351.jpg,512,e30e2b9462ff5e6bbbb8ebe0,healthy_source,/content/drive/MyDrive/Healthy/Healthy351.jpg,1,masks/leaf/e30e2b9462ff5e6bbbb8ebe0.png,pending,nonempty,Healthy351.jpg,,Healthy351.jpg,,8958c7902fdc484152458118faa988d8254415bb3a5f015833b9b54e78d4a5f7,healthy,,train,False,,pending,unknown,512
SAM3_auto,original,True,healthy:Healthy3510.jpg,512,077c10cca7b94960949869a3,healthy_source,/content/drive/MyDrive/Healthy/Healthy3510.jpg,29,masks/leaf/077c10cca7b94960949869a3.png,pending,nonempty,Healthy3510.jpg,,Healthy3510.jpg,,aa05b50f486fdc9af604696df4f44633a51f01eec4c78eab951d41c2481cff8f,healthy,,train,False,,pending,unknown,512
SAM3_auto,original,True,healthy:Healthy3514.jpg,512,ce9751603d2777cfaa2626b6,healthy_source,/content/drive/MyDrive/Healthy/Healthy3514.jpg,37,masks/leaf/ce9751603d2777cfaa2626b6.png,pending,nonempty,Healthy3514.jpg,,Healthy3514.jpg,,6315fa6283702b00288e6b10b12ace06ca9dac5bc3c611bf13cc48aef27cab0a,healthy,,train,False,,pending,unknown,512
SAM3_auto,original,True,healthy:Healthy3515.jpg,512,92c25f3465c277df55f7b8cc,healthy_source,/content/drive/MyDrive/Healthy/Healthy3515.jpg,29,masks/leaf/92c25f3465c277df55f7b8cc.png,pending,nonempty,Healthy3515.jpg,,Healthy3515.jpg,,4f45bf682078d0cad6bf0befc511a764d152c85159339c9ccc9336c66956287d,healthy,,train,False,,pending,unknown,512
SAM3_auto,original,True,healthy:Healthy3516.jpg,512,1689d02f49e6d0f7fafb495a,healthy_source,/content/drive/MyDrive/Healthy/Healthy3516.jpg,25,masks/leaf/1689d02f49e6d0f7fafb495a.png,pending,nonempty,Healthy3516.jpg,,Healthy3516.jpg,,c2fc2ff83b2f33ba59d9ff94b6096f7e4329e90e8003080e6e9929dfc7b44424,healthy,,train,False,,pending,unknown,512
SAM3_auto,original,True,healthy:Healthy3517.jpg,512,869a78e85142d8c899e01ee9,healthy_source,/content/drive/MyDrive/Healthy/Healthy3517.jpg,3,masks/leaf/869a78e85142d8c899e01ee9.png,pending,nonempty,Healthy3517.jpg,,Healthy3517.jpg,,12d8f9e7d671f1544078cdd693d878d52b2cff9f3137936720adf0d26a275d25,healthy,,train,False,,pending,unknown,512
SAM3_auto,original,True,healthy:Healthy3518.jpg,512,a343717b4c23c79383433d24,healthy_source,/content/drive/MyDrive/Healthy/Healthy3518.jpg,7,masks/leaf/a343717b4c23c79383433d24.png,pending,nonempty,Healthy3518.jpg,,Healthy3518.jpg,,14bcc85788d5e4d0a7b4d9edcbc5b1aead7282dd857c85ec1f85e69f4ed39fb6,healthy,,train,False,,pending,unknown,512
SAM3_auto,original,True,healthy:Healthy352.jpg,512,910145582c797b99c055f4c8,healthy_source,/content/drive/MyDrive/Healthy/Healthy352.jpg,1,masks/leaf/910145582c797b99c055f4c8.png,pending,nonempty,Healthy352.jpg,,Healthy352.jpg,,e40a5ae1013aec8baafcf0a10e1b38d2fcaa07be3badef7d137e24953f5940fc,healthy,,train,False,,pending,unknown,512
SAM3_auto,original,True,healthy:Healthy3520.jpg,512,a413ce0e755d3df5609cd512,healthy_source,/content/drive/MyDrive/Healthy/Healthy3520.jpg,44,masks/leaf/a413ce0e755d3df5609cd512.png,pending,nonempty,Healthy3520.jpg,,Healthy3520.jpg,,740cfacdbf617e3f202c80c15e4c40f6342e769bda79968a650d7cb1566407c0,healthy,,train,False,,pending,unknown,512
SAM3_auto,original,True,healthy:Healthy3521.jpg,512,f058533c372d3c82c117bda9,healthy_source,/content/drive/MyDrive/Healthy/Healthy3521.jpg,25,masks/leaf/f058533c372d3c82c117bda9.png,pending,nonempty,Healthy3521.jpg,,Healthy3521.jpg,,dd7ca3b7d8aea49f752fead4d2f641b26e3724313fc62d9a9e31b12e444c8300,healthy,,train,False,,pending,unknown,512
SAM3_auto,original,True,healthy:Healthy3522.jpg,512,6318a5e53c6edcaa6d7b5596,healthy_source,/content/drive/MyDrive/Healthy/Healthy3522.jpg,19,masks/leaf/6318a5e53c6edcaa6d7b5596.png,pending,nonempty,Healthy3522.jpg,,Healthy3522.jpg,,1446a4444a6b35ebd812d7adf737cc06c85b783df513a2a6a4ad45c3e5658a6d,healthy,,train,False,,pending,unknown,512
SAM3_auto,original,True,healthy:Healthy3523.jpg,512,ca528a159495df393f6d0586,healthy_source,/content/drive/MyDrive/Healthy/Healthy3523.jpg,11,masks/leaf/ca528a159495df393f6d0586.png,pending,nonempty,Healthy3523.jpg,,Healthy3523.jpg,,aa71de268a1aa5b8ce82b7200c33379c75c2660e04043a881b6e72a9b08851e7,healthy,,train,False,,pending,unknown,512
SAM3_auto,original,True,healthy:Healthy3525.jpg,512,d243fef9378f2aa4e1828d11,healthy_source,/content/drive/MyDrive/Healthy/Healthy3525.jpg,19,masks/leaf/d243fef9378f2aa4e1828d11.png,pending,nonempty,Healthy3525.jpg,,Healthy3525.jpg,,ed4ab088878ee7b77f82e905f0c1ff385c37329d7aad4cc6258d789ec44263af,healthy,,train,False,,pending,unknown,512
SAM3_auto,original,True,healthy:Healthy3526.jpg,512,44225f5ac278f6c6c0196ebe,healthy_source,/content/drive/MyDrive/Healthy/Healthy3526.jpg,26,masks/leaf/44225f5ac278f6c6c0196ebe.png,pending,nonempty,Healthy3526.jpg,,Healthy3526.jpg,,c5b36a332cf9d4f38bc68f38a009a049af403959188ae6e427ed624d903640c6,healthy,,train,False,,pending,unknown,512
SAM3_auto,original,True,healthy:Healthy3527.jpg,512,fc5d253260502b65e3d6f2e8,healthy_source,/content/drive/MyDrive/Healthy/Healthy3527.jpg,20,masks/leaf/fc5d253260502b65e3d6f2e8.png,pending,nonempty,Healthy3527.jpg,,Healthy3527.jpg,,278a572433bf11b425c1a98d220e388d71f71d97d88ec7b9cd9eb6343a8072f1,healthy,,train,False,,pending,unknown,512
SAM3_auto,original,True,healthy:Healthy3532.jpg,512,3abff572cf4af02d49b55270,healthy_source,/content/drive/MyDrive/Healthy/Healthy3532.jpg,2,masks/leaf/3abff572cf4af02d49b55270.png,pending,nonempty,Healthy3532.jpg,,Healthy3532.jpg,,122d5bab37b775ecec37f741eef690075736aeeb9dc5fcc3e8b9da73c8aa25db,healthy,,train,False,,pending,unknown,512
SAM3_auto,original,True,healthy:Healthy3533.jpg,512,275d0b58f85cbc3374152ea0,healthy_source,/content/drive/MyDrive/Healthy/Healthy3533.jpg,21,masks/leaf/275d0b58f85cbc3374152ea0.png,pending,nonempty,Healthy3533.jpg,,Healthy3533.jpg,,2126a6211a5c56f494d9a6861804b61851cec05d1c9c7c0f6dddac83db661419,healthy,,train,False,,pending,unknown,512
SAM3_auto,original,True,healthy:Healthy3534.jpg,512,094161c306f01e9bd37fc8a6,healthy_source,/content/drive/MyDrive/Healthy/Healthy3534.jpg,23,masks/leaf/094161c306f01e9bd37fc8a6.png,pending,nonempty,Healthy3534.jpg,,Healthy3534.jpg,,e1f9293f349fe371721d3c45b08cf800d489ac7fee428515cc5f50fc8529b6c7,healthy,,train,False,,pending,unknown,512
SAM3_auto,original,True,healthy:Healthy3535.jpg,512,1d5f45e0df51e81eb02f4326,healthy_source,/content/drive/MyDrive/Healthy/Healthy3535.jpg,1,masks/leaf/1d5f45e0df51e81eb02f4326.png,pending,nonempty,Healthy3535.jpg,,Healthy3535.jpg,,e972a485373b2e1a000fe101c5dc43f823c1f71b1e05ec77ecc3e823979e49fb,healthy,,train,False,,pending,unknown,512
SAM3_auto,original,True,healthy:Healthy3537.jpg,512,f6b5e0b08f56c14debf18cfe,healthy_source,/content/drive/MyDrive/Healthy/Healthy3537.jpg,13,masks/leaf/f6b5e0b08f56c14debf18cfe.png,pending,nonempty,Healthy3537.jpg,,Healthy3537.jpg,,384b66b4681d4e6b765f80e45f47deb337c803dd25ae34706dad9e1582c01e86,healthy,,train,False,,pending,unknown,512
SAM3_auto,original,True,healthy:Healthy3538.jpg,512,6d388a1f9160d2f45be3374a,healthy_source,/content/drive/MyDrive/Healthy/Healthy3538.jpg,11,masks/leaf/6d388a1f9160d2f45be3374a.png,pending,nonempty,Healthy3538.jpg,,Healthy3538.jpg,,5628f39dba22f1ec3bb6321e992819ecada7678ae681abf1f1ef563f1533596f,healthy,,train,False,,pending,unknown,512
SAM3_auto,original,True,healthy:Healthy3539.jpg,512,7e357214a781cb1d0f2cbce5,healthy_source,/content/drive/MyDrive/Healthy/Healthy3539.jpg,14,masks/leaf/7e357214a781cb1d0f2cbce5.png,pending,nonempty,Healthy3539.jpg,,Healthy3539.jpg,,2e251cb1fd53aed3d0b4e6fd6ebbf199b0ec078970cafef892751dbbfe45f0c9,healthy,,train,False,,pending,unknown,512
SAM3_auto,original,True,healthy:Healthy354.jpg,512,e193e8f49fce5e78a8ac7c72,healthy_source,/content/drive/MyDrive/Healthy/Healthy354.jpg,1,masks/leaf/e193e8f49fce5e78a8ac7c72.png,pending,nonempty,Healthy354.jpg,,Healthy354.jpg,,55de4f698bc3ad9037267e46ecca9f4b35ebacedbb255df1b777a41e09420697,healthy,,train,False,,pending,unknown,512
SAM3_auto,original,True,healthy:Healthy3540.jpg,512,4e880c51da3824d576ccc9b8,healthy_source,/content/drive/MyDrive/Healthy/Healthy3540.jpg,3,masks/leaf/4e880c51da3824d576ccc9b8.png,pending,nonempty,Healthy3540.jpg,,Healthy3540.jpg,,ea97df09a6e42ef60d8089167873f5b30db0d54603201b2ba2048a280a42ede9,healthy,,train,False,,pending,unknown,512
SAM3_auto,original,True,healthy:Healthy3541.jpg,512,adf97b3966a39af368e76bba,healthy_source,/content/drive/MyDrive/Healthy/Healthy3541.jpg,5,masks/leaf/adf97b3966a39af368e76bba.png,pending,nonempty,Healthy3541.jpg,,Healthy3541.jpg,,f4aca626db75752d2c0c38aded5acd70ced62f9f5e438764473a933f13416f25,healthy,,train,False,,pending,unknown,512
SAM3_auto,original,True,healthy:Healthy3542.jpg,512,eb710073465318d67452b51a,healthy_source,/content/drive/MyDrive/Healthy/Healthy3542.jpg,16,masks/leaf/eb710073465318d67452b51a.png,pending,nonempty,Healthy3542.jpg,,Healthy3542.jpg,,97e9b203aeca7965b4edda1b44566f10b4269414991b3ab91cdd7f565376f250,healthy,,train,False,,pending,unknown,512
SAM3_auto,original,True,healthy:Healthy3546.jpg,512,4d3459cf9a08459256fbab26,healthy_source,/content/drive/MyDrive/Healthy/Healthy3546.jpg,1,masks/leaf/4d3459cf9a08459256fbab26.png,pending,nonempty,Healthy3546.jpg,,Healthy3546.jpg,,ce41dca3ea680330bd1ac2e45f5f3c915d68d320b6fdcdaa3f8ca3ab31e54ff1,healthy,,train,False,,pending,unknown,512
SAM3_auto,original,True,healthy:Healthy3547.jpg,512,bc55f2b53d3dfbc5a69d7e6c,healthy_source,/content/drive/MyDrive/Healthy/Healthy3547.jpg,18,masks/leaf/bc55f2b53d3dfbc5a69d7e6c.png,pending,nonempty,Healthy3547.jpg,,Healthy3547.jpg,,01765047104e78e34bebd007480690b7f487f5ffb15a1422d11baf03f2dcc3aa,healthy,,train,False,,pending,unknown,512
SAM3_auto,original,True,healthy:Healthy355.jpg,512,a48630b5a5a9d15891b813b5,healthy_source,/content/drive/MyDrive/Healthy/Healthy355.jpg,1,masks/leaf/a48630b5a5a9d15891b813b5.png,pending,nonempty,Healthy355.jpg,,Healthy355.jpg,,7143c30b80a48eb6c92813c6dcc6103430288519f56a78a7ed07b5287752142a,healthy,,train,False,,pending,unknown,512
SAM3_auto,original,True,healthy:Healthy3550.jpg,512,bdc716c78be8839669467b37,healthy_source,/content/drive/MyDrive/Healthy/Healthy3550.jpg,25,masks/leaf/bdc716c78be8839669467b37.png,pending,nonempty,Healthy3550.jpg,,Healthy3550.jpg,,6fc99090f3ab5620366e440032fae0cb7dfb1ee0012160a7642c445345466083,healthy,,train,False,,pending,unknown,512
SAM3_auto,original,True,healthy:Healthy3551.jpg,512,ef47fa11090b7a0eb5bb8c76,healthy_source,/content/drive/MyDrive/Healthy/Healthy3551.jpg,18,masks/leaf/ef47fa11090b7a0eb5bb8c76.png,pending,nonempty,Healthy3551.jpg,,Healthy3551.jpg,,7cec09b658196b43bcce2031e0d87560bb0cf1790b7af57a8f8387a17efc0905,healthy,,train,False,,pending,unknown,512
SAM3_auto,original,True,healthy:Healthy3553.jpg,512,b7dba5d1d634d29fba1d60ac,healthy_source,/content/drive/MyDrive/Healthy/Healthy3553.jpg,23,masks/leaf/b7dba5d1d634d29fba1d60ac.png,pending,nonempty,Healthy3553.jpg,,Healthy3553.jpg,,ffed1c743a589a1f7a9f4f9c9dc20c445a21d7afb5285911479d2f40c328cc23,healthy,,train,False,,pending,unknown,512
SAM3_auto,original,True,healthy:Healthy3555.jpg,512,2ebee51388993b4db0e62198,healthy_source,/content/drive/MyDrive/Healthy/Healthy3555.jpg,11,masks/leaf/2ebee51388993b4db0e62198.png,pending,nonempty,Healthy3555.jpg,,Healthy3555.jpg,,699f1ddae9841dd9482b052a2ae0011a0409f4d15c5b329de31bad57952875d7,healthy,,train,False,,pending,unknown,512
SAM3_auto,original,True,healthy:Healthy3556.jpg,512,0cf9f16217b2e2d31151b151,healthy_source,/content/drive/MyDrive/Healthy/Healthy3556.jpg,21,masks/leaf/0cf9f16217b2e2d31151b151.png,pending,nonempty,Healthy3556.jpg,,Healthy3556.jpg,,d847c6557abcb781f65a4785d026ac0087152ed5085361f9f2745cd21f4010e9,healthy,,train,False,,pending,unknown,512
SAM3_auto,original,True,healthy:Healthy3558.jpg,512,cc2b01210638403cb760fa1e,healthy_source,/content/drive/MyDrive/Healthy/Healthy3558.jpg,1,masks/leaf/cc2b01210638403cb760fa1e.png,pending,nonempty,Healthy3558.jpg,,Healthy3558.jpg,,6cbd2e15e4ff576150242260d2a3e1a462c58fdd68cdf434808268ddab5fa705,healthy,,train,False,,pending,unknown,512
SAM3_auto,original,True,healthy:Healthy356.jpg,512,7dc1457be8cadd6b237c72b4,healthy_source,/content/drive/MyDrive/Healthy/Healthy356.jpg,1,masks/leaf/7dc1457be8cadd6b237c72b4.png,pending,nonempty,Healthy356.jpg,,Healthy356.jpg,,fab7fd198dda4261597954914b781458139a857b533e9537ad27a2e521e408f3,healthy,,train,False,,pending,unknown,512
SAM3_auto,original,True,healthy:Healthy3561.jpg,512,d467d020d84a5f742ec723ba,healthy_source,/content/drive/MyDrive/Healthy/Healthy3561.jpg,7,masks/leaf/d467d020d84a5f742ec723ba.png,pending,nonempty,Healthy3561.jpg,,Healthy3561.jpg,,be9d363d2754eb3a2acf77e2d8e8095f579c612a9c85beb63e5bc664668ef483,healthy,,train,False,,pending,unknown,512
SAM3_auto,original,True,healthy:Healthy3562.jpg,512,24c05146b46b6f0d20755f0a,healthy_source,/content/drive/MyDrive/Healthy/Healthy3562.jpg,28,masks/leaf/24c05146b46b6f0d20755f0a.png,pending,nonempty,Healthy3562.jpg,,Healthy3562.jpg,,ad332168a5266d3fc5e2c3665eb82836ec4c08e3b15107b6007827179d0cb87a,healthy,,train,False,,pending,unknown,512
SAM3_auto,original,True,healthy:Healthy3563.jpg,512,6df8aa6edf73fc4dac3a71ea,healthy_source,/content/drive/MyDrive/Healthy/Healthy3563.jpg,15,masks/leaf/6df8aa6edf73fc4dac3a71ea.png,pending,nonempty,Healthy3563.jpg,,Healthy3563.jpg,,f66bcb937330b6eee8e149de4aa43cac1324b614fbc493ffe96e4b2e6f8a2ab9,healthy,,train,False,,pending,unknown,512
SAM3_auto,original,True,healthy:Healthy3564.jpg,512,2d480378680a68c721fb3cb3,healthy_source,/content/drive/MyDrive/Healthy/Healthy3564.jpg,16,masks/leaf/2d480378680a68c721fb3cb3.png,pending,nonempty,Healthy3564.jpg,,Healthy3564.jpg,,24ed40515552899c64d5469505dd2ae726175ce069b8a4e2776ae5ca910d6060,healthy,,train,False,,pending,unknown,512
SAM3_auto,original,True,healthy:Healthy3565.jpg,512,a3888bf03842eb2e1c1c51a8,healthy_source,/content/drive/MyDrive/Healthy/Healthy3565.jpg,9,masks/leaf/a3888bf03842eb2e1c1c51a8.png,pending,nonempty,Healthy3565.jpg,,Healthy3565.jpg,,f6fc8f282a1fdd1ada6f190973533fb9e3d11db99b44bc4b37f7d409cdcf55c6,healthy,,train,False,,pending,unknown,512
SAM3_auto,original,True,healthy:Healthy3567.jpg,512,f1991ac411df60d3c045ddb5,healthy_source,/content/drive/MyDrive/Healthy/Healthy3567.jpg,1,masks/leaf/f1991ac411df60d3c045ddb5.png,pending,nonempty,Healthy3567.jpg,,Healthy3567.jpg,,bb55e40d500fbcf47f2f831666541cd93424c03a5b4d4805c20280b4553e9e30,healthy,,train,False,,pending,unknown,512
SAM3_auto,original,True,healthy:Healthy3568.jpg,512,ba3aa5433b2e96c128528e23,healthy_source,/content/drive/MyDrive/Healthy/Healthy3568.jpg,2,masks/leaf/ba3aa5433b2e96c128528e23.png,pending,nonempty,Healthy3568.jpg,,Healthy3568.jpg,,bccd1853eedd7f3bea968a61ea2a84b9b89ea06d82549927e82e27ae2777e67a,healthy,,train,False,,pending,unknown,512
SAM3_auto,original,True,healthy:Healthy3569.jpg,512,1f2877c066b9000c2e2297b9,healthy_source,/content/drive/MyDrive/Healthy/Healthy3569.jpg,14,masks/leaf/1f2877c066b9000c2e2297b9.png,pending,nonempty,Healthy3569.jpg,,Healthy3569.jpg,,fdd09aa105ab4641ec73bac3fb70a562dc1e977bbb024f5c7fef0349d62d5aa8,healthy,,train,False,,pending,unknown,512
SAM3_auto,original,True,healthy:Healthy3574.jpg,512,0783107c7a833fccc5594da7,healthy_source,/content/drive/MyDrive/Healthy/Healthy3574.jpg,14,masks/leaf/0783107c7a833fccc5594da7.png,pending,nonempty,Healthy3574.jpg,,Healthy3574.jpg,,994af365e030378148010fa39542647278a0a31772886eeee0f225c511da6e4d,healthy,,train,False,,pending,unknown,512
SAM3_auto,original,True,healthy:Healthy3575.jpg,512,6969da33cc0a7abe3fd6a330,healthy_source,/content/drive/MyDrive/Healthy/Healthy3575.jpg,10,masks/leaf/6969da33cc0a7abe3fd6a330.png,pending,nonempty,Healthy3575.jpg,,Healthy3575.jpg,,35cad4824b5944462aab3348de94b87f0784feef4be6ec03605ceab0d6191f47,healthy,,train,False,,pending,unknown,512
SAM3_auto,original,True,healthy:Healthy3576.jpg,512,51c2e06259202f1ed094d25f,healthy_source,/content/drive/MyDrive/Healthy/Healthy3576.jpg,23,masks/leaf/51c2e06259202f1ed094d25f.png,pending,nonempty,Healthy3576.jpg,,Healthy3576.jpg,,041dc392dd49a09d5ad67b83082c1813367b3ff415f5cbbea99594190bd7b723,healthy,,train,False,,pending,unknown,512
SAM3_auto,original,True,healthy:Healthy3577.jpg,512,f325248e8c8e42910e3d6a83,healthy_source,/content/drive/MyDrive/Healthy/Healthy3577.jpg,22,masks/leaf/f325248e8c8e42910e3d6a83.png,pending,nonempty,Healthy3577.jpg,,Healthy3577.jpg,,2493f9e77642e964268e8c8756a1d26b4d633bdb62e81b3a53c411020a30c660,healthy,,train,False,,pending,unknown,512
SAM3_auto,original,True,healthy:Healthy3579.jpg,512,cf6fd1417d19e5cd818f3ed0,healthy_source,/content/drive/MyDrive/Healthy/Healthy3579.jpg,18,masks/leaf/cf6fd1417d19e5cd818f3ed0.png,pending,nonempty,Healthy3579.jpg,,Healthy3579.jpg,,69e6b828649f2c72c8fc55718b562e1ad4c821c16346eb7930df1e0234efacd5,healthy,,train,False,,pending,unknown,512
SAM3_auto,original,True,healthy:Healthy358.jpg,512,c276a432441211cc906e457a,healthy_source,/content/drive/MyDrive/Healthy/Healthy358.jpg,1,masks/leaf/c276a432441211cc906e457a.png,pending,nonempty,Healthy358.jpg,,Healthy358.jpg,,312cfbc501a47c23c929a295ce94a6f3d386a6f46a39aad1977a852603cdcb65,healthy,,train,False,,pending,unknown,512
SAM3_auto,original,True,healthy:Healthy3580.jpg,512,ca0aba8db58a429f3b0ad7fb,healthy_source,/content/drive/MyDrive/Healthy/Healthy3580.jpg,21,masks/leaf/ca0aba8db58a429f3b0ad7fb.png,pending,nonempty,Healthy3580.jpg,,Healthy3580.jpg,,b6b905c734ecba4e995b610c13b73ad28d9bf0a65076c27c86f68456315dc25e,healthy,,train,False,,pending,unknown,512
SAM3_auto,original,True,healthy:Healthy3581.jpg,512,ebea2ad259eb3aaabac1c67f,healthy_source,/content/drive/MyDrive/Healthy/Healthy3581.jpg,16,masks/leaf/ebea2ad259eb3aaabac1c67f.png,pending,nonempty,Healthy3581.jpg,,Healthy3581.jpg,,9d7f6aeff943a8d7b884e31ba11cc032497641bd3f3d61038c1afaebaeaac33b,healthy,,train,False,,pending,unknown,512
SAM3_auto,original,True,healthy:Healthy3583.jpg,512,333d886923913fb9767d726a,healthy_source,/content/drive/MyDrive/Healthy/Healthy3583.jpg,20,masks/leaf/333d886923913fb9767d726a.png,pending,nonempty,Healthy3583.jpg,,Healthy3583.jpg,,c5607406c7c87d0df60da71063d182c248858283ac9a89bbcaeb304993d39865,healthy,,train,False,,pending,unknown,512
SAM3_auto,original,True,healthy:Healthy3585.jpg,512,aafb5c2c82c7900bb7a14ea9,healthy_source,/content/drive/MyDrive/Healthy/Healthy3585.jpg,8,masks/leaf/aafb5c2c82c7900bb7a14ea9.png,pending,nonempty,Healthy3585.jpg,,Healthy3585.jpg,,4e5f0e4ce705d4ed2c70d54d95449ce8427b2dd863090b49fc78635903aced9f,healthy,,train,False,,pending,unknown,512
SAM3_auto,original,True,healthy:Healthy3587.jpg,512,705b12b8b3bba71b928b9eb9,healthy_source,/content/drive/MyDrive/Healthy/Healthy3587.jpg,5,masks/leaf/705b12b8b3bba71b928b9eb9.png,pending,nonempty,Healthy3587.jpg,,Healthy3587.jpg,,c14489942ea1ca6e00569933779f3b81e120c4fdee80af67bbf6c709e0ef4b79,healthy,,train,False,,pending,unknown,512
SAM3_auto,original,True,healthy:Healthy3588.jpg,512,19d56b2a755f9e446913f72f,healthy_source,/content/drive/MyDrive/Healthy/Healthy3588.jpg,1,masks/leaf/19d56b2a755f9e446913f72f.png,pending,nonempty,Healthy3588.jpg,,Healthy3588.jpg,,35aa44a850e52ff1195de13b43f966a266148946a854c0404581e0845a4ce962,healthy,,train,False,,pending,unknown,512
SAM3_auto,original,True,healthy:Healthy3590.jpg,512,a848ab62739262e3c8632bb3,healthy_source,/content/drive/MyDrive/Healthy/Healthy3590.jpg,1,masks/leaf/a848ab62739262e3c8632bb3.png,pending,nonempty,Healthy3590.jpg,,Healthy3590.jpg,,a4a614a5c31c5c0f17607c8a760bf4753a665ddeafa9d7fe1c2300bef181dc47,healthy,,train,False,,pending,unknown,512
SAM3_auto,original,True,healthy:Healthy3591.jpg,512,f0bc547d3cece87e703ffb8e,healthy_source,/content/drive/MyDrive/Healthy/Healthy3591.jpg,1,masks/leaf/f0bc547d3cece87e703ffb8e.png,pending,nonempty,Healthy3591.jpg,,Healthy3591.jpg,,8f47ba78b7a13db5ea34f94957db6ee7a5deaefad5496816c85691c15a8de011,healthy,,train,False,,pending,unknown,512
SAM3_auto,original,True,healthy:Healthy3592.jpg,512,be03a2e39bc456637b1510a7,healthy_source,/content/drive/MyDrive/Healthy/Healthy3592.jpg,1,masks/leaf/be03a2e39bc456637b1510a7.png,pending,nonempty,Healthy3592.jpg,,Healthy3592.jpg,,24f28b4b7cc5167e33a53b826927ce887b69fcd19376e28eb83cc4aecf90eb5d,healthy,,train,False,,pending,unknown,512
SAM3_auto,original,True,healthy:Healthy3594.jpg,512,57da4c10e42830d6b5334e58,healthy_source,/content/drive/MyDrive/Healthy/Healthy3594.jpg,1,masks/leaf/57da4c10e42830d6b5334e58.png,pending,nonempty,Healthy3594.jpg,,Healthy3594.jpg,,e8a31cf50cb1efa489313fb7241cecc1308d242a42661be39d074eefb22fe3b1,healthy,,train,False,,pending,unknown,512
SAM3_auto,original,True,healthy:Healthy3595.jpg,512,487e3c5b10cac72daf50dc3d,healthy_source,/content/drive/MyDrive/Healthy/Healthy3595.jpg,1,masks/leaf/487e3c5b10cac72daf50dc3d.png,pending,nonempty,Healthy3595.jpg,,Healthy3595.jpg,,9c39b1b77cd69945e2f8c09b706fe62d6b871cea5e3eae37a985ef92d66f5a63,healthy,,train,False,,pending,unknown,512
SAM3_auto,original,True,healthy:Healthy3596.jpg,512,5ca56a41734fa7969632fe7b,healthy_source,/content/drive/MyDrive/Healthy/Healthy3596.jpg,1,masks/leaf/5ca56a41734fa7969632fe7b.png,pending,nonempty,Healthy3596.jpg,,Healthy3596.jpg,,a8030acbafee77678cff1ad602c919937a541fbb65f535678ea49982d1e56d95,healthy,,train,False,,pending,unknown,512
SAM3_auto,original,True,healthy:Healthy3597.jpg,512,3094a05a32ce9ff6b920e5e5,healthy_source,/content/drive/MyDrive/Healthy/Healthy3597.jpg,1,masks/leaf/3094a05a32ce9ff6b920e5e5.png,pending,nonempty,Healthy3597.jpg,,Healthy3597.jpg,,a4a4f4320746435eca5caa57a9d3a6fc7c9f3fdc58ab95309a7b073855ccf8b5,healthy,,train,False,,pending,unknown,512
SAM3_auto,original,True,healthy:Healthy3598.jpg,512,0b31e28f4c13e4abc892294c,healthy_source,/content/drive/MyDrive/Healthy/Healthy3598.jpg,1,masks/leaf/0b31e28f4c13e4abc892294c.png,pending,nonempty,Healthy3598.jpg,,Healthy3598.jpg,,8d5d14f191c3c1e926d15a149f84eb36970a31f1e3d603cc726cec5ee0f1e91e,healthy,,train,False,,pending,unknown,512
SAM3_auto,original,True,healthy:Healthy3599.jpg,512,8e41161508b5be98a2a8d78a,healthy_source,/content/drive/MyDrive/Healthy/Healthy3599.jpg,1,masks/leaf/8e41161508b5be98a2a8d78a.png,pending,nonempty,Healthy3599.jpg,,Healthy3599.jpg,,aa421dd94169de465d849c4bdec2c631a93e38b1cdf6079e441cf1955574a747,healthy,,train,False,,pending,unknown,512
SAM3_auto,original,True,healthy:Healthy36.jpg,512,0248fdcca00551a42f3999f5,healthy_source,/content/drive/MyDrive/Healthy/Healthy36.jpg,1,masks/leaf/0248fdcca00551a42f3999f5.png,pending,nonempty,Healthy36.jpg,,Healthy36.jpg,,7b1f47d9cd85d67ee55d43d32760dcbc089c6050169cad54a5ce35d6c39466fd,healthy,,train,False,,pending,unknown,512
SAM3_auto,original,True,healthy:Healthy360.jpg,512,e9cff81a58e4fed98e65cdc9,healthy_source,/content/drive/MyDrive/Healthy/Healthy360.jpg,1,masks/leaf/e9cff81a58e4fed98e65cdc9.png,pending,nonempty,Healthy360.jpg,,Healthy360.jpg,,d9bbaf4c94f62df0816bb9edbc2ccb918bde594fe827f41b1eba457bbc4353f1,healthy,,train,False,,pending,unknown,512
SAM3_auto,original,True,healthy:Healthy3600.jpg,512,df785a65c43f179bd3f7a7ee,healthy_source,/content/drive/MyDrive/Healthy/Healthy3600.jpg,1,masks/leaf/df785a65c43f179bd3f7a7ee.png,pending,nonempty,Healthy3600.jpg,,Healthy3600.jpg,,8cadbbbfa6fb68e4db1871273f360b7d2886dd7ad6028557ef48db073c31eb74,healthy,,train,False,,pending,unknown,512
SAM3_auto,original,True,healthy:Healthy3602.jpg,512,e10710fdaf923f33c50bab3c,healthy_source,/content/drive/MyDrive/Healthy/Healthy3602.jpg,11,masks/leaf/e10710fdaf923f33c50bab3c.png,pending,nonempty,Healthy3602.jpg,,Healthy3602.jpg,,0a7efcdb9a312439ca00614955940f6c072c8962b414daef11c82d6e316d9537,healthy,,train,False,,pending,unknown,512
SAM3_auto,original,True,healthy:Healthy3604.jpg,512,5e8237927605d98ef5cbf6be,healthy_source,/content/drive/MyDrive/Healthy/Healthy3604.jpg,1,masks/leaf/5e8237927605d98ef5cbf6be.png,pending,nonempty,Healthy3604.jpg,,Healthy3604.jpg,,7b9b1d88f2c6af1169207847c2e2ba270b57080153097ad357afd74eaba34f4e,healthy,,train,False,,pending,unknown,512
SAM3_auto,original,True,healthy:Healthy3605.jpg,512,3f4d59e4684f3158c6e04768,healthy_source,/content/drive/MyDrive/Healthy/Healthy3605.jpg,1,masks/leaf/3f4d59e4684f3158c6e04768.png,pending,nonempty,Healthy3605.jpg,,Healthy3605.jpg,,c1580abac0dc13b96a312bda3d16a9bc5dd75f3a826489c8db295a1a982e3558,healthy,,train,False,,pending,unknown,512
SAM3_auto,original,True,healthy:Healthy3608.jpg,512,d14d05f364109ea424bd46f7,healthy_source,/content/drive/MyDrive/Healthy/Healthy3608.jpg,1,masks/leaf/d14d05f364109ea424bd46f7.png,pending,nonempty,Healthy3608.jpg,,Healthy3608.jpg,,9b0aa8a6ec4a42e4cebdfa52dbd58a3e05d9bf21c7573e7447415a1a29835c3a,healthy,,train,False,,pending,unknown,512
SAM3_auto,original,True,healthy:Healthy361.jpg,512,5f9a58337591a50484881d57,healthy_source,/content/drive/MyDrive/Healthy/Healthy361.jpg,1,masks/leaf/5f9a58337591a50484881d57.png,pending,nonempty,Healthy361.jpg,,Healthy361.jpg,,3e6c3ab95ef8cd73713c71aa7aeb544d3a09a32af967d2f2e6be137fb657d547,healthy,,train,False,,pending,unknown,512
SAM3_auto,original,True,healthy:Healthy3610.jpg,512,188827cd888ec51ded09de53,healthy_source,/content/drive/MyDrive/Healthy/Healthy3610.jpg,1,masks/leaf/188827cd888ec51ded09de53.png,pending,nonempty,Healthy3610.jpg,,Healthy3610.jpg,,c038dc4562385d1f96e605552cff678b2f7d74fcb4eefde2ac42e528b643c6b3,healthy,,train,False,,pending,unknown,512
SAM3_auto,original,True,healthy:Healthy3612.jpg,512,ad7edf05272b58da12b1d719,healthy_source,/content/drive/MyDrive/Healthy/Healthy3612.jpg,1,masks/leaf/ad7edf05272b58da12b1d719.png,pending,nonempty,Healthy3612.jpg,,Healthy3612.jpg,,d0cf0b5c5c5157f7644b22780c7e79ec281fdf06fb17f713ac1681bb92b199ee,healthy,,train,False,,pending,unknown,512
SAM3_auto,original,True,healthy:Healthy3613.jpg,512,7716638e4dc4ef51929098d8,healthy_source,/content/drive/MyDrive/Healthy/Healthy3613.jpg,1,masks/leaf/7716638e4dc4ef51929098d8.png,pending,nonempty,Healthy3613.jpg,,Healthy3613.jpg,,ba092b21b5e269cd0ef8310028c50c30c6f7c82527a05c8d94bde0f44e9c2213,healthy,,train,False,,pending,unknown,512
SAM3_auto,original,True,healthy:Healthy3614.jpg,512,78c62c59b6be7c0517e04dfd,healthy_source,/content/drive/MyDrive/Healthy/Healthy3614.jpg,1,masks/leaf/78c62c59b6be7c0517e04dfd.png,pending,nonempty,Healthy3614.jpg,,Healthy3614.jpg,,b058e2259d5f0412d828d93f044f3083fda1324ac19ed2c4dad8a84b7e9ec7eb,healthy,,train,False,,pending,unknown,512
SAM3_auto,original,True,healthy:Healthy3615.jpg,512,35584f0360ab1e7bfd5fb12e,healthy_source,/content/drive/MyDrive/Healthy/Healthy3615.jpg,10,masks/leaf/35584f0360ab1e7bfd5fb12e.png,pending,nonempty,Healthy3615.jpg,,Healthy3615.jpg,,9026c420ec70fa467d9583f722a8158dcb3371aeb121632e988663601538e7aa,healthy,,train,False,,pending,unknown,512
SAM3_auto,original,True,healthy:Healthy3616.jpg,512,736e98eb7f63820c80237498,healthy_source,/content/drive/MyDrive/Healthy/Healthy3616.jpg,37,masks/leaf/736e98eb7f63820c80237498.png,pending,nonempty,Healthy3616.jpg,,Healthy3616.jpg,,2efa162232b1042b1e7efb3721e68a0d4b14e84baa4e6b8cec0cc1eac329731a,healthy,,train,False,,pending,unknown,512
SAM3_auto,original,True,healthy:Healthy3617.jpg,512,0be61a590435813a1634af01,healthy_source,/content/drive/MyDrive/Healthy/Healthy3617.jpg,36,masks/leaf/0be61a590435813a1634af01.png,pending,nonempty,Healthy3617.jpg,,Healthy3617.jpg,,76b392f4c7fe761ae31344d4f5600af1e2ff5c1664bd80196b2fc4a391ceaafe,healthy,,train,False,,pending,unknown,512
SAM3_auto,original,True,healthy:Healthy3618.jpg,512,2af3c444aa77ca010a10f9bc,healthy_source,/content/drive/MyDrive/Healthy/Healthy3618.jpg,8,masks/leaf/2af3c444aa77ca010a10f9bc.png,pending,nonempty,Healthy3618.jpg,,Healthy3618.jpg,,d5ed89d83f4a834654b6f43dec5433a691017d2179a3326c478a6b9315687d89,healthy,,train,False,,pending,unknown,512
SAM3_auto,original,True,healthy:Healthy3620.jpg,512,b30aada04965149cb491e65d,healthy_source,/content/drive/MyDrive/Healthy/Healthy3620.jpg,33,masks/leaf/b30aada04965149cb491e65d.png,pending,nonempty,Healthy3620.jpg,,Healthy3620.jpg,,7947950910ee141660c3b46bc5ce390d50b5b2cfd6df62867f78dd83c9a1a2d2,healthy,,train,False,,pending,unknown,512
SAM3_auto,original,True,healthy:Healthy3622.jpg,512,d5b2201ddbe5407132d7417e,healthy_source,/content/drive/MyDrive/Healthy/Healthy3622.jpg,14,masks/leaf/d5b2201ddbe5407132d7417e.png,pending,nonempty,Healthy3622.jpg,,Healthy3622.jpg,,a4a69aaa891d8ca81132de4d957fc8584695cdfc9234e7671ef8b0b2866a81be,healthy,,train,False,,pending,unknown,512
SAM3_auto,original,True,healthy:Healthy3623.jpg,512,abfa2bb32b50cae2078407a7,healthy_source,/content/drive/MyDrive/Healthy/Healthy3623.jpg,31,masks/leaf/abfa2bb32b50cae2078407a7.png,pending,nonempty,Healthy3623.jpg,,Healthy3623.jpg,,a9c5e8aa80e55b285dfa21fb1c91ed8f3f03775308601d57ad455e9ea4315a91,healthy,,train,False,,pending,unknown,512
SAM3_auto,original,True,healthy:Healthy3624.jpg,512,21704e959b5ace096e837a9e,healthy_source,/content/drive/MyDrive/Healthy/Healthy3624.jpg,2,masks/leaf/21704e959b5ace096e837a9e.png,pending,nonempty,Healthy3624.jpg,,Healthy3624.jpg,,eef901e906b348c3f503e6c4ee6fc2416af4e6dddb32a72646d7cab30bc98176,healthy,,train,False,,pending,unknown,512
SAM3_auto,original,True,healthy:Healthy3625.jpg,512,05c3ca05fc31967d72855e19,healthy_source,/content/drive/MyDrive/Healthy/Healthy3625.jpg,32,masks/leaf/05c3ca05fc31967d72855e19.png,pending,nonempty,Healthy3625.jpg,,Healthy3625.jpg,,a4219ebd440ae31280af716ea3965203bbc7a696e4e74facab724592b7efe7bd,healthy,,train,False,,pending,unknown,512
SAM3_auto,original,True,healthy:Healthy3626.jpg,512,e1f09f1854a6abe7c00073da,healthy_source,/content/drive/MyDrive/Healthy/Healthy3626.jpg,21,masks/leaf/e1f09f1854a6abe7c00073da.png,pending,nonempty,Healthy3626.jpg,,Healthy3626.jpg,,f10ae771b5c071386b780d35547a15157e8549e39027031469825792f52254fb,healthy,,train,False,,pending,unknown,512
SAM3_auto,original,True,healthy:Healthy3627.jpg,512,8dfd39b98a27e240587a3e39,healthy_source,/content/drive/MyDrive/Healthy/Healthy3627.jpg,12,masks/leaf/8dfd39b98a27e240587a3e39.png,pending,nonempty,Healthy3627.jpg,,Healthy3627.jpg,,f2f50072d3a70b679c13e786857d3d9da93ee6dffa5ab8b7c483528a352b0e9a,healthy,,train,False,,pending,unknown,512
SAM3_auto,original,True,healthy:Healthy3630.jpg,512,af205524faedacf9916bf745,healthy_source,/content/drive/MyDrive/Healthy/Healthy3630.jpg,30,masks/leaf/af205524faedacf9916bf745.png,pending,nonempty,Healthy3630.jpg,,Healthy3630.jpg,,59269186bb17f4cbe576cee929a842e44f3507260aa6a439bafa7a5096454b9d,healthy,,train,False,,pending,unknown,512
SAM3_auto,original,True,healthy:Healthy3631.jpg,512,58605d70111a9f18589eddce,healthy_source,/content/drive/MyDrive/Healthy/Healthy3631.jpg,18,masks/leaf/58605d70111a9f18589eddce.png,pending,nonempty,Healthy3631.jpg,,Healthy3631.jpg,,bcd2ac07c46d8f1b525353c73be5abdce5e525cb0b755f248ea6661cb7af56e1,healthy,,train,False,,pending,unknown,512
SAM3_auto,original,True,healthy:Healthy3632.jpg,512,3330693a913c98d3dc0881b7,healthy_source,/content/drive/MyDrive/Healthy/Healthy3632.jpg,20,masks/leaf/3330693a913c98d3dc0881b7.png,pending,nonempty,Healthy3632.jpg,,Healthy3632.jpg,,61f65bc34d2cf4d718b979b75095ac045566a2055883d8054dfb17964c69fce2,healthy,,train,False,,pending,unknown,512
SAM3_auto,original,True,healthy:Healthy3633.jpg,512,0ccf8db5e694a1667dfec959,healthy_source,/content/drive/MyDrive/Healthy/Healthy3633.jpg,21,masks/leaf/0ccf8db5e694a1667dfec959.png,pending,nonempty,Healthy3633.jpg,,Healthy3633.jpg,,f1f1e8eab95559c3d63651af9876c05ec1ea95f08dcd4771e3893ee0a72374f5,healthy,,train,False,,pending,unknown,512
SAM3_auto,original,True,healthy:Healthy3634.jpg,512,850ca482045ca729f98c1c73,healthy_source,/content/drive/MyDrive/Healthy/Healthy3634.jpg,26,masks/leaf/850ca482045ca729f98c1c73.png,pending,nonempty,Healthy3634.jpg,,Healthy3634.jpg,,9b5bb714d5cf503baf73acdfc54a0c88e606aae54028ec915ab36485f4aaf8a1,healthy,,train,False,,pending,unknown,512
SAM3_auto,original,True,healthy:Healthy3638.jpg,512,35ff9399b229e5c96ae90af1,healthy_source,/content/drive/MyDrive/Healthy/Healthy3638.jpg,21,masks/leaf/35ff9399b229e5c96ae90af1.png,pending,nonempty,Healthy3638.jpg,,Healthy3638.jpg,,2e803fe97e85f559b79d2662daeea10613399ab7059fb3a81a87cf630f521863,healthy,,train,False,,pending,unknown,512
SAM3_auto,original,True,healthy:Healthy3639.jpg,512,ff7c694ecdc25fe31c53d950,healthy_source,/content/drive/MyDrive/Healthy/Healthy3639.jpg,34,masks/leaf/ff7c694ecdc25fe31c53d950.png,pending,nonempty,Healthy3639.jpg,,Healthy3639.jpg,,3bb9ef8178187cc5fcf676711c543828f24863ddc93dc7338bd963363b0f5774,healthy,,train,False,,pending,unknown,512
SAM3_auto,original,True,healthy:Healthy3640.jpg,512,652e7aa3ee62a57b63924147,healthy_source,/content/drive/MyDrive/Healthy/Healthy3640.jpg,12,masks/leaf/652e7aa3ee62a57b63924147.png,pending,nonempty,Healthy3640.jpg,,Healthy3640.jpg,,d2745facf8733fb8c84868f4f953a0ae10c7e8aa47c3218a79acaec60aac83f8,healthy,,train,False,,pending,unknown,512
SAM3_auto,original,True,healthy:Healthy3641.jpg,512,143ab9eb29e12e81c9a53682,healthy_source,/content/drive/MyDrive/Healthy/Healthy3641.jpg,15,masks/leaf/143ab9eb29e12e81c9a53682.png,pending,nonempty,Healthy3641.jpg,,Healthy3641.jpg,,ceb52dfde038af870c29aaaafd574edbbd2320009ed15179c19eeca47f9cea96,healthy,,train,False,,pending,unknown,512
SAM3_auto,original,True,healthy:Healthy3642.jpg,512,9ec472747126f75033d8c061,healthy_source,/content/drive/MyDrive/Healthy/Healthy3642.jpg,28,masks/leaf/9ec472747126f75033d8c061.png,pending,nonempty,Healthy3642.jpg,,Healthy3642.jpg,,69134f9b7b50d34602d8eaf00af4fba2afbfe2515408c7a357d0d84a79979ac5,healthy,,train,False,,pending,unknown,512
SAM3_auto,original,True,healthy:Healthy3644.jpg,512,9048d1d78bc6ce09c20a6d3c,healthy_source,/content/drive/MyDrive/Healthy/Healthy3644.jpg,17,masks/leaf/9048d1d78bc6ce09c20a6d3c.png,pending,nonempty,Healthy3644.jpg,,Healthy3644.jpg,,c5b4989f96d56ccf48a282f25e0d12d4bcb3ccf3f7f65f4458d7b132c2ece41d,healthy,,train,False,,pending,unknown,512
SAM3_auto,original,True,healthy:Healthy3645.jpg,512,af1f7123481ecb01293bd1a5,healthy_source,/content/drive/MyDrive/Healthy/Healthy3645.jpg,28,masks/leaf/af1f7123481ecb01293bd1a5.png,pending,nonempty,Healthy3645.jpg,,Healthy3645.jpg,,9900b0866d6c1c93445f81032fc5e52796788f9d55ecefa37fa9396bb965fc1c,healthy,,train,False,,pending,unknown,512
SAM3_auto,original,True,healthy:Healthy3647.jpg,512,bd9b539089ad3d6de33fa256,healthy_source,/content/drive/MyDrive/Healthy/Healthy3647.jpg,32,masks/leaf/bd9b539089ad3d6de33fa256.png,pending,nonempty,Healthy3647.jpg,,Healthy3647.jpg,,d5afd4b9fe041063eed71829aac67d197bc70da04b87e75a29d2c9dc6d7a88a6,healthy,,train,False,,pending,unknown,512
SAM3_auto,original,True,healthy:Healthy3648.jpg,512,e12544ce21e78e784383c111,healthy_source,/content/drive/MyDrive/Healthy/Healthy3648.jpg,22,masks/leaf/e12544ce21e78e784383c111.png,pending,nonempty,Healthy3648.jpg,,Healthy3648.jpg,,4f6964e0677c376a29fcc3a583d4da647b3ddbb361159f413729820d67b9ab51,healthy,,train,False,,pending,unknown,512
SAM3_auto,original,True,healthy:Healthy3649.jpg,512,97d57480332304ec39fa2a84,healthy_source,/content/drive/MyDrive/Healthy/Healthy3649.jpg,21,masks/leaf/97d57480332304ec39fa2a84.png,pending,nonempty,Healthy3649.jpg,,Healthy3649.jpg,,9c9e124da7a111f3e4d446b485e2051d8911dadb2110b8b32b6561d8325f3ac7,healthy,,train,False,,pending,unknown,512
SAM3_auto,original,True,healthy:Healthy3650.jpg,512,06e7526e695c296d80fca7cb,healthy_source,/content/drive/MyDrive/Healthy/Healthy3650.jpg,1,masks/leaf/06e7526e695c296d80fca7cb.png,pending,nonempty,Healthy3650.jpg,,Healthy3650.jpg,,ca4eab070e61118f201659aa2bb81526661a23025b6c1f3f24998cb99545ded8,healthy,,train,False,,pending,unknown,512
SAM3_auto,original,True,healthy:Healthy3651.jpg,512,fdedde7417c1f01cccdb4f35,healthy_source,/content/drive/MyDrive/Healthy/Healthy3651.jpg,1,masks/leaf/fdedde7417c1f01cccdb4f35.png,pending,nonempty,Healthy3651.jpg,,Healthy3651.jpg,,f8daddf6a0029b71ff45c5d6f9cf17b10efa40985b84ce5514cbd926ed2e24b5,healthy,,train,False,,pending,unknown,512
SAM3_auto,original,True,healthy:Healthy3652.jpg,512,1e3b35678b46818fb8130687,healthy_source,/content/drive/MyDrive/Healthy/Healthy3652.jpg,1,masks/leaf/1e3b35678b46818fb8130687.png,pending,nonempty,Healthy3652.jpg,,Healthy3652.jpg,,39eb89318184ece98a2df5425cd6a1e8569d867426f5e3e957008fdc67031dee,healthy,,train,False,,pending,unknown,512
SAM3_auto,original,True,healthy:Healthy3653.jpg,512,0a4440ce114eb20eb22e3196,healthy_source,/content/drive/MyDrive/Healthy/Healthy3653.jpg,1,masks/leaf/0a4440ce114eb20eb22e3196.png,pending,nonempty,Healthy3653.jpg,,Healthy3653.jpg,,7f1349faf3b7be633b5d68f4282397c820c0772bc5c266d33742abe32176ce81,healthy,,train,False,,pending,unknown,512
SAM3_auto,original,True,healthy:Healthy3654.jpg,512,246a6268f87ef6299b766a5a,healthy_source,/content/drive/MyDrive/Healthy/Healthy3654.jpg,1,masks/leaf/246a6268f87ef6299b766a5a.png,pending,nonempty,Healthy3654.jpg,,Healthy3654.jpg,,68e5a71ddba797c3164dbeec0ad81fe964b1acab483c312022defce64dcbdcac,healthy,,train,False,,pending,unknown,512
SAM3_auto,original,True,healthy:Healthy3655.jpg,512,f8544bc1a1534706b95f85b4,healthy_source,/content/drive/MyDrive/Healthy/Healthy3655.jpg,1,masks/leaf/f8544bc1a1534706b95f85b4.png,pending,nonempty,Healthy3655.jpg,,Healthy3655.jpg,,df1bdfd01915376cdc45e1eb20bd1cf78798f701732585fa53cbd3e64eb39f9c,healthy,,train,False,,pending,unknown,512
SAM3_auto,original,True,healthy:Healthy3657.jpg,512,f219a9e39c75118fabc3f0cb,healthy_source,/content/drive/MyDrive/Healthy/Healthy3657.jpg,1,masks/leaf/f219a9e39c75118fabc3f0cb.png,pending,nonempty,Healthy3657.jpg,,Healthy3657.jpg,,c6bb289c290509d2967d68a8407807c5b537a6338e1ec7d50bad49f811cf77d4,healthy,,train,False,,pending,unknown,512
SAM3_auto,original,True,healthy:Healthy3659.jpg,512,3882fa9a9334c1b13783f60c,healthy_source,/content/drive/MyDrive/Healthy/Healthy3659.jpg,1,masks/leaf/3882fa9a9334c1b13783f60c.png,pending,nonempty,Healthy3659.jpg,,Healthy3659.jpg,,3aa44fb7301321bb215121717b89659df3293a9032b38408ec14e9a3ae7382ef,healthy,,train,False,,pending,unknown,512
SAM3_auto,original,True,healthy:Healthy366.jpg,512,d7bbff9d5d60e4c543d5d80f,healthy_source,/content/drive/MyDrive/Healthy/Healthy366.jpg,1,masks/leaf/d7bbff9d5d60e4c543d5d80f.png,pending,nonempty,Healthy366.jpg,,Healthy366.jpg,,09698c84bee8f570ead8d1cd3035a9b70a29c8fc63026f45441da6edb7b45242,healthy,,train,False,,pending,unknown,512
SAM3_auto,original,True,healthy:Healthy3660.jpg,512,25cdf23916278e2ac61ea466,healthy_source,/content/drive/MyDrive/Healthy/Healthy3660.jpg,1,masks/leaf/25cdf23916278e2ac61ea466.png,pending,nonempty,Healthy3660.jpg,,Healthy3660.jpg,,8b3f3811e296fc0ec2cd96f87ffaf291b3689efcde722a2f458a824f825a9af2,healthy,,train,False,,pending,unknown,512
SAM3_auto,original,True,healthy:Healthy3661.jpg,512,15fe31238fa6648c25f3002a,healthy_source,/content/drive/MyDrive/Healthy/Healthy3661.jpg,1,masks/leaf/15fe31238fa6648c25f3002a.png,pending,nonempty,Healthy3661.jpg,,Healthy3661.jpg,,9b41e4704d373c57b2314b2f45b57e8f128838036d5bb748630218d28a401fd9,healthy,,train,False,,pending,unknown,512
SAM3_auto,original,True,healthy:Healthy3662.jpg,512,7d4ee5c5a4e2e33f99d49066,healthy_source,/content/drive/MyDrive/Healthy/Healthy3662.jpg,1,masks/leaf/7d4ee5c5a4e2e33f99d49066.png,pending,nonempty,Healthy3662.jpg,,Healthy3662.jpg,,0b00e3323a0929c3fb1d41ee344e1f369af4df1ce8b5a222b7d61b35504d7fcd,healthy,,train,False,,pending,unknown,512
SAM3_auto,original,True,healthy:Healthy3663.jpg,512,450ac92d5e9c3ab7496d9c01,healthy_source,/content/drive/MyDrive/Healthy/Healthy3663.jpg,1,masks/leaf/450ac92d5e9c3ab7496d9c01.png,pending,nonempty,Healthy3663.jpg,,Healthy3663.jpg,,f653cfc24d962d6ce9622c682329a8544349953c49b8230db767e1ad563c5c0e,healthy,,train,False,,pending,unknown,512
SAM3_auto,original,True,healthy:Healthy3664.jpg,512,96445dcfc9aa65430db30192,healthy_source,/content/drive/MyDrive/Healthy/Healthy3664.jpg,1,masks/leaf/96445dcfc9aa65430db30192.png,pending,nonempty,Healthy3664.jpg,,Healthy3664.jpg,,2b0ac94259bb99cbbe9a2ea5d969ff71af1c2a882ca4c4992c13b16a80c2dd49,healthy,,train,False,,pending,unknown,512
SAM3_auto,original,True,healthy:Healthy3665.jpg,512,7c5a0a11950ef2159f36f310,healthy_source,/content/drive/MyDrive/Healthy/Healthy3665.jpg,1,masks/leaf/7c5a0a11950ef2159f36f310.png,pending,nonempty,Healthy3665.jpg,,Healthy3665.jpg,,b38b9a31ed88fd9c7bbe6ee21ebfc1882c9804afa410f481431969841461edbf,healthy,,train,False,,pending,unknown,512
SAM3_auto,original,True,healthy:Healthy3666.jpg,512,75109e3d5823f64bdf16442d,healthy_source,/content/drive/MyDrive/Healthy/Healthy3666.jpg,1,masks/leaf/75109e3d5823f64bdf16442d.png,pending,nonempty,Healthy3666.jpg,,Healthy3666.jpg,,936f8d54eb9339e276d18ddcf1167d20d3b5c5d17ae75d7c449fef575bc6c350,healthy,,train,False,,pending,unknown,512
SAM3_auto,original,True,healthy:Healthy3667.jpg,512,e7ff4755bb04f2ed1a308cbd,healthy_source,/content/drive/MyDrive/Healthy/Healthy3667.jpg,1,masks/leaf/e7ff4755bb04f2ed1a308cbd.png,pending,nonempty,Healthy3667.jpg,,Healthy3667.jpg,,266dae49f9c3cfdb7e0705c243c0ae1c3d66ccb8e17449bd063bf3ec8571c6fb,healthy,,train,False,,pending,unknown,512
SAM3_auto,original,True,healthy:Healthy3668.jpg,512,1c05ac5d9b51a5766f2c96fa,healthy_source,/content/drive/MyDrive/Healthy/Healthy3668.jpg,1,masks/leaf/1c05ac5d9b51a5766f2c96fa.png,pending,nonempty,Healthy3668.jpg,,Healthy3668.jpg,,b14ea812225e425d62fd4440a19a83d4569ac20b60429831886ff3c3f46a1dc2,healthy,,train,False,,pending,unknown,512
SAM3_auto,original,True,healthy:Healthy3669.jpg,512,6aeeef8ebce8c1d1018cb8cb,healthy_source,/content/drive/MyDrive/Healthy/Healthy3669.jpg,7,masks/leaf/6aeeef8ebce8c1d1018cb8cb.png,pending,nonempty,Healthy3669.jpg,,Healthy3669.jpg,,6e28d94b04dadb091ff7819809609a69fb268d8e8a65a1da49e45a8fcb39d621,healthy,,train,False,,pending,unknown,512
SAM3_auto,original,True,healthy:Healthy367.jpg,512,16da070bbd822ed8062fd2c6,healthy_source,/content/drive/MyDrive/Healthy/Healthy367.jpg,1,masks/leaf/16da070bbd822ed8062fd2c6.png,pending,nonempty,Healthy367.jpg,,Healthy367.jpg,,6108c2a45693b8d6f1b4bc93919eefdc62c53eae220dda1bf9b2f7c94d37a33e,healthy,,train,False,,pending,unknown,512
SAM3_auto,original,True,healthy:Healthy3670.jpg,512,a0dbd81d01d16dbe29cae96c,healthy_source,/content/drive/MyDrive/Healthy/Healthy3670.jpg,1,masks/leaf/a0dbd81d01d16dbe29cae96c.png,pending,nonempty,Healthy3670.jpg,,Healthy3670.jpg,,6721b73ccf3533b8973b313b197d9885cee850f6953f551fadd693f37befba06,healthy,,train,False,,pending,unknown,512
SAM3_auto,original,True,healthy:Healthy3671.jpg,512,367ca2794fd5f794377e3258,healthy_source,/content/drive/MyDrive/Healthy/Healthy3671.jpg,1,masks/leaf/367ca2794fd5f794377e3258.png,pending,nonempty,Healthy3671.jpg,,Healthy3671.jpg,,fbd3ef4474f0cda23bcbbb76376645c77dee27c8a398284bb187bc40324c2173,healthy,,train,False,,pending,unknown,512
SAM3_auto,original,True,healthy:Healthy3672.jpg,512,b4a9e8c481dce42f7800fba3,healthy_source,/content/drive/MyDrive/Healthy/Healthy3672.jpg,1,masks/leaf/b4a9e8c481dce42f7800fba3.png,pending,nonempty,Healthy3672.jpg,,Healthy3672.jpg,,fda504f770d94e457942c3111fe2909307addae9c8fa2b5e6903dd01a97706e7,healthy,,train,False,,pending,unknown,512
SAM3_auto,original,True,healthy:Healthy3673.jpg,512,4223c2115d5ada24d13f0180,healthy_source,/content/drive/MyDrive/Healthy/Healthy3673.jpg,1,masks/leaf/4223c2115d5ada24d13f0180.png,pending,nonempty,Healthy3673.jpg,,Healthy3673.jpg,,2bb987e0fb5ce94bb1fb41d1c76cb0c4c0d75db7523cc25f5a3e5ccb77d5c64f,healthy,,train,False,,pending,unknown,512
SAM3_auto,original,True,healthy:Healthy3676.jpg,512,ee31daff653d03cfc38e4a67,healthy_source,/content/drive/MyDrive/Healthy/Healthy3676.jpg,41,masks/leaf/ee31daff653d03cfc38e4a67.png,pending,nonempty,Healthy3676.jpg,,Healthy3676.jpg,,48f473392b5420fe518363375ac2f7821a4bd8b2fa799d903519342cc2ae0b96,healthy,,train,False,,pending,unknown,512
SAM3_auto,original,True,healthy:Healthy3677.jpg,512,7e902c41ff51e1939a58b76f,healthy_source,/content/drive/MyDrive/Healthy/Healthy3677.jpg,10,masks/leaf/7e902c41ff51e1939a58b76f.png,pending,nonempty,Healthy3677.jpg,,Healthy3677.jpg,,24a638fb272ec92f471d6c6b1ae7067c77089a635a8944ea4c3489863745cba9,healthy,,train,False,,pending,unknown,512
SAM3_auto,original,True,healthy:Healthy3678.jpg,512,532065758457777359593b83,healthy_source,/content/drive/MyDrive/Healthy/Healthy3678.jpg,35,masks/leaf/532065758457777359593b83.png,pending,nonempty,Healthy3678.jpg,,Healthy3678.jpg,,f8beacf5ff55c742a8488e4aeba6bde86e9be03470538a9857695c4dfee8ec90,healthy,,train,False,,pending,unknown,512
SAM3_auto,original,True,healthy:Healthy3679.jpg,512,be43ff51ad05c5a6c3537b24,healthy_source,/content/drive/MyDrive/Healthy/Healthy3679.jpg,41,masks/leaf/be43ff51ad05c5a6c3537b24.png,pending,nonempty,Healthy3679.jpg,,Healthy3679.jpg,,4a5e1490cfec62d58926e333914f5a231d1960ba1a4abf8d4b5df6e538042fb5,healthy,,train,False,,pending,unknown,512
SAM3_auto,original,True,healthy:Healthy368.jpg,512,7b02b8c8d61739f9dc7a3619,healthy_source,/content/drive/MyDrive/Healthy/Healthy368.jpg,1,masks/leaf/7b02b8c8d61739f9dc7a3619.png,pending,nonempty,Healthy368.jpg,,Healthy368.jpg,,37e8abb6e7cfa85c34444121d9e130b4bdb461debc3116e66fba8f95ecf8037e,healthy,,train,False,,pending,unknown,512
SAM3_auto,original,True,healthy:Healthy3680.jpg,512,4c6f6ff64188b1c34c459555,healthy_source,/content/drive/MyDrive/Healthy/Healthy3680.jpg,4,masks/leaf/4c6f6ff64188b1c34c459555.png,pending,nonempty,Healthy3680.jpg,,Healthy3680.jpg,,bf9a519d2ef6e8587e5a2351b7e20c8f5922f6173dc9bd7a061394ce5942b3b5,healthy,,train,False,,pending,unknown,512
SAM3_auto,original,True,healthy:Healthy3682.jpg,512,df87bcc0281c5eee837ab727,healthy_source,/content/drive/MyDrive/Healthy/Healthy3682.jpg,26,masks/leaf/df87bcc0281c5eee837ab727.png,pending,nonempty,Healthy3682.jpg,,Healthy3682.jpg,,dbe853ab3bf73e46ec3ba5c19fcc36ac3a19c6271b0f2fc67b202abb9f209acc,healthy,,train,False,,pending,unknown,512
SAM3_auto,original,True,healthy:Healthy3683.jpg,512,ce85dae6ae2c26c0d3964752,healthy_source,/content/drive/MyDrive/Healthy/Healthy3683.jpg,39,masks/leaf/ce85dae6ae2c26c0d3964752.png,pending,nonempty,Healthy3683.jpg,,Healthy3683.jpg,,42dab5dfde1b0de75e0f7b7a3d330c49a6e8fef070fdbd47b01168be6ef1a961,healthy,,train,False,,pending,unknown,512
SAM3_auto,original,True,healthy:Healthy3684.jpg,512,8e18edc82755055347da9eef,healthy_source,/content/drive/MyDrive/Healthy/Healthy3684.jpg,24,masks/leaf/8e18edc82755055347da9eef.png,pending,nonempty,Healthy3684.jpg,,Healthy3684.jpg,,3422ca591a31789d81903da90a146be5b4693c455a77a8c3f9cb6c0968055370,healthy,,train,False,,pending,unknown,512
SAM3_auto,original,True,healthy:Healthy3686.jpg,512,e48c1c9671eadc7a503db9d8,healthy_source,/content/drive/MyDrive/Healthy/Healthy3686.jpg,29,masks/leaf/e48c1c9671eadc7a503db9d8.png,pending,nonempty,Healthy3686.jpg,,Healthy3686.jpg,,e369e02ec85f90da915a37887203ab36dd0a4f49499210cd8feda5e384dd5bb7,healthy,,train,False,,pending,unknown,512
SAM3_auto,original,True,healthy:Healthy3687.jpg,512,53305596c163442e6bff1c1f,healthy_source,/content/drive/MyDrive/Healthy/Healthy3687.jpg,18,masks/leaf/53305596c163442e6bff1c1f.png,pending,nonempty,Healthy3687.jpg,,Healthy3687.jpg,,f1d2e0f6d685c8220669ec89e0da4971b1085f9a5e994d2be2fca189338791cb,healthy,,train,False,,pending,unknown,512
SAM3_auto,original,True,healthy:Healthy3688.jpg,512,4340407137610d0d124e9fdc,healthy_source,/content/drive/MyDrive/Healthy/Healthy3688.jpg,33,masks/leaf/4340407137610d0d124e9fdc.png,pending,nonempty,Healthy3688.jpg,,Healthy3688.jpg,,c878a03b66140332959af4e9b5fa2cee91bfadf85682ad226b6022e582f2c70d,healthy,,train,False,,pending,unknown,512
SAM3_auto,original,True,healthy:Healthy3689.jpg,512,de3a0d48ec3cffc20daefe4a,healthy_source,/content/drive/MyDrive/Healthy/Healthy3689.jpg,40,masks/leaf/de3a0d48ec3cffc20daefe4a.png,pending,nonempty,Healthy3689.jpg,,Healthy3689.jpg,,41126d586819ff90b4de41596958fdc416fa21cf27ee574884f5c46473cad418,healthy,,train,False,,pending,unknown,512
SAM3_auto,original,True,healthy:Healthy369.jpg,512,0ee5b5fc13cf8b3ea31cde48,healthy_source,/content/drive/MyDrive/Healthy/Healthy369.jpg,1,masks/leaf/0ee5b5fc13cf8b3ea31cde48.png,pending,nonempty,Healthy369.jpg,,Healthy369.jpg,,89365171c6667a61e0bfb413d94f8a82e812f85c720d69c9a6703e35f75272d9,healthy,,train,False,,pending,unknown,512
SAM3_auto,original,True,healthy:Healthy3690.jpg,512,4c71fdd149b614eae2c81c71,healthy_source,/content/drive/MyDrive/Healthy/Healthy3690.jpg,25,masks/leaf/4c71fdd149b614eae2c81c71.png,pending,nonempty,Healthy3690.jpg,,Healthy3690.jpg,,dc679e52937bd3dce4772d09af0776f1fdb3133644aea12e7d73d53b4aa50f29,healthy,,train,False,,pending,unknown,512
SAM3_auto,original,True,healthy:Healthy3691.jpg,512,1cc09fed75704492b515e3d2,healthy_source,/content/drive/MyDrive/Healthy/Healthy3691.jpg,9,masks/leaf/1cc09fed75704492b515e3d2.png,pending,nonempty,Healthy3691.jpg,,Healthy3691.jpg,,3ba3c767d1ecbc00b69cd5a9da3c275b8d1787848f041b35d84e7af5e2b1313e,healthy,,train,False,,pending,unknown,512
SAM3_auto,original,True,healthy:Healthy3692.jpg,512,00a7f3424324447fe2e3f931,healthy_source,/content/drive/MyDrive/Healthy/Healthy3692.jpg,19,masks/leaf/00a7f3424324447fe2e3f931.png,pending,nonempty,Healthy3692.jpg,,Healthy3692.jpg,,786e79a14e345e68139d7ad00fab069dd58f45360406c23c1780e41009b76d4b,healthy,,train,False,,pending,unknown,512
SAM3_auto,original,True,healthy:Healthy3693.jpg,512,1d3a36036ebebda3ccd703dc,healthy_source,/content/drive/MyDrive/Healthy/Healthy3693.jpg,12,masks/leaf/1d3a36036ebebda3ccd703dc.png,pending,nonempty,Healthy3693.jpg,,Healthy3693.jpg,,b556d54cac034291f461bdb649d6f0fa03da0d91a5588f9844debfe0a29dabcf,healthy,,train,False,,pending,unknown,512
SAM3_auto,original,True,healthy:Healthy3695.jpg,512,81889989f10dd719b0112dcd,healthy_source,/content/drive/MyDrive/Healthy/Healthy3695.jpg,25,masks/leaf/81889989f10dd719b0112dcd.png,pending,nonempty,Healthy3695.jpg,,Healthy3695.jpg,,8d4c4e36bae352eb88eeb9a6820edf475223219f79c2eb542c6887053ab0de73,healthy,,train,False,,pending,unknown,512
SAM3_auto,original,True,healthy:Healthy3696.jpg,512,f3a26dafe4ceebad2306b17a,healthy_source,/content/drive/MyDrive/Healthy/Healthy3696.jpg,25,masks/leaf/f3a26dafe4ceebad2306b17a.png,pending,nonempty,Healthy3696.jpg,,Healthy3696.jpg,,18ab2cf6dd62e242e3972c9c6593800c67d7429c89d9dd41a15b927b275f4667,healthy,,train,False,,pending,unknown,512
SAM3_auto,original,True,healthy:Healthy3697.jpg,512,57bd917d2b9f87166f8dbd9a,healthy_source,/content/drive/MyDrive/Healthy/Healthy3697.jpg,36,masks/leaf/57bd917d2b9f87166f8dbd9a.png,pending,nonempty,Healthy3697.jpg,,Healthy3697.jpg,,6b693019c345bcce79d633819ebdfc29828c76cfbe70097856028bcbe16ca1ab,healthy,,train,False,,pending,unknown,512
SAM3_auto,original,True,healthy:Healthy3698.jpg,512,d48c9da461a8c9a3446daf0c,healthy_source,/content/drive/MyDrive/Healthy/Healthy3698.jpg,35,masks/leaf/d48c9da461a8c9a3446daf0c.png,pending,nonempty,Healthy3698.jpg,,Healthy3698.jpg,,14daa87e6ec67be0d7742c1545bf90e04443a5cc62c7072f0f74e5c6483ff728,healthy,,train,False,,pending,unknown,512
SAM3_auto,original,True,healthy:Healthy3699.jpg,512,5177416d774a826360067924,healthy_source,/content/drive/MyDrive/Healthy/Healthy3699.jpg,42,masks/leaf/5177416d774a826360067924.png,pending,nonempty,Healthy3699.jpg,,Healthy3699.jpg,,75f48f47c1de1776030ed65198fb319455ec7c034b57dd4077ffc46939d139da,healthy,,train,False,,pending,unknown,512
SAM3_auto,original,True,healthy:Healthy37.jpg,512,e4c3a9bc0dd798a5c16970d4,healthy_source,/content/drive/MyDrive/Healthy/Healthy37.jpg,1,masks/leaf/e4c3a9bc0dd798a5c16970d4.png,pending,nonempty,Healthy37.jpg,,Healthy37.jpg,,9dda89636aa06742ee4fe59d605ac79524844e408310abdd114031c9ac597fff,healthy,,train,False,,pending,unknown,512
SAM3_auto,original,True,healthy:Healthy370.jpg,512,815d06d30ce3cca2846ecfab,healthy_source,/content/drive/MyDrive/Healthy/Healthy370.jpg,1,masks/leaf/815d06d30ce3cca2846ecfab.png,pending,nonempty,Healthy370.jpg,,Healthy370.jpg,,d5e7f56d86bcfcc61a7e00e239ed20e7a5de3684057869e3eb65a54bb173fc4d,healthy,,train,False,,pending,unknown,512
SAM3_auto,original,True,healthy:Healthy3701.jpg,512,35c218dc7fe2d3d723125110,healthy_source,/content/drive/MyDrive/Healthy/Healthy3701.jpg,51,masks/leaf/35c218dc7fe2d3d723125110.png,pending,nonempty,Healthy3701.jpg,,Healthy3701.jpg,,88e068603c018547b57b1a04855ae7c9809c0ea574c1507804ee8509a56357cf,healthy,,train,False,,pending,unknown,512
SAM3_auto,original,True,healthy:Healthy3702.jpg,512,88add452f48293d56e25a9b2,healthy_source,/content/drive/MyDrive/Healthy/Healthy3702.jpg,4,masks/leaf/88add452f48293d56e25a9b2.png,pending,nonempty,Healthy3702.jpg,,Healthy3702.jpg,,1d54ab63feb8cb440b0bbed7eee86f6825eb564077b4957de357a2061d6e6d47,healthy,,train,False,,pending,unknown,512
SAM3_auto,original,True,healthy:Healthy3703.jpg,512,2b9bfc21c4fd0d5cec61921d,healthy_source,/content/drive/MyDrive/Healthy/Healthy3703.jpg,32,masks/leaf/2b9bfc21c4fd0d5cec61921d.png,pending,nonempty,Healthy3703.jpg,,Healthy3703.jpg,,f69e389d3fb076b4b8ab4ad8c406509681a0601e33cea6c66af12cb0332fe13e,healthy,,train,False,,pending,unknown,512
SAM3_auto,original,True,healthy:Healthy3704.jpg,512,140a911f7aa8d7cabb50d4e5,healthy_source,/content/drive/MyDrive/Healthy/Healthy3704.jpg,1,masks/leaf/140a911f7aa8d7cabb50d4e5.png,pending,nonempty,Healthy3704.jpg,,Healthy3704.jpg,,e2ecb30b4916cb2f1cceadf74ff49951ce194fdaa6d8c7353a67793f16cd3f79,healthy,,train,False,,pending,unknown,512
SAM3_auto,original,True,healthy:Healthy3705.jpg,512,50de54ce540e2eeb1a9b0ec7,healthy_source,/content/drive/MyDrive/Healthy/Healthy3705.jpg,1,masks/leaf/50de54ce540e2eeb1a9b0ec7.png,pending,nonempty,Healthy3705.jpg,,Healthy3705.jpg,,54c83573884ae58b7ab440971f45c4eb599f6c17bf78bf9cd75c6dd0ecc02aa9,healthy,,train,False,,pending,unknown,512
SAM3_auto,original,True,healthy:Healthy3707.jpg,512,89c012f668a17192add7fbf7,healthy_source,/content/drive/MyDrive/Healthy/Healthy3707.jpg,1,masks/leaf/89c012f668a17192add7fbf7.png,pending,nonempty,Healthy3707.jpg,,Healthy3707.jpg,,569dd67229467f0f410e8c470176140d3f0a6b357415ea3714ebca8c41960bc2,healthy,,train,False,,pending,unknown,512
SAM3_auto,original,True,healthy:Healthy3708.jpg,512,b4916e7bf2a89197d8477fd7,healthy_source,/content/drive/MyDrive/Healthy/Healthy3708.jpg,1,masks/leaf/b4916e7bf2a89197d8477fd7.png,pending,nonempty,Healthy3708.jpg,,Healthy3708.jpg,,b5913e4c201e1a8ca12af261323a9e43aa277768dc26f7147804c73c09066bb8,healthy,,train,False,,pending,unknown,512
SAM3_auto,original,True,healthy:Healthy3709.jpg,512,d5e33d75cfde6eec6cf550d4,healthy_source,/content/drive/MyDrive/Healthy/Healthy3709.jpg,1,masks/leaf/d5e33d75cfde6eec6cf550d4.png,pending,nonempty,Healthy3709.jpg,,Healthy3709.jpg,,aea85998b39c0e1271873d465a4aebf700d9db86f33a4772e339b0f1776fb2f4,healthy,,train,False,,pending,unknown,512
SAM3_auto,original,True,healthy:Healthy3713.jpg,512,21c0321ca55807f79d0208e4,healthy_source,/content/drive/MyDrive/Healthy/Healthy3713.jpg,31,masks/leaf/21c0321ca55807f79d0208e4.png,pending,nonempty,Healthy3713.jpg,,Healthy3713.jpg,,06deca5cc739250a79ad259c526df174f1f484f6b52e00529a2eb399e4ea4246,healthy,,train,False,,pending,unknown,512
SAM3_auto,original,True,healthy:Healthy3714.jpg,512,e3d0e7941ca3d3593a44edbe,healthy_source,/content/drive/MyDrive/Healthy/Healthy3714.jpg,1,masks/leaf/e3d0e7941ca3d3593a44edbe.png,pending,nonempty,Healthy3714.jpg,,Healthy3714.jpg,,6383de24a2c947341953b11b0d41a7cdd38fafa79852da5f392c14f56d322cf6,healthy,,train,False,,pending,unknown,512
SAM3_auto,original,True,healthy:Healthy3715.jpg,512,f6ceb4f0bc1c4a5793a7ac18,healthy_source,/content/drive/MyDrive/Healthy/Healthy3715.jpg,1,masks/leaf/f6ceb4f0bc1c4a5793a7ac18.png,pending,nonempty,Healthy3715.jpg,,Healthy3715.jpg,,0ecdb1ad3383619905382166b37b2c7152b20b28948cebc4567d69c08a7f8fa3,healthy,,train,False,,pending,unknown,512
SAM3_auto,original,True,healthy:Healthy3716.jpg,512,e0f718f74b43ab20ffc85076,healthy_source,/content/drive/MyDrive/Healthy/Healthy3716.jpg,1,masks/leaf/e0f718f74b43ab20ffc85076.png,pending,nonempty,Healthy3716.jpg,,Healthy3716.jpg,,236fc5094ba2a847f15cf8002b9486d017ea97fa68075c904be5ef345b50c701,healthy,,train,False,,pending,unknown,512
SAM3_auto,original,True,healthy:Healthy3717.jpg,512,c428b20a1953f754ead14b48,healthy_source,/content/drive/MyDrive/Healthy/Healthy3717.jpg,1,masks/leaf/c428b20a1953f754ead14b48.png,pending,nonempty,Healthy3717.jpg,,Healthy3717.jpg,,29d0775aab8d4b2aef20eadc33daa976664baa5e625df5ab882a16162b640b1b,healthy,,train,False,,pending,unknown,512
SAM3_auto,original,True,healthy:Healthy3718.jpg,512,b0eeaef0cec311cc56c5601d,healthy_source,/content/drive/MyDrive/Healthy/Healthy3718.jpg,1,masks/leaf/b0eeaef0cec311cc56c5601d.png,pending,nonempty,Healthy3718.jpg,,Healthy3718.jpg,,3a20d22ab76c1aaa10ac2ff2ba60d2993c973ecba123ac2229a1ad8ef3f4c24b,healthy,,train,False,,pending,unknown,512
SAM3_auto,original,True,healthy:Healthy372.jpg,512,1d716c95ba28df0c7a1aa124,healthy_source,/content/drive/MyDrive/Healthy/Healthy372.jpg,1,masks/leaf/1d716c95ba28df0c7a1aa124.png,pending,nonempty,Healthy372.jpg,,Healthy372.jpg,,7dbcc9dcf2cc97449acc9742c699c0d236d80b8003c9c7e207ab517ff626db3d,healthy,,train,False,,pending,unknown,512
SAM3_auto,original,True,healthy:Healthy3721.jpg,512,96d479ac152e12f1930f2657,healthy_source,/content/drive/MyDrive/Healthy/Healthy3721.jpg,1,masks/leaf/96d479ac152e12f1930f2657.png,pending,nonempty,Healthy3721.jpg,,Healthy3721.jpg,,fecc92d39d5f0168c38dd93176567b01dab4889eed04b27fb0578066ccc5b483,healthy,,train,False,,pending,unknown,512
SAM3_auto,original,True,healthy:Healthy3722.jpg,512,decd49f17969db1cd417a36f,healthy_source,/content/drive/MyDrive/Healthy/Healthy3722.jpg,1,masks/leaf/decd49f17969db1cd417a36f.png,pending,nonempty,Healthy3722.jpg,,Healthy3722.jpg,,373d037c46c1ab084f4648dd111c49dcda32ec8a0b7fed18a977f0ad53988693,healthy,,train,False,,pending,unknown,512
SAM3_auto,original,True,healthy:Healthy3723.jpg,512,314e9e8d80fca9633fc199b0,healthy_source,/content/drive/MyDrive/Healthy/Healthy3723.jpg,1,masks/leaf/314e9e8d80fca9633fc199b0.png,pending,nonempty,Healthy3723.jpg,,Healthy3723.jpg,,234596245c0579358dff351755e7a1a8f5c303c8716d1e5c7316ed414a929017,healthy,,train,False,,pending,unknown,512
SAM3_auto,original,True,healthy:Healthy3724.jpg,512,d3dd92e294ca7730aac47357,healthy_source,/content/drive/MyDrive/Healthy/Healthy3724.jpg,1,masks/leaf/d3dd92e294ca7730aac47357.png,pending,nonempty,Healthy3724.jpg,,Healthy3724.jpg,,e4a06a149044458e5b959cfca03ada0eb2e387bf4a9ed4b4990cc6302c514d08,healthy,,train,False,,pending,unknown,512
SAM3_auto,original,True,healthy:Healthy3725.jpg,512,17061870a632e9289c977571,healthy_source,/content/drive/MyDrive/Healthy/Healthy3725.jpg,1,masks/leaf/17061870a632e9289c977571.png,pending,nonempty,Healthy3725.jpg,,Healthy3725.jpg,,9eac03396df0eb64e63dc30256448468a09f8a375dfa6999f47ae2c2ccc37155,healthy,,train,False,,pending,unknown,512
SAM3_auto,original,True,healthy:Healthy3727.jpg,512,a56c44bd8ede6f08eb03c25c,healthy_source,/content/drive/MyDrive/Healthy/Healthy3727.jpg,14,masks/leaf/a56c44bd8ede6f08eb03c25c.png,pending,nonempty,Healthy3727.jpg,,Healthy3727.jpg,,3fd825e6891c3cb89fb61afef5e702e4712839142deef382211908ff459f0827,healthy,,train,False,,pending,unknown,512
