annotation_method,augmentation,evaluation_original,group_id,height,image_id,image_label,image_path,leaf_instances,leaf_mask,leaf_review,leaf_state,original_id,qa,relative_path,semantic_mask,sha256,source,source_split,split,split_conflict,spot_mask,spot_review,spot_state,width
SAM3_auto,original,True,spot:100_spot_jpg,416,fe8bbd949f28a7dcee2c0df2,spot_source,/content/drive/MyDrive/LeafData.v1i.yolov11_aug4_20261003_170034/train/images/100_spot_jpg.rf.732c0bcb8a360cde2ae610c7f44258fd.jpg,,,pending,missing,train/images/100_spot_jpg.rf.732c0bcb8a360cde2ae610c7f44258fd.jpg,,train/images/100_spot_jpg.rf.732c0bcb8a360cde2ae610c7f44258fd.jpg,,43562504d48832aae405ffc7d1875a54c5fdc9e780522a56c023018dc5e8f55a,spot,train,train,False,masks/spot/fe8bbd949f28a7dcee2c0df2.png,pending,nonempty,416
SAM3_auto,brillo112,False,spot:100_spot_jpg,416,f28910f16232bc65e0ab7cac,spot_source,/content/drive/MyDrive/LeafData.v1i.yolov11_aug4_20261003_170034/train/images/100_spot_jpg.rf.732c0bcb8a360cde2ae610c7f44258fd__aug4_brillo112.png,,,pending,missing,train/images/100_spot_jpg.rf.732c0bcb8a360cde2ae610c7f44258fd.jpg,,train/images/100_spot_jpg.rf.732c0bcb8a360cde2ae610c7f44258fd__aug4_brillo112.png,,c5ce6223526f42ff3e6444caadb0d6ab0d8acea9e9c2a96d458cec84fd822b8f,spot,train,train,False,masks/spot/f28910f16232bc65e0ab7cac.png,pending,nonempty,416
SAM3_auto,contraste115,False,spot:100_spot_jpg,416,ae85ed18e0ebdd9ed84aacd3,spot_source,/content/drive/MyDrive/LeafData.v1i.yolov11_aug4_20261003_170034/train/images/100_spot_jpg.rf.732c0bcb8a360cde2ae610c7f44258fd__aug4_contraste115.png,,,pending,missing,train/images/100_spot_jpg.rf.732c0bcb8a360cde2ae610c7f44258fd.jpg,,train/images/100_spot_jpg.rf.732c0bcb8a360cde2ae610c7f44258fd__aug4_contraste115.png,,2ee036759e5e43d47320f1428e5c484e08f42145340831a7bbe1996e3ff9ae85,spot,train,train,False,masks/spot/ae85ed18e0ebdd9ed84aacd3.png,pending,nonempty,416
SAM3_auto,hflip,False,spot:100_spot_jpg,416,cd0ff2a4344db21608335687,spot_source,/content/drive/MyDrive/LeafData.v1i.yolov11_aug4_20261003_170034/train/images/100_spot_jpg.rf.732c0bcb8a360cde2ae610c7f44258fd__aug4_hflip.png,,,pending,missing,train/images/100_spot_jpg.rf.732c0bcb8a360cde2ae610c7f44258fd.jpg,,train/images/100_spot_jpg.rf.732c0bcb8a360cde2ae610c7f44258fd__aug4_hflip.png,,f9115e6f5e2ab27710a4c23f9e23908d931904d89c1dc96017c5982e187508ac,spot,train,train,False,masks/spot/cd0ff2a4344db21608335687.png,pending,nonempty,416
SAM3_auto,vflip,False,spot:100_spot_jpg,416,e51c2317567f3d9da186ac26,spot_source,/content/drive/MyDrive/LeafData.v1i.yolov11_aug4_20261003_170034/train/images/100_spot_jpg.rf.732c0bcb8a360cde2ae610c7f44258fd__aug4_vflip.png,,,pending,missing,train/images/100_spot_jpg.rf.732c0bcb8a360cde2ae610c7f44258fd.jpg,,train/images/100_spot_jpg.rf.732c0bcb8a360cde2ae610c7f44258fd__aug4_vflip.png,,3803195a1af8f2ed611d28fea6e639a871c77afed3f4c6e597862e8ac987d869,spot,train,train,False,masks/spot/e51c2317567f3d9da186ac26.png,pending,nonempty,416
SAM3_auto,original,True,spot:100_spot_jpg,416,4042e37d35a5e0c8b5703c6e,spot_source,/content/drive/MyDrive/LeafData.v1i.yolov11_aug4_20261003_170034/train/images/100_spot_jpg.rf.8b32482237bae4693f1390ecf4e6ca53.jpg,,,pending,missing,train/images/100_spot_jpg.rf.8b32482237bae4693f1390ecf4e6ca53.jpg,,train/images/100_spot_jpg.rf.8b32482237bae4693f1390ecf4e6ca53.jpg,,518bbfd7c2a0f4029e11d449f8144ae8bfc84766d614d78db772068d0a67f6db,spot,train,train,False,masks/spot/4042e37d35a5e0c8b5703c6e.png,pending,nonempty,416
SAM3_auto,brillo112,False,spot:100_spot_jpg,416,ba94fda11cc170186afc23b1,spot_source,/content/drive/MyDrive/LeafData.v1i.yolov11_aug4_20261003_170034/train/images/100_spot_jpg.rf.8b32482237bae4693f1390ecf4e6ca53__aug4_brillo112.png,,,pending,missing,train/images/100_spot_jpg.rf.8b32482237bae4693f1390ecf4e6ca53.jpg,,train/images/100_spot_jpg.rf.8b32482237bae4693f1390ecf4e6ca53__aug4_brillo112.png,,25b6eccb8bd4f1d4468abde306becd6fdb6713e7ddd78a59747c5ac53b778a61,spot,train,train,False,masks/spot/ba94fda11cc170186afc23b1.png,pending,nonempty,416
SAM3_auto,contraste115,False,spot:100_spot_jpg,416,c7ef47e7c76f0abcd269e1c6,spot_source,/content/drive/MyDrive/LeafData.v1i.yolov11_aug4_20261003_170034/train/images/100_spot_jpg.rf.8b32482237bae4693f1390ecf4e6ca53__aug4_contraste115.png,,,pending,missing,train/images/100_spot_jpg.rf.8b32482237bae4693f1390ecf4e6ca53.jpg,,train/images/100_spot_jpg.rf.8b32482237bae4693f1390ecf4e6ca53__aug4_contraste115.png,,585f37f5f7427f339824b45e364d59d6393057ad5a303a3aa9e7c3f682217288,spot,train,train,False,masks/spot/c7ef47e7c76f0abcd269e1c6.png,pending,nonempty,416
SAM3_auto,hflip,False,spot:100_spot_jpg,416,d6eda6bb59cca05460486679,spot_source,/content/drive/MyDrive/LeafData.v1i.yolov11_aug4_20261003_170034/train/images/100_spot_jpg.rf.8b32482237bae4693f1390ecf4e6ca53__aug4_hflip.png,,,pending,missing,train/images/100_spot_jpg.rf.8b32482237bae4693f1390ecf4e6ca53.jpg,,train/images/100_spot_jpg.rf.8b32482237bae4693f1390ecf4e6ca53__aug4_hflip.png,,43ddfdfd27a1a5bf71271107b237bb9a2aae0687dfed68b24b4ee4a2ac758c55,spot,train,train,False,masks/spot/d6eda6bb59cca05460486679.png,pending,nonempty,416
SAM3_auto,vflip,False,spot:100_spot_jpg,416,772c024fb42b955e7f0cf4be,spot_source,/content/drive/MyDrive/LeafData.v1i.yolov11_aug4_20261003_170034/train/images/100_spot_jpg.rf.8b32482237bae4693f1390ecf4e6ca53__aug4_vflip.png,,,pending,missing,train/images/100_spot_jpg.rf.8b32482237bae4693f1390ecf4e6ca53.jpg,,train/images/100_spot_jpg.rf.8b32482237bae4693f1390ecf4e6ca53__aug4_vflip.png,,35823311400a1e4f3ef784db4703a4cb7e694cba14b3918e6345086c23dd2644,spot,train,train,False,masks/spot/772c024fb42b955e7f0cf4be.png,pending,nonempty,416
SAM3_auto,original,True,spot:100_spot_jpg,416,f9dbb8d9d717d931896fa7d7,spot_source,/content/drive/MyDrive/LeafData.v1i.yolov11_aug4_20261003_170034/train/images/100_spot_jpg.rf.95d962cb3d92bcc046dbf66b74fa17d4.jpg,,,pending,missing,train/images/100_spot_jpg.rf.95d962cb3d92bcc046dbf66b74fa17d4.jpg,,train/images/100_spot_jpg.rf.95d962cb3d92bcc046dbf66b74fa17d4.jpg,,a45daf9f4f082c5810c23c3baeef867a37fa9d072b446283906d43f634fb44e0,spot,train,train,False,masks/spot/f9dbb8d9d717d931896fa7d7.png,pending,nonempty,416
SAM3_auto,brillo112,False,spot:100_spot_jpg,416,9f092bf8b4e3969a32c5b713,spot_source,/content/drive/MyDrive/LeafData.v1i.yolov11_aug4_20261003_170034/train/images/100_spot_jpg.rf.95d962cb3d92bcc046dbf66b74fa17d4__aug4_brillo112.png,,,pending,missing,train/images/100_spot_jpg.rf.95d962cb3d92bcc046dbf66b74fa17d4.jpg,,train/images/100_spot_jpg.rf.95d962cb3d92bcc046dbf66b74fa17d4__aug4_brillo112.png,,dbe19ef901b676ea04a13158ac728b12e1f3a194dc6fb82ff7fe1932663562fd,spot,train,train,False,masks/spot/9f092bf8b4e3969a32c5b713.png,pending,nonempty,416
SAM3_auto,contraste115,False,spot:100_spot_jpg,416,54c5450d0096df733314a3fa,spot_source,/content/drive/MyDrive/LeafData.v1i.yolov11_aug4_20261003_170034/train/images/100_spot_jpg.rf.95d962cb3d92bcc046dbf66b74fa17d4__aug4_contraste115.png,,,pending,missing,train/images/100_spot_jpg.rf.95d962cb3d92bcc046dbf66b74fa17d4.jpg,,train/images/100_spot_jpg.rf.95d962cb3d92bcc046dbf66b74fa17d4__aug4_contraste115.png,,1da0cf604252903893ae8c4eceae60053181900810d8b9056f5b08a47466a36a,spot,train,train,False,masks/spot/54c5450d0096df733314a3fa.png,pending,nonempty,416
SAM3_auto,hflip,False,spot:100_spot_jpg,416,68a084cbcd9d6ebb7586dad2,spot_source,/content/drive/MyDrive/LeafData.v1i.yolov11_aug4_20261003_170034/train/images/100_spot_jpg.rf.95d962cb3d92bcc046dbf66b74fa17d4__aug4_hflip.png,,,pending,missing,train/images/100_spot_jpg.rf.95d962cb3d92bcc046dbf66b74fa17d4.jpg,,train/images/100_spot_jpg.rf.95d962cb3d92bcc046dbf66b74fa17d4__aug4_hflip.png,,14676e490e6cc4416db65079f272b66fcaaf5c9ccf5c1a886c938ec5033787de,spot,train,train,False,masks/spot/68a084cbcd9d6ebb7586dad2.png,pending,nonempty,416
SAM3_auto,vflip,False,spot:100_spot_jpg,416,4aa0fcdf8df7c54755a16d7b,spot_source,/content/drive/MyDrive/LeafData.v1i.yolov11_aug4_20261003_170034/train/images/100_spot_jpg.rf.95d962cb3d92bcc046dbf66b74fa17d4__aug4_vflip.png,,,pending,missing,train/images/100_spot_jpg.rf.95d962cb3d92bcc046dbf66b74fa17d4.jpg,,train/images/100_spot_jpg.rf.95d962cb3d92bcc046dbf66b74fa17d4__aug4_vflip.png,,572f3dbb11c215950177bb3b07e5dc797b7b7aac7ef222e2f7e0699a10f20ad9,spot,train,train,False,masks/spot/4aa0fcdf8df7c54755a16d7b.png,pending,nonempty,416
SAM3_auto,original,True,spot:101_spot_jpg,416,cb9dcf031079141e84e88bde,spot_source,/content/drive/MyDrive/LeafData.v1i.yolov11_aug4_20261003_170034/train/images/101_spot_jpg.rf.7b421dbd34af3a01a756fc48eecb471d.jpg,,,pending,missing,train/images/101_spot_jpg.rf.7b421dbd34af3a01a756fc48eecb471d.jpg,,train/images/101_spot_jpg.rf.7b421dbd34af3a01a756fc48eecb471d.jpg,,073ced9db233b2336761b4fe8eccdd6964cace37d569cb04653399da1cb0227c,spot,train,train,False,masks/spot/cb9dcf031079141e84e88bde.png,pending,nonempty,416
SAM3_auto,brillo112,False,spot:101_spot_jpg,416,19df338f05949442d9f2fdd6,spot_source,/content/drive/MyDrive/LeafData.v1i.yolov11_aug4_20261003_170034/train/images/101_spot_jpg.rf.7b421dbd34af3a01a756fc48eecb471d__aug4_brillo112.png,,,pending,missing,train/images/101_spot_jpg.rf.7b421dbd34af3a01a756fc48eecb471d.jpg,,train/images/101_spot_jpg.rf.7b421dbd34af3a01a756fc48eecb471d__aug4_brillo112.png,,07c3a66b7d2a00d035f73c933480d62f23b543495f0f6f955d213da25ba4a289,spot,train,train,False,masks/spot/19df338f05949442d9f2fdd6.png,pending,nonempty,416
SAM3_auto,contraste115,False,spot:101_spot_jpg,416,995ede85a9b9f05985e42465,spot_source,/content/drive/MyDrive/LeafData.v1i.yolov11_aug4_20261003_170034/train/images/101_spot_jpg.rf.7b421dbd34af3a01a756fc48eecb471d__aug4_contraste115.png,,,pending,missing,train/images/101_spot_jpg.rf.7b421dbd34af3a01a756fc48eecb471d.jpg,,train/images/101_spot_jpg.rf.7b421dbd34af3a01a756fc48eecb471d__aug4_contraste115.png,,1897d107140a441ea7bbee70bd51d641be3760632e3a3db0dd2f1549d27f2d7a,spot,train,train,False,masks/spot/995ede85a9b9f05985e42465.png,pending,nonempty,416
SAM3_auto,hflip,False,spot:101_spot_jpg,416,f61af491a85403b0675d9944,spot_source,/content/drive/MyDrive/LeafData.v1i.yolov11_aug4_20261003_170034/train/images/101_spot_jpg.rf.7b421dbd34af3a01a756fc48eecb471d__aug4_hflip.png,,,pending,missing,train/images/101_spot_jpg.rf.7b421dbd34af3a01a756fc48eecb471d.jpg,,train/images/101_spot_jpg.rf.7b421dbd34af3a01a756fc48eecb471d__aug4_hflip.png,,cd49c529c162aa4fd99731ba56251c2f4608f04b8d37057cd965f272ebcf90df,spot,train,train,False,masks/spot/f61af491a85403b0675d9944.png,pending,nonempty,416
SAM3_auto,vflip,False,spot:101_spot_jpg,416,fc1a9d6e618a9eeb77f31292,spot_source,/content/drive/MyDrive/LeafData.v1i.yolov11_aug4_20261003_170034/train/images/101_spot_jpg.rf.7b421dbd34af3a01a756fc48eecb471d__aug4_vflip.png,,,pending,missing,train/images/101_spot_jpg.rf.7b421dbd34af3a01a756fc48eecb471d.jpg,,train/images/101_spot_jpg.rf.7b421dbd34af3a01a756fc48eecb471d__aug4_vflip.png,,d87d6320cd8ef0419eae16aa3a5dc5c6a0754e4991f3b88098cd325541c73be3,spot,train,train,False,masks/spot/fc1a9d6e618a9eeb77f31292.png,pending,nonempty,416
SAM3_auto,original,True,spot:101_spot_jpg,416,88323ec9f237c05b0a6fdd4c,spot_source,/content/drive/MyDrive/LeafData.v1i.yolov11_aug4_20261003_170034/train/images/101_spot_jpg.rf.b532a5e9dfd6719122e315216cecda22.jpg,,,pending,missing,train/images/101_spot_jpg.rf.b532a5e9dfd6719122e315216cecda22.jpg,,train/images/101_spot_jpg.rf.b532a5e9dfd6719122e315216cecda22.jpg,,cbf25248cde57a8afe0443dc609a66a9c7acfaf1ef181ff017610fff22c99ae5,spot,train,train,False,masks/spot/88323ec9f237c05b0a6fdd4c.png,pending,nonempty,416
SAM3_auto,brillo112,False,spot:101_spot_jpg,416,bb2f1b49e2c220109e776771,spot_source,/content/drive/MyDrive/LeafData.v1i.yolov11_aug4_20261003_170034/train/images/101_spot_jpg.rf.b532a5e9dfd6719122e315216cecda22__aug4_brillo112.png,,,pending,missing,train/images/101_spot_jpg.rf.b532a5e9dfd6719122e315216cecda22.jpg,,train/images/101_spot_jpg.rf.b532a5e9dfd6719122e315216cecda22__aug4_brillo112.png,,aa8ff684d7332f359f7910c920f54ee6d18ac4e9b64a7e695dfcaddcb59e6c3d,spot,train,train,False,masks/spot/bb2f1b49e2c220109e776771.png,pending,nonempty,416
SAM3_auto,contraste115,False,spot:101_spot_jpg,416,6c6ed1f4f372283c3859774e,spot_source,/content/drive/MyDrive/LeafData.v1i.yolov11_aug4_20261003_170034/train/images/101_spot_jpg.rf.b532a5e9dfd6719122e315216cecda22__aug4_contraste115.png,,,pending,missing,train/images/101_spot_jpg.rf.b532a5e9dfd6719122e315216cecda22.jpg,,train/images/101_spot_jpg.rf.b532a5e9dfd6719122e315216cecda22__aug4_contraste115.png,,2aa290dedceba8b70b00373e9186557775de1072e2150bd1ad1860b31d91a320,spot,train,train,False,masks/spot/6c6ed1f4f372283c3859774e.png,pending,nonempty,416
SAM3_auto,hflip,False,spot:101_spot_jpg,416,4c94e63b4adf040916acb829,spot_source,/content/drive/MyDrive/LeafData.v1i.yolov11_aug4_20261003_170034/train/images/101_spot_jpg.rf.b532a5e9dfd6719122e315216cecda22__aug4_hflip.png,,,pending,missing,train/images/101_spot_jpg.rf.b532a5e9dfd6719122e315216cecda22.jpg,,train/images/101_spot_jpg.rf.b532a5e9dfd6719122e315216cecda22__aug4_hflip.png,,82579922b06f2599dc98b8a9a67acd7a37e4a53d4af0adcf64ada3298b50ead2,spot,train,train,False,masks/spot/4c94e63b4adf040916acb829.png,pending,nonempty,416
SAM3_auto,vflip,False,spot:101_spot_jpg,416,518530ad614d638a87f6c431,spot_source,/content/drive/MyDrive/LeafData.v1i.yolov11_aug4_20261003_170034/train/images/101_spot_jpg.rf.b532a5e9dfd6719122e315216cecda22__aug4_vflip.png,,,pending,missing,train/images/101_spot_jpg.rf.b532a5e9dfd6719122e315216cecda22.jpg,,train/images/101_spot_jpg.rf.b532a5e9dfd6719122e315216cecda22__aug4_vflip.png,,25007bb138689d3558f9fbbcc7648457d77e2eacb077027900d5e3c14063ed5c,spot,train,train,False,masks/spot/518530ad614d638a87f6c431.png,pending,nonempty,416
SAM3_auto,original,True,spot:101_spot_jpg,416,c0110402c382ed311e29ac5b,spot_source,/content/drive/MyDrive/LeafData.v1i.yolov11_aug4_20261003_170034/train/images/101_spot_jpg.rf.e765af7af6ebbc75dd5ca03da3167347.jpg,,,pending,missing,train/images/101_spot_jpg.rf.e765af7af6ebbc75dd5ca03da3167347.jpg,,train/images/101_spot_jpg.rf.e765af7af6ebbc75dd5ca03da3167347.jpg,,c8a4177b7e84b9ec06375036290770cea3cf4c118bc2056c9df329b52a2f19d2,spot,train,train,False,masks/spot/c0110402c382ed311e29ac5b.png,pending,nonempty,416
SAM3_auto,brillo112,False,spot:101_spot_jpg,416,3186c558f87a8098e42603aa,spot_source,/content/drive/MyDrive/LeafData.v1i.yolov11_aug4_20261003_170034/train/images/101_spot_jpg.rf.e765af7af6ebbc75dd5ca03da3167347__aug4_brillo112.png,,,pending,missing,train/images/101_spot_jpg.rf.e765af7af6ebbc75dd5ca03da3167347.jpg,,train/images/101_spot_jpg.rf.e765af7af6ebbc75dd5ca03da3167347__aug4_brillo112.png,,9f924001af5485402f36f831068fdd2cbdcdd309187b349a3ba265a05022e80c,spot,train,train,False,masks/spot/3186c558f87a8098e42603aa.png,pending,nonempty,416
SAM3_auto,contraste115,False,spot:101_spot_jpg,416,dbe27a67762a9256494826b2,spot_source,/content/drive/MyDrive/LeafData.v1i.yolov11_aug4_20261003_170034/train/images/101_spot_jpg.rf.e765af7af6ebbc75dd5ca03da3167347__aug4_contraste115.png,,,pending,missing,train/images/101_spot_jpg.rf.e765af7af6ebbc75dd5ca03da3167347.jpg,,train/images/101_spot_jpg.rf.e765af7af6ebbc75dd5ca03da3167347__aug4_contraste115.png,,a742485a9cd878fc426bc1328e487cbc0d00e39fb2768f0e4120d0aec16572c3,spot,train,train,False,masks/spot/dbe27a67762a9256494826b2.png,pending,nonempty,416
SAM3_auto,hflip,False,spot:101_spot_jpg,416,fdd5c745d32d93d3c87c4b1d,spot_source,/content/drive/MyDrive/LeafData.v1i.yolov11_aug4_20261003_170034/train/images/101_spot_jpg.rf.e765af7af6ebbc75dd5ca03da3167347__aug4_hflip.png,,,pending,missing,train/images/101_spot_jpg.rf.e765af7af6ebbc75dd5ca03da3167347.jpg,,train/images/101_spot_jpg.rf.e765af7af6ebbc75dd5ca03da3167347__aug4_hflip.png,,d6248991670b8a3cc8561b92afc9e1c9f6bddba60f328e358254f08973383b18,spot,train,train,False,masks/spot/fdd5c745d32d93d3c87c4b1d.png,pending,nonempty,416
SAM3_auto,vflip,False,spot:101_spot_jpg,416,a5fe6f0b43a45e4abf81b273,spot_source,/content/drive/MyDrive/LeafData.v1i.yolov11_aug4_20261003_170034/train/images/101_spot_jpg.rf.e765af7af6ebbc75dd5ca03da3167347__aug4_vflip.png,,,pending,missing,train/images/101_spot_jpg.rf.e765af7af6ebbc75dd5ca03da3167347.jpg,,train/images/101_spot_jpg.rf.e765af7af6ebbc75dd5ca03da3167347__aug4_vflip.png,,acfe8f22268a152d94c6bc7267b60c6d3dd6caa1548e9acf509ea46db3da5451,spot,train,train,False,masks/spot/a5fe6f0b43a45e4abf81b273.png,pending,nonempty,416
SAM3_auto,original,True,spot:103_spot_jpg,416,83375b5b5013b0d8476b94e6,spot_source,/content/drive/MyDrive/LeafData.v1i.yolov11_aug4_20261003_170034/train/images/103_spot_jpg.rf.462bde8282095561d7c8e42b4684f8d0.jpg,,,pending,missing,train/images/103_spot_jpg.rf.462bde8282095561d7c8e42b4684f8d0.jpg,,train/images/103_spot_jpg.rf.462bde8282095561d7c8e42b4684f8d0.jpg,,64129b080a678d9ace54fe44165b0b4541d0bd173d270570ee088940bde002f2,spot,train,train,False,masks/spot/83375b5b5013b0d8476b94e6.png,pending,nonempty,416
SAM3_auto,brillo112,False,spot:103_spot_jpg,416,706603ee16f8d35b295306ae,spot_source,/content/drive/MyDrive/LeafData.v1i.yolov11_aug4_20261003_170034/train/images/103_spot_jpg.rf.462bde8282095561d7c8e42b4684f8d0__aug4_brillo112.png,,,pending,missing,train/images/103_spot_jpg.rf.462bde8282095561d7c8e42b4684f8d0.jpg,,train/images/103_spot_jpg.rf.462bde8282095561d7c8e42b4684f8d0__aug4_brillo112.png,,2d5312ecb7807379ac285106e4f20321f10c3309ea1441bab4897c78ee6b5544,spot,train,train,False,masks/spot/706603ee16f8d35b295306ae.png,pending,nonempty,416
SAM3_auto,contraste115,False,spot:103_spot_jpg,416,0841343ebbac1a0284e8dd57,spot_source,/content/drive/MyDrive/LeafData.v1i.yolov11_aug4_20261003_170034/train/images/103_spot_jpg.rf.462bde8282095561d7c8e42b4684f8d0__aug4_contraste115.png,,,pending,missing,train/images/103_spot_jpg.rf.462bde8282095561d7c8e42b4684f8d0.jpg,,train/images/103_spot_jpg.rf.462bde8282095561d7c8e42b4684f8d0__aug4_contraste115.png,,ac4aa7c001fb87c3c0f190843a92bc1f28271028f6ad7b7e407dd2181758ef06,spot,train,train,False,masks/spot/0841343ebbac1a0284e8dd57.png,pending,nonempty,416
SAM3_auto,hflip,False,spot:103_spot_jpg,416,444ebb88b8342a4e04a1d469,spot_source,/content/drive/MyDrive/LeafData.v1i.yolov11_aug4_20261003_170034/train/images/103_spot_jpg.rf.462bde8282095561d7c8e42b4684f8d0__aug4_hflip.png,,,pending,missing,train/images/103_spot_jpg.rf.462bde8282095561d7c8e42b4684f8d0.jpg,,train/images/103_spot_jpg.rf.462bde8282095561d7c8e42b4684f8d0__aug4_hflip.png,,773ddde5a814c903ba0b320c6f271622133cac3c304a61fde6ef5a0ed06314f5,spot,train,train,False,masks/spot/444ebb88b8342a4e04a1d469.png,pending,nonempty,416
SAM3_auto,vflip,False,spot:103_spot_jpg,416,395ec7ad395ce2f5da362d4a,spot_source,/content/drive/MyDrive/LeafData.v1i.yolov11_aug4_20261003_170034/train/images/103_spot_jpg.rf.462bde8282095561d7c8e42b4684f8d0__aug4_vflip.png,,,pending,missing,train/images/103_spot_jpg.rf.462bde8282095561d7c8e42b4684f8d0.jpg,,train/images/103_spot_jpg.rf.462bde8282095561d7c8e42b4684f8d0__aug4_vflip.png,,6ecab69b028b3b7bb373315ec6fd1e0d5dba23c516269ef65d8bce717263a399,spot,train,train,False,masks/spot/395ec7ad395ce2f5da362d4a.png,pending,nonempty,416
SAM3_auto,original,True,spot:103_spot_jpg,416,ccb5c4571fffa3a393a0cac2,spot_source,/content/drive/MyDrive/LeafData.v1i.yolov11_aug4_20261003_170034/train/images/103_spot_jpg.rf.5f6093ed5e198859b9f9cd84b237dd02.jpg,,,pending,missing,train/images/103_spot_jpg.rf.5f6093ed5e198859b9f9cd84b237dd02.jpg,,train/images/103_spot_jpg.rf.5f6093ed5e198859b9f9cd84b237dd02.jpg,,2513dc6b63c77ac6ba85c68587292de77a7bd31cf85119de7b5ae20338aa44f6,spot,train,train,False,masks/spot/ccb5c4571fffa3a393a0cac2.png,pending,nonempty,416
SAM3_auto,brillo112,False,spot:103_spot_jpg,416,79721ead201e7d1b6f7774ec,spot_source,/content/drive/MyDrive/LeafData.v1i.yolov11_aug4_20261003_170034/train/images/103_spot_jpg.rf.5f6093ed5e198859b9f9cd84b237dd02__aug4_brillo112.png,,,pending,missing,train/images/103_spot_jpg.rf.5f6093ed5e198859b9f9cd84b237dd02.jpg,,train/images/103_spot_jpg.rf.5f6093ed5e198859b9f9cd84b237dd02__aug4_brillo112.png,,a54c10f188fe6ae3c1a0d8087009c9dc6da119593f4570ea42c3d3af4038d083,spot,train,train,False,masks/spot/79721ead201e7d1b6f7774ec.png,pending,nonempty,416
SAM3_auto,contraste115,False,spot:103_spot_jpg,416,180321fdaee8d140811a6998,spot_source,/content/drive/MyDrive/LeafData.v1i.yolov11_aug4_20261003_170034/train/images/103_spot_jpg.rf.5f6093ed5e198859b9f9cd84b237dd02__aug4_contraste115.png,,,pending,missing,train/images/103_spot_jpg.rf.5f6093ed5e198859b9f9cd84b237dd02.jpg,,train/images/103_spot_jpg.rf.5f6093ed5e198859b9f9cd84b237dd02__aug4_contraste115.png,,c4bf43421459ede1a5f089057b3c718f9076aac480fe121715d157eccf90ad27,spot,train,train,False,masks/spot/180321fdaee8d140811a6998.png,pending,nonempty,416
SAM3_auto,hflip,False,spot:103_spot_jpg,416,260e7b6339b3acae963727b6,spot_source,/content/drive/MyDrive/LeafData.v1i.yolov11_aug4_20261003_170034/train/images/103_spot_jpg.rf.5f6093ed5e198859b9f9cd84b237dd02__aug4_hflip.png,,,pending,missing,train/images/103_spot_jpg.rf.5f6093ed5e198859b9f9cd84b237dd02.jpg,,train/images/103_spot_jpg.rf.5f6093ed5e198859b9f9cd84b237dd02__aug4_hflip.png,,a95b2e449134d66acc0b3fffc0bc84e01deb8e215f08f014dc23714d03c023b1,spot,train,train,False,masks/spot/260e7b6339b3acae963727b6.png,pending,nonempty,416
SAM3_auto,vflip,False,spot:103_spot_jpg,416,cb7ce743405404c2e77617eb,spot_source,/content/drive/MyDrive/LeafData.v1i.yolov11_aug4_20261003_170034/train/images/103_spot_jpg.rf.5f6093ed5e198859b9f9cd84b237dd02__aug4_vflip.png,,,pending,missing,train/images/103_spot_jpg.rf.5f6093ed5e198859b9f9cd84b237dd02.jpg,,train/images/103_spot_jpg.rf.5f6093ed5e198859b9f9cd84b237dd02__aug4_vflip.png,,b8651268b100dc790ad769578db9ba6d6d90ed504d4a27cd6c1df07831b56899,spot,train,train,False,masks/spot/cb7ce743405404c2e77617eb.png,pending,nonempty,416
SAM3_auto,original,True,spot:103_spot_jpg,416,d7595a7e6b68374894371f97,spot_source,/content/drive/MyDrive/LeafData.v1i.yolov11_aug4_20261003_170034/train/images/103_spot_jpg.rf.60b058c617cb2d5907c41c203d9fee87.jpg,,,pending,missing,train/images/103_spot_jpg.rf.60b058c617cb2d5907c41c203d9fee87.jpg,,train/images/103_spot_jpg.rf.60b058c617cb2d5907c41c203d9fee87.jpg,,08a24dd6a669fbc842669d86b57baec20097f36cf9fc690f1ba4c445e3bc79ee,spot,train,train,False,masks/spot/d7595a7e6b68374894371f97.png,pending,nonempty,416
SAM3_auto,brillo112,False,spot:103_spot_jpg,416,6f70fc48ae4784e208cafaa0,spot_source,/content/drive/MyDrive/LeafData.v1i.yolov11_aug4_20261003_170034/train/images/103_spot_jpg.rf.60b058c617cb2d5907c41c203d9fee87__aug4_brillo112.png,,,pending,missing,train/images/103_spot_jpg.rf.60b058c617cb2d5907c41c203d9fee87.jpg,,train/images/103_spot_jpg.rf.60b058c617cb2d5907c41c203d9fee87__aug4_brillo112.png,,f38e5a7a7cd94a3e0eb0c209107409b693d9ab998f2e1cc78ae7fa0e197c7d61,spot,train,train,False,masks/spot/6f70fc48ae4784e208cafaa0.png,pending,nonempty,416
SAM3_auto,contraste115,False,spot:103_spot_jpg,416,7d9a7d40621f77e2c1b69b89,spot_source,/content/drive/MyDrive/LeafData.v1i.yolov11_aug4_20261003_170034/train/images/103_spot_jpg.rf.60b058c617cb2d5907c41c203d9fee87__aug4_contraste115.png,,,pending,missing,train/images/103_spot_jpg.rf.60b058c617cb2d5907c41c203d9fee87.jpg,,train/images/103_spot_jpg.rf.60b058c617cb2d5907c41c203d9fee87__aug4_contraste115.png,,dd4d722b1aa504c744cc32226ee6fc9a1b2fd7f6a01c75abf569523bc159c182,spot,train,train,False,masks/spot/7d9a7d40621f77e2c1b69b89.png,pending,nonempty,416
SAM3_auto,hflip,False,spot:103_spot_jpg,416,b846c36d468dc4ff8994ea96,spot_source,/content/drive/MyDrive/LeafData.v1i.yolov11_aug4_20261003_170034/train/images/103_spot_jpg.rf.60b058c617cb2d5907c41c203d9fee87__aug4_hflip.png,,,pending,missing,train/images/103_spot_jpg.rf.60b058c617cb2d5907c41c203d9fee87.jpg,,train/images/103_spot_jpg.rf.60b058c617cb2d5907c41c203d9fee87__aug4_hflip.png,,6b1b2c7065b8e7976c45353291d2f2228027ebdb5a28284e1a73e7c1fa5e5638,spot,train,train,False,masks/spot/b846c36d468dc4ff8994ea96.png,pending,nonempty,416
SAM3_auto,vflip,False,spot:103_spot_jpg,416,c76bec8be6d9480a7b379814,spot_source,/content/drive/MyDrive/LeafData.v1i.yolov11_aug4_20261003_170034/train/images/103_spot_jpg.rf.60b058c617cb2d5907c41c203d9fee87__aug4_vflip.png,,,pending,missing,train/images/103_spot_jpg.rf.60b058c617cb2d5907c41c203d9fee87.jpg,,train/images/103_spot_jpg.rf.60b058c617cb2d5907c41c203d9fee87__aug4_vflip.png,,f6176ce4e3740c61c5af8b8145f5994f8a03331fb819060e798f921bcc8b30f0,spot,train,train,False,masks/spot/c76bec8be6d9480a7b379814.png,pending,nonempty,416
SAM3_auto,original,True,spot:104_spot_jpg,416,57af3df3dd6eaca11efcd56d,spot_source,/content/drive/MyDrive/LeafData.v1i.yolov11_aug4_20261003_170034/train/images/104_spot_jpg.rf.892bc7e8600373e2876d23ce72cc5840.jpg,,,pending,missing,train/images/104_spot_jpg.rf.892bc7e8600373e2876d23ce72cc5840.jpg,,train/images/104_spot_jpg.rf.892bc7e8600373e2876d23ce72cc5840.jpg,,c3d44997c303587413a68618e86d5163f10346e8a3f546a7133ea214b0e9c5f7,spot,train,train,False,masks/spot/57af3df3dd6eaca11efcd56d.png,pending,nonempty,416
SAM3_auto,brillo112,False,spot:104_spot_jpg,416,83b9f57a10a6f86562b7aa41,spot_source,/content/drive/MyDrive/LeafData.v1i.yolov11_aug4_20261003_170034/train/images/104_spot_jpg.rf.892bc7e8600373e2876d23ce72cc5840__aug4_brillo112.png,,,pending,missing,train/images/104_spot_jpg.rf.892bc7e8600373e2876d23ce72cc5840.jpg,,train/images/104_spot_jpg.rf.892bc7e8600373e2876d23ce72cc5840__aug4_brillo112.png,,f145c9c0cb03433f73d47c004b6638e8df20f6368d1bbdbbcf3ded8aa57b9849,spot,train,train,False,masks/spot/83b9f57a10a6f86562b7aa41.png,pending,nonempty,416
SAM3_auto,contraste115,False,spot:104_spot_jpg,416,17f164d0036173a1a8900b93,spot_source,/content/drive/MyDrive/LeafData.v1i.yolov11_aug4_20261003_170034/train/images/104_spot_jpg.rf.892bc7e8600373e2876d23ce72cc5840__aug4_contraste115.png,,,pending,missing,train/images/104_spot_jpg.rf.892bc7e8600373e2876d23ce72cc5840.jpg,,train/images/104_spot_jpg.rf.892bc7e8600373e2876d23ce72cc5840__aug4_contraste115.png,,6de472d9df0c3d22303c9163ab0b8b9b9550f07b9b31f9c7649815b555f7bc2d,spot,train,train,False,masks/spot/17f164d0036173a1a8900b93.png,pending,nonempty,416
SAM3_auto,hflip,False,spot:104_spot_jpg,416,af485f0e37988d21b8904763,spot_source,/content/drive/MyDrive/LeafData.v1i.yolov11_aug4_20261003_170034/train/images/104_spot_jpg.rf.892bc7e8600373e2876d23ce72cc5840__aug4_hflip.png,,,pending,missing,train/images/104_spot_jpg.rf.892bc7e8600373e2876d23ce72cc5840.jpg,,train/images/104_spot_jpg.rf.892bc7e8600373e2876d23ce72cc5840__aug4_hflip.png,,5b5be74b8e4ce166f3159676855b9d90893104c7294d1d4c5e97ae74f15bec29,spot,train,train,False,masks/spot/af485f0e37988d21b8904763.png,pending,nonempty,416
SAM3_auto,vflip,False,spot:104_spot_jpg,416,7eb0319d318de7432c9dc43e,spot_source,/content/drive/MyDrive/LeafData.v1i.yolov11_aug4_20261003_170034/train/images/104_spot_jpg.rf.892bc7e8600373e2876d23ce72cc5840__aug4_vflip.png,,,pending,missing,train/images/104_spot_jpg.rf.892bc7e8600373e2876d23ce72cc5840.jpg,,train/images/104_spot_jpg.rf.892bc7e8600373e2876d23ce72cc5840__aug4_vflip.png,,7f252eda7b3c9e9f8fc6c811ac1809f39a1b49f8a7231f0635c12ba0fe342b9e,spot,train,train,False,masks/spot/7eb0319d318de7432c9dc43e.png,pending,nonempty,416
SAM3_auto,original,True,spot:104_spot_jpg,416,76306fd196a90b4077335995,spot_source,/content/drive/MyDrive/LeafData.v1i.yolov11_aug4_20261003_170034/train/images/104_spot_jpg.rf.a5f7bda0506113c101b3db1fb32b3ec9.jpg,,,pending,missing,train/images/104_spot_jpg.rf.a5f7bda0506113c101b3db1fb32b3ec9.jpg,,train/images/104_spot_jpg.rf.a5f7bda0506113c101b3db1fb32b3ec9.jpg,,6d8b80bcd5645897260d805d3c1b01d221f1c54fb06d146fdaaecf7b474e50e9,spot,train,train,False,masks/spot/76306fd196a90b4077335995.png,pending,nonempty,416
SAM3_auto,brillo112,False,spot:104_spot_jpg,416,d6d1c761bdaf41522a5e14c9,spot_source,/content/drive/MyDrive/LeafData.v1i.yolov11_aug4_20261003_170034/train/images/104_spot_jpg.rf.a5f7bda0506113c101b3db1fb32b3ec9__aug4_brillo112.png,,,pending,missing,train/images/104_spot_jpg.rf.a5f7bda0506113c101b3db1fb32b3ec9.jpg,,train/images/104_spot_jpg.rf.a5f7bda0506113c101b3db1fb32b3ec9__aug4_brillo112.png,,7480cc0ba8f065e60b63061b318ef4b3e57f3dc09542bca8825e2134b15049fe,spot,train,train,False,masks/spot/d6d1c761bdaf41522a5e14c9.png,pending,nonempty,416
SAM3_auto,contraste115,False,spot:104_spot_jpg,416,ac17ddfab5471df7cdc64d4d,spot_source,/content/drive/MyDrive/LeafData.v1i.yolov11_aug4_20261003_170034/train/images/104_spot_jpg.rf.a5f7bda0506113c101b3db1fb32b3ec9__aug4_contraste115.png,,,pending,missing,train/images/104_spot_jpg.rf.a5f7bda0506113c101b3db1fb32b3ec9.jpg,,train/images/104_spot_jpg.rf.a5f7bda0506113c101b3db1fb32b3ec9__aug4_contraste115.png,,645deb14d6d873178ff9a3b7b0135903cbfbb2b6b9641270e1d8884dc0295596,spot,train,train,False,masks/spot/ac17ddfab5471df7cdc64d4d.png,pending,nonempty,416
SAM3_auto,hflip,False,spot:104_spot_jpg,416,d76c8241d3fdb66511c0c8c4,spot_source,/content/drive/MyDrive/LeafData.v1i.yolov11_aug4_20261003_170034/train/images/104_spot_jpg.rf.a5f7bda0506113c101b3db1fb32b3ec9__aug4_hflip.png,,,pending,missing,train/images/104_spot_jpg.rf.a5f7bda0506113c101b3db1fb32b3ec9.jpg,,train/images/104_spot_jpg.rf.a5f7bda0506113c101b3db1fb32b3ec9__aug4_hflip.png,,0cdbde474c74aa0f1f77b33788c1c640b1dd899c01014de4ca63e4cb39eabf96,spot,train,train,False,masks/spot/d76c8241d3fdb66511c0c8c4.png,pending,nonempty,416
SAM3_auto,vflip,False,spot:104_spot_jpg,416,58e6eed29bb4608245207322,spot_source,/content/drive/MyDrive/LeafData.v1i.yolov11_aug4_20261003_170034/train/images/104_spot_jpg.rf.a5f7bda0506113c101b3db1fb32b3ec9__aug4_vflip.png,,,pending,missing,train/images/104_spot_jpg.rf.a5f7bda0506113c101b3db1fb32b3ec9.jpg,,train/images/104_spot_jpg.rf.a5f7bda0506113c101b3db1fb32b3ec9__aug4_vflip.png,,e97ff2a700a21d0520e26fd4289c2438ce5cabf67afec5b26894d2f9dbe47df7,spot,train,train,False,masks/spot/58e6eed29bb4608245207322.png,pending,nonempty,416
SAM3_auto,original,True,spot:104_spot_jpg,416,64058b7ce20d0c24cf07aa13,spot_source,/content/drive/MyDrive/LeafData.v1i.yolov11_aug4_20261003_170034/train/images/104_spot_jpg.rf.f5686da7328fa402cb18005d1b707843.jpg,,,pending,missing,train/images/104_spot_jpg.rf.f5686da7328fa402cb18005d1b707843.jpg,,train/images/104_spot_jpg.rf.f5686da7328fa402cb18005d1b707843.jpg,,f0179bdbee00fc2131ba31df0e06ba4cfacbc50d78f156587a40d852bfca1d41,spot,train,train,False,masks/spot/64058b7ce20d0c24cf07aa13.png,pending,nonempty,416
SAM3_auto,brillo112,False,spot:104_spot_jpg,416,478281699479253d233339a5,spot_source,/content/drive/MyDrive/LeafData.v1i.yolov11_aug4_20261003_170034/train/images/104_spot_jpg.rf.f5686da7328fa402cb18005d1b707843__aug4_brillo112.png,,,pending,missing,train/images/104_spot_jpg.rf.f5686da7328fa402cb18005d1b707843.jpg,,train/images/104_spot_jpg.rf.f5686da7328fa402cb18005d1b707843__aug4_brillo112.png,,84636d85238dd1775a9cdb50b289e14527ec4f175b87a123b1ba645b0879b8a8,spot,train,train,False,masks/spot/478281699479253d233339a5.png,pending,nonempty,416
SAM3_auto,contraste115,False,spot:104_spot_jpg,416,5b4b221ee0175667bf87ec7b,spot_source,/content/drive/MyDrive/LeafData.v1i.yolov11_aug4_20261003_170034/train/images/104_spot_jpg.rf.f5686da7328fa402cb18005d1b707843__aug4_contraste115.png,,,pending,missing,train/images/104_spot_jpg.rf.f5686da7328fa402cb18005d1b707843.jpg,,train/images/104_spot_jpg.rf.f5686da7328fa402cb18005d1b707843__aug4_contraste115.png,,2e176be33b6cceabd43bb0518af1c98742d5cbdde9749027d473ad689cebee59,spot,train,train,False,masks/spot/5b4b221ee0175667bf87ec7b.png,pending,nonempty,416
SAM3_auto,hflip,False,spot:104_spot_jpg,416,8fe17b35e86cf0aed84650ac,spot_source,/content/drive/MyDrive/LeafData.v1i.yolov11_aug4_20261003_170034/train/images/104_spot_jpg.rf.f5686da7328fa402cb18005d1b707843__aug4_hflip.png,,,pending,missing,train/images/104_spot_jpg.rf.f5686da7328fa402cb18005d1b707843.jpg,,train/images/104_spot_jpg.rf.f5686da7328fa402cb18005d1b707843__aug4_hflip.png,,4c31ab0362041ce90a9078090015776e63ff555bf4303995a875fc9e7fe66035,spot,train,train,False,masks/spot/8fe17b35e86cf0aed84650ac.png,pending,nonempty,416
SAM3_auto,vflip,False,spot:104_spot_jpg,416,42bcd76702dc5b4a4cab9d8b,spot_source,/content/drive/MyDrive/LeafData.v1i.yolov11_aug4_20261003_170034/train/images/104_spot_jpg.rf.f5686da7328fa402cb18005d1b707843__aug4_vflip.png,,,pending,missing,train/images/104_spot_jpg.rf.f5686da7328fa402cb18005d1b707843.jpg,,train/images/104_spot_jpg.rf.f5686da7328fa402cb18005d1b707843__aug4_vflip.png,,df5dd18ec9e9ecd29c26679daa13d155da025afcf9f478568cf32f47941ae9d7,spot,train,train,False,masks/spot/42bcd76702dc5b4a4cab9d8b.png,pending,nonempty,416
SAM3_auto,original,True,spot:105_spot_jpg,416,1ef903a2590cbbba9eb69095,spot_source,/content/drive/MyDrive/LeafData.v1i.yolov11_aug4_20261003_170034/train/images/105_spot_jpg.rf.773a97b057165c3b622154961a0ef706.jpg,,,pending,missing,train/images/105_spot_jpg.rf.773a97b057165c3b622154961a0ef706.jpg,,train/images/105_spot_jpg.rf.773a97b057165c3b622154961a0ef706.jpg,,bbe04a258271ffd4dc09d92ca34fd0ec9c370f173c316ce7e58c6602ad60e621,spot,train,train,False,masks/spot/1ef903a2590cbbba9eb69095.png,pending,nonempty,416
SAM3_auto,brillo112,False,spot:105_spot_jpg,416,150f185325355f65752c767f,spot_source,/content/drive/MyDrive/LeafData.v1i.yolov11_aug4_20261003_170034/train/images/105_spot_jpg.rf.773a97b057165c3b622154961a0ef706__aug4_brillo112.png,,,pending,missing,train/images/105_spot_jpg.rf.773a97b057165c3b622154961a0ef706.jpg,,train/images/105_spot_jpg.rf.773a97b057165c3b622154961a0ef706__aug4_brillo112.png,,fe5477b29f7e9da391ec805fee8cee656fd630ac2ef784fac7f0e5fd849d34db,spot,train,train,False,masks/spot/150f185325355f65752c767f.png,pending,nonempty,416
SAM3_auto,contraste115,False,spot:105_spot_jpg,416,36470ebfff16651edf9e9b5d,spot_source,/content/drive/MyDrive/LeafData.v1i.yolov11_aug4_20261003_170034/train/images/105_spot_jpg.rf.773a97b057165c3b622154961a0ef706__aug4_contraste115.png,,,pending,missing,train/images/105_spot_jpg.rf.773a97b057165c3b622154961a0ef706.jpg,,train/images/105_spot_jpg.rf.773a97b057165c3b622154961a0ef706__aug4_contraste115.png,,c9945396465c8ff597ddc81296f3b6447ed1877f1e26a12c24aa476a0f17d3c3,spot,train,train,False,masks/spot/36470ebfff16651edf9e9b5d.png,pending,nonempty,416
SAM3_auto,hflip,False,spot:105_spot_jpg,416,d5d1be7156689fdee8d7efce,spot_source,/content/drive/MyDrive/LeafData.v1i.yolov11_aug4_20261003_170034/train/images/105_spot_jpg.rf.773a97b057165c3b622154961a0ef706__aug4_hflip.png,,,pending,missing,train/images/105_spot_jpg.rf.773a97b057165c3b622154961a0ef706.jpg,,train/images/105_spot_jpg.rf.773a97b057165c3b622154961a0ef706__aug4_hflip.png,,21993849f7e12807d3868cd9493b724e4bceb9f5eb38381ebb681da674fbdb95,spot,train,train,False,masks/spot/d5d1be7156689fdee8d7efce.png,pending,nonempty,416
SAM3_auto,vflip,False,spot:105_spot_jpg,416,3c16b918407c8c2c7f588fef,spot_source,/content/drive/MyDrive/LeafData.v1i.yolov11_aug4_20261003_170034/train/images/105_spot_jpg.rf.773a97b057165c3b622154961a0ef706__aug4_vflip.png,,,pending,missing,train/images/105_spot_jpg.rf.773a97b057165c3b622154961a0ef706.jpg,,train/images/105_spot_jpg.rf.773a97b057165c3b622154961a0ef706__aug4_vflip.png,,37dc606022198c175ad3e5c2bc90bee3dd361d0c7468f60fb182f6d11e636916,spot,train,train,False,masks/spot/3c16b918407c8c2c7f588fef.png,pending,nonempty,416
SAM3_auto,original,True,spot:105_spot_jpg,416,b510c648ae05db97e1afcf9f,spot_source,/content/drive/MyDrive/LeafData.v1i.yolov11_aug4_20261003_170034/train/images/105_spot_jpg.rf.8ccf0f6340e9fa3f70cfefb8f7f7a86b.jpg,,,pending,missing,train/images/105_spot_jpg.rf.8ccf0f6340e9fa3f70cfefb8f7f7a86b.jpg,,train/images/105_spot_jpg.rf.8ccf0f6340e9fa3f70cfefb8f7f7a86b.jpg,,3087dbd1bf1bdd7d9853d7b213ff2e15822514c6f46e389489edf954c2f59969,spot,train,train,False,masks/spot/b510c648ae05db97e1afcf9f.png,pending,nonempty,416
SAM3_auto,brillo112,False,spot:105_spot_jpg,416,c9e1387b232537525a89192d,spot_source,/content/drive/MyDrive/LeafData.v1i.yolov11_aug4_20261003_170034/train/images/105_spot_jpg.rf.8ccf0f6340e9fa3f70cfefb8f7f7a86b__aug4_brillo112.png,,,pending,missing,train/images/105_spot_jpg.rf.8ccf0f6340e9fa3f70cfefb8f7f7a86b.jpg,,train/images/105_spot_jpg.rf.8ccf0f6340e9fa3f70cfefb8f7f7a86b__aug4_brillo112.png,,87bc8e69ccabbf4f47edc85c0fccb6692dca7c75842ab16f4528ef81bf176cb2,spot,train,train,False,masks/spot/c9e1387b232537525a89192d.png,pending,nonempty,416
SAM3_auto,contraste115,False,spot:105_spot_jpg,416,5444c53614f5bdf809ce991d,spot_source,/content/drive/MyDrive/LeafData.v1i.yolov11_aug4_20261003_170034/train/images/105_spot_jpg.rf.8ccf0f6340e9fa3f70cfefb8f7f7a86b__aug4_contraste115.png,,,pending,missing,train/images/105_spot_jpg.rf.8ccf0f6340e9fa3f70cfefb8f7f7a86b.jpg,,train/images/105_spot_jpg.rf.8ccf0f6340e9fa3f70cfefb8f7f7a86b__aug4_contraste115.png,,4fd786f50f3ffa5603f01bc25267230b94bf931e83f8c8132876b286104eff5c,spot,train,train,False,masks/spot/5444c53614f5bdf809ce991d.png,pending,nonempty,416
SAM3_auto,hflip,False,spot:105_spot_jpg,416,ced9ef76238d76f65fd77b5f,spot_source,/content/drive/MyDrive/LeafData.v1i.yolov11_aug4_20261003_170034/train/images/105_spot_jpg.rf.8ccf0f6340e9fa3f70cfefb8f7f7a86b__aug4_hflip.png,,,pending,missing,train/images/105_spot_jpg.rf.8ccf0f6340e9fa3f70cfefb8f7f7a86b.jpg,,train/images/105_spot_jpg.rf.8ccf0f6340e9fa3f70cfefb8f7f7a86b__aug4_hflip.png,,df685e3e5a45c9edddeee5affca33fa58fdd044b8b1afc6fb35b75237c9f65a8,spot,train,train,False,masks/spot/ced9ef76238d76f65fd77b5f.png,pending,nonempty,416
SAM3_auto,vflip,False,spot:105_spot_jpg,416,e8ff2d3933353458b6377891,spot_source,/content/drive/MyDrive/LeafData.v1i.yolov11_aug4_20261003_170034/train/images/105_spot_jpg.rf.8ccf0f6340e9fa3f70cfefb8f7f7a86b__aug4_vflip.png,,,pending,missing,train/images/105_spot_jpg.rf.8ccf0f6340e9fa3f70cfefb8f7f7a86b.jpg,,train/images/105_spot_jpg.rf.8ccf0f6340e9fa3f70cfefb8f7f7a86b__aug4_vflip.png,,d28497f78a74de590da9c113e2b59353d1e3db9eae6c36a05d6e90ceb1dc5e15,spot,train,train,False,masks/spot/e8ff2d3933353458b6377891.png,pending,nonempty,416
SAM3_auto,original,True,spot:105_spot_jpg,416,bc30fcb94e4046186652e9d0,spot_source,/content/drive/MyDrive/LeafData.v1i.yolov11_aug4_20261003_170034/train/images/105_spot_jpg.rf.b8674bed2e914ac0f21c010e1011db19.jpg,,,pending,missing,train/images/105_spot_jpg.rf.b8674bed2e914ac0f21c010e1011db19.jpg,,train/images/105_spot_jpg.rf.b8674bed2e914ac0f21c010e1011db19.jpg,,2db0f2decc4063324de7dcdd33ebf9c68e3c720f3fe282065c870cd08bd4fd9c,spot,train,train,False,masks/spot/bc30fcb94e4046186652e9d0.png,pending,nonempty,416
SAM3_auto,brillo112,False,spot:105_spot_jpg,416,a53b068227e7fa682b53be9a,spot_source,/content/drive/MyDrive/LeafData.v1i.yolov11_aug4_20261003_170034/train/images/105_spot_jpg.rf.b8674bed2e914ac0f21c010e1011db19__aug4_brillo112.png,,,pending,missing,train/images/105_spot_jpg.rf.b8674bed2e914ac0f21c010e1011db19.jpg,,train/images/105_spot_jpg.rf.b8674bed2e914ac0f21c010e1011db19__aug4_brillo112.png,,d5301daa9d161ba4a10c80184d20794169df996e3a568ad99862ec029976f31c,spot,train,train,False,masks/spot/a53b068227e7fa682b53be9a.png,pending,nonempty,416
SAM3_auto,contraste115,False,spot:105_spot_jpg,416,b9b3ea7a69c4d8cc4a25956b,spot_source,/content/drive/MyDrive/LeafData.v1i.yolov11_aug4_20261003_170034/train/images/105_spot_jpg.rf.b8674bed2e914ac0f21c010e1011db19__aug4_contraste115.png,,,pending,missing,train/images/105_spot_jpg.rf.b8674bed2e914ac0f21c010e1011db19.jpg,,train/images/105_spot_jpg.rf.b8674bed2e914ac0f21c010e1011db19__aug4_contraste115.png,,16ad0334c45c0af57da2b37bc5c503fa3bdf9afcdcb0e299c00d1dc19e7d45b2,spot,train,train,False,masks/spot/b9b3ea7a69c4d8cc4a25956b.png,pending,nonempty,416
SAM3_auto,hflip,False,spot:105_spot_jpg,416,7f62bac683a2cd30ba815e2c,spot_source,/content/drive/MyDrive/LeafData.v1i.yolov11_aug4_20261003_170034/train/images/105_spot_jpg.rf.b8674bed2e914ac0f21c010e1011db19__aug4_hflip.png,,,pending,missing,train/images/105_spot_jpg.rf.b8674bed2e914ac0f21c010e1011db19.jpg,,train/images/105_spot_jpg.rf.b8674bed2e914ac0f21c010e1011db19__aug4_hflip.png,,38096b7caf774ecf17779f3c9c765e70cbcf755519a1146c831290f58fa2ea8b,spot,train,train,False,masks/spot/7f62bac683a2cd30ba815e2c.png,pending,nonempty,416
SAM3_auto,vflip,False,spot:105_spot_jpg,416,ab9192462b8b56a2e5cba274,spot_source,/content/drive/MyDrive/LeafData.v1i.yolov11_aug4_20261003_170034/train/images/105_spot_jpg.rf.b8674bed2e914ac0f21c010e1011db19__aug4_vflip.png,,,pending,missing,train/images/105_spot_jpg.rf.b8674bed2e914ac0f21c010e1011db19.jpg,,train/images/105_spot_jpg.rf.b8674bed2e914ac0f21c010e1011db19__aug4_vflip.png,,b47c21b05e4bf81658aa39b7131c726a3322169947706e3b2e5de7973a4cf8c9,spot,train,train,False,masks/spot/ab9192462b8b56a2e5cba274.png,pending,nonempty,416
SAM3_auto,original,True,spot:108_spot_jpg,416,7183ed40347d5a07a0158b1a,spot_source,/content/drive/MyDrive/LeafData.v1i.yolov11_aug4_20261003_170034/train/images/108_spot_jpg.rf.06cb2405e110fd82c93d34218fcf736f.jpg,,,pending,missing,train/images/108_spot_jpg.rf.06cb2405e110fd82c93d34218fcf736f.jpg,,train/images/108_spot_jpg.rf.06cb2405e110fd82c93d34218fcf736f.jpg,,43133ab1c91c4559b5e08ef935475e08772866ff4f472fe35b86d5740461ae2b,spot,train,train,False,masks/spot/7183ed40347d5a07a0158b1a.png,pending,nonempty,416
SAM3_auto,brillo112,False,spot:108_spot_jpg,416,35eba63e2f550cdd92d4ce53,spot_source,/content/drive/MyDrive/LeafData.v1i.yolov11_aug4_20261003_170034/train/images/108_spot_jpg.rf.06cb2405e110fd82c93d34218fcf736f__aug4_brillo112.png,,,pending,missing,train/images/108_spot_jpg.rf.06cb2405e110fd82c93d34218fcf736f.jpg,,train/images/108_spot_jpg.rf.06cb2405e110fd82c93d34218fcf736f__aug4_brillo112.png,,81afcfc7a8ff72f8bbf59073b3db2176a19fe0ea1c6f94a1434b8f73b05ce6b9,spot,train,train,False,masks/spot/35eba63e2f550cdd92d4ce53.png,pending,nonempty,416
SAM3_auto,contraste115,False,spot:108_spot_jpg,416,33b7d0d1215106dc48dea0c4,spot_source,/content/drive/MyDrive/LeafData.v1i.yolov11_aug4_20261003_170034/train/images/108_spot_jpg.rf.06cb2405e110fd82c93d34218fcf736f__aug4_contraste115.png,,,pending,missing,train/images/108_spot_jpg.rf.06cb2405e110fd82c93d34218fcf736f.jpg,,train/images/108_spot_jpg.rf.06cb2405e110fd82c93d34218fcf736f__aug4_contraste115.png,,d774eebd9c0aa6c903182e003d37499d4c6dac5011838b240da86de208a6f6dd,spot,train,train,False,masks/spot/33b7d0d1215106dc48dea0c4.png,pending,nonempty,416
SAM3_auto,hflip,False,spot:108_spot_jpg,416,99a92a222a7ce04e3cc4cb88,spot_source,/content/drive/MyDrive/LeafData.v1i.yolov11_aug4_20261003_170034/train/images/108_spot_jpg.rf.06cb2405e110fd82c93d34218fcf736f__aug4_hflip.png,,,pending,missing,train/images/108_spot_jpg.rf.06cb2405e110fd82c93d34218fcf736f.jpg,,train/images/108_spot_jpg.rf.06cb2405e110fd82c93d34218fcf736f__aug4_hflip.png,,2cf0105795df014deea103c64cec5e3dad2f43002f29a7d2dcc336c5746a9cd3,spot,train,train,False,masks/spot/99a92a222a7ce04e3cc4cb88.png,pending,nonempty,416
SAM3_auto,vflip,False,spot:108_spot_jpg,416,3a0800d1f43360a312c2b49c,spot_source,/content/drive/MyDrive/LeafData.v1i.yolov11_aug4_20261003_170034/train/images/108_spot_jpg.rf.06cb2405e110fd82c93d34218fcf736f__aug4_vflip.png,,,pending,missing,train/images/108_spot_jpg.rf.06cb2405e110fd82c93d34218fcf736f.jpg,,train/images/108_spot_jpg.rf.06cb2405e110fd82c93d34218fcf736f__aug4_vflip.png,,2241118dfa2b937ec82fd8f03e0888ac592860aaea657ea4d4cdfc718aa7157a,spot,train,train,False,masks/spot/3a0800d1f43360a312c2b49c.png,pending,nonempty,416
SAM3_auto,original,True,spot:108_spot_jpg,416,884a7c0a18a9d1eeacbb291b,spot_source,/content/drive/MyDrive/LeafData.v1i.yolov11_aug4_20261003_170034/train/images/108_spot_jpg.rf.3c8b6edd522297ebf88a7656fe2dba5d.jpg,,,pending,missing,train/images/108_spot_jpg.rf.3c8b6edd522297ebf88a7656fe2dba5d.jpg,,train/images/108_spot_jpg.rf.3c8b6edd522297ebf88a7656fe2dba5d.jpg,,481de7d0b51463cf204825794abc7e46375f06fe7905977f611a1c94a286f019,spot,train,train,False,masks/spot/884a7c0a18a9d1eeacbb291b.png,pending,nonempty,416
SAM3_auto,brillo112,False,spot:108_spot_jpg,416,77564dce0e522fea2bf9c8a0,spot_source,/content/drive/MyDrive/LeafData.v1i.yolov11_aug4_20261003_170034/train/images/108_spot_jpg.rf.3c8b6edd522297ebf88a7656fe2dba5d__aug4_brillo112.png,,,pending,missing,train/images/108_spot_jpg.rf.3c8b6edd522297ebf88a7656fe2dba5d.jpg,,train/images/108_spot_jpg.rf.3c8b6edd522297ebf88a7656fe2dba5d__aug4_brillo112.png,,5a5f61189d29b1ff41e67e23c7bafafbd5ab77bccac2c59928066bfb030e33b4,spot,train,train,False,masks/spot/77564dce0e522fea2bf9c8a0.png,pending,nonempty,416
SAM3_auto,contraste115,False,spot:108_spot_jpg,416,bac3f06a80c0c2c316d4b7c0,spot_source,/content/drive/MyDrive/LeafData.v1i.yolov11_aug4_20261003_170034/train/images/108_spot_jpg.rf.3c8b6edd522297ebf88a7656fe2dba5d__aug4_contraste115.png,,,pending,missing,train/images/108_spot_jpg.rf.3c8b6edd522297ebf88a7656fe2dba5d.jpg,,train/images/108_spot_jpg.rf.3c8b6edd522297ebf88a7656fe2dba5d__aug4_contraste115.png,,a0d4ed5a82fc1d94f34d8fc4416e2430817d866164e1c1bf9a766723f4ea7249,spot,train,train,False,masks/spot/bac3f06a80c0c2c316d4b7c0.png,pending,nonempty,416
SAM3_auto,hflip,False,spot:108_spot_jpg,416,fa502b19ffcfe411918d3d18,spot_source,/content/drive/MyDrive/LeafData.v1i.yolov11_aug4_20261003_170034/train/images/108_spot_jpg.rf.3c8b6edd522297ebf88a7656fe2dba5d__aug4_hflip.png,,,pending,missing,train/images/108_spot_jpg.rf.3c8b6edd522297ebf88a7656fe2dba5d.jpg,,train/images/108_spot_jpg.rf.3c8b6edd522297ebf88a7656fe2dba5d__aug4_hflip.png,,d189da4ff1ba77723def2c8479ad920cfc896527a34b700aa064c11c5156d6e3,spot,train,train,False,masks/spot/fa502b19ffcfe411918d3d18.png,pending,nonempty,416
SAM3_auto,vflip,False,spot:108_spot_jpg,416,3ef1f970508c7d0302f4f8cf,spot_source,/content/drive/MyDrive/LeafData.v1i.yolov11_aug4_20261003_170034/train/images/108_spot_jpg.rf.3c8b6edd522297ebf88a7656fe2dba5d__aug4_vflip.png,,,pending,missing,train/images/108_spot_jpg.rf.3c8b6edd522297ebf88a7656fe2dba5d.jpg,,train/images/108_spot_jpg.rf.3c8b6edd522297ebf88a7656fe2dba5d__aug4_vflip.png,,017d4b251199523f90b8d7951f2ba89e64000593ca1c67608dc67c22ff9dffcb,spot,train,train,False,masks/spot/3ef1f970508c7d0302f4f8cf.png,pending,nonempty,416
SAM3_auto,original,True,spot:108_spot_jpg,416,10d65387b7412d954ea9281a,spot_source,/content/drive/MyDrive/LeafData.v1i.yolov11_aug4_20261003_170034/train/images/108_spot_jpg.rf.ec1f1ee463171055320ce33f8b5e995a.jpg,,,pending,missing,train/images/108_spot_jpg.rf.ec1f1ee463171055320ce33f8b5e995a.jpg,,train/images/108_spot_jpg.rf.ec1f1ee463171055320ce33f8b5e995a.jpg,,6613ecf914a663c761b804e08d09e27d8c1aa8302aa5f560556d826b9c532888,spot,train,train,False,masks/spot/10d65387b7412d954ea9281a.png,pending,nonempty,416
SAM3_auto,brillo112,False,spot:108_spot_jpg,416,0c96264e2147b44a75414b00,spot_source,/content/drive/MyDrive/LeafData.v1i.yolov11_aug4_20261003_170034/train/images/108_spot_jpg.rf.ec1f1ee463171055320ce33f8b5e995a__aug4_brillo112.png,,,pending,missing,train/images/108_spot_jpg.rf.ec1f1ee463171055320ce33f8b5e995a.jpg,,train/images/108_spot_jpg.rf.ec1f1ee463171055320ce33f8b5e995a__aug4_brillo112.png,,a1d22dcf739721e28c71709bd35dd1a6b92333eadd5a679d2abf07c61e3785ed,spot,train,train,False,masks/spot/0c96264e2147b44a75414b00.png,pending,nonempty,416
SAM3_auto,contraste115,False,spot:108_spot_jpg,416,67af788f9097ed0fd5d3ebfa,spot_source,/content/drive/MyDrive/LeafData.v1i.yolov11_aug4_20261003_170034/train/images/108_spot_jpg.rf.ec1f1ee463171055320ce33f8b5e995a__aug4_contraste115.png,,,pending,missing,train/images/108_spot_jpg.rf.ec1f1ee463171055320ce33f8b5e995a.jpg,,train/images/108_spot_jpg.rf.ec1f1ee463171055320ce33f8b5e995a__aug4_contraste115.png,,50e58d684db46b451de8114fbb7daf23b8d6556c3568f39e4eb8681cf6a6b500,spot,train,train,False,masks/spot/67af788f9097ed0fd5d3ebfa.png,pending,nonempty,416
SAM3_auto,hflip,False,spot:108_spot_jpg,416,2789c9b15b9e2aafdb627c14,spot_source,/content/drive/MyDrive/LeafData.v1i.yolov11_aug4_20261003_170034/train/images/108_spot_jpg.rf.ec1f1ee463171055320ce33f8b5e995a__aug4_hflip.png,,,pending,missing,train/images/108_spot_jpg.rf.ec1f1ee463171055320ce33f8b5e995a.jpg,,train/images/108_spot_jpg.rf.ec1f1ee463171055320ce33f8b5e995a__aug4_hflip.png,,97c27d6ad02a69f0464e0a084591ecde1254531d43b69a92738e9e8c14cf7a78,spot,train,train,False,masks/spot/2789c9b15b9e2aafdb627c14.png,pending,nonempty,416
SAM3_auto,vflip,False,spot:108_spot_jpg,416,f908c5c1740233f9997ba2bf,spot_source,/content/drive/MyDrive/LeafData.v1i.yolov11_aug4_20261003_170034/train/images/108_spot_jpg.rf.ec1f1ee463171055320ce33f8b5e995a__aug4_vflip.png,,,pending,missing,train/images/108_spot_jpg.rf.ec1f1ee463171055320ce33f8b5e995a.jpg,,train/images/108_spot_jpg.rf.ec1f1ee463171055320ce33f8b5e995a__aug4_vflip.png,,4569a2372e304d7b79e75b8fb8239cee1b22d73a199758ee89851f4b1a2b5d36,spot,train,train,False,masks/spot/f908c5c1740233f9997ba2bf.png,pending,nonempty,416
SAM3_auto,original,True,spot:109_spot_jpg,416,98ca9fcad349a36d3d3797ce,spot_source,/content/drive/MyDrive/LeafData.v1i.yolov11_aug4_20261003_170034/train/images/109_spot_jpg.rf.13ef33cb2240ee44826c58a6f6f177a1.jpg,,,pending,missing,train/images/109_spot_jpg.rf.13ef33cb2240ee44826c58a6f6f177a1.jpg,,train/images/109_spot_jpg.rf.13ef33cb2240ee44826c58a6f6f177a1.jpg,,666f73aeaf9f22ed91e414b9e2b6cc503e6fba557794594024b54f2092382b5a,spot,train,train,False,masks/spot/98ca9fcad349a36d3d3797ce.png,pending,nonempty,416
SAM3_auto,brillo112,False,spot:109_spot_jpg,416,54b85379aedeba2f12dccebe,spot_source,/content/drive/MyDrive/LeafData.v1i.yolov11_aug4_20261003_170034/train/images/109_spot_jpg.rf.13ef33cb2240ee44826c58a6f6f177a1__aug4_brillo112.png,,,pending,missing,train/images/109_spot_jpg.rf.13ef33cb2240ee44826c58a6f6f177a1.jpg,,train/images/109_spot_jpg.rf.13ef33cb2240ee44826c58a6f6f177a1__aug4_brillo112.png,,4dd17ce32843d7aeacc85d033308f57567f2a14636ff286d507dbab2c1e69187,spot,train,train,False,masks/spot/54b85379aedeba2f12dccebe.png,pending,nonempty,416
SAM3_auto,contraste115,False,spot:109_spot_jpg,416,ecaf7811932fa3e4c797d4cc,spot_source,/content/drive/MyDrive/LeafData.v1i.yolov11_aug4_20261003_170034/train/images/109_spot_jpg.rf.13ef33cb2240ee44826c58a6f6f177a1__aug4_contraste115.png,,,pending,missing,train/images/109_spot_jpg.rf.13ef33cb2240ee44826c58a6f6f177a1.jpg,,train/images/109_spot_jpg.rf.13ef33cb2240ee44826c58a6f6f177a1__aug4_contraste115.png,,73f369508f57ea04eeb18d19fe335836b60c15813f71e648f4f66a5478874c68,spot,train,train,False,masks/spot/ecaf7811932fa3e4c797d4cc.png,pending,nonempty,416
SAM3_auto,hflip,False,spot:109_spot_jpg,416,2fc30c23dff01e270de96f6f,spot_source,/content/drive/MyDrive/LeafData.v1i.yolov11_aug4_20261003_170034/train/images/109_spot_jpg.rf.13ef33cb2240ee44826c58a6f6f177a1__aug4_hflip.png,,,pending,missing,train/images/109_spot_jpg.rf.13ef33cb2240ee44826c58a6f6f177a1.jpg,,train/images/109_spot_jpg.rf.13ef33cb2240ee44826c58a6f6f177a1__aug4_hflip.png,,55ac6c57eda78ab78493912d5e87e186d7dd12906e85e0a2f37ffea6c07966f2,spot,train,train,False,masks/spot/2fc30c23dff01e270de96f6f.png,pending,nonempty,416
SAM3_auto,vflip,False,spot:109_spot_jpg,416,283f1c276d6851b4cb78c45d,spot_source,/content/drive/MyDrive/LeafData.v1i.yolov11_aug4_20261003_170034/train/images/109_spot_jpg.rf.13ef33cb2240ee44826c58a6f6f177a1__aug4_vflip.png,,,pending,missing,train/images/109_spot_jpg.rf.13ef33cb2240ee44826c58a6f6f177a1.jpg,,train/images/109_spot_jpg.rf.13ef33cb2240ee44826c58a6f6f177a1__aug4_vflip.png,,3221e35949bd81cc950e500184fe4e091eb079e2a0ae846c6842a898d21bc979,spot,train,train,False,masks/spot/283f1c276d6851b4cb78c45d.png,pending,nonempty,416
SAM3_auto,original,True,spot:109_spot_jpg,416,35106878c96197562be32003,spot_source,/content/drive/MyDrive/LeafData.v1i.yolov11_aug4_20261003_170034/train/images/109_spot_jpg.rf.54c2854e59d9fbb6bff54667b5a81584.jpg,,,pending,missing,train/images/109_spot_jpg.rf.54c2854e59d9fbb6bff54667b5a81584.jpg,,train/images/109_spot_jpg.rf.54c2854e59d9fbb6bff54667b5a81584.jpg,,4b9fcf79509d93900bf30940baa363748f3b6f0a380f2ca7c0c0c828964577c9,spot,train,train,False,masks/spot/35106878c96197562be32003.png,pending,nonempty,416
SAM3_auto,brillo112,False,spot:109_spot_jpg,416,f0296578dffce125e616b9d5,spot_source,/content/drive/MyDrive/LeafData.v1i.yolov11_aug4_20261003_170034/train/images/109_spot_jpg.rf.54c2854e59d9fbb6bff54667b5a81584__aug4_brillo112.png,,,pending,missing,train/images/109_spot_jpg.rf.54c2854e59d9fbb6bff54667b5a81584.jpg,,train/images/109_spot_jpg.rf.54c2854e59d9fbb6bff54667b5a81584__aug4_brillo112.png,,92346521edda6a115a4facdf7ccd14dd62379c69402b337d50f130e37d802cdd,spot,train,train,False,masks/spot/f0296578dffce125e616b9d5.png,pending,nonempty,416
SAM3_auto,contraste115,False,spot:109_spot_jpg,416,531b7dc1530f91e335daae42,spot_source,/content/drive/MyDrive/LeafData.v1i.yolov11_aug4_20261003_170034/train/images/109_spot_jpg.rf.54c2854e59d9fbb6bff54667b5a81584__aug4_contraste115.png,,,pending,missing,train/images/109_spot_jpg.rf.54c2854e59d9fbb6bff54667b5a81584.jpg,,train/images/109_spot_jpg.rf.54c2854e59d9fbb6bff54667b5a81584__aug4_contraste115.png,,18726980bcbbe6b87245022e53bcc9e56498b42404035f57641d7bf7ac5ea473,spot,train,train,False,masks/spot/531b7dc1530f91e335daae42.png,pending,nonempty,416
SAM3_auto,hflip,False,spot:109_spot_jpg,416,1d223c6e9cc0fa1a53066ec2,spot_source,/content/drive/MyDrive/LeafData.v1i.yolov11_aug4_20261003_170034/train/images/109_spot_jpg.rf.54c2854e59d9fbb6bff54667b5a81584__aug4_hflip.png,,,pending,missing,train/images/109_spot_jpg.rf.54c2854e59d9fbb6bff54667b5a81584.jpg,,train/images/109_spot_jpg.rf.54c2854e59d9fbb6bff54667b5a81584__aug4_hflip.png,,050ac847a4aefde51d7b43a78e7b46ac81545c30a0821cf8a9fe4cff0787098e,spot,train,train,False,masks/spot/1d223c6e9cc0fa1a53066ec2.png,pending,nonempty,416
SAM3_auto,vflip,False,spot:109_spot_jpg,416,235d32542997e2cd6953950b,spot_source,/content/drive/MyDrive/LeafData.v1i.yolov11_aug4_20261003_170034/train/images/109_spot_jpg.rf.54c2854e59d9fbb6bff54667b5a81584__aug4_vflip.png,,,pending,missing,train/images/109_spot_jpg.rf.54c2854e59d9fbb6bff54667b5a81584.jpg,,train/images/109_spot_jpg.rf.54c2854e59d9fbb6bff54667b5a81584__aug4_vflip.png,,2bed5c882bf263361c37803f70f64a1495190df625c11bf91e46358002e00dec,spot,train,train,False,masks/spot/235d32542997e2cd6953950b.png,pending,nonempty,416
SAM3_auto,original,True,spot:109_spot_jpg,416,b28276cf641249cf982ee113,spot_source,/content/drive/MyDrive/LeafData.v1i.yolov11_aug4_20261003_170034/train/images/109_spot_jpg.rf.97f4ca71feaa6681a993cfc706cd09d9.jpg,,,pending,missing,train/images/109_spot_jpg.rf.97f4ca71feaa6681a993cfc706cd09d9.jpg,,train/images/109_spot_jpg.rf.97f4ca71feaa6681a993cfc706cd09d9.jpg,,89dc797ec46563ef534b13defd52766d245989b5e8c0d3d63bcaea1d5c5f243a,spot,train,train,False,masks/spot/b28276cf641249cf982ee113.png,pending,nonempty,416
SAM3_auto,brillo112,False,spot:109_spot_jpg,416,dbda4b64d2a8de165a920764,spot_source,/content/drive/MyDrive/LeafData.v1i.yolov11_aug4_20261003_170034/train/images/109_spot_jpg.rf.97f4ca71feaa6681a993cfc706cd09d9__aug4_brillo112.png,,,pending,missing,train/images/109_spot_jpg.rf.97f4ca71feaa6681a993cfc706cd09d9.jpg,,train/images/109_spot_jpg.rf.97f4ca71feaa6681a993cfc706cd09d9__aug4_brillo112.png,,1566171a81cfa0ec5e557983f6fd170b3f9aa2fd683819047549c1eac0ffa2e6,spot,train,train,False,masks/spot/dbda4b64d2a8de165a920764.png,pending,nonempty,416
SAM3_auto,contraste115,False,spot:109_spot_jpg,416,3cd9a3181531f172911ff97d,spot_source,/content/drive/MyDrive/LeafData.v1i.yolov11_aug4_20261003_170034/train/images/109_spot_jpg.rf.97f4ca71feaa6681a993cfc706cd09d9__aug4_contraste115.png,,,pending,missing,train/images/109_spot_jpg.rf.97f4ca71feaa6681a993cfc706cd09d9.jpg,,train/images/109_spot_jpg.rf.97f4ca71feaa6681a993cfc706cd09d9__aug4_contraste115.png,,1210bd71961653710107871835a605432baa6558ea2f5abe113ee3339a2a0abb,spot,train,train,False,masks/spot/3cd9a3181531f172911ff97d.png,pending,nonempty,416
SAM3_auto,hflip,False,spot:109_spot_jpg,416,fbdcf84015bd380743d73987,spot_source,/content/drive/MyDrive/LeafData.v1i.yolov11_aug4_20261003_170034/train/images/109_spot_jpg.rf.97f4ca71feaa6681a993cfc706cd09d9__aug4_hflip.png,,,pending,missing,train/images/109_spot_jpg.rf.97f4ca71feaa6681a993cfc706cd09d9.jpg,,train/images/109_spot_jpg.rf.97f4ca71feaa6681a993cfc706cd09d9__aug4_hflip.png,,8455a34e3e3c1bf69ffb8e3d25ce31ea287e0dc468ed0beea51a427405595500,spot,train,train,False,masks/spot/fbdcf84015bd380743d73987.png,pending,nonempty,416
SAM3_auto,vflip,False,spot:109_spot_jpg,416,479dd3cc873577d68df56207,spot_source,/content/drive/MyDrive/LeafData.v1i.yolov11_aug4_20261003_170034/train/images/109_spot_jpg.rf.97f4ca71feaa6681a993cfc706cd09d9__aug4_vflip.png,,,pending,missing,train/images/109_spot_jpg.rf.97f4ca71feaa6681a993cfc706cd09d9.jpg,,train/images/109_spot_jpg.rf.97f4ca71feaa6681a993cfc706cd09d9__aug4_vflip.png,,bc2db35c0579235c6697225e68ab8ed3aafc9c0abf1146e60330a7473cffeb38,spot,train,train,False,masks/spot/479dd3cc873577d68df56207.png,pending,nonempty,416
SAM3_auto,original,True,spot:10_spot_jpg,416,143ec9540d582d99e78ad8ca,spot_source,/content/drive/MyDrive/LeafData.v1i.yolov11_aug4_20261003_170034/train/images/10_spot_jpg.rf.5d5ddf4d58059cba5413c533eaef1b3e.jpg,,,pending,missing,train/images/10_spot_jpg.rf.5d5ddf4d58059cba5413c533eaef1b3e.jpg,,train/images/10_spot_jpg.rf.5d5ddf4d58059cba5413c533eaef1b3e.jpg,,bbd22232d8f21ff090f57e7a1ff578664ab50f02ce31357e79a9a7d2ff70006e,spot,train,train,False,masks/spot/143ec9540d582d99e78ad8ca.png,pending,nonempty,416
SAM3_auto,brillo112,False,spot:10_spot_jpg,416,5e3b139c92352a3cf4304871,spot_source,/content/drive/MyDrive/LeafData.v1i.yolov11_aug4_20261003_170034/train/images/10_spot_jpg.rf.5d5ddf4d58059cba5413c533eaef1b3e__aug4_brillo112.png,,,pending,missing,train/images/10_spot_jpg.rf.5d5ddf4d58059cba5413c533eaef1b3e.jpg,,train/images/10_spot_jpg.rf.5d5ddf4d58059cba5413c533eaef1b3e__aug4_brillo112.png,,88ddb330c529128ef536a209642f486ac57a2e217b21a0648816dc49f7db04d9,spot,train,train,False,masks/spot/5e3b139c92352a3cf4304871.png,pending,nonempty,416
SAM3_auto,contraste115,False,spot:10_spot_jpg,416,cfc1534f0eb36664b8731370,spot_source,/content/drive/MyDrive/LeafData.v1i.yolov11_aug4_20261003_170034/train/images/10_spot_jpg.rf.5d5ddf4d58059cba5413c533eaef1b3e__aug4_contraste115.png,,,pending,missing,train/images/10_spot_jpg.rf.5d5ddf4d58059cba5413c533eaef1b3e.jpg,,train/images/10_spot_jpg.rf.5d5ddf4d58059cba5413c533eaef1b3e__aug4_contraste115.png,,a819af2e7f30ca822255ea9a9a5033e50eac9106d31e297c65a31340bb739c8d,spot,train,train,False,masks/spot/cfc1534f0eb36664b8731370.png,pending,nonempty,416
SAM3_auto,hflip,False,spot:10_spot_jpg,416,a3b27b0ac1f3cce6bd892d1a,spot_source,/content/drive/MyDrive/LeafData.v1i.yolov11_aug4_20261003_170034/train/images/10_spot_jpg.rf.5d5ddf4d58059cba5413c533eaef1b3e__aug4_hflip.png,,,pending,missing,train/images/10_spot_jpg.rf.5d5ddf4d58059cba5413c533eaef1b3e.jpg,,train/images/10_spot_jpg.rf.5d5ddf4d58059cba5413c533eaef1b3e__aug4_hflip.png,,efd2acf27fad2554068e63107cc9e13750f5bbe9293ee4d35aa348a6373bb57b,spot,train,train,False,masks/spot/a3b27b0ac1f3cce6bd892d1a.png,pending,nonempty,416
SAM3_auto,vflip,False,spot:10_spot_jpg,416,eae4f679e9b11a4c63fe58db,spot_source,/content/drive/MyDrive/LeafData.v1i.yolov11_aug4_20261003_170034/train/images/10_spot_jpg.rf.5d5ddf4d58059cba5413c533eaef1b3e__aug4_vflip.png,,,pending,missing,train/images/10_spot_jpg.rf.5d5ddf4d58059cba5413c533eaef1b3e.jpg,,train/images/10_spot_jpg.rf.5d5ddf4d58059cba5413c533eaef1b3e__aug4_vflip.png,,b30d85209dcd30ca12874d644838c17b81f658cbd189c33a6011be094778042e,spot,train,train,False,masks/spot/eae4f679e9b11a4c63fe58db.png,pending,nonempty,416
SAM3_auto,original,True,spot:10_spot_jpg,416,dae9be914630677650f5e303,spot_source,/content/drive/MyDrive/LeafData.v1i.yolov11_aug4_20261003_170034/train/images/10_spot_jpg.rf.e8d4afa1bdaab3bee31ef4ba0e031e6e.jpg,,,pending,missing,train/images/10_spot_jpg.rf.e8d4afa1bdaab3bee31ef4ba0e031e6e.jpg,,train/images/10_spot_jpg.rf.e8d4afa1bdaab3bee31ef4ba0e031e6e.jpg,,8eabc7b459665560082ded67a04ca1f540ca20f6c23163b8ec8b1493a163e450,spot,train,train,False,masks/spot/dae9be914630677650f5e303.png,pending,nonempty,416
SAM3_auto,brillo112,False,spot:10_spot_jpg,416,5f59b3d0eaeac3b4b511cc51,spot_source,/content/drive/MyDrive/LeafData.v1i.yolov11_aug4_20261003_170034/train/images/10_spot_jpg.rf.e8d4afa1bdaab3bee31ef4ba0e031e6e__aug4_brillo112.png,,,pending,missing,train/images/10_spot_jpg.rf.e8d4afa1bdaab3bee31ef4ba0e031e6e.jpg,,train/images/10_spot_jpg.rf.e8d4afa1bdaab3bee31ef4ba0e031e6e__aug4_brillo112.png,,966e09ad4bcefa3981cd25684680ad84b2e65f318688d013fd35997539d8f28f,spot,train,train,False,masks/spot/5f59b3d0eaeac3b4b511cc51.png,pending,nonempty,416
SAM3_auto,contraste115,False,spot:10_spot_jpg,416,a28dca4a4c8e149f4e854d32,spot_source,/content/drive/MyDrive/LeafData.v1i.yolov11_aug4_20261003_170034/train/images/10_spot_jpg.rf.e8d4afa1bdaab3bee31ef4ba0e031e6e__aug4_contraste115.png,,,pending,missing,train/images/10_spot_jpg.rf.e8d4afa1bdaab3bee31ef4ba0e031e6e.jpg,,train/images/10_spot_jpg.rf.e8d4afa1bdaab3bee31ef4ba0e031e6e__aug4_contraste115.png,,a9a35e06517644667afaa8248efe1a4c64ffea98b6f58eddb7f742747ba5dd46,spot,train,train,False,masks/spot/a28dca4a4c8e149f4e854d32.png,pending,nonempty,416
SAM3_auto,hflip,False,spot:10_spot_jpg,416,c5d36eee5de69a8ec58480f9,spot_source,/content/drive/MyDrive/LeafData.v1i.yolov11_aug4_20261003_170034/train/images/10_spot_jpg.rf.e8d4afa1bdaab3bee31ef4ba0e031e6e__aug4_hflip.png,,,pending,missing,train/images/10_spot_jpg.rf.e8d4afa1bdaab3bee31ef4ba0e031e6e.jpg,,train/images/10_spot_jpg.rf.e8d4afa1bdaab3bee31ef4ba0e031e6e__aug4_hflip.png,,9bd5491356554598473172588c6f572bdad05c8c4edf79501d6439c80ae16812,spot,train,train,False,masks/spot/c5d36eee5de69a8ec58480f9.png,pending,nonempty,416
SAM3_auto,vflip,False,spot:10_spot_jpg,416,af5e186630540b9142c925bb,spot_source,/content/drive/MyDrive/LeafData.v1i.yolov11_aug4_20261003_170034/train/images/10_spot_jpg.rf.e8d4afa1bdaab3bee31ef4ba0e031e6e__aug4_vflip.png,,,pending,missing,train/images/10_spot_jpg.rf.e8d4afa1bdaab3bee31ef4ba0e031e6e.jpg,,train/images/10_spot_jpg.rf.e8d4afa1bdaab3bee31ef4ba0e031e6e__aug4_vflip.png,,c525b9ee3a1f99b995109abd44ac7036277196c3e4d3a0810e2974ad0dcaec83,spot,train,train,False,masks/spot/af5e186630540b9142c925bb.png,pending,nonempty,416
SAM3_auto,original,True,spot:10_spot_jpg,416,7ed1fa3ef55b5c7db09d0d87,spot_source,/content/drive/MyDrive/LeafData.v1i.yolov11_aug4_20261003_170034/train/images/10_spot_jpg.rf.f579b5306301e68a3b2004e395b9052c.jpg,,,pending,missing,train/images/10_spot_jpg.rf.f579b5306301e68a3b2004e395b9052c.jpg,,train/images/10_spot_jpg.rf.f579b5306301e68a3b2004e395b9052c.jpg,,6626846852c30ccd4c4713d95ee579ad63cb35556ae6c0a8318a7542b3dbd597,spot,train,train,False,masks/spot/7ed1fa3ef55b5c7db09d0d87.png,pending,nonempty,416
SAM3_auto,brillo112,False,spot:10_spot_jpg,416,a8fd57665682c7254737cd0b,spot_source,/content/drive/MyDrive/LeafData.v1i.yolov11_aug4_20261003_170034/train/images/10_spot_jpg.rf.f579b5306301e68a3b2004e395b9052c__aug4_brillo112.png,,,pending,missing,train/images/10_spot_jpg.rf.f579b5306301e68a3b2004e395b9052c.jpg,,train/images/10_spot_jpg.rf.f579b5306301e68a3b2004e395b9052c__aug4_brillo112.png,,6273eb39f2dce86d4be1020172177d9473caecbef78f642e226d3a804ed87b61,spot,train,train,False,masks/spot/a8fd57665682c7254737cd0b.png,pending,nonempty,416
SAM3_auto,contraste115,False,spot:10_spot_jpg,416,db5149b45cd715428a914a9c,spot_source,/content/drive/MyDrive/LeafData.v1i.yolov11_aug4_20261003_170034/train/images/10_spot_jpg.rf.f579b5306301e68a3b2004e395b9052c__aug4_contraste115.png,,,pending,missing,train/images/10_spot_jpg.rf.f579b5306301e68a3b2004e395b9052c.jpg,,train/images/10_spot_jpg.rf.f579b5306301e68a3b2004e395b9052c__aug4_contraste115.png,,d199b8f5f44af019a539dc552b832d9b1cb4eb95ed24915498a95d0493dc59db,spot,train,train,False,masks/spot/db5149b45cd715428a914a9c.png,pending,nonempty,416
SAM3_auto,hflip,False,spot:10_spot_jpg,416,884ff91a4e09905ecf3f6755,spot_source,/content/drive/MyDrive/LeafData.v1i.yolov11_aug4_20261003_170034/train/images/10_spot_jpg.rf.f579b5306301e68a3b2004e395b9052c__aug4_hflip.png,,,pending,missing,train/images/10_spot_jpg.rf.f579b5306301e68a3b2004e395b9052c.jpg,,train/images/10_spot_jpg.rf.f579b5306301e68a3b2004e395b9052c__aug4_hflip.png,,284cc5680ed88a6ae8ad7bdaa6e4944841f7a2fa6be3b013de617822972c1d5a,spot,train,train,False,masks/spot/884ff91a4e09905ecf3f6755.png,pending,nonempty,416
SAM3_auto,vflip,False,spot:10_spot_jpg,416,903bea1c800bc984cecfcfd2,spot_source,/content/drive/MyDrive/LeafData.v1i.yolov11_aug4_20261003_170034/train/images/10_spot_jpg.rf.f579b5306301e68a3b2004e395b9052c__aug4_vflip.png,,,pending,missing,train/images/10_spot_jpg.rf.f579b5306301e68a3b2004e395b9052c.jpg,,train/images/10_spot_jpg.rf.f579b5306301e68a3b2004e395b9052c__aug4_vflip.png,,6c19e5448aaa53c7996ae8688ef4716aa4f43122dc24d5a96b1f7e1a2b2a72c5,spot,train,train,False,masks/spot/903bea1c800bc984cecfcfd2.png,pending,nonempty,416
SAM3_auto,original,True,spot:112_spot_jpg,416,5e8076ef68763d03e48d222a,spot_source,/content/drive/MyDrive/LeafData.v1i.yolov11_aug4_20261003_170034/train/images/112_spot_jpg.rf.623840a2d28fa675925fe45d06e9c225.jpg,,,pending,missing,train/images/112_spot_jpg.rf.623840a2d28fa675925fe45d06e9c225.jpg,,train/images/112_spot_jpg.rf.623840a2d28fa675925fe45d06e9c225.jpg,,bb8f6ee7440b2474895db7424e5afe8caf45b26e68a4d59313e1844a54301aa9,spot,train,train,False,masks/spot/5e8076ef68763d03e48d222a.png,pending,nonempty,416
SAM3_auto,brillo112,False,spot:112_spot_jpg,416,0552f476c43e7011e1c35f68,spot_source,/content/drive/MyDrive/LeafData.v1i.yolov11_aug4_20261003_170034/train/images/112_spot_jpg.rf.623840a2d28fa675925fe45d06e9c225__aug4_brillo112.png,,,pending,missing,train/images/112_spot_jpg.rf.623840a2d28fa675925fe45d06e9c225.jpg,,train/images/112_spot_jpg.rf.623840a2d28fa675925fe45d06e9c225__aug4_brillo112.png,,fdefc34dc7f90f01781f6f5fea0cb45eeb4806348dfcf6d21c30fe7fa51d7411,spot,train,train,False,masks/spot/0552f476c43e7011e1c35f68.png,pending,nonempty,416
SAM3_auto,contraste115,False,spot:112_spot_jpg,416,3eb57390df031ce295f65939,spot_source,/content/drive/MyDrive/LeafData.v1i.yolov11_aug4_20261003_170034/train/images/112_spot_jpg.rf.623840a2d28fa675925fe45d06e9c225__aug4_contraste115.png,,,pending,missing,train/images/112_spot_jpg.rf.623840a2d28fa675925fe45d06e9c225.jpg,,train/images/112_spot_jpg.rf.623840a2d28fa675925fe45d06e9c225__aug4_contraste115.png,,ce2528c02c71a0aff7e008b69602476c0b8a5084abf499701d329e862e52e3bc,spot,train,train,False,masks/spot/3eb57390df031ce295f65939.png,pending,nonempty,416
SAM3_auto,hflip,False,spot:112_spot_jpg,416,3d552f3e0333665377e2f965,spot_source,/content/drive/MyDrive/LeafData.v1i.yolov11_aug4_20261003_170034/train/images/112_spot_jpg.rf.623840a2d28fa675925fe45d06e9c225__aug4_hflip.png,,,pending,missing,train/images/112_spot_jpg.rf.623840a2d28fa675925fe45d06e9c225.jpg,,train/images/112_spot_jpg.rf.623840a2d28fa675925fe45d06e9c225__aug4_hflip.png,,0142cd70ad999e38a01ac1e99269fd3b7cd9e3f8752528b6a71088ce548a4e90,spot,train,train,False,masks/spot/3d552f3e0333665377e2f965.png,pending,nonempty,416
SAM3_auto,vflip,False,spot:112_spot_jpg,416,a399166741fdcdf90dbd7cf9,spot_source,/content/drive/MyDrive/LeafData.v1i.yolov11_aug4_20261003_170034/train/images/112_spot_jpg.rf.623840a2d28fa675925fe45d06e9c225__aug4_vflip.png,,,pending,missing,train/images/112_spot_jpg.rf.623840a2d28fa675925fe45d06e9c225.jpg,,train/images/112_spot_jpg.rf.623840a2d28fa675925fe45d06e9c225__aug4_vflip.png,,6c451e5bcfa101117c9ed945569c344b5022f4cf3817b622b80c271974ff7314,spot,train,train,False,masks/spot/a399166741fdcdf90dbd7cf9.png,pending,nonempty,416
SAM3_auto,original,True,spot:112_spot_jpg,416,2f572d673faec88f4ecba675,spot_source,/content/drive/MyDrive/LeafData.v1i.yolov11_aug4_20261003_170034/train/images/112_spot_jpg.rf.6c9475c82c9987e62fbf68703d4ee69d.jpg,,,pending,missing,train/images/112_spot_jpg.rf.6c9475c82c9987e62fbf68703d4ee69d.jpg,,train/images/112_spot_jpg.rf.6c9475c82c9987e62fbf68703d4ee69d.jpg,,f566b1825c727663ce0b23b23dfebba5e4c2b38156b2e837cf460be0fca40e33,spot,train,train,False,masks/spot/2f572d673faec88f4ecba675.png,pending,nonempty,416
SAM3_auto,brillo112,False,spot:112_spot_jpg,416,c2c16517abc2e91206019f03,spot_source,/content/drive/MyDrive/LeafData.v1i.yolov11_aug4_20261003_170034/train/images/112_spot_jpg.rf.6c9475c82c9987e62fbf68703d4ee69d__aug4_brillo112.png,,,pending,missing,train/images/112_spot_jpg.rf.6c9475c82c9987e62fbf68703d4ee69d.jpg,,train/images/112_spot_jpg.rf.6c9475c82c9987e62fbf68703d4ee69d__aug4_brillo112.png,,39bc2ef31ea5eeb978b2242a92287604baf9109dbcd98d8fb7d72b9e0c4a76f0,spot,train,train,False,masks/spot/c2c16517abc2e91206019f03.png,pending,nonempty,416
SAM3_auto,contraste115,False,spot:112_spot_jpg,416,193c43dbd181857aea89f49a,spot_source,/content/drive/MyDrive/LeafData.v1i.yolov11_aug4_20261003_170034/train/images/112_spot_jpg.rf.6c9475c82c9987e62fbf68703d4ee69d__aug4_contraste115.png,,,pending,missing,train/images/112_spot_jpg.rf.6c9475c82c9987e62fbf68703d4ee69d.jpg,,train/images/112_spot_jpg.rf.6c9475c82c9987e62fbf68703d4ee69d__aug4_contraste115.png,,057ac7c35f66c4fc3024be1052d9760699432a5863fdc658a38dbcf476ac4323,spot,train,train,False,masks/spot/193c43dbd181857aea89f49a.png,pending,nonempty,416
SAM3_auto,hflip,False,spot:112_spot_jpg,416,47f937888eab7d248097039c,spot_source,/content/drive/MyDrive/LeafData.v1i.yolov11_aug4_20261003_170034/train/images/112_spot_jpg.rf.6c9475c82c9987e62fbf68703d4ee69d__aug4_hflip.png,,,pending,missing,train/images/112_spot_jpg.rf.6c9475c82c9987e62fbf68703d4ee69d.jpg,,train/images/112_spot_jpg.rf.6c9475c82c9987e62fbf68703d4ee69d__aug4_hflip.png,,6b98a8ed0999116f38d3bd61bbc43ca4114a8729f9e70275e0b19eab3fa1f818,spot,train,train,False,masks/spot/47f937888eab7d248097039c.png,pending,nonempty,416
SAM3_auto,vflip,False,spot:112_spot_jpg,416,2aed28740285389ab11acb05,spot_source,/content/drive/MyDrive/LeafData.v1i.yolov11_aug4_20261003_170034/train/images/112_spot_jpg.rf.6c9475c82c9987e62fbf68703d4ee69d__aug4_vflip.png,,,pending,missing,train/images/112_spot_jpg.rf.6c9475c82c9987e62fbf68703d4ee69d.jpg,,train/images/112_spot_jpg.rf.6c9475c82c9987e62fbf68703d4ee69d__aug4_vflip.png,,822c8fc3e0acbe2820befd18fbd74b697d1317ba55341423b23496969d5fadfa,spot,train,train,False,masks/spot/2aed28740285389ab11acb05.png,pending,nonempty,416
SAM3_auto,original,True,spot:112_spot_jpg,416,f70437f55c55c3fa844ca2a5,spot_source,/content/drive/MyDrive/LeafData.v1i.yolov11_aug4_20261003_170034/train/images/112_spot_jpg.rf.dd851b3d45f23827c7c7738b4f197153.jpg,,,pending,missing,train/images/112_spot_jpg.rf.dd851b3d45f23827c7c7738b4f197153.jpg,,train/images/112_spot_jpg.rf.dd851b3d45f23827c7c7738b4f197153.jpg,,92ec6e300ab36e02fb9054488e77669991c17f65dd2498fd2e3f2313df913a6a,spot,train,train,False,masks/spot/f70437f55c55c3fa844ca2a5.png,pending,nonempty,416
SAM3_auto,brillo112,False,spot:112_spot_jpg,416,750dd60f9d6bc7f798edd0e5,spot_source,/content/drive/MyDrive/LeafData.v1i.yolov11_aug4_20261003_170034/train/images/112_spot_jpg.rf.dd851b3d45f23827c7c7738b4f197153__aug4_brillo112.png,,,pending,missing,train/images/112_spot_jpg.rf.dd851b3d45f23827c7c7738b4f197153.jpg,,train/images/112_spot_jpg.rf.dd851b3d45f23827c7c7738b4f197153__aug4_brillo112.png,,a762e66f34e087a445aa2c9a085d8c9c78e675c1424ac6906fb537f1e7721ee4,spot,train,train,False,masks/spot/750dd60f9d6bc7f798edd0e5.png,pending,nonempty,416
SAM3_auto,contraste115,False,spot:112_spot_jpg,416,4e28cd2077b69da4eb970ed6,spot_source,/content/drive/MyDrive/LeafData.v1i.yolov11_aug4_20261003_170034/train/images/112_spot_jpg.rf.dd851b3d45f23827c7c7738b4f197153__aug4_contraste115.png,,,pending,missing,train/images/112_spot_jpg.rf.dd851b3d45f23827c7c7738b4f197153.jpg,,train/images/112_spot_jpg.rf.dd851b3d45f23827c7c7738b4f197153__aug4_contraste115.png,,f710ef20e6ac64c8822e45a35a933337b4639b8cf701ab0ef7c6f925f63bdd16,spot,train,train,False,masks/spot/4e28cd2077b69da4eb970ed6.png,pending,nonempty,416
SAM3_auto,hflip,False,spot:112_spot_jpg,416,703087aef2f834c814ac7d0c,spot_source,/content/drive/MyDrive/LeafData.v1i.yolov11_aug4_20261003_170034/train/images/112_spot_jpg.rf.dd851b3d45f23827c7c7738b4f197153__aug4_hflip.png,,,pending,missing,train/images/112_spot_jpg.rf.dd851b3d45f23827c7c7738b4f197153.jpg,,train/images/112_spot_jpg.rf.dd851b3d45f23827c7c7738b4f197153__aug4_hflip.png,,7f8fdd9fe06d2fb327ebfd04208b516825f40cd34ded59ada94ecc06d7fb7d73,spot,train,train,False,masks/spot/703087aef2f834c814ac7d0c.png,pending,nonempty,416
SAM3_auto,vflip,False,spot:112_spot_jpg,416,f02a45f28b589ad7580a0eff,spot_source,/content/drive/MyDrive/LeafData.v1i.yolov11_aug4_20261003_170034/train/images/112_spot_jpg.rf.dd851b3d45f23827c7c7738b4f197153__aug4_vflip.png,,,pending,missing,train/images/112_spot_jpg.rf.dd851b3d45f23827c7c7738b4f197153.jpg,,train/images/112_spot_jpg.rf.dd851b3d45f23827c7c7738b4f197153__aug4_vflip.png,,5eb1a54e8507109c62c199b681e1911f119f3ce09fad611927af8eaee775fc87,spot,train,train,False,masks/spot/f02a45f28b589ad7580a0eff.png,pending,nonempty,416
SAM3_auto,original,True,spot:114_spot_jpg,416,ca812d3f48b6583f40d13185,spot_source,/content/drive/MyDrive/LeafData.v1i.yolov11_aug4_20261003_170034/train/images/114_spot_jpg.rf.1ecfc09c19904fe494104b5b583ffcea.jpg,,,pending,missing,train/images/114_spot_jpg.rf.1ecfc09c19904fe494104b5b583ffcea.jpg,,train/images/114_spot_jpg.rf.1ecfc09c19904fe494104b5b583ffcea.jpg,,e04bf1bb91b632952ef5638c0b460f58a73fe682fb21890a3f3bc3873e07cd26,spot,train,train,False,masks/spot/ca812d3f48b6583f40d13185.png,pending,nonempty,416
SAM3_auto,brillo112,False,spot:114_spot_jpg,416,237a115d7d76317ed3e5dc71,spot_source,/content/drive/MyDrive/LeafData.v1i.yolov11_aug4_20261003_170034/train/images/114_spot_jpg.rf.1ecfc09c19904fe494104b5b583ffcea__aug4_brillo112.png,,,pending,missing,train/images/114_spot_jpg.rf.1ecfc09c19904fe494104b5b583ffcea.jpg,,train/images/114_spot_jpg.rf.1ecfc09c19904fe494104b5b583ffcea__aug4_brillo112.png,,870021d78fde3768f9242d63f0493be1987fe1857c0bffb4414c6e74995c6020,spot,train,train,False,masks/spot/237a115d7d76317ed3e5dc71.png,pending,nonempty,416
SAM3_auto,contraste115,False,spot:114_spot_jpg,416,6e9d6bf265a8a203c2424f1e,spot_source,/content/drive/MyDrive/LeafData.v1i.yolov11_aug4_20261003_170034/train/images/114_spot_jpg.rf.1ecfc09c19904fe494104b5b583ffcea__aug4_contraste115.png,,,pending,missing,train/images/114_spot_jpg.rf.1ecfc09c19904fe494104b5b583ffcea.jpg,,train/images/114_spot_jpg.rf.1ecfc09c19904fe494104b5b583ffcea__aug4_contraste115.png,,c80d3bc02a3e485b2fdaf35ebd6c8fb851e46fe3cfa319b03ceabf965a5199ca,spot,train,train,False,masks/spot/6e9d6bf265a8a203c2424f1e.png,pending,nonempty,416
SAM3_auto,hflip,False,spot:114_spot_jpg,416,3467dd5adb4a12d7ce0c9ea0,spot_source,/content/drive/MyDrive/LeafData.v1i.yolov11_aug4_20261003_170034/train/images/114_spot_jpg.rf.1ecfc09c19904fe494104b5b583ffcea__aug4_hflip.png,,,pending,missing,train/images/114_spot_jpg.rf.1ecfc09c19904fe494104b5b583ffcea.jpg,,train/images/114_spot_jpg.rf.1ecfc09c19904fe494104b5b583ffcea__aug4_hflip.png,,e409dc398096a92cf137f0084075c8d47f7d3a0e47d64862a48784a351b6ab32,spot,train,train,False,masks/spot/3467dd5adb4a12d7ce0c9ea0.png,pending,nonempty,416
SAM3_auto,vflip,False,spot:114_spot_jpg,416,6d9d0ae70dab5f7b30f9f517,spot_source,/content/drive/MyDrive/LeafData.v1i.yolov11_aug4_20261003_170034/train/images/114_spot_jpg.rf.1ecfc09c19904fe494104b5b583ffcea__aug4_vflip.png,,,pending,missing,train/images/114_spot_jpg.rf.1ecfc09c19904fe494104b5b583ffcea.jpg,,train/images/114_spot_jpg.rf.1ecfc09c19904fe494104b5b583ffcea__aug4_vflip.png,,9763ab8e7f1db417aba9220f3681a99695f56627790679eabf40fd1892931810,spot,train,train,False,masks/spot/6d9d0ae70dab5f7b30f9f517.png,pending,nonempty,416
SAM3_auto,original,True,spot:114_spot_jpg,416,8b3fe3abb7ff26cbe6fd73c5,spot_source,/content/drive/MyDrive/LeafData.v1i.yolov11_aug4_20261003_170034/train/images/114_spot_jpg.rf.9b1daa0eaff701177e4fcc2ece63ba96.jpg,,,pending,missing,train/images/114_spot_jpg.rf.9b1daa0eaff701177e4fcc2ece63ba96.jpg,,train/images/114_spot_jpg.rf.9b1daa0eaff701177e4fcc2ece63ba96.jpg,,0bfca8d9c17107b9b28ddbf2220029e4d9512d796c9663d015f1564476e4be41,spot,train,train,False,masks/spot/8b3fe3abb7ff26cbe6fd73c5.png,pending,nonempty,416
SAM3_auto,brillo112,False,spot:114_spot_jpg,416,31f8d7a118e3f2f4b65aafac,spot_source,/content/drive/MyDrive/LeafData.v1i.yolov11_aug4_20261003_170034/train/images/114_spot_jpg.rf.9b1daa0eaff701177e4fcc2ece63ba96__aug4_brillo112.png,,,pending,missing,train/images/114_spot_jpg.rf.9b1daa0eaff701177e4fcc2ece63ba96.jpg,,train/images/114_spot_jpg.rf.9b1daa0eaff701177e4fcc2ece63ba96__aug4_brillo112.png,,2a6e40c872fcc8d9c6597533d43d5ae5ee5bfa1760c1471b9b94c3ce673ae3dd,spot,train,train,False,masks/spot/31f8d7a118e3f2f4b65aafac.png,pending,nonempty,416
SAM3_auto,contraste115,False,spot:114_spot_jpg,416,b3caf14d0840744dbc2a7ffe,spot_source,/content/drive/MyDrive/LeafData.v1i.yolov11_aug4_20261003_170034/train/images/114_spot_jpg.rf.9b1daa0eaff701177e4fcc2ece63ba96__aug4_contraste115.png,,,pending,missing,train/images/114_spot_jpg.rf.9b1daa0eaff701177e4fcc2ece63ba96.jpg,,train/images/114_spot_jpg.rf.9b1daa0eaff701177e4fcc2ece63ba96__aug4_contraste115.png,,59fab217116ab46c6d1f835cab764d213c6abce0a709a3d45b4982e4a04ebf01,spot,train,train,False,masks/spot/b3caf14d0840744dbc2a7ffe.png,pending,nonempty,416
SAM3_auto,hflip,False,spot:114_spot_jpg,416,592013a2afd64687f9d4cf74,spot_source,/content/drive/MyDrive/LeafData.v1i.yolov11_aug4_20261003_170034/train/images/114_spot_jpg.rf.9b1daa0eaff701177e4fcc2ece63ba96__aug4_hflip.png,,,pending,missing,train/images/114_spot_jpg.rf.9b1daa0eaff701177e4fcc2ece63ba96.jpg,,train/images/114_spot_jpg.rf.9b1daa0eaff701177e4fcc2ece63ba96__aug4_hflip.png,,98918bc0c69cc407b18f0590b1ca35fa2fe2e79151d817051825b4af92c2585c,spot,train,train,False,masks/spot/592013a2afd64687f9d4cf74.png,pending,nonempty,416
SAM3_auto,vflip,False,spot:114_spot_jpg,416,8860ca39858cbdb92b0f528c,spot_source,/content/drive/MyDrive/LeafData.v1i.yolov11_aug4_20261003_170034/train/images/114_spot_jpg.rf.9b1daa0eaff701177e4fcc2ece63ba96__aug4_vflip.png,,,pending,missing,train/images/114_spot_jpg.rf.9b1daa0eaff701177e4fcc2ece63ba96.jpg,,train/images/114_spot_jpg.rf.9b1daa0eaff701177e4fcc2ece63ba96__aug4_vflip.png,,490f45a88b714a91c892dad6661aa0ef94a328acc356b38eaed7334b23b937a7,spot,train,train,False,masks/spot/8860ca39858cbdb92b0f528c.png,pending,nonempty,416
SAM3_auto,original,True,spot:114_spot_jpg,416,7687edd5c2f152cbca5bc04e,spot_source,/content/drive/MyDrive/LeafData.v1i.yolov11_aug4_20261003_170034/train/images/114_spot_jpg.rf.f7ea859fd9252b4997f2aee5094b265a.jpg,,,pending,missing,train/images/114_spot_jpg.rf.f7ea859fd9252b4997f2aee5094b265a.jpg,,train/images/114_spot_jpg.rf.f7ea859fd9252b4997f2aee5094b265a.jpg,,e3362b961512848e26db1750975d9990427972f8a8c2ceb33b24d71d3dab3a38,spot,train,train,False,masks/spot/7687edd5c2f152cbca5bc04e.png,pending,nonempty,416
SAM3_auto,brillo112,False,spot:114_spot_jpg,416,abfa115e26216497ae521760,spot_source,/content/drive/MyDrive/LeafData.v1i.yolov11_aug4_20261003_170034/train/images/114_spot_jpg.rf.f7ea859fd9252b4997f2aee5094b265a__aug4_brillo112.png,,,pending,missing,train/images/114_spot_jpg.rf.f7ea859fd9252b4997f2aee5094b265a.jpg,,train/images/114_spot_jpg.rf.f7ea859fd9252b4997f2aee5094b265a__aug4_brillo112.png,,7e9d7b6d7f36678ad230d2464742b4dff9c6b674b6a9621f3360ac12884f07c9,spot,train,train,False,masks/spot/abfa115e26216497ae521760.png,pending,nonempty,416
SAM3_auto,contraste115,False,spot:114_spot_jpg,416,1a5c109039f5dae8c4b99088,spot_source,/content/drive/MyDrive/LeafData.v1i.yolov11_aug4_20261003_170034/train/images/114_spot_jpg.rf.f7ea859fd9252b4997f2aee5094b265a__aug4_contraste115.png,,,pending,missing,train/images/114_spot_jpg.rf.f7ea859fd9252b4997f2aee5094b265a.jpg,,train/images/114_spot_jpg.rf.f7ea859fd9252b4997f2aee5094b265a__aug4_contraste115.png,,9ba6b5750278cc95c2bf25365cf4ff75c4854301a40d15a6d43d63320c5ef904,spot,train,train,False,masks/spot/1a5c109039f5dae8c4b99088.png,pending,nonempty,416
SAM3_auto,hflip,False,spot:114_spot_jpg,416,337d23c4db4e9adb0efa1506,spot_source,/content/drive/MyDrive/LeafData.v1i.yolov11_aug4_20261003_170034/train/images/114_spot_jpg.rf.f7ea859fd9252b4997f2aee5094b265a__aug4_hflip.png,,,pending,missing,train/images/114_spot_jpg.rf.f7ea859fd9252b4997f2aee5094b265a.jpg,,train/images/114_spot_jpg.rf.f7ea859fd9252b4997f2aee5094b265a__aug4_hflip.png,,06133ed227a5746651e0390b3ce57791fb855504aa1a41273f35aa9b51561297,spot,train,train,False,masks/spot/337d23c4db4e9adb0efa1506.png,pending,nonempty,416
SAM3_auto,vflip,False,spot:114_spot_jpg,416,f4dee7fe21b82f6de73462f7,spot_source,/content/drive/MyDrive/LeafData.v1i.yolov11_aug4_20261003_170034/train/images/114_spot_jpg.rf.f7ea859fd9252b4997f2aee5094b265a__aug4_vflip.png,,,pending,missing,train/images/114_spot_jpg.rf.f7ea859fd9252b4997f2aee5094b265a.jpg,,train/images/114_spot_jpg.rf.f7ea859fd9252b4997f2aee5094b265a__aug4_vflip.png,,34343a7894d52c314b228f3e6617104ff2e2fb1de8ee377fd2947af6540346cc,spot,train,train,False,masks/spot/f4dee7fe21b82f6de73462f7.png,pending,nonempty,416
SAM3_auto,original,True,spot:115_spot_jpg,416,c8d7efa0a984273f600cf7e6,spot_source,/content/drive/MyDrive/LeafData.v1i.yolov11_aug4_20261003_170034/train/images/115_spot_jpg.rf.509b2b6d56a5854c58fc2a7945961af8.jpg,,,pending,missing,train/images/115_spot_jpg.rf.509b2b6d56a5854c58fc2a7945961af8.jpg,,train/images/115_spot_jpg.rf.509b2b6d56a5854c58fc2a7945961af8.jpg,,c0810b2492e3770cbfebe7f3fd6533a8e50a330d8184e19e7d31edec4979e634,spot,train,train,False,masks/spot/c8d7efa0a984273f600cf7e6.png,pending,nonempty,416
SAM3_auto,brillo112,False,spot:115_spot_jpg,416,52f29e68f63ca0d5efad4cb6,spot_source,/content/drive/MyDrive/LeafData.v1i.yolov11_aug4_20261003_170034/train/images/115_spot_jpg.rf.509b2b6d56a5854c58fc2a7945961af8__aug4_brillo112.png,,,pending,missing,train/images/115_spot_jpg.rf.509b2b6d56a5854c58fc2a7945961af8.jpg,,train/images/115_spot_jpg.rf.509b2b6d56a5854c58fc2a7945961af8__aug4_brillo112.png,,54258013cd81cdc968c26c47b7fc107658ba9966f80e12d24aad5ae663c7096b,spot,train,train,False,masks/spot/52f29e68f63ca0d5efad4cb6.png,pending,nonempty,416
SAM3_auto,contraste115,False,spot:115_spot_jpg,416,95015e99671fc39870a736a9,spot_source,/content/drive/MyDrive/LeafData.v1i.yolov11_aug4_20261003_170034/train/images/115_spot_jpg.rf.509b2b6d56a5854c58fc2a7945961af8__aug4_contraste115.png,,,pending,missing,train/images/115_spot_jpg.rf.509b2b6d56a5854c58fc2a7945961af8.jpg,,train/images/115_spot_jpg.rf.509b2b6d56a5854c58fc2a7945961af8__aug4_contraste115.png,,e9702e46c5294028a9602de3f9d6953570064110464817d9450b94d76c169525,spot,train,train,False,masks/spot/95015e99671fc39870a736a9.png,pending,nonempty,416
SAM3_auto,hflip,False,spot:115_spot_jpg,416,f68b31415a69ed416a26ecba,spot_source,/content/drive/MyDrive/LeafData.v1i.yolov11_aug4_20261003_170034/train/images/115_spot_jpg.rf.509b2b6d56a5854c58fc2a7945961af8__aug4_hflip.png,,,pending,missing,train/images/115_spot_jpg.rf.509b2b6d56a5854c58fc2a7945961af8.jpg,,train/images/115_spot_jpg.rf.509b2b6d56a5854c58fc2a7945961af8__aug4_hflip.png,,11d7f8d4f4c0295ea92ab4a3b94c45cac03b0e10545a8b40c2a48faa254a7d2a,spot,train,train,False,masks/spot/f68b31415a69ed416a26ecba.png,pending,nonempty,416
SAM3_auto,vflip,False,spot:115_spot_jpg,416,4d7ae352a252601d354dc67d,spot_source,/content/drive/MyDrive/LeafData.v1i.yolov11_aug4_20261003_170034/train/images/115_spot_jpg.rf.509b2b6d56a5854c58fc2a7945961af8__aug4_vflip.png,,,pending,missing,train/images/115_spot_jpg.rf.509b2b6d56a5854c58fc2a7945961af8.jpg,,train/images/115_spot_jpg.rf.509b2b6d56a5854c58fc2a7945961af8__aug4_vflip.png,,880062a9c4caaa792fff5d3abc1ee66ee103a41152d99e32d03460027203ae08,spot,train,train,False,masks/spot/4d7ae352a252601d354dc67d.png,pending,nonempty,416
SAM3_auto,original,True,spot:115_spot_jpg,416,36e1802cd4b81f8ca20c006b,spot_source,/content/drive/MyDrive/LeafData.v1i.yolov11_aug4_20261003_170034/train/images/115_spot_jpg.rf.bee1dd731819f4efaad2505986ca5a63.jpg,,,pending,missing,train/images/115_spot_jpg.rf.bee1dd731819f4efaad2505986ca5a63.jpg,,train/images/115_spot_jpg.rf.bee1dd731819f4efaad2505986ca5a63.jpg,,2608fcc2517cf0299c3e8a82be70a287f5ef1321753b2c42f92ffd8955ed6fdb,spot,train,train,False,masks/spot/36e1802cd4b81f8ca20c006b.png,pending,nonempty,416
SAM3_auto,brillo112,False,spot:115_spot_jpg,416,077a80bbc2cd3d574234d788,spot_source,/content/drive/MyDrive/LeafData.v1i.yolov11_aug4_20261003_170034/train/images/115_spot_jpg.rf.bee1dd731819f4efaad2505986ca5a63__aug4_brillo112.png,,,pending,missing,train/images/115_spot_jpg.rf.bee1dd731819f4efaad2505986ca5a63.jpg,,train/images/115_spot_jpg.rf.bee1dd731819f4efaad2505986ca5a63__aug4_brillo112.png,,335f3fe8d4503bb1dd93fb960d4f8c7b8970f2465487f7f97ecd27338b8c1887,spot,train,train,False,masks/spot/077a80bbc2cd3d574234d788.png,pending,nonempty,416
SAM3_auto,contraste115,False,spot:115_spot_jpg,416,94f7a0d4fd2edcc9a04b09b1,spot_source,/content/drive/MyDrive/LeafData.v1i.yolov11_aug4_20261003_170034/train/images/115_spot_jpg.rf.bee1dd731819f4efaad2505986ca5a63__aug4_contraste115.png,,,pending,missing,train/images/115_spot_jpg.rf.bee1dd731819f4efaad2505986ca5a63.jpg,,train/images/115_spot_jpg.rf.bee1dd731819f4efaad2505986ca5a63__aug4_contraste115.png,,1c3896a5a8e1ccf2ff2fd13311275517135144f2a7c1d74c171633d4b06d6e87,spot,train,train,False,masks/spot/94f7a0d4fd2edcc9a04b09b1.png,pending,nonempty,416
SAM3_auto,hflip,False,spot:115_spot_jpg,416,b9d43e652690c6e5d7b7c578,spot_source,/content/drive/MyDrive/LeafData.v1i.yolov11_aug4_20261003_170034/train/images/115_spot_jpg.rf.bee1dd731819f4efaad2505986ca5a63__aug4_hflip.png,,,pending,missing,train/images/115_spot_jpg.rf.bee1dd731819f4efaad2505986ca5a63.jpg,,train/images/115_spot_jpg.rf.bee1dd731819f4efaad2505986ca5a63__aug4_hflip.png,,1e42a29d1425e2a2a7cbfaaef7ac47ab249b2acecd0f27f61e05c8169caa11e0,spot,train,train,False,masks/spot/b9d43e652690c6e5d7b7c578.png,pending,nonempty,416
SAM3_auto,vflip,False,spot:115_spot_jpg,416,d73f6e15636aa52decb25aec,spot_source,/content/drive/MyDrive/LeafData.v1i.yolov11_aug4_20261003_170034/train/images/115_spot_jpg.rf.bee1dd731819f4efaad2505986ca5a63__aug4_vflip.png,,,pending,missing,train/images/115_spot_jpg.rf.bee1dd731819f4efaad2505986ca5a63.jpg,,train/images/115_spot_jpg.rf.bee1dd731819f4efaad2505986ca5a63__aug4_vflip.png,,d0b485092dc6680ff2bee6191562d8a62af89ca8dc89cf3dfa12fad889f480fc,spot,train,train,False,masks/spot/d73f6e15636aa52decb25aec.png,pending,nonempty,416
SAM3_auto,original,True,spot:115_spot_jpg,416,1a5c941a27f571dd775dcfbd,spot_source,/content/drive/MyDrive/LeafData.v1i.yolov11_aug4_20261003_170034/train/images/115_spot_jpg.rf.fa9e2ec8770d45aeb3a026537169bf8f.jpg,,,pending,missing,train/images/115_spot_jpg.rf.fa9e2ec8770d45aeb3a026537169bf8f.jpg,,train/images/115_spot_jpg.rf.fa9e2ec8770d45aeb3a026537169bf8f.jpg,,c7722a276824212c624f5992359166a448d45db6e3129df7e2d5d7ddb77c258c,spot,train,train,False,masks/spot/1a5c941a27f571dd775dcfbd.png,pending,nonempty,416
SAM3_auto,brillo112,False,spot:115_spot_jpg,416,c2e92334184d1c769cbf32c8,spot_source,/content/drive/MyDrive/LeafData.v1i.yolov11_aug4_20261003_170034/train/images/115_spot_jpg.rf.fa9e2ec8770d45aeb3a026537169bf8f__aug4_brillo112.png,,,pending,missing,train/images/115_spot_jpg.rf.fa9e2ec8770d45aeb3a026537169bf8f.jpg,,train/images/115_spot_jpg.rf.fa9e2ec8770d45aeb3a026537169bf8f__aug4_brillo112.png,,2821cb7cf9323cb9f84f24104b279351c119f9a7fa68f9129019cfd6f46ab1dd,spot,train,train,False,masks/spot/c2e92334184d1c769cbf32c8.png,pending,nonempty,416
SAM3_auto,contraste115,False,spot:115_spot_jpg,416,eabc95f507f3e646edd39fcd,spot_source,/content/drive/MyDrive/LeafData.v1i.yolov11_aug4_20261003_170034/train/images/115_spot_jpg.rf.fa9e2ec8770d45aeb3a026537169bf8f__aug4_contraste115.png,,,pending,missing,train/images/115_spot_jpg.rf.fa9e2ec8770d45aeb3a026537169bf8f.jpg,,train/images/115_spot_jpg.rf.fa9e2ec8770d45aeb3a026537169bf8f__aug4_contraste115.png,,555b7c4577d4f46307be1e89278cae67ebbb1dc31acbf87f96552ac419c1cbcf,spot,train,train,False,masks/spot/eabc95f507f3e646edd39fcd.png,pending,nonempty,416
SAM3_auto,hflip,False,spot:115_spot_jpg,416,fa67c0c4cc7e84be15c7c6b3,spot_source,/content/drive/MyDrive/LeafData.v1i.yolov11_aug4_20261003_170034/train/images/115_spot_jpg.rf.fa9e2ec8770d45aeb3a026537169bf8f__aug4_hflip.png,,,pending,missing,train/images/115_spot_jpg.rf.fa9e2ec8770d45aeb3a026537169bf8f.jpg,,train/images/115_spot_jpg.rf.fa9e2ec8770d45aeb3a026537169bf8f__aug4_hflip.png,,b5115f0c3d4c4634c664d152c11ed4f707b86e2407718aa83a6d6cbc85ab2537,spot,train,train,False,masks/spot/fa67c0c4cc7e84be15c7c6b3.png,pending,nonempty,416
SAM3_auto,vflip,False,spot:115_spot_jpg,416,562d0c4da7429e4417ab379b,spot_source,/content/drive/MyDrive/LeafData.v1i.yolov11_aug4_20261003_170034/train/images/115_spot_jpg.rf.fa9e2ec8770d45aeb3a026537169bf8f__aug4_vflip.png,,,pending,missing,train/images/115_spot_jpg.rf.fa9e2ec8770d45aeb3a026537169bf8f.jpg,,train/images/115_spot_jpg.rf.fa9e2ec8770d45aeb3a026537169bf8f__aug4_vflip.png,,47b6c13412fa57b7e5f67651af03525dc0ffc12965d18d5b17a2556f70d3717b,spot,train,train,False,masks/spot/562d0c4da7429e4417ab379b.png,pending,nonempty,416
SAM3_auto,original,True,spot:116_spot_jpg,416,b2277ba3771182bd7298c11b,spot_source,/content/drive/MyDrive/LeafData.v1i.yolov11_aug4_20261003_170034/train/images/116_spot_jpg.rf.2697f5216144976cd29a1a3933547d2e.jpg,,,pending,missing,train/images/116_spot_jpg.rf.2697f5216144976cd29a1a3933547d2e.jpg,,train/images/116_spot_jpg.rf.2697f5216144976cd29a1a3933547d2e.jpg,,207174e177f61eab71b958c43c9153b9e1627ab9afc612482f391c63b86c1a4e,spot,train,train,False,masks/spot/b2277ba3771182bd7298c11b.png,pending,nonempty,416
SAM3_auto,brillo112,False,spot:116_spot_jpg,416,e2d2824db81efd85bcec6ef9,spot_source,/content/drive/MyDrive/LeafData.v1i.yolov11_aug4_20261003_170034/train/images/116_spot_jpg.rf.2697f5216144976cd29a1a3933547d2e__aug4_brillo112.png,,,pending,missing,train/images/116_spot_jpg.rf.2697f5216144976cd29a1a3933547d2e.jpg,,train/images/116_spot_jpg.rf.2697f5216144976cd29a1a3933547d2e__aug4_brillo112.png,,d12fc454832e1a932657436da8ee37b27138c64cc047fad66fef739f10c0f750,spot,train,train,False,masks/spot/e2d2824db81efd85bcec6ef9.png,pending,nonempty,416
SAM3_auto,contraste115,False,spot:116_spot_jpg,416,0138eac2965678a469524af8,spot_source,/content/drive/MyDrive/LeafData.v1i.yolov11_aug4_20261003_170034/train/images/116_spot_jpg.rf.2697f5216144976cd29a1a3933547d2e__aug4_contraste115.png,,,pending,missing,train/images/116_spot_jpg.rf.2697f5216144976cd29a1a3933547d2e.jpg,,train/images/116_spot_jpg.rf.2697f5216144976cd29a1a3933547d2e__aug4_contraste115.png,,53a445bceeef54f88a3bd78467a43d0f4183a8ad29e523e65aa47d9edeb83801,spot,train,train,False,masks/spot/0138eac2965678a469524af8.png,pending,nonempty,416
SAM3_auto,hflip,False,spot:116_spot_jpg,416,e4e7019a32624ab42d755bd9,spot_source,/content/drive/MyDrive/LeafData.v1i.yolov11_aug4_20261003_170034/train/images/116_spot_jpg.rf.2697f5216144976cd29a1a3933547d2e__aug4_hflip.png,,,pending,missing,train/images/116_spot_jpg.rf.2697f5216144976cd29a1a3933547d2e.jpg,,train/images/116_spot_jpg.rf.2697f5216144976cd29a1a3933547d2e__aug4_hflip.png,,d93b07b6f0037a452362a4798745f65c50bf01d22ae09a9c7256851606e1c1e9,spot,train,train,False,masks/spot/e4e7019a32624ab42d755bd9.png,pending,nonempty,416
SAM3_auto,vflip,False,spot:116_spot_jpg,416,ca243836560990b8f30c8def,spot_source,/content/drive/MyDrive/LeafData.v1i.yolov11_aug4_20261003_170034/train/images/116_spot_jpg.rf.2697f5216144976cd29a1a3933547d2e__aug4_vflip.png,,,pending,missing,train/images/116_spot_jpg.rf.2697f5216144976cd29a1a3933547d2e.jpg,,train/images/116_spot_jpg.rf.2697f5216144976cd29a1a3933547d2e__aug4_vflip.png,,ffc2265c45948bc93384f266bb14d17cdd9f53a510aa896cdf9d4dc6305359a1,spot,train,train,False,masks/spot/ca243836560990b8f30c8def.png,pending,nonempty,416
SAM3_auto,original,True,spot:116_spot_jpg,416,8f691fa8477dd181df78779a,spot_source,/content/drive/MyDrive/LeafData.v1i.yolov11_aug4_20261003_170034/train/images/116_spot_jpg.rf.cdff14b619a46c8964413b4b54c1c5da.jpg,,,pending,missing,train/images/116_spot_jpg.rf.cdff14b619a46c8964413b4b54c1c5da.jpg,,train/images/116_spot_jpg.rf.cdff14b619a46c8964413b4b54c1c5da.jpg,,13bc314994ebd99df1548e3e554fbc970b0540b0f74f2c58db0c3312a9e1087b,spot,train,train,False,masks/spot/8f691fa8477dd181df78779a.png,pending,nonempty,416
SAM3_auto,brillo112,False,spot:116_spot_jpg,416,cdb8fb228a8abb2ba7943661,spot_source,/content/drive/MyDrive/LeafData.v1i.yolov11_aug4_20261003_170034/train/images/116_spot_jpg.rf.cdff14b619a46c8964413b4b54c1c5da__aug4_brillo112.png,,,pending,missing,train/images/116_spot_jpg.rf.cdff14b619a46c8964413b4b54c1c5da.jpg,,train/images/116_spot_jpg.rf.cdff14b619a46c8964413b4b54c1c5da__aug4_brillo112.png,,c8fbc591983e01c004c4cebfd6346f50b28a31777b48ccd73af4732c0a908567,spot,train,train,False,masks/spot/cdb8fb228a8abb2ba7943661.png,pending,nonempty,416
SAM3_auto,contraste115,False,spot:116_spot_jpg,416,5ec95b942da6325c942e9e32,spot_source,/content/drive/MyDrive/LeafData.v1i.yolov11_aug4_20261003_170034/train/images/116_spot_jpg.rf.cdff14b619a46c8964413b4b54c1c5da__aug4_contraste115.png,,,pending,missing,train/images/116_spot_jpg.rf.cdff14b619a46c8964413b4b54c1c5da.jpg,,train/images/116_spot_jpg.rf.cdff14b619a46c8964413b4b54c1c5da__aug4_contraste115.png,,1ce3fb3d85862b5d063d1a00b9c637e520624429f255c31741530db78c6f5111,spot,train,train,False,masks/spot/5ec95b942da6325c942e9e32.png,pending,nonempty,416
SAM3_auto,hflip,False,spot:116_spot_jpg,416,5246c5de701360af29303406,spot_source,/content/drive/MyDrive/LeafData.v1i.yolov11_aug4_20261003_170034/train/images/116_spot_jpg.rf.cdff14b619a46c8964413b4b54c1c5da__aug4_hflip.png,,,pending,missing,train/images/116_spot_jpg.rf.cdff14b619a46c8964413b4b54c1c5da.jpg,,train/images/116_spot_jpg.rf.cdff14b619a46c8964413b4b54c1c5da__aug4_hflip.png,,e4a2feea79ba124bd9b47fd5a4f8411ea0f0aafef2c56403d65945f4427707b5,spot,train,train,False,masks/spot/5246c5de701360af29303406.png,pending,nonempty,416
SAM3_auto,vflip,False,spot:116_spot_jpg,416,f8602c8a0c86d3494a011822,spot_source,/content/drive/MyDrive/LeafData.v1i.yolov11_aug4_20261003_170034/train/images/116_spot_jpg.rf.cdff14b619a46c8964413b4b54c1c5da__aug4_vflip.png,,,pending,missing,train/images/116_spot_jpg.rf.cdff14b619a46c8964413b4b54c1c5da.jpg,,train/images/116_spot_jpg.rf.cdff14b619a46c8964413b4b54c1c5da__aug4_vflip.png,,c9566976a90a6bfde97887c6859d7be8b5002e990a4de3cc2583a15b65605d78,spot,train,train,False,masks/spot/f8602c8a0c86d3494a011822.png,pending,nonempty,416
SAM3_auto,original,True,spot:117_spot_jpg,416,6c1ef6491aae85fdaca6d75b,spot_source,/content/drive/MyDrive/LeafData.v1i.yolov11_aug4_20261003_170034/train/images/117_spot_jpg.rf.19b176d39ed7cdaec1a9be3a84786172.jpg,,,pending,missing,train/images/117_spot_jpg.rf.19b176d39ed7cdaec1a9be3a84786172.jpg,,train/images/117_spot_jpg.rf.19b176d39ed7cdaec1a9be3a84786172.jpg,,a3c33ea4a3172e8a49f6f18db038aa59bd0e9740e89107e762b6a3a32c56ea18,spot,train,train,False,masks/spot/6c1ef6491aae85fdaca6d75b.png,pending,nonempty,416
SAM3_auto,brillo112,False,spot:117_spot_jpg,416,399ed943c8915f1dc5908fb5,spot_source,/content/drive/MyDrive/LeafData.v1i.yolov11_aug4_20261003_170034/train/images/117_spot_jpg.rf.19b176d39ed7cdaec1a9be3a84786172__aug4_brillo112.png,,,pending,missing,train/images/117_spot_jpg.rf.19b176d39ed7cdaec1a9be3a84786172.jpg,,train/images/117_spot_jpg.rf.19b176d39ed7cdaec1a9be3a84786172__aug4_brillo112.png,,454291001c71ba32909f959e72413cf477398569625b0f3ef4d90d1ecd03356c,spot,train,train,False,masks/spot/399ed943c8915f1dc5908fb5.png,pending,nonempty,416
SAM3_auto,contraste115,False,spot:117_spot_jpg,416,f9b417a7dc53f6880e2f2455,spot_source,/content/drive/MyDrive/LeafData.v1i.yolov11_aug4_20261003_170034/train/images/117_spot_jpg.rf.19b176d39ed7cdaec1a9be3a84786172__aug4_contraste115.png,,,pending,missing,train/images/117_spot_jpg.rf.19b176d39ed7cdaec1a9be3a84786172.jpg,,train/images/117_spot_jpg.rf.19b176d39ed7cdaec1a9be3a84786172__aug4_contraste115.png,,7ff7db259e328114690d26a251a0e2ba6f644b6ed9fb9e8ffd6a1dc242f150ce,spot,train,train,False,masks/spot/f9b417a7dc53f6880e2f2455.png,pending,nonempty,416
SAM3_auto,hflip,False,spot:117_spot_jpg,416,bf3486d7d7d624d84e6c0b68,spot_source,/content/drive/MyDrive/LeafData.v1i.yolov11_aug4_20261003_170034/train/images/117_spot_jpg.rf.19b176d39ed7cdaec1a9be3a84786172__aug4_hflip.png,,,pending,missing,train/images/117_spot_jpg.rf.19b176d39ed7cdaec1a9be3a84786172.jpg,,train/images/117_spot_jpg.rf.19b176d39ed7cdaec1a9be3a84786172__aug4_hflip.png,,28662589125d7178c594fdfb084102925c058c89ef536c2ff8aeb5ad68efd259,spot,train,train,False,masks/spot/bf3486d7d7d624d84e6c0b68.png,pending,nonempty,416
SAM3_auto,vflip,False,spot:117_spot_jpg,416,dab0c2ce49b26425cdc55e9d,spot_source,/content/drive/MyDrive/LeafData.v1i.yolov11_aug4_20261003_170034/train/images/117_spot_jpg.rf.19b176d39ed7cdaec1a9be3a84786172__aug4_vflip.png,,,pending,missing,train/images/117_spot_jpg.rf.19b176d39ed7cdaec1a9be3a84786172.jpg,,train/images/117_spot_jpg.rf.19b176d39ed7cdaec1a9be3a84786172__aug4_vflip.png,,3b6902015ce5efe678fb783b426b11ab67fb0e62362ec1f72b8b596d660a7bfe,spot,train,train,False,masks/spot/dab0c2ce49b26425cdc55e9d.png,pending,nonempty,416
SAM3_auto,original,True,spot:117_spot_jpg,416,aefbf49c0401681ef07c1483,spot_source,/content/drive/MyDrive/LeafData.v1i.yolov11_aug4_20261003_170034/train/images/117_spot_jpg.rf.48ee8f8a08144177b7534e5f3ae8d21a.jpg,,,pending,missing,train/images/117_spot_jpg.rf.48ee8f8a08144177b7534e5f3ae8d21a.jpg,,train/images/117_spot_jpg.rf.48ee8f8a08144177b7534e5f3ae8d21a.jpg,,e54bc7832ed56bde0da7ef7bcea2f22c0b091ebd17ec39c8fc470f04dca4f075,spot,train,train,False,masks/spot/aefbf49c0401681ef07c1483.png,pending,nonempty,416
SAM3_auto,brillo112,False,spot:117_spot_jpg,416,0ae8a3b9654c04db6ebdb031,spot_source,/content/drive/MyDrive/LeafData.v1i.yolov11_aug4_20261003_170034/train/images/117_spot_jpg.rf.48ee8f8a08144177b7534e5f3ae8d21a__aug4_brillo112.png,,,pending,missing,train/images/117_spot_jpg.rf.48ee8f8a08144177b7534e5f3ae8d21a.jpg,,train/images/117_spot_jpg.rf.48ee8f8a08144177b7534e5f3ae8d21a__aug4_brillo112.png,,7e82216be0622737eb309793abda2e33477d6e4cd0cda2f633de75bff95c1552,spot,train,train,False,masks/spot/0ae8a3b9654c04db6ebdb031.png,pending,nonempty,416
SAM3_auto,contraste115,False,spot:117_spot_jpg,416,47facb2722255f4866297f72,spot_source,/content/drive/MyDrive/LeafData.v1i.yolov11_aug4_20261003_170034/train/images/117_spot_jpg.rf.48ee8f8a08144177b7534e5f3ae8d21a__aug4_contraste115.png,,,pending,missing,train/images/117_spot_jpg.rf.48ee8f8a08144177b7534e5f3ae8d21a.jpg,,train/images/117_spot_jpg.rf.48ee8f8a08144177b7534e5f3ae8d21a__aug4_contraste115.png,,c2c1edf44d49f78ad2cf9e270921f285e35a25cfece6ebcd36400cfcb2e4b4c0,spot,train,train,False,masks/spot/47facb2722255f4866297f72.png,pending,nonempty,416
SAM3_auto,hflip,False,spot:117_spot_jpg,416,962a6ea92664ed163f5231c1,spot_source,/content/drive/MyDrive/LeafData.v1i.yolov11_aug4_20261003_170034/train/images/117_spot_jpg.rf.48ee8f8a08144177b7534e5f3ae8d21a__aug4_hflip.png,,,pending,missing,train/images/117_spot_jpg.rf.48ee8f8a08144177b7534e5f3ae8d21a.jpg,,train/images/117_spot_jpg.rf.48ee8f8a08144177b7534e5f3ae8d21a__aug4_hflip.png,,17cec4f0190984a647d9326f022eced9348934e6eaa5eee24bb96175ee08c403,spot,train,train,False,masks/spot/962a6ea92664ed163f5231c1.png,pending,nonempty,416
SAM3_auto,vflip,False,spot:117_spot_jpg,416,0c667821cf1f1d662ae5691a,spot_source,/content/drive/MyDrive/LeafData.v1i.yolov11_aug4_20261003_170034/train/images/117_spot_jpg.rf.48ee8f8a08144177b7534e5f3ae8d21a__aug4_vflip.png,,,pending,missing,train/images/117_spot_jpg.rf.48ee8f8a08144177b7534e5f3ae8d21a.jpg,,train/images/117_spot_jpg.rf.48ee8f8a08144177b7534e5f3ae8d21a__aug4_vflip.png,,570c0c20a92a5f1ce31b3b824395e5218d4799ae80b9723f98966b1f50688939,spot,train,train,False,masks/spot/0c667821cf1f1d662ae5691a.png,pending,nonempty,416
SAM3_auto,original,True,spot:117_spot_jpg,416,10468cae89c34f9ceff8d405,spot_source,/content/drive/MyDrive/LeafData.v1i.yolov11_aug4_20261003_170034/train/images/117_spot_jpg.rf.8836cfad6ef15c88fee22dfaf5efe709.jpg,,,pending,missing,train/images/117_spot_jpg.rf.8836cfad6ef15c88fee22dfaf5efe709.jpg,,train/images/117_spot_jpg.rf.8836cfad6ef15c88fee22dfaf5efe709.jpg,,09ed904540967fbf896aff66fb4edff6d7e32b76b1e2eb37a686d1dd86dab077,spot,train,train,False,masks/spot/10468cae89c34f9ceff8d405.png,pending,nonempty,416
SAM3_auto,brillo112,False,spot:117_spot_jpg,416,9e6b10f82c85cc0f37da24ca,spot_source,/content/drive/MyDrive/LeafData.v1i.yolov11_aug4_20261003_170034/train/images/117_spot_jpg.rf.8836cfad6ef15c88fee22dfaf5efe709__aug4_brillo112.png,,,pending,missing,train/images/117_spot_jpg.rf.8836cfad6ef15c88fee22dfaf5efe709.jpg,,train/images/117_spot_jpg.rf.8836cfad6ef15c88fee22dfaf5efe709__aug4_brillo112.png,,75023f08d00eda389c1d833091f06fc191c100d16bfcfd07c02ab5e553d98776,spot,train,train,False,masks/spot/9e6b10f82c85cc0f37da24ca.png,pending,nonempty,416
SAM3_auto,contraste115,False,spot:117_spot_jpg,416,e6938ab80b5153a2f042e238,spot_source,/content/drive/MyDrive/LeafData.v1i.yolov11_aug4_20261003_170034/train/images/117_spot_jpg.rf.8836cfad6ef15c88fee22dfaf5efe709__aug4_contraste115.png,,,pending,missing,train/images/117_spot_jpg.rf.8836cfad6ef15c88fee22dfaf5efe709.jpg,,train/images/117_spot_jpg.rf.8836cfad6ef15c88fee22dfaf5efe709__aug4_contraste115.png,,5b943c26ce82abb936fb268f91272fd0f754c91b71e9d38ff746811dbf1e452b,spot,train,train,False,masks/spot/e6938ab80b5153a2f042e238.png,pending,nonempty,416
SAM3_auto,hflip,False,spot:117_spot_jpg,416,82378234d3abcf582655dff8,spot_source,/content/drive/MyDrive/LeafData.v1i.yolov11_aug4_20261003_170034/train/images/117_spot_jpg.rf.8836cfad6ef15c88fee22dfaf5efe709__aug4_hflip.png,,,pending,missing,train/images/117_spot_jpg.rf.8836cfad6ef15c88fee22dfaf5efe709.jpg,,train/images/117_spot_jpg.rf.8836cfad6ef15c88fee22dfaf5efe709__aug4_hflip.png,,5c7447bffde3d13d06b2ea80b20d6514002c50e55d952998e470c9936db2edb9,spot,train,train,False,masks/spot/82378234d3abcf582655dff8.png,pending,nonempty,416
SAM3_auto,vflip,False,spot:117_spot_jpg,416,5ac68e820fc20667928b6edc,spot_source,/content/drive/MyDrive/LeafData.v1i.yolov11_aug4_20261003_170034/train/images/117_spot_jpg.rf.8836cfad6ef15c88fee22dfaf5efe709__aug4_vflip.png,,,pending,missing,train/images/117_spot_jpg.rf.8836cfad6ef15c88fee22dfaf5efe709.jpg,,train/images/117_spot_jpg.rf.8836cfad6ef15c88fee22dfaf5efe709__aug4_vflip.png,,9135c42789c4f2df9a86db4853aa54514d489d5141c9f4eba291ce6590744e7c,spot,train,train,False,masks/spot/5ac68e820fc20667928b6edc.png,pending,nonempty,416
SAM3_auto,original,True,spot:11_spot_jpg,416,cd50e34df7c4e324a2592371,spot_source,/content/drive/MyDrive/LeafData.v1i.yolov11_aug4_20261003_170034/train/images/11_spot_jpg.rf.b13b4a35f37e5250fbd5a540b9fc90c2.jpg,,,pending,missing,train/images/11_spot_jpg.rf.b13b4a35f37e5250fbd5a540b9fc90c2.jpg,,train/images/11_spot_jpg.rf.b13b4a35f37e5250fbd5a540b9fc90c2.jpg,,ad04f3d1a04f7c009ceaa5eb8c5031b5de2e0d945a71d07c4d20a70f951e5ffb,spot,train,train,False,masks/spot/cd50e34df7c4e324a2592371.png,pending,nonempty,416
SAM3_auto,brillo112,False,spot:11_spot_jpg,416,2695f326fb7355d2e856cffa,spot_source,/content/drive/MyDrive/LeafData.v1i.yolov11_aug4_20261003_170034/train/images/11_spot_jpg.rf.b13b4a35f37e5250fbd5a540b9fc90c2__aug4_brillo112.png,,,pending,missing,train/images/11_spot_jpg.rf.b13b4a35f37e5250fbd5a540b9fc90c2.jpg,,train/images/11_spot_jpg.rf.b13b4a35f37e5250fbd5a540b9fc90c2__aug4_brillo112.png,,19d440efbe1851a20b17d03a45072159564c1fe7a0902609e68876d5b6e53260,spot,train,train,False,masks/spot/2695f326fb7355d2e856cffa.png,pending,nonempty,416
SAM3_auto,contraste115,False,spot:11_spot_jpg,416,6c554e6477c717ad1f77ed25,spot_source,/content/drive/MyDrive/LeafData.v1i.yolov11_aug4_20261003_170034/train/images/11_spot_jpg.rf.b13b4a35f37e5250fbd5a540b9fc90c2__aug4_contraste115.png,,,pending,missing,train/images/11_spot_jpg.rf.b13b4a35f37e5250fbd5a540b9fc90c2.jpg,,train/images/11_spot_jpg.rf.b13b4a35f37e5250fbd5a540b9fc90c2__aug4_contraste115.png,,a09c22269bfceb5d0519bac23d91c94aa1e2cf7bc257bfd6593c704c23d0add7,spot,train,train,False,masks/spot/6c554e6477c717ad1f77ed25.png,pending,nonempty,416
SAM3_auto,hflip,False,spot:11_spot_jpg,416,ea819eb354b99c550089a46c,spot_source,/content/drive/MyDrive/LeafData.v1i.yolov11_aug4_20261003_170034/train/images/11_spot_jpg.rf.b13b4a35f37e5250fbd5a540b9fc90c2__aug4_hflip.png,,,pending,missing,train/images/11_spot_jpg.rf.b13b4a35f37e5250fbd5a540b9fc90c2.jpg,,train/images/11_spot_jpg.rf.b13b4a35f37e5250fbd5a540b9fc90c2__aug4_hflip.png,,fd4e9e2d19322d3f9489fe536c1fba7d5466d8c40a214a7d0dd7731d220a53d8,spot,train,train,False,masks/spot/ea819eb354b99c550089a46c.png,pending,nonempty,416
SAM3_auto,vflip,False,spot:11_spot_jpg,416,d9f29544fdc68eee57155804,spot_source,/content/drive/MyDrive/LeafData.v1i.yolov11_aug4_20261003_170034/train/images/11_spot_jpg.rf.b13b4a35f37e5250fbd5a540b9fc90c2__aug4_vflip.png,,,pending,missing,train/images/11_spot_jpg.rf.b13b4a35f37e5250fbd5a540b9fc90c2.jpg,,train/images/11_spot_jpg.rf.b13b4a35f37e5250fbd5a540b9fc90c2__aug4_vflip.png,,8c9ccc0d883c8e77b55add9951a723526b037ba9b63b2bdc7408bad477e397cf,spot,train,train,False,masks/spot/d9f29544fdc68eee57155804.png,pending,nonempty,416
SAM3_auto,original,True,spot:11_spot_jpg,416,a829e4df9d33567fa0bd259f,spot_source,/content/drive/MyDrive/LeafData.v1i.yolov11_aug4_20261003_170034/train/images/11_spot_jpg.rf.b7bdedc8915c99e8fe88924d02d871a1.jpg,,,pending,missing,train/images/11_spot_jpg.rf.b7bdedc8915c99e8fe88924d02d871a1.jpg,,train/images/11_spot_jpg.rf.b7bdedc8915c99e8fe88924d02d871a1.jpg,,b6b0118f5e2fdb7df3021ec5f97ac78a6c69f6d32dd05ca66a3f7ebbbcd56915,spot,train,train,False,masks/spot/a829e4df9d33567fa0bd259f.png,pending,nonempty,416
SAM3_auto,brillo112,False,spot:11_spot_jpg,416,792b4699123415cc528f4d14,spot_source,/content/drive/MyDrive/LeafData.v1i.yolov11_aug4_20261003_170034/train/images/11_spot_jpg.rf.b7bdedc8915c99e8fe88924d02d871a1__aug4_brillo112.png,,,pending,missing,train/images/11_spot_jpg.rf.b7bdedc8915c99e8fe88924d02d871a1.jpg,,train/images/11_spot_jpg.rf.b7bdedc8915c99e8fe88924d02d871a1__aug4_brillo112.png,,5571eaf917b09002f0536a9b7e6e0d67321f275b6683e1cc25766f8875255a71,spot,train,train,False,masks/spot/792b4699123415cc528f4d14.png,pending,nonempty,416
SAM3_auto,contraste115,False,spot:11_spot_jpg,416,50b3e43a7fa17d5cce77e66f,spot_source,/content/drive/MyDrive/LeafData.v1i.yolov11_aug4_20261003_170034/train/images/11_spot_jpg.rf.b7bdedc8915c99e8fe88924d02d871a1__aug4_contraste115.png,,,pending,missing,train/images/11_spot_jpg.rf.b7bdedc8915c99e8fe88924d02d871a1.jpg,,train/images/11_spot_jpg.rf.b7bdedc8915c99e8fe88924d02d871a1__aug4_contraste115.png,,514f999160fd5458d66f8f33c361724fb5814958128b25caf3a5fef22605d907,spot,train,train,False,masks/spot/50b3e43a7fa17d5cce77e66f.png,pending,nonempty,416
SAM3_auto,hflip,False,spot:11_spot_jpg,416,e9d33f8c7e421826b4c2a385,spot_source,/content/drive/MyDrive/LeafData.v1i.yolov11_aug4_20261003_170034/train/images/11_spot_jpg.rf.b7bdedc8915c99e8fe88924d02d871a1__aug4_hflip.png,,,pending,missing,train/images/11_spot_jpg.rf.b7bdedc8915c99e8fe88924d02d871a1.jpg,,train/images/11_spot_jpg.rf.b7bdedc8915c99e8fe88924d02d871a1__aug4_hflip.png,,07bbb57eae6b2cd738ed8204397b29f64cbcd962543515f3e986b2feb3113ebf,spot,train,train,False,masks/spot/e9d33f8c7e421826b4c2a385.png,pending,nonempty,416
SAM3_auto,vflip,False,spot:11_spot_jpg,416,a01cf3ebc96f7655a7b57b49,spot_source,/content/drive/MyDrive/LeafData.v1i.yolov11_aug4_20261003_170034/train/images/11_spot_jpg.rf.b7bdedc8915c99e8fe88924d02d871a1__aug4_vflip.png,,,pending,missing,train/images/11_spot_jpg.rf.b7bdedc8915c99e8fe88924d02d871a1.jpg,,train/images/11_spot_jpg.rf.b7bdedc8915c99e8fe88924d02d871a1__aug4_vflip.png,,59a526fef062e0ce447bb7bc502ea11895f4841daaa0a44b788726a3a7a60a65,spot,train,train,False,masks/spot/a01cf3ebc96f7655a7b57b49.png,pending,nonempty,416
SAM3_auto,original,True,spot:11_spot_jpg,416,ba2bf88ddd2c7771efca0062,spot_source,/content/drive/MyDrive/LeafData.v1i.yolov11_aug4_20261003_170034/train/images/11_spot_jpg.rf.ed75967781fb4c76d1d915804b3542d2.jpg,,,pending,missing,train/images/11_spot_jpg.rf.ed75967781fb4c76d1d915804b3542d2.jpg,,train/images/11_spot_jpg.rf.ed75967781fb4c76d1d915804b3542d2.jpg,,8c05e7aca1f559f9116f0045fc416a2e75f607eadc065c4f8af9c8131cafa017,spot,train,train,False,masks/spot/ba2bf88ddd2c7771efca0062.png,pending,nonempty,416
SAM3_auto,brillo112,False,spot:11_spot_jpg,416,3b6596739b74993910432939,spot_source,/content/drive/MyDrive/LeafData.v1i.yolov11_aug4_20261003_170034/train/images/11_spot_jpg.rf.ed75967781fb4c76d1d915804b3542d2__aug4_brillo112.png,,,pending,missing,train/images/11_spot_jpg.rf.ed75967781fb4c76d1d915804b3542d2.jpg,,train/images/11_spot_jpg.rf.ed75967781fb4c76d1d915804b3542d2__aug4_brillo112.png,,bed66e80662da496907c30b9ef3e6aec31d99805a963938c9da0df7f0d12c01a,spot,train,train,False,masks/spot/3b6596739b74993910432939.png,pending,nonempty,416
SAM3_auto,contraste115,False,spot:11_spot_jpg,416,dc61f7aba7c2b0ef27ee12bc,spot_source,/content/drive/MyDrive/LeafData.v1i.yolov11_aug4_20261003_170034/train/images/11_spot_jpg.rf.ed75967781fb4c76d1d915804b3542d2__aug4_contraste115.png,,,pending,missing,train/images/11_spot_jpg.rf.ed75967781fb4c76d1d915804b3542d2.jpg,,train/images/11_spot_jpg.rf.ed75967781fb4c76d1d915804b3542d2__aug4_contraste115.png,,3bebeb896143819040de4c1f7e884b05d5170d41c6782e1797a7b01e23a115c2,spot,train,train,False,masks/spot/dc61f7aba7c2b0ef27ee12bc.png,pending,nonempty,416
SAM3_auto,hflip,False,spot:11_spot_jpg,416,5e72d628d3524fa92f32912b,spot_source,/content/drive/MyDrive/LeafData.v1i.yolov11_aug4_20261003_170034/train/images/11_spot_jpg.rf.ed75967781fb4c76d1d915804b3542d2__aug4_hflip.png,,,pending,missing,train/images/11_spot_jpg.rf.ed75967781fb4c76d1d915804b3542d2.jpg,,train/images/11_spot_jpg.rf.ed75967781fb4c76d1d915804b3542d2__aug4_hflip.png,,789aee4b4b0508720700ccf3bc2f45de477f6f32e67dc4605dfc099c6f630dcc,spot,train,train,False,masks/spot/5e72d628d3524fa92f32912b.png,pending,nonempty,416
SAM3_auto,vflip,False,spot:11_spot_jpg,416,655f4e27bb84eb5c5c8dbafa,spot_source,/content/drive/MyDrive/LeafData.v1i.yolov11_aug4_20261003_170034/train/images/11_spot_jpg.rf.ed75967781fb4c76d1d915804b3542d2__aug4_vflip.png,,,pending,missing,train/images/11_spot_jpg.rf.ed75967781fb4c76d1d915804b3542d2.jpg,,train/images/11_spot_jpg.rf.ed75967781fb4c76d1d915804b3542d2__aug4_vflip.png,,1549d1578e92b30e7b1519ba90749ae5885fa00b7209fb1f871ff547ca5b8e1d,spot,train,train,False,masks/spot/655f4e27bb84eb5c5c8dbafa.png,pending,nonempty,416
SAM3_auto,original,True,spot:121_spot_jpg,416,0ec4d14beef5981fb3f7f35c,spot_source,/content/drive/MyDrive/LeafData.v1i.yolov11_aug4_20261003_170034/train/images/121_spot_jpg.rf.8407fcd94259b514be838c9807ce30bc.jpg,,,pending,missing,train/images/121_spot_jpg.rf.8407fcd94259b514be838c9807ce30bc.jpg,,train/images/121_spot_jpg.rf.8407fcd94259b514be838c9807ce30bc.jpg,,6b409825917288befb8b16f492af9560e25f906fb9d9ab5b5839439482364a4c,spot,train,train,False,masks/spot/0ec4d14beef5981fb3f7f35c.png,pending,nonempty,416
SAM3_auto,brillo112,False,spot:121_spot_jpg,416,9930584a7267a9d87586834c,spot_source,/content/drive/MyDrive/LeafData.v1i.yolov11_aug4_20261003_170034/train/images/121_spot_jpg.rf.8407fcd94259b514be838c9807ce30bc__aug4_brillo112.png,,,pending,missing,train/images/121_spot_jpg.rf.8407fcd94259b514be838c9807ce30bc.jpg,,train/images/121_spot_jpg.rf.8407fcd94259b514be838c9807ce30bc__aug4_brillo112.png,,098d4b2a018d0825faf3f3dbe352b19d7245b5aacfa7a6bc2a085d9f9c303bcd,spot,train,train,False,masks/spot/9930584a7267a9d87586834c.png,pending,nonempty,416
SAM3_auto,contraste115,False,spot:121_spot_jpg,416,d625e4ffb974e7c3cfb08a63,spot_source,/content/drive/MyDrive/LeafData.v1i.yolov11_aug4_20261003_170034/train/images/121_spot_jpg.rf.8407fcd94259b514be838c9807ce30bc__aug4_contraste115.png,,,pending,missing,train/images/121_spot_jpg.rf.8407fcd94259b514be838c9807ce30bc.jpg,,train/images/121_spot_jpg.rf.8407fcd94259b514be838c9807ce30bc__aug4_contraste115.png,,d5e3ec9de523a48f25e7c7a9a8e92a209f6ba847127d95dc9e6cdd957aae68d1,spot,train,train,False,masks/spot/d625e4ffb974e7c3cfb08a63.png,pending,nonempty,416
SAM3_auto,hflip,False,spot:121_spot_jpg,416,9cb728afefb2419e57f8d013,spot_source,/content/drive/MyDrive/LeafData.v1i.yolov11_aug4_20261003_170034/train/images/121_spot_jpg.rf.8407fcd94259b514be838c9807ce30bc__aug4_hflip.png,,,pending,missing,train/images/121_spot_jpg.rf.8407fcd94259b514be838c9807ce30bc.jpg,,train/images/121_spot_jpg.rf.8407fcd94259b514be838c9807ce30bc__aug4_hflip.png,,60d7c1155aa00578c667cb199be216dea353ec71d295a86667b75fad13fb9255,spot,train,train,False,masks/spot/9cb728afefb2419e57f8d013.png,pending,nonempty,416
SAM3_auto,vflip,False,spot:121_spot_jpg,416,9545b6eba9b723459d01eb05,spot_source,/content/drive/MyDrive/LeafData.v1i.yolov11_aug4_20261003_170034/train/images/121_spot_jpg.rf.8407fcd94259b514be838c9807ce30bc__aug4_vflip.png,,,pending,missing,train/images/121_spot_jpg.rf.8407fcd94259b514be838c9807ce30bc.jpg,,train/images/121_spot_jpg.rf.8407fcd94259b514be838c9807ce30bc__aug4_vflip.png,,0b029c2bf270fa0e8c83fc49a14561376bf16fc8f423665f7da6b49a2f5a253d,spot,train,train,False,masks/spot/9545b6eba9b723459d01eb05.png,pending,nonempty,416
SAM3_auto,original,True,spot:121_spot_jpg,416,102fb8ddf330a1e373b5e7b9,spot_source,/content/drive/MyDrive/LeafData.v1i.yolov11_aug4_20261003_170034/train/images/121_spot_jpg.rf.e097435730ae9871f65b2d5b308127de.jpg,,,pending,missing,train/images/121_spot_jpg.rf.e097435730ae9871f65b2d5b308127de.jpg,,train/images/121_spot_jpg.rf.e097435730ae9871f65b2d5b308127de.jpg,,e6493a78354175b8d77ca282070330c02bac56ea81880ee34ec5fc1804311201,spot,train,train,False,masks/spot/102fb8ddf330a1e373b5e7b9.png,pending,nonempty,416
SAM3_auto,brillo112,False,spot:121_spot_jpg,416,69b5f419c08584f3760f794f,spot_source,/content/drive/MyDrive/LeafData.v1i.yolov11_aug4_20261003_170034/train/images/121_spot_jpg.rf.e097435730ae9871f65b2d5b308127de__aug4_brillo112.png,,,pending,missing,train/images/121_spot_jpg.rf.e097435730ae9871f65b2d5b308127de.jpg,,train/images/121_spot_jpg.rf.e097435730ae9871f65b2d5b308127de__aug4_brillo112.png,,ed38e7affcb5a123cabb4c16128991bff45b5445362bae3a6cbe9659c59ba093,spot,train,train,False,masks/spot/69b5f419c08584f3760f794f.png,pending,nonempty,416
SAM3_auto,contraste115,False,spot:121_spot_jpg,416,dd62d63f84e93067ecd38f55,spot_source,/content/drive/MyDrive/LeafData.v1i.yolov11_aug4_20261003_170034/train/images/121_spot_jpg.rf.e097435730ae9871f65b2d5b308127de__aug4_contraste115.png,,,pending,missing,train/images/121_spot_jpg.rf.e097435730ae9871f65b2d5b308127de.jpg,,train/images/121_spot_jpg.rf.e097435730ae9871f65b2d5b308127de__aug4_contraste115.png,,d2b1b7ecc0e531728c60a38385aeefdd0120251f1b24a88d419799f2b11760e8,spot,train,train,False,masks/spot/dd62d63f84e93067ecd38f55.png,pending,nonempty,416
SAM3_auto,hflip,False,spot:121_spot_jpg,416,8c5756ff761e41ae8450ab44,spot_source,/content/drive/MyDrive/LeafData.v1i.yolov11_aug4_20261003_170034/train/images/121_spot_jpg.rf.e097435730ae9871f65b2d5b308127de__aug4_hflip.png,,,pending,missing,train/images/121_spot_jpg.rf.e097435730ae9871f65b2d5b308127de.jpg,,train/images/121_spot_jpg.rf.e097435730ae9871f65b2d5b308127de__aug4_hflip.png,,4e65ab92a2a247c8c043d29fb520e68fb2dd2adbe31b19d3e97a3cecb6c1aec8,spot,train,train,False,masks/spot/8c5756ff761e41ae8450ab44.png,pending,nonempty,416
SAM3_auto,vflip,False,spot:121_spot_jpg,416,a95b91840415d0bb890915e4,spot_source,/content/drive/MyDrive/LeafData.v1i.yolov11_aug4_20261003_170034/train/images/121_spot_jpg.rf.e097435730ae9871f65b2d5b308127de__aug4_vflip.png,,,pending,missing,train/images/121_spot_jpg.rf.e097435730ae9871f65b2d5b308127de.jpg,,train/images/121_spot_jpg.rf.e097435730ae9871f65b2d5b308127de__aug4_vflip.png,,2bd88049a5f61ec23ac91d824050d2b7c92fac9976ea95d20e52d3eceeb11611,spot,train,train,False,masks/spot/a95b91840415d0bb890915e4.png,pending,nonempty,416
SAM3_auto,original,True,spot:121_spot_jpg,416,9f4577345e663f63ece5683d,spot_source,/content/drive/MyDrive/LeafData.v1i.yolov11_aug4_20261003_170034/train/images/121_spot_jpg.rf.f35a8c0283d4fa379bd7dd05821f8db5.jpg,,,pending,missing,train/images/121_spot_jpg.rf.f35a8c0283d4fa379bd7dd05821f8db5.jpg,,train/images/121_spot_jpg.rf.f35a8c0283d4fa379bd7dd05821f8db5.jpg,,5a9606bb2b00851085f9a2287d3906edbac21d948fdbb576e2d3026c77b7d7ae,spot,train,train,False,masks/spot/9f4577345e663f63ece5683d.png,pending,nonempty,416
SAM3_auto,brillo112,False,spot:121_spot_jpg,416,f4b1ab3a5835ff9bc4304150,spot_source,/content/drive/MyDrive/LeafData.v1i.yolov11_aug4_20261003_170034/train/images/121_spot_jpg.rf.f35a8c0283d4fa379bd7dd05821f8db5__aug4_brillo112.png,,,pending,missing,train/images/121_spot_jpg.rf.f35a8c0283d4fa379bd7dd05821f8db5.jpg,,train/images/121_spot_jpg.rf.f35a8c0283d4fa379bd7dd05821f8db5__aug4_brillo112.png,,f7c5fdb07eb8cfcf5c1f0116b6b7c73f945250981f551f39d0ad890cd0c0ecf5,spot,train,train,False,masks/spot/f4b1ab3a5835ff9bc4304150.png,pending,nonempty,416
SAM3_auto,contraste115,False,spot:121_spot_jpg,416,ed7d6b0db1f09899cb43c9a8,spot_source,/content/drive/MyDrive/LeafData.v1i.yolov11_aug4_20261003_170034/train/images/121_spot_jpg.rf.f35a8c0283d4fa379bd7dd05821f8db5__aug4_contraste115.png,,,pending,missing,train/images/121_spot_jpg.rf.f35a8c0283d4fa379bd7dd05821f8db5.jpg,,train/images/121_spot_jpg.rf.f35a8c0283d4fa379bd7dd05821f8db5__aug4_contraste115.png,,f5ee485a6866d0c0cd623224b65c7c3030c375c928904d8d202e9ceabc2259a8,spot,train,train,False,masks/spot/ed7d6b0db1f09899cb43c9a8.png,pending,nonempty,416
SAM3_auto,hflip,False,spot:121_spot_jpg,416,2141053770443f55f61655f5,spot_source,/content/drive/MyDrive/LeafData.v1i.yolov11_aug4_20261003_170034/train/images/121_spot_jpg.rf.f35a8c0283d4fa379bd7dd05821f8db5__aug4_hflip.png,,,pending,missing,train/images/121_spot_jpg.rf.f35a8c0283d4fa379bd7dd05821f8db5.jpg,,train/images/121_spot_jpg.rf.f35a8c0283d4fa379bd7dd05821f8db5__aug4_hflip.png,,5ad581f29ed262ca4fd732aaf29f7e9e6419d17fa2b51a8f400b54a2914802e6,spot,train,train,False,masks/spot/2141053770443f55f61655f5.png,pending,nonempty,416
SAM3_auto,vflip,False,spot:121_spot_jpg,416,82db2b424f2e7e470289e81e,spot_source,/content/drive/MyDrive/LeafData.v1i.yolov11_aug4_20261003_170034/train/images/121_spot_jpg.rf.f35a8c0283d4fa379bd7dd05821f8db5__aug4_vflip.png,,,pending,missing,train/images/121_spot_jpg.rf.f35a8c0283d4fa379bd7dd05821f8db5.jpg,,train/images/121_spot_jpg.rf.f35a8c0283d4fa379bd7dd05821f8db5__aug4_vflip.png,,46996615fa410d9885f8d3dc7f2e0fb791072b4b968818a6f3a30c9bf88bc28f,spot,train,train,False,masks/spot/82db2b424f2e7e470289e81e.png,pending,nonempty,416
SAM3_auto,original,True,spot:123_spot_jpg,416,a14b2298b15ccb2e8073c6c3,spot_source,/content/drive/MyDrive/LeafData.v1i.yolov11_aug4_20261003_170034/train/images/123_spot_jpg.rf.2f3b01d8bb754ef1bb33f7df6ea52a49.jpg,,,pending,missing,train/images/123_spot_jpg.rf.2f3b01d8bb754ef1bb33f7df6ea52a49.jpg,,train/images/123_spot_jpg.rf.2f3b01d8bb754ef1bb33f7df6ea52a49.jpg,,2a4c025fbb95b7075fad301ed07db16658a76b82bb56eda63bb3a04e0da82bc7,spot,train,train,False,masks/spot/a14b2298b15ccb2e8073c6c3.png,pending,nonempty,416
SAM3_auto,brillo112,False,spot:123_spot_jpg,416,4d94e6084dd3caac4b0828f1,spot_source,/content/drive/MyDrive/LeafData.v1i.yolov11_aug4_20261003_170034/train/images/123_spot_jpg.rf.2f3b01d8bb754ef1bb33f7df6ea52a49__aug4_brillo112.png,,,pending,missing,train/images/123_spot_jpg.rf.2f3b01d8bb754ef1bb33f7df6ea52a49.jpg,,train/images/123_spot_jpg.rf.2f3b01d8bb754ef1bb33f7df6ea52a49__aug4_brillo112.png,,690d325045dd30f35ca4d707e7aa574d98843e637e44998fe0ad062f35950985,spot,train,train,False,masks/spot/4d94e6084dd3caac4b0828f1.png,pending,nonempty,416
SAM3_auto,contraste115,False,spot:123_spot_jpg,416,f56429c2b71b616f1e62025d,spot_source,/content/drive/MyDrive/LeafData.v1i.yolov11_aug4_20261003_170034/train/images/123_spot_jpg.rf.2f3b01d8bb754ef1bb33f7df6ea52a49__aug4_contraste115.png,,,pending,missing,train/images/123_spot_jpg.rf.2f3b01d8bb754ef1bb33f7df6ea52a49.jpg,,train/images/123_spot_jpg.rf.2f3b01d8bb754ef1bb33f7df6ea52a49__aug4_contraste115.png,,49870a753a5468270400d4592ae0034e6e051f938f29495880b7c98264c00237,spot,train,train,False,masks/spot/f56429c2b71b616f1e62025d.png,pending,nonempty,416
SAM3_auto,hflip,False,spot:123_spot_jpg,416,a4d30d8dedb946fb55064362,spot_source,/content/drive/MyDrive/LeafData.v1i.yolov11_aug4_20261003_170034/train/images/123_spot_jpg.rf.2f3b01d8bb754ef1bb33f7df6ea52a49__aug4_hflip.png,,,pending,missing,train/images/123_spot_jpg.rf.2f3b01d8bb754ef1bb33f7df6ea52a49.jpg,,train/images/123_spot_jpg.rf.2f3b01d8bb754ef1bb33f7df6ea52a49__aug4_hflip.png,,7da7338862b8ce572f62d79dccb0679fddbc7587fa22ff849e80ad76f26fbf71,spot,train,train,False,masks/spot/a4d30d8dedb946fb55064362.png,pending,nonempty,416
SAM3_auto,vflip,False,spot:123_spot_jpg,416,c86d676415250c7e04d74c5c,spot_source,/content/drive/MyDrive/LeafData.v1i.yolov11_aug4_20261003_170034/train/images/123_spot_jpg.rf.2f3b01d8bb754ef1bb33f7df6ea52a49__aug4_vflip.png,,,pending,missing,train/images/123_spot_jpg.rf.2f3b01d8bb754ef1bb33f7df6ea52a49.jpg,,train/images/123_spot_jpg.rf.2f3b01d8bb754ef1bb33f7df6ea52a49__aug4_vflip.png,,1ce21e833795600284cc36e70df283cd7a2c7181f38eb6c957ed4dc50d07a857,spot,train,train,False,masks/spot/c86d676415250c7e04d74c5c.png,pending,nonempty,416
SAM3_auto,original,True,spot:123_spot_jpg,416,c5c556cb8db551461f14f96f,spot_source,/content/drive/MyDrive/LeafData.v1i.yolov11_aug4_20261003_170034/train/images/123_spot_jpg.rf.3d32376f4bf187cba4e32f859784f834.jpg,,,pending,missing,train/images/123_spot_jpg.rf.3d32376f4bf187cba4e32f859784f834.jpg,,train/images/123_spot_jpg.rf.3d32376f4bf187cba4e32f859784f834.jpg,,77977e64e3bed6f589a5e890b31a79366710b66f13fe2bb5134c0e0d29cac203,spot,train,train,False,masks/spot/c5c556cb8db551461f14f96f.png,pending,nonempty,416
SAM3_auto,brillo112,False,spot:123_spot_jpg,416,7c759c2c4dd8f2f7281dcb69,spot_source,/content/drive/MyDrive/LeafData.v1i.yolov11_aug4_20261003_170034/train/images/123_spot_jpg.rf.3d32376f4bf187cba4e32f859784f834__aug4_brillo112.png,,,pending,missing,train/images/123_spot_jpg.rf.3d32376f4bf187cba4e32f859784f834.jpg,,train/images/123_spot_jpg.rf.3d32376f4bf187cba4e32f859784f834__aug4_brillo112.png,,d5f4265ee809ee6e9e47c3fb6990c0830c1d42df5df90c027b59fd0135aafe32,spot,train,train,False,masks/spot/7c759c2c4dd8f2f7281dcb69.png,pending,nonempty,416
SAM3_auto,contraste115,False,spot:123_spot_jpg,416,11032203e55eeda0f887299c,spot_source,/content/drive/MyDrive/LeafData.v1i.yolov11_aug4_20261003_170034/train/images/123_spot_jpg.rf.3d32376f4bf187cba4e32f859784f834__aug4_contraste115.png,,,pending,missing,train/images/123_spot_jpg.rf.3d32376f4bf187cba4e32f859784f834.jpg,,train/images/123_spot_jpg.rf.3d32376f4bf187cba4e32f859784f834__aug4_contraste115.png,,3914d9b728d71497f015300a1bfc069dc4ebf8b429465f93cba6755902555ffe,spot,train,train,False,masks/spot/11032203e55eeda0f887299c.png,pending,nonempty,416
SAM3_auto,hflip,False,spot:123_spot_jpg,416,6fe29d8677ac7eb138675f02,spot_source,/content/drive/MyDrive/LeafData.v1i.yolov11_aug4_20261003_170034/train/images/123_spot_jpg.rf.3d32376f4bf187cba4e32f859784f834__aug4_hflip.png,,,pending,missing,train/images/123_spot_jpg.rf.3d32376f4bf187cba4e32f859784f834.jpg,,train/images/123_spot_jpg.rf.3d32376f4bf187cba4e32f859784f834__aug4_hflip.png,,188d9b88ef6b291c236f1b3254c770392cef220edccb337c8c0df11f55b2160a,spot,train,train,False,masks/spot/6fe29d8677ac7eb138675f02.png,pending,nonempty,416
SAM3_auto,vflip,False,spot:123_spot_jpg,416,07a9282c4ca9a87b4373a04f,spot_source,/content/drive/MyDrive/LeafData.v1i.yolov11_aug4_20261003_170034/train/images/123_spot_jpg.rf.3d32376f4bf187cba4e32f859784f834__aug4_vflip.png,,,pending,missing,train/images/123_spot_jpg.rf.3d32376f4bf187cba4e32f859784f834.jpg,,train/images/123_spot_jpg.rf.3d32376f4bf187cba4e32f859784f834__aug4_vflip.png,,b030df585f457126dc99211e68840b56b9c3286432f2dc664e92f684f1da2267,spot,train,train,False,masks/spot/07a9282c4ca9a87b4373a04f.png,pending,nonempty,416
SAM3_auto,original,True,spot:123_spot_jpg,416,e7e617a83a3a23007074b45d,spot_source,/content/drive/MyDrive/LeafData.v1i.yolov11_aug4_20261003_170034/train/images/123_spot_jpg.rf.896784d1cabd0021fedce71da664fcfe.jpg,,,pending,missing,train/images/123_spot_jpg.rf.896784d1cabd0021fedce71da664fcfe.jpg,,train/images/123_spot_jpg.rf.896784d1cabd0021fedce71da664fcfe.jpg,,cf03c8d970d5205227cfab0f2ca15945169edad628f1d583a3e38ac34884ecaa,spot,train,train,False,masks/spot/e7e617a83a3a23007074b45d.png,pending,nonempty,416
SAM3_auto,brillo112,False,spot:123_spot_jpg,416,74c1fa725367321466f37404,spot_source,/content/drive/MyDrive/LeafData.v1i.yolov11_aug4_20261003_170034/train/images/123_spot_jpg.rf.896784d1cabd0021fedce71da664fcfe__aug4_brillo112.png,,,pending,missing,train/images/123_spot_jpg.rf.896784d1cabd0021fedce71da664fcfe.jpg,,train/images/123_spot_jpg.rf.896784d1cabd0021fedce71da664fcfe__aug4_brillo112.png,,3017092348868955c6ba40fb6992791142f54675fa755e4b4a55cee23cafeac6,spot,train,train,False,masks/spot/74c1fa725367321466f37404.png,pending,nonempty,416
SAM3_auto,contraste115,False,spot:123_spot_jpg,416,9363e7f90519b313d569b48d,spot_source,/content/drive/MyDrive/LeafData.v1i.yolov11_aug4_20261003_170034/train/images/123_spot_jpg.rf.896784d1cabd0021fedce71da664fcfe__aug4_contraste115.png,,,pending,missing,train/images/123_spot_jpg.rf.896784d1cabd0021fedce71da664fcfe.jpg,,train/images/123_spot_jpg.rf.896784d1cabd0021fedce71da664fcfe__aug4_contraste115.png,,0ea039de5458701680c9ec74ac933b2e5f8b4a4796140310ec0a4e6198f28778,spot,train,train,False,masks/spot/9363e7f90519b313d569b48d.png,pending,nonempty,416
SAM3_auto,hflip,False,spot:123_spot_jpg,416,db0b0b27b3b1591f9b52043e,spot_source,/content/drive/MyDrive/LeafData.v1i.yolov11_aug4_20261003_170034/train/images/123_spot_jpg.rf.896784d1cabd0021fedce71da664fcfe__aug4_hflip.png,,,pending,missing,train/images/123_spot_jpg.rf.896784d1cabd0021fedce71da664fcfe.jpg,,train/images/123_spot_jpg.rf.896784d1cabd0021fedce71da664fcfe__aug4_hflip.png,,4f05f38e14aa91986cbcbdcdbaf9aa7885ba90680122b2b7886cc5dfc7ac38bb,spot,train,train,False,masks/spot/db0b0b27b3b1591f9b52043e.png,pending,nonempty,416
SAM3_auto,vflip,False,spot:123_spot_jpg,416,aad7f0d4dca3961f1ffc50f1,spot_source,/content/drive/MyDrive/LeafData.v1i.yolov11_aug4_20261003_170034/train/images/123_spot_jpg.rf.896784d1cabd0021fedce71da664fcfe__aug4_vflip.png,,,pending,missing,train/images/123_spot_jpg.rf.896784d1cabd0021fedce71da664fcfe.jpg,,train/images/123_spot_jpg.rf.896784d1cabd0021fedce71da664fcfe__aug4_vflip.png,,0b9842a0fadc3569c74f401a054809cbae1eff9fd1f441592fcc84ee1e8c8675,spot,train,train,False,masks/spot/aad7f0d4dca3961f1ffc50f1.png,pending,nonempty,416
SAM3_auto,original,True,spot:124_spot_jpg,416,d7f980f6818c158267fb84c9,spot_source,/content/drive/MyDrive/LeafData.v1i.yolov11_aug4_20261003_170034/train/images/124_spot_jpg.rf.5455595c8c8dffecc482ab2cb3fbc326.jpg,,,pending,missing,train/images/124_spot_jpg.rf.5455595c8c8dffecc482ab2cb3fbc326.jpg,,train/images/124_spot_jpg.rf.5455595c8c8dffecc482ab2cb3fbc326.jpg,,a72f0ea0e58dacc3e881afdb2f04aa633acebdf377a0ac853ae9e27a6db81765,spot,train,train,False,masks/spot/d7f980f6818c158267fb84c9.png,pending,nonempty,416
SAM3_auto,brillo112,False,spot:124_spot_jpg,416,6f1a66d1c7682f01761aebb3,spot_source,/content/drive/MyDrive/LeafData.v1i.yolov11_aug4_20261003_170034/train/images/124_spot_jpg.rf.5455595c8c8dffecc482ab2cb3fbc326__aug4_brillo112.png,,,pending,missing,train/images/124_spot_jpg.rf.5455595c8c8dffecc482ab2cb3fbc326.jpg,,train/images/124_spot_jpg.rf.5455595c8c8dffecc482ab2cb3fbc326__aug4_brillo112.png,,d5831aa96558ae5e31d73e809ae95a72d493e33eaa759c50924001facf8ff696,spot,train,train,False,masks/spot/6f1a66d1c7682f01761aebb3.png,pending,nonempty,416
SAM3_auto,contraste115,False,spot:124_spot_jpg,416,90ac45ed4b313a836d003057,spot_source,/content/drive/MyDrive/LeafData.v1i.yolov11_aug4_20261003_170034/train/images/124_spot_jpg.rf.5455595c8c8dffecc482ab2cb3fbc326__aug4_contraste115.png,,,pending,missing,train/images/124_spot_jpg.rf.5455595c8c8dffecc482ab2cb3fbc326.jpg,,train/images/124_spot_jpg.rf.5455595c8c8dffecc482ab2cb3fbc326__aug4_contraste115.png,,37af1ded409061a0dfb606ef5b81cab6c9448d117c1f2bc7c176d0f617af31df,spot,train,train,False,masks/spot/90ac45ed4b313a836d003057.png,pending,nonempty,416
SAM3_auto,hflip,False,spot:124_spot_jpg,416,323db79473a87297dbc7a422,spot_source,/content/drive/MyDrive/LeafData.v1i.yolov11_aug4_20261003_170034/train/images/124_spot_jpg.rf.5455595c8c8dffecc482ab2cb3fbc326__aug4_hflip.png,,,pending,missing,train/images/124_spot_jpg.rf.5455595c8c8dffecc482ab2cb3fbc326.jpg,,train/images/124_spot_jpg.rf.5455595c8c8dffecc482ab2cb3fbc326__aug4_hflip.png,,d6bfdac513c6e1f6745caa8266f7a551d68110094692a389102c6dcc1784bd70,spot,train,train,False,masks/spot/323db79473a87297dbc7a422.png,pending,nonempty,416
SAM3_auto,vflip,False,spot:124_spot_jpg,416,3e02dda2c18b07e6ed463893,spot_source,/content/drive/MyDrive/LeafData.v1i.yolov11_aug4_20261003_170034/train/images/124_spot_jpg.rf.5455595c8c8dffecc482ab2cb3fbc326__aug4_vflip.png,,,pending,missing,train/images/124_spot_jpg.rf.5455595c8c8dffecc482ab2cb3fbc326.jpg,,train/images/124_spot_jpg.rf.5455595c8c8dffecc482ab2cb3fbc326__aug4_vflip.png,,f0978473e12ec08d5acf3fd2e4dde9da4ce54a8fcf22bcdb41151676a89f104e,spot,train,train,False,masks/spot/3e02dda2c18b07e6ed463893.png,pending,nonempty,416
SAM3_auto,original,True,spot:124_spot_jpg,416,6a7568c55475df851c3c956c,spot_source,/content/drive/MyDrive/LeafData.v1i.yolov11_aug4_20261003_170034/train/images/124_spot_jpg.rf.78bdc0344fb46eaebf1825ebb96b407b.jpg,,,pending,missing,train/images/124_spot_jpg.rf.78bdc0344fb46eaebf1825ebb96b407b.jpg,,train/images/124_spot_jpg.rf.78bdc0344fb46eaebf1825ebb96b407b.jpg,,57931c7b96488b460286680ed1612b520d4b2e13f711d6f03f4435963e693822,spot,train,train,False,masks/spot/6a7568c55475df851c3c956c.png,pending,nonempty,416
SAM3_auto,brillo112,False,spot:124_spot_jpg,416,4edec89e64c0dc99dca008b6,spot_source,/content/drive/MyDrive/LeafData.v1i.yolov11_aug4_20261003_170034/train/images/124_spot_jpg.rf.78bdc0344fb46eaebf1825ebb96b407b__aug4_brillo112.png,,,pending,missing,train/images/124_spot_jpg.rf.78bdc0344fb46eaebf1825ebb96b407b.jpg,,train/images/124_spot_jpg.rf.78bdc0344fb46eaebf1825ebb96b407b__aug4_brillo112.png,,977f4da17565092df2013c1c37e358e04d219254d8825d52e6888ecd41331efc,spot,train,train,False,masks/spot/4edec89e64c0dc99dca008b6.png,pending,nonempty,416
SAM3_auto,contraste115,False,spot:124_spot_jpg,416,a554f1c624414cd5ec268fea,spot_source,/content/drive/MyDrive/LeafData.v1i.yolov11_aug4_20261003_170034/train/images/124_spot_jpg.rf.78bdc0344fb46eaebf1825ebb96b407b__aug4_contraste115.png,,,pending,missing,train/images/124_spot_jpg.rf.78bdc0344fb46eaebf1825ebb96b407b.jpg,,train/images/124_spot_jpg.rf.78bdc0344fb46eaebf1825ebb96b407b__aug4_contraste115.png,,4d8c0baebc3d35c671e38014b6711c65185ad45d8f1a1d3cb3b24c8211097e38,spot,train,train,False,masks/spot/a554f1c624414cd5ec268fea.png,pending,nonempty,416
SAM3_auto,hflip,False,spot:124_spot_jpg,416,80e89d53e79b7b195e908f4c,spot_source,/content/drive/MyDrive/LeafData.v1i.yolov11_aug4_20261003_170034/train/images/124_spot_jpg.rf.78bdc0344fb46eaebf1825ebb96b407b__aug4_hflip.png,,,pending,missing,train/images/124_spot_jpg.rf.78bdc0344fb46eaebf1825ebb96b407b.jpg,,train/images/124_spot_jpg.rf.78bdc0344fb46eaebf1825ebb96b407b__aug4_hflip.png,,73f9059f6d97ae8907c77e5775e19229113b237e79f0b92afbc448f0dc940444,spot,train,train,False,masks/spot/80e89d53e79b7b195e908f4c.png,pending,nonempty,416
SAM3_auto,vflip,False,spot:124_spot_jpg,416,4e0c16edc68f66b6d47e0a46,spot_source,/content/drive/MyDrive/LeafData.v1i.yolov11_aug4_20261003_170034/train/images/124_spot_jpg.rf.78bdc0344fb46eaebf1825ebb96b407b__aug4_vflip.png,,,pending,missing,train/images/124_spot_jpg.rf.78bdc0344fb46eaebf1825ebb96b407b.jpg,,train/images/124_spot_jpg.rf.78bdc0344fb46eaebf1825ebb96b407b__aug4_vflip.png,,a21a57c78bea619878d3da775d44e4c7d9c912361681189ec1242b002d06aef3,spot,train,train,False,masks/spot/4e0c16edc68f66b6d47e0a46.png,pending,nonempty,416
SAM3_auto,original,True,spot:124_spot_jpg,416,1eec141e4f829daf64b1a02e,spot_source,/content/drive/MyDrive/LeafData.v1i.yolov11_aug4_20261003_170034/train/images/124_spot_jpg.rf.adcfac88bd1072385818965f2026ddfb.jpg,,,pending,missing,train/images/124_spot_jpg.rf.adcfac88bd1072385818965f2026ddfb.jpg,,train/images/124_spot_jpg.rf.adcfac88bd1072385818965f2026ddfb.jpg,,74621e80fa1c6ffab3636b99466b57056d3213490910326f354f842822289425,spot,train,train,False,masks/spot/1eec141e4f829daf64b1a02e.png,pending,nonempty,416
SAM3_auto,brillo112,False,spot:124_spot_jpg,416,30d3e2373cb5cecce635727c,spot_source,/content/drive/MyDrive/LeafData.v1i.yolov11_aug4_20261003_170034/train/images/124_spot_jpg.rf.adcfac88bd1072385818965f2026ddfb__aug4_brillo112.png,,,pending,missing,train/images/124_spot_jpg.rf.adcfac88bd1072385818965f2026ddfb.jpg,,train/images/124_spot_jpg.rf.adcfac88bd1072385818965f2026ddfb__aug4_brillo112.png,,87128507cb683272ed93836f98fe0821c7ddc3157b5be4f391cac7d86b737cea,spot,train,train,False,masks/spot/30d3e2373cb5cecce635727c.png,pending,nonempty,416
SAM3_auto,contraste115,False,spot:124_spot_jpg,416,6d7db98fd6d1b933ac89a42f,spot_source,/content/drive/MyDrive/LeafData.v1i.yolov11_aug4_20261003_170034/train/images/124_spot_jpg.rf.adcfac88bd1072385818965f2026ddfb__aug4_contraste115.png,,,pending,missing,train/images/124_spot_jpg.rf.adcfac88bd1072385818965f2026ddfb.jpg,,train/images/124_spot_jpg.rf.adcfac88bd1072385818965f2026ddfb__aug4_contraste115.png,,cb1b16ab83852b2dac0baca27a2481e182edcd407104c3fc44c6bd8984a977bb,spot,train,train,False,masks/spot/6d7db98fd6d1b933ac89a42f.png,pending,nonempty,416
SAM3_auto,hflip,False,spot:124_spot_jpg,416,52569fd07c3e853cae79688e,spot_source,/content/drive/MyDrive/LeafData.v1i.yolov11_aug4_20261003_170034/train/images/124_spot_jpg.rf.adcfac88bd1072385818965f2026ddfb__aug4_hflip.png,,,pending,missing,train/images/124_spot_jpg.rf.adcfac88bd1072385818965f2026ddfb.jpg,,train/images/124_spot_jpg.rf.adcfac88bd1072385818965f2026ddfb__aug4_hflip.png,,dce02afad79b5976406ec8ddf48c5de5fb79aa72fd9f2431f36a6a59491f3002,spot,train,train,False,masks/spot/52569fd07c3e853cae79688e.png,pending,nonempty,416
SAM3_auto,vflip,False,spot:124_spot_jpg,416,fb6dfdb508a184b85b06aa5e,spot_source,/content/drive/MyDrive/LeafData.v1i.yolov11_aug4_20261003_170034/train/images/124_spot_jpg.rf.adcfac88bd1072385818965f2026ddfb__aug4_vflip.png,,,pending,missing,train/images/124_spot_jpg.rf.adcfac88bd1072385818965f2026ddfb.jpg,,train/images/124_spot_jpg.rf.adcfac88bd1072385818965f2026ddfb__aug4_vflip.png,,3dde225eb6e645311c4e82c4d12cb807444ccf5b1749e02e24f00641d34069ae,spot,train,train,False,masks/spot/fb6dfdb508a184b85b06aa5e.png,pending,nonempty,416
SAM3_auto,original,True,spot:128_spot_jpg,416,6359de5bed5cf38f549339bb,spot_source,/content/drive/MyDrive/LeafData.v1i.yolov11_aug4_20261003_170034/train/images/128_spot_jpg.rf.246626abdf1bbeebad45204829e73ad5.jpg,,,pending,missing,train/images/128_spot_jpg.rf.246626abdf1bbeebad45204829e73ad5.jpg,,train/images/128_spot_jpg.rf.246626abdf1bbeebad45204829e73ad5.jpg,,de453ae602da6d566098cb401ef0427a74d5cac44740c94b46851aa189e23afd,spot,train,train,False,masks/spot/6359de5bed5cf38f549339bb.png,pending,nonempty,416
SAM3_auto,brillo112,False,spot:128_spot_jpg,416,ef68e37069b7015e327902fd,spot_source,/content/drive/MyDrive/LeafData.v1i.yolov11_aug4_20261003_170034/train/images/128_spot_jpg.rf.246626abdf1bbeebad45204829e73ad5__aug4_brillo112.png,,,pending,missing,train/images/128_spot_jpg.rf.246626abdf1bbeebad45204829e73ad5.jpg,,train/images/128_spot_jpg.rf.246626abdf1bbeebad45204829e73ad5__aug4_brillo112.png,,4f3028cec3685c99a446dd8b5a1851a699b86857cff93dc8a8303e5f139e2682,spot,train,train,False,masks/spot/ef68e37069b7015e327902fd.png,pending,nonempty,416
SAM3_auto,contraste115,False,spot:128_spot_jpg,416,68b89e13315ad4680cae3ecf,spot_source,/content/drive/MyDrive/LeafData.v1i.yolov11_aug4_20261003_170034/train/images/128_spot_jpg.rf.246626abdf1bbeebad45204829e73ad5__aug4_contraste115.png,,,pending,missing,train/images/128_spot_jpg.rf.246626abdf1bbeebad45204829e73ad5.jpg,,train/images/128_spot_jpg.rf.246626abdf1bbeebad45204829e73ad5__aug4_contraste115.png,,467ab6c93f20b99ffeec0ba782446ad0a69b3587637896c355204b42a09a358b,spot,train,train,False,masks/spot/68b89e13315ad4680cae3ecf.png,pending,nonempty,416
SAM3_auto,hflip,False,spot:128_spot_jpg,416,e44fd143d7841c692709a443,spot_source,/content/drive/MyDrive/LeafData.v1i.yolov11_aug4_20261003_170034/train/images/128_spot_jpg.rf.246626abdf1bbeebad45204829e73ad5__aug4_hflip.png,,,pending,missing,train/images/128_spot_jpg.rf.246626abdf1bbeebad45204829e73ad5.jpg,,train/images/128_spot_jpg.rf.246626abdf1bbeebad45204829e73ad5__aug4_hflip.png,,c763b592f7fe26345c500e3a3ce4a018fd2f2d96da2591f6cf5003807fdf51a1,spot,train,train,False,masks/spot/e44fd143d7841c692709a443.png,pending,nonempty,416
SAM3_auto,vflip,False,spot:128_spot_jpg,416,fe17dc9399664052378e48a2,spot_source,/content/drive/MyDrive/LeafData.v1i.yolov11_aug4_20261003_170034/train/images/128_spot_jpg.rf.246626abdf1bbeebad45204829e73ad5__aug4_vflip.png,,,pending,missing,train/images/128_spot_jpg.rf.246626abdf1bbeebad45204829e73ad5.jpg,,train/images/128_spot_jpg.rf.246626abdf1bbeebad45204829e73ad5__aug4_vflip.png,,27598205ff1fc6b209afc72cafe2a73f10ae13eb3870b7173a816a151e7225cf,spot,train,train,False,masks/spot/fe17dc9399664052378e48a2.png,pending,nonempty,416
SAM3_auto,original,True,spot:128_spot_jpg,416,674956a94682e95e212b2fb9,spot_source,/content/drive/MyDrive/LeafData.v1i.yolov11_aug4_20261003_170034/train/images/128_spot_jpg.rf.abd9cf0db1a4fd16d7a10ce7a3ed6499.jpg,,,pending,missing,train/images/128_spot_jpg.rf.abd9cf0db1a4fd16d7a10ce7a3ed6499.jpg,,train/images/128_spot_jpg.rf.abd9cf0db1a4fd16d7a10ce7a3ed6499.jpg,,79b5279e4d0141be2253d3ee5811a2d4ec6b3403b723a5e5fb228544b8e1d50c,spot,train,train,False,masks/spot/674956a94682e95e212b2fb9.png,pending,nonempty,416
SAM3_auto,brillo112,False,spot:128_spot_jpg,416,87c525aba8ba7bc7cbad50de,spot_source,/content/drive/MyDrive/LeafData.v1i.yolov11_aug4_20261003_170034/train/images/128_spot_jpg.rf.abd9cf0db1a4fd16d7a10ce7a3ed6499__aug4_brillo112.png,,,pending,missing,train/images/128_spot_jpg.rf.abd9cf0db1a4fd16d7a10ce7a3ed6499.jpg,,train/images/128_spot_jpg.rf.abd9cf0db1a4fd16d7a10ce7a3ed6499__aug4_brillo112.png,,e54cf7ac75a95f6a8af3842d12ffc2722c611c1cb24ddbdad033c9e4c559fafd,spot,train,train,False,masks/spot/87c525aba8ba7bc7cbad50de.png,pending,nonempty,416
SAM3_auto,contraste115,False,spot:128_spot_jpg,416,01bfd4e8d9993c96bb379965,spot_source,/content/drive/MyDrive/LeafData.v1i.yolov11_aug4_20261003_170034/train/images/128_spot_jpg.rf.abd9cf0db1a4fd16d7a10ce7a3ed6499__aug4_contraste115.png,,,pending,missing,train/images/128_spot_jpg.rf.abd9cf0db1a4fd16d7a10ce7a3ed6499.jpg,,train/images/128_spot_jpg.rf.abd9cf0db1a4fd16d7a10ce7a3ed6499__aug4_contraste115.png,,da45ecebcc7d8fc69eb3e1d04fab01a82085ab693a832a563c51aebf9b5a08a2,spot,train,train,False,masks/spot/01bfd4e8d9993c96bb379965.png,pending,nonempty,416
SAM3_auto,hflip,False,spot:128_spot_jpg,416,2525cd838903268b5619ed82,spot_source,/content/drive/MyDrive/LeafData.v1i.yolov11_aug4_20261003_170034/train/images/128_spot_jpg.rf.abd9cf0db1a4fd16d7a10ce7a3ed6499__aug4_hflip.png,,,pending,missing,train/images/128_spot_jpg.rf.abd9cf0db1a4fd16d7a10ce7a3ed6499.jpg,,train/images/128_spot_jpg.rf.abd9cf0db1a4fd16d7a10ce7a3ed6499__aug4_hflip.png,,b46bfe5576e7c6619875f612300fbe9a5e57e9c1cc87eedc0a44233d67f04f9b,spot,train,train,False,masks/spot/2525cd838903268b5619ed82.png,pending,nonempty,416
SAM3_auto,vflip,False,spot:128_spot_jpg,416,26d53b6b9aba7a0064766e89,spot_source,/content/drive/MyDrive/LeafData.v1i.yolov11_aug4_20261003_170034/train/images/128_spot_jpg.rf.abd9cf0db1a4fd16d7a10ce7a3ed6499__aug4_vflip.png,,,pending,missing,train/images/128_spot_jpg.rf.abd9cf0db1a4fd16d7a10ce7a3ed6499.jpg,,train/images/128_spot_jpg.rf.abd9cf0db1a4fd16d7a10ce7a3ed6499__aug4_vflip.png,,386568d05ab70a4ec7f264c6c224a76ae257a819e54783e0dd4d5a267516def9,spot,train,train,False,masks/spot/26d53b6b9aba7a0064766e89.png,pending,nonempty,416
SAM3_auto,original,True,spot:128_spot_jpg,416,88d2fc5b4747f6fa7e75bf08,spot_source,/content/drive/MyDrive/LeafData.v1i.yolov11_aug4_20261003_170034/train/images/128_spot_jpg.rf.c2aadd557fff8d95147660006823a041.jpg,,,pending,missing,train/images/128_spot_jpg.rf.c2aadd557fff8d95147660006823a041.jpg,,train/images/128_spot_jpg.rf.c2aadd557fff8d95147660006823a041.jpg,,d8bd09ac83ebee004d52ad767f7d4bb6e9706591f1a45979b72b6fc76cdefd27,spot,train,train,False,masks/spot/88d2fc5b4747f6fa7e75bf08.png,pending,nonempty,416
SAM3_auto,brillo112,False,spot:128_spot_jpg,416,d072735900cf4ce652e8c6bf,spot_source,/content/drive/MyDrive/LeafData.v1i.yolov11_aug4_20261003_170034/train/images/128_spot_jpg.rf.c2aadd557fff8d95147660006823a041__aug4_brillo112.png,,,pending,missing,train/images/128_spot_jpg.rf.c2aadd557fff8d95147660006823a041.jpg,,train/images/128_spot_jpg.rf.c2aadd557fff8d95147660006823a041__aug4_brillo112.png,,e324e2239c367ee5b7b23e1ff9451fa2d800ba2c1d3492c636c91d9eb026131c,spot,train,train,False,masks/spot/d072735900cf4ce652e8c6bf.png,pending,nonempty,416
SAM3_auto,contraste115,False,spot:128_spot_jpg,416,a5c46f36c94458f2bd0e7cc5,spot_source,/content/drive/MyDrive/LeafData.v1i.yolov11_aug4_20261003_170034/train/images/128_spot_jpg.rf.c2aadd557fff8d95147660006823a041__aug4_contraste115.png,,,pending,missing,train/images/128_spot_jpg.rf.c2aadd557fff8d95147660006823a041.jpg,,train/images/128_spot_jpg.rf.c2aadd557fff8d95147660006823a041__aug4_contraste115.png,,7a8efb7c81c19a8ca2c1da20fe52849b798c257f9f3c8c6411751eca94b42496,spot,train,train,False,masks/spot/a5c46f36c94458f2bd0e7cc5.png,pending,nonempty,416
SAM3_auto,hflip,False,spot:128_spot_jpg,416,4b7ba76a2ff4dbcb5e3ac020,spot_source,/content/drive/MyDrive/LeafData.v1i.yolov11_aug4_20261003_170034/train/images/128_spot_jpg.rf.c2aadd557fff8d95147660006823a041__aug4_hflip.png,,,pending,missing,train/images/128_spot_jpg.rf.c2aadd557fff8d95147660006823a041.jpg,,train/images/128_spot_jpg.rf.c2aadd557fff8d95147660006823a041__aug4_hflip.png,,3ee2d16edf0e396bfe68114a348e1265d5c17cb183e1e50569928498be585c91,spot,train,train,False,masks/spot/4b7ba76a2ff4dbcb5e3ac020.png,pending,nonempty,416
SAM3_auto,vflip,False,spot:128_spot_jpg,416,60ee182c66e005ee16fac193,spot_source,/content/drive/MyDrive/LeafData.v1i.yolov11_aug4_20261003_170034/train/images/128_spot_jpg.rf.c2aadd557fff8d95147660006823a041__aug4_vflip.png,,,pending,missing,train/images/128_spot_jpg.rf.c2aadd557fff8d95147660006823a041.jpg,,train/images/128_spot_jpg.rf.c2aadd557fff8d95147660006823a041__aug4_vflip.png,,cfeb52bc145d8b9b4ed304737797b40feaf6ede7951152182642e874c9998d44,spot,train,train,False,masks/spot/60ee182c66e005ee16fac193.png,pending,nonempty,416
SAM3_auto,original,True,spot:131_spot_jpg,416,8f02edb63e3c6190731c94cb,spot_source,/content/drive/MyDrive/LeafData.v1i.yolov11_aug4_20261003_170034/train/images/131_spot_jpg.rf.294391095281b0136944704cd43e8394.jpg,,,pending,missing,train/images/131_spot_jpg.rf.294391095281b0136944704cd43e8394.jpg,,train/images/131_spot_jpg.rf.294391095281b0136944704cd43e8394.jpg,,3da52d26d9c6c842e7f9183018a1a79d4da0ce610b67f3109a19d462de7f3934,spot,train,train,False,masks/spot/8f02edb63e3c6190731c94cb.png,pending,nonempty,416
SAM3_auto,brillo112,False,spot:131_spot_jpg,416,44ce402a0370969206401afd,spot_source,/content/drive/MyDrive/LeafData.v1i.yolov11_aug4_20261003_170034/train/images/131_spot_jpg.rf.294391095281b0136944704cd43e8394__aug4_brillo112.png,,,pending,missing,train/images/131_spot_jpg.rf.294391095281b0136944704cd43e8394.jpg,,train/images/131_spot_jpg.rf.294391095281b0136944704cd43e8394__aug4_brillo112.png,,77a853a476709ce177671a5e9caae6720e2afe6243187dc225d03692b635fb17,spot,train,train,False,masks/spot/44ce402a0370969206401afd.png,pending,nonempty,416
SAM3_auto,contraste115,False,spot:131_spot_jpg,416,640dde7c4c938ebb53ffc954,spot_source,/content/drive/MyDrive/LeafData.v1i.yolov11_aug4_20261003_170034/train/images/131_spot_jpg.rf.294391095281b0136944704cd43e8394__aug4_contraste115.png,,,pending,missing,train/images/131_spot_jpg.rf.294391095281b0136944704cd43e8394.jpg,,train/images/131_spot_jpg.rf.294391095281b0136944704cd43e8394__aug4_contraste115.png,,9851f752dab55848879ba49de7c112963f0e1eab31d9092f2bb25a14fca7e063,spot,train,train,False,masks/spot/640dde7c4c938ebb53ffc954.png,pending,nonempty,416
SAM3_auto,hflip,False,spot:131_spot_jpg,416,0249d8f1c9df6dc971362e29,spot_source,/content/drive/MyDrive/LeafData.v1i.yolov11_aug4_20261003_170034/train/images/131_spot_jpg.rf.294391095281b0136944704cd43e8394__aug4_hflip.png,,,pending,missing,train/images/131_spot_jpg.rf.294391095281b0136944704cd43e8394.jpg,,train/images/131_spot_jpg.rf.294391095281b0136944704cd43e8394__aug4_hflip.png,,2637a0563082066ec14e5374c2361305f7c00fa6a4d753b12707e180b7ddee31,spot,train,train,False,masks/spot/0249d8f1c9df6dc971362e29.png,pending,nonempty,416
SAM3_auto,vflip,False,spot:131_spot_jpg,416,6fa0ad5a8387365f949c9217,spot_source,/content/drive/MyDrive/LeafData.v1i.yolov11_aug4_20261003_170034/train/images/131_spot_jpg.rf.294391095281b0136944704cd43e8394__aug4_vflip.png,,,pending,missing,train/images/131_spot_jpg.rf.294391095281b0136944704cd43e8394.jpg,,train/images/131_spot_jpg.rf.294391095281b0136944704cd43e8394__aug4_vflip.png,,037042b2e50cfd1bc799b8ea922183b405599ec3d1dedf30ab1998c38255fb42,spot,train,train,False,masks/spot/6fa0ad5a8387365f949c9217.png,pending,nonempty,416
SAM3_auto,original,True,spot:131_spot_jpg,416,b14383a82cadec12ef3d10d0,spot_source,/content/drive/MyDrive/LeafData.v1i.yolov11_aug4_20261003_170034/train/images/131_spot_jpg.rf.451bca9fa29b11b0f6b71c84d6cf1a1a.jpg,,,pending,missing,train/images/131_spot_jpg.rf.451bca9fa29b11b0f6b71c84d6cf1a1a.jpg,,train/images/131_spot_jpg.rf.451bca9fa29b11b0f6b71c84d6cf1a1a.jpg,,793a80a0a6d88564c65a7e378f396a27adadc987e07b55306d1c9329232d9f0e,spot,train,train,False,masks/spot/b14383a82cadec12ef3d10d0.png,pending,nonempty,416
SAM3_auto,brillo112,False,spot:131_spot_jpg,416,1afc9aa5ea6f61989643d787,spot_source,/content/drive/MyDrive/LeafData.v1i.yolov11_aug4_20261003_170034/train/images/131_spot_jpg.rf.451bca9fa29b11b0f6b71c84d6cf1a1a__aug4_brillo112.png,,,pending,missing,train/images/131_spot_jpg.rf.451bca9fa29b11b0f6b71c84d6cf1a1a.jpg,,train/images/131_spot_jpg.rf.451bca9fa29b11b0f6b71c84d6cf1a1a__aug4_brillo112.png,,db0ff56054621d5c6a7a39d38a0d0298fbf60f9b0ae9f938b367aff154410994,spot,train,train,False,masks/spot/1afc9aa5ea6f61989643d787.png,pending,nonempty,416
SAM3_auto,contraste115,False,spot:131_spot_jpg,416,bf22b25bc38426e504ef6faa,spot_source,/content/drive/MyDrive/LeafData.v1i.yolov11_aug4_20261003_170034/train/images/131_spot_jpg.rf.451bca9fa29b11b0f6b71c84d6cf1a1a__aug4_contraste115.png,,,pending,missing,train/images/131_spot_jpg.rf.451bca9fa29b11b0f6b71c84d6cf1a1a.jpg,,train/images/131_spot_jpg.rf.451bca9fa29b11b0f6b71c84d6cf1a1a__aug4_contraste115.png,,d6886abb0628853f4f2672f04afe6ee4641b4047d5b4b0d606e757feff798ceb,spot,train,train,False,masks/spot/bf22b25bc38426e504ef6faa.png,pending,nonempty,416
SAM3_auto,hflip,False,spot:131_spot_jpg,416,58fc5c3eb81dfc8a5f983ce2,spot_source,/content/drive/MyDrive/LeafData.v1i.yolov11_aug4_20261003_170034/train/images/131_spot_jpg.rf.451bca9fa29b11b0f6b71c84d6cf1a1a__aug4_hflip.png,,,pending,missing,train/images/131_spot_jpg.rf.451bca9fa29b11b0f6b71c84d6cf1a1a.jpg,,train/images/131_spot_jpg.rf.451bca9fa29b11b0f6b71c84d6cf1a1a__aug4_hflip.png,,510a1dc0ae87b0316684a8f83b8eb17de875247dbacda7c33f51ba762ee247df,spot,train,train,False,masks/spot/58fc5c3eb81dfc8a5f983ce2.png,pending,nonempty,416
SAM3_auto,vflip,False,spot:131_spot_jpg,416,ebf10b801426aa438824db04,spot_source,/content/drive/MyDrive/LeafData.v1i.yolov11_aug4_20261003_170034/train/images/131_spot_jpg.rf.451bca9fa29b11b0f6b71c84d6cf1a1a__aug4_vflip.png,,,pending,missing,train/images/131_spot_jpg.rf.451bca9fa29b11b0f6b71c84d6cf1a1a.jpg,,train/images/131_spot_jpg.rf.451bca9fa29b11b0f6b71c84d6cf1a1a__aug4_vflip.png,,d4c5a3c58b6f89d28f0b236bc2a48d71f0ec109d9545d7db4930099f2bb64e16,spot,train,train,False,masks/spot/ebf10b801426aa438824db04.png,pending,nonempty,416
SAM3_auto,original,True,spot:131_spot_jpg,416,6fe8bbf08ad2daa54d0d6125,spot_source,/content/drive/MyDrive/LeafData.v1i.yolov11_aug4_20261003_170034/train/images/131_spot_jpg.rf.ab57f3e8bef5ce39c1cb9f2cae6aaf4b.jpg,,,pending,missing,train/images/131_spot_jpg.rf.ab57f3e8bef5ce39c1cb9f2cae6aaf4b.jpg,,train/images/131_spot_jpg.rf.ab57f3e8bef5ce39c1cb9f2cae6aaf4b.jpg,,94a921b5b96021152285272f27111a058e5c30040735618720f8e78d8328a049,spot,train,train,False,masks/spot/6fe8bbf08ad2daa54d0d6125.png,pending,nonempty,416
SAM3_auto,brillo112,False,spot:131_spot_jpg,416,784ab202c8a822e84f66e689,spot_source,/content/drive/MyDrive/LeafData.v1i.yolov11_aug4_20261003_170034/train/images/131_spot_jpg.rf.ab57f3e8bef5ce39c1cb9f2cae6aaf4b__aug4_brillo112.png,,,pending,missing,train/images/131_spot_jpg.rf.ab57f3e8bef5ce39c1cb9f2cae6aaf4b.jpg,,train/images/131_spot_jpg.rf.ab57f3e8bef5ce39c1cb9f2cae6aaf4b__aug4_brillo112.png,,96079a144ef5de1de8f0f55e9a1c8154bc4ba1709fcc21e57d0b9bc0add7b896,spot,train,train,False,masks/spot/784ab202c8a822e84f66e689.png,pending,nonempty,416
SAM3_auto,contraste115,False,spot:131_spot_jpg,416,4294250f4db2f8dd5ce3ae7b,spot_source,/content/drive/MyDrive/LeafData.v1i.yolov11_aug4_20261003_170034/train/images/131_spot_jpg.rf.ab57f3e8bef5ce39c1cb9f2cae6aaf4b__aug4_contraste115.png,,,pending,missing,train/images/131_spot_jpg.rf.ab57f3e8bef5ce39c1cb9f2cae6aaf4b.jpg,,train/images/131_spot_jpg.rf.ab57f3e8bef5ce39c1cb9f2cae6aaf4b__aug4_contraste115.png,,4d136808b841b2142ac91cbe51c1c716dc833ab8023a2df42ead72aa463e42c9,spot,train,train,False,masks/spot/4294250f4db2f8dd5ce3ae7b.png,pending,nonempty,416
SAM3_auto,hflip,False,spot:131_spot_jpg,416,d5db6f493fec6e9b124106ac,spot_source,/content/drive/MyDrive/LeafData.v1i.yolov11_aug4_20261003_170034/train/images/131_spot_jpg.rf.ab57f3e8bef5ce39c1cb9f2cae6aaf4b__aug4_hflip.png,,,pending,missing,train/images/131_spot_jpg.rf.ab57f3e8bef5ce39c1cb9f2cae6aaf4b.jpg,,train/images/131_spot_jpg.rf.ab57f3e8bef5ce39c1cb9f2cae6aaf4b__aug4_hflip.png,,e37792c09b48a8988178ed6cd7bde003e46eeb9bc03970943da799c0632c5124,spot,train,train,False,masks/spot/d5db6f493fec6e9b124106ac.png,pending,nonempty,416
SAM3_auto,vflip,False,spot:131_spot_jpg,416,9310844e24cc3a8ba9f776ff,spot_source,/content/drive/MyDrive/LeafData.v1i.yolov11_aug4_20261003_170034/train/images/131_spot_jpg.rf.ab57f3e8bef5ce39c1cb9f2cae6aaf4b__aug4_vflip.png,,,pending,missing,train/images/131_spot_jpg.rf.ab57f3e8bef5ce39c1cb9f2cae6aaf4b.jpg,,train/images/131_spot_jpg.rf.ab57f3e8bef5ce39c1cb9f2cae6aaf4b__aug4_vflip.png,,dae4483d1a07ef615ac96452feb403eb1a397843e50bd38c8d5fa7b3a56772fe,spot,train,train,False,masks/spot/9310844e24cc3a8ba9f776ff.png,pending,nonempty,416
SAM3_auto,original,True,spot:132_spot_jpg,416,4ed1e2ce36c1fc022d545b7b,spot_source,/content/drive/MyDrive/LeafData.v1i.yolov11_aug4_20261003_170034/train/images/132_spot_jpg.rf.1938732080b052672518ecd8a55865b3.jpg,,,pending,missing,train/images/132_spot_jpg.rf.1938732080b052672518ecd8a55865b3.jpg,,train/images/132_spot_jpg.rf.1938732080b052672518ecd8a55865b3.jpg,,dff3451cf3cbc2870c18e59091daf50bbbbfcb6ce07e5125e3bbe34957dae413,spot,train,train,False,masks/spot/4ed1e2ce36c1fc022d545b7b.png,pending,nonempty,416
SAM3_auto,brillo112,False,spot:132_spot_jpg,416,d3d6e322d27bbd7ea7d1dbf8,spot_source,/content/drive/MyDrive/LeafData.v1i.yolov11_aug4_20261003_170034/train/images/132_spot_jpg.rf.1938732080b052672518ecd8a55865b3__aug4_brillo112.png,,,pending,missing,train/images/132_spot_jpg.rf.1938732080b052672518ecd8a55865b3.jpg,,train/images/132_spot_jpg.rf.1938732080b052672518ecd8a55865b3__aug4_brillo112.png,,7bbc276b1171a5e75831d92e76dfe3ffe14fbfb9ad13fd3b363ac6eaaa389f0b,spot,train,train,False,masks/spot/d3d6e322d27bbd7ea7d1dbf8.png,pending,nonempty,416
SAM3_auto,contraste115,False,spot:132_spot_jpg,416,ff39eb93d735795970c389ff,spot_source,/content/drive/MyDrive/LeafData.v1i.yolov11_aug4_20261003_170034/train/images/132_spot_jpg.rf.1938732080b052672518ecd8a55865b3__aug4_contraste115.png,,,pending,missing,train/images/132_spot_jpg.rf.1938732080b052672518ecd8a55865b3.jpg,,train/images/132_spot_jpg.rf.1938732080b052672518ecd8a55865b3__aug4_contraste115.png,,6f766486c25b82c5a8f2afe07ef1d3bad66d7e414b68da100ba83c7dc96fe2bf,spot,train,train,False,masks/spot/ff39eb93d735795970c389ff.png,pending,nonempty,416
SAM3_auto,hflip,False,spot:132_spot_jpg,416,7b95996932e9fedc068e8cc4,spot_source,/content/drive/MyDrive/LeafData.v1i.yolov11_aug4_20261003_170034/train/images/132_spot_jpg.rf.1938732080b052672518ecd8a55865b3__aug4_hflip.png,,,pending,missing,train/images/132_spot_jpg.rf.1938732080b052672518ecd8a55865b3.jpg,,train/images/132_spot_jpg.rf.1938732080b052672518ecd8a55865b3__aug4_hflip.png,,0108c3373c47769221015fae22e17d9d5f987dfa3e694b089dbb127c0c053a35,spot,train,train,False,masks/spot/7b95996932e9fedc068e8cc4.png,pending,nonempty,416
SAM3_auto,vflip,False,spot:132_spot_jpg,416,c379a8e4201f638f93fd3f6d,spot_source,/content/drive/MyDrive/LeafData.v1i.yolov11_aug4_20261003_170034/train/images/132_spot_jpg.rf.1938732080b052672518ecd8a55865b3__aug4_vflip.png,,,pending,missing,train/images/132_spot_jpg.rf.1938732080b052672518ecd8a55865b3.jpg,,train/images/132_spot_jpg.rf.1938732080b052672518ecd8a55865b3__aug4_vflip.png,,ffa6c3563591b263d6a5688c18416da6a1580e69783160727cdc0432293aad00,spot,train,train,False,masks/spot/c379a8e4201f638f93fd3f6d.png,pending,nonempty,416
SAM3_auto,original,True,spot:132_spot_jpg,416,b26a6313e3195a6d82e90513,spot_source,/content/drive/MyDrive/LeafData.v1i.yolov11_aug4_20261003_170034/train/images/132_spot_jpg.rf.62fcaf3dded4378a835370de6e4053fd.jpg,,,pending,missing,train/images/132_spot_jpg.rf.62fcaf3dded4378a835370de6e4053fd.jpg,,train/images/132_spot_jpg.rf.62fcaf3dded4378a835370de6e4053fd.jpg,,76075450b0dd8ea2ab9f54a53e7c4b3ec9c905afbf62145a54b055306f84fdd4,spot,train,train,False,masks/spot/b26a6313e3195a6d82e90513.png,pending,nonempty,416
SAM3_auto,brillo112,False,spot:132_spot_jpg,416,6fee3c18a1321431ab6dabb4,spot_source,/content/drive/MyDrive/LeafData.v1i.yolov11_aug4_20261003_170034/train/images/132_spot_jpg.rf.62fcaf3dded4378a835370de6e4053fd__aug4_brillo112.png,,,pending,missing,train/images/132_spot_jpg.rf.62fcaf3dded4378a835370de6e4053fd.jpg,,train/images/132_spot_jpg.rf.62fcaf3dded4378a835370de6e4053fd__aug4_brillo112.png,,8eccf0a48368c5a0b8ae4b6569c05ba7aabfe1e9288d9593a333d1cba52ea68a,spot,train,train,False,masks/spot/6fee3c18a1321431ab6dabb4.png,pending,nonempty,416
SAM3_auto,contraste115,False,spot:132_spot_jpg,416,6683e6e882493daacf66bc2e,spot_source,/content/drive/MyDrive/LeafData.v1i.yolov11_aug4_20261003_170034/train/images/132_spot_jpg.rf.62fcaf3dded4378a835370de6e4053fd__aug4_contraste115.png,,,pending,missing,train/images/132_spot_jpg.rf.62fcaf3dded4378a835370de6e4053fd.jpg,,train/images/132_spot_jpg.rf.62fcaf3dded4378a835370de6e4053fd__aug4_contraste115.png,,e9e338179a9f50ec8668b8f2effcdbe8944514dc22200eab30ae6cf99e992e1e,spot,train,train,False,masks/spot/6683e6e882493daacf66bc2e.png,pending,nonempty,416
SAM3_auto,hflip,False,spot:132_spot_jpg,416,2ba43e9e04d4bc9a1aff0ea3,spot_source,/content/drive/MyDrive/LeafData.v1i.yolov11_aug4_20261003_170034/train/images/132_spot_jpg.rf.62fcaf3dded4378a835370de6e4053fd__aug4_hflip.png,,,pending,missing,train/images/132_spot_jpg.rf.62fcaf3dded4378a835370de6e4053fd.jpg,,train/images/132_spot_jpg.rf.62fcaf3dded4378a835370de6e4053fd__aug4_hflip.png,,744c996edca6db421e0feea7bf90f26aabe93c410786c908daa9986a51783a88,spot,train,train,False,masks/spot/2ba43e9e04d4bc9a1aff0ea3.png,pending,nonempty,416
SAM3_auto,vflip,False,spot:132_spot_jpg,416,0c09ec0c393d5370d520d1d0,spot_source,/content/drive/MyDrive/LeafData.v1i.yolov11_aug4_20261003_170034/train/images/132_spot_jpg.rf.62fcaf3dded4378a835370de6e4053fd__aug4_vflip.png,,,pending,missing,train/images/132_spot_jpg.rf.62fcaf3dded4378a835370de6e4053fd.jpg,,train/images/132_spot_jpg.rf.62fcaf3dded4378a835370de6e4053fd__aug4_vflip.png,,991c4dee650435666f6c8af2d5dbb1fa9016876e9636b51926e14bd172c8789c,spot,train,train,False,masks/spot/0c09ec0c393d5370d520d1d0.png,pending,nonempty,416
SAM3_auto,original,True,spot:132_spot_jpg,416,21641097473ed2b655527b52,spot_source,/content/drive/MyDrive/LeafData.v1i.yolov11_aug4_20261003_170034/train/images/132_spot_jpg.rf.b9234df17e024ee3dee4b1ca4bd70ae0.jpg,,,pending,missing,train/images/132_spot_jpg.rf.b9234df17e024ee3dee4b1ca4bd70ae0.jpg,,train/images/132_spot_jpg.rf.b9234df17e024ee3dee4b1ca4bd70ae0.jpg,,89af87ce8e87bb8d371038a43248367e37831861be3a2d464feb79bc3f160228,spot,train,train,False,masks/spot/21641097473ed2b655527b52.png,pending,nonempty,416
SAM3_auto,brillo112,False,spot:132_spot_jpg,416,54a9ccdbb60110e73a98b65a,spot_source,/content/drive/MyDrive/LeafData.v1i.yolov11_aug4_20261003_170034/train/images/132_spot_jpg.rf.b9234df17e024ee3dee4b1ca4bd70ae0__aug4_brillo112.png,,,pending,missing,train/images/132_spot_jpg.rf.b9234df17e024ee3dee4b1ca4bd70ae0.jpg,,train/images/132_spot_jpg.rf.b9234df17e024ee3dee4b1ca4bd70ae0__aug4_brillo112.png,,b1a2cb17423a03cf8ea26b9808cf20e6d4dce768b1e3b10b8dd3379c095201c7,spot,train,train,False,masks/spot/54a9ccdbb60110e73a98b65a.png,pending,nonempty,416
SAM3_auto,contraste115,False,spot:132_spot_jpg,416,f843003790304c307e456240,spot_source,/content/drive/MyDrive/LeafData.v1i.yolov11_aug4_20261003_170034/train/images/132_spot_jpg.rf.b9234df17e024ee3dee4b1ca4bd70ae0__aug4_contraste115.png,,,pending,missing,train/images/132_spot_jpg.rf.b9234df17e024ee3dee4b1ca4bd70ae0.jpg,,train/images/132_spot_jpg.rf.b9234df17e024ee3dee4b1ca4bd70ae0__aug4_contraste115.png,,b8b2bfdfd71dbb25cf3d7a252144c5b0ae2db6791f80e648df067a90924a2a97,spot,train,train,False,masks/spot/f843003790304c307e456240.png,pending,nonempty,416
SAM3_auto,hflip,False,spot:132_spot_jpg,416,5b653ebbf808df0ae502bb6c,spot_source,/content/drive/MyDrive/LeafData.v1i.yolov11_aug4_20261003_170034/train/images/132_spot_jpg.rf.b9234df17e024ee3dee4b1ca4bd70ae0__aug4_hflip.png,,,pending,missing,train/images/132_spot_jpg.rf.b9234df17e024ee3dee4b1ca4bd70ae0.jpg,,train/images/132_spot_jpg.rf.b9234df17e024ee3dee4b1ca4bd70ae0__aug4_hflip.png,,c1d6c59b9062573684c53738e4fa257bf94a1655f814440cb5ca6eb4d591f2be,spot,train,train,False,masks/spot/5b653ebbf808df0ae502bb6c.png,pending,nonempty,416
SAM3_auto,vflip,False,spot:132_spot_jpg,416,6410ac9702159cf7f9b3eb44,spot_source,/content/drive/MyDrive/LeafData.v1i.yolov11_aug4_20261003_170034/train/images/132_spot_jpg.rf.b9234df17e024ee3dee4b1ca4bd70ae0__aug4_vflip.png,,,pending,missing,train/images/132_spot_jpg.rf.b9234df17e024ee3dee4b1ca4bd70ae0.jpg,,train/images/132_spot_jpg.rf.b9234df17e024ee3dee4b1ca4bd70ae0__aug4_vflip.png,,c0ef5071549f5fdac4778cd45f26f75bc096c15495f8c084a2f637758ca3da3a,spot,train,train,False,masks/spot/6410ac9702159cf7f9b3eb44.png,pending,nonempty,416
SAM3_auto,original,True,spot:133_spot_jpg,416,7ec6f9cb8eb8206966586671,spot_source,/content/drive/MyDrive/LeafData.v1i.yolov11_aug4_20261003_170034/train/images/133_spot_jpg.rf.0d68db4d1caa7ecccf8d73186d532633.jpg,,,pending,missing,train/images/133_spot_jpg.rf.0d68db4d1caa7ecccf8d73186d532633.jpg,,train/images/133_spot_jpg.rf.0d68db4d1caa7ecccf8d73186d532633.jpg,,5ea43bb8f5081c31adea07d595fb32baf61b88f9928eb277982cdf22c91e3211,spot,train,train,False,masks/spot/7ec6f9cb8eb8206966586671.png,pending,nonempty,416
SAM3_auto,brillo112,False,spot:133_spot_jpg,416,e1ff3428b37d8d4cd41da8f0,spot_source,/content/drive/MyDrive/LeafData.v1i.yolov11_aug4_20261003_170034/train/images/133_spot_jpg.rf.0d68db4d1caa7ecccf8d73186d532633__aug4_brillo112.png,,,pending,missing,train/images/133_spot_jpg.rf.0d68db4d1caa7ecccf8d73186d532633.jpg,,train/images/133_spot_jpg.rf.0d68db4d1caa7ecccf8d73186d532633__aug4_brillo112.png,,83ac3631608f767f982c2a2042d71dd5daf1763ab0b73b878ada9fa4f414e258,spot,train,train,False,masks/spot/e1ff3428b37d8d4cd41da8f0.png,pending,nonempty,416
SAM3_auto,contraste115,False,spot:133_spot_jpg,416,13faf56c5172f71767be8442,spot_source,/content/drive/MyDrive/LeafData.v1i.yolov11_aug4_20261003_170034/train/images/133_spot_jpg.rf.0d68db4d1caa7ecccf8d73186d532633__aug4_contraste115.png,,,pending,missing,train/images/133_spot_jpg.rf.0d68db4d1caa7ecccf8d73186d532633.jpg,,train/images/133_spot_jpg.rf.0d68db4d1caa7ecccf8d73186d532633__aug4_contraste115.png,,789437f0985676bc617c239addeb647d72d7070cd8511deba80cc3653192dc03,spot,train,train,False,masks/spot/13faf56c5172f71767be8442.png,pending,nonempty,416
SAM3_auto,hflip,False,spot:133_spot_jpg,416,4e24a5f1bc9db279c41afa3e,spot_source,/content/drive/MyDrive/LeafData.v1i.yolov11_aug4_20261003_170034/train/images/133_spot_jpg.rf.0d68db4d1caa7ecccf8d73186d532633__aug4_hflip.png,,,pending,missing,train/images/133_spot_jpg.rf.0d68db4d1caa7ecccf8d73186d532633.jpg,,train/images/133_spot_jpg.rf.0d68db4d1caa7ecccf8d73186d532633__aug4_hflip.png,,408786c63660f56b311d429032513d9e221985d059d5c2c3e774303c27d455f1,spot,train,train,False,masks/spot/4e24a5f1bc9db279c41afa3e.png,pending,nonempty,416
SAM3_auto,vflip,False,spot:133_spot_jpg,416,09dc1fcf22d0e319b92dc72e,spot_source,/content/drive/MyDrive/LeafData.v1i.yolov11_aug4_20261003_170034/train/images/133_spot_jpg.rf.0d68db4d1caa7ecccf8d73186d532633__aug4_vflip.png,,,pending,missing,train/images/133_spot_jpg.rf.0d68db4d1caa7ecccf8d73186d532633.jpg,,train/images/133_spot_jpg.rf.0d68db4d1caa7ecccf8d73186d532633__aug4_vflip.png,,0f68d7ed64259c8add055e1eac1a209bc15b40af3d0d792bc9af01f527d707e8,spot,train,train,False,masks/spot/09dc1fcf22d0e319b92dc72e.png,pending,nonempty,416
SAM3_auto,original,True,spot:133_spot_jpg,416,c85a3cc72fd2915167984b85,spot_source,/content/drive/MyDrive/LeafData.v1i.yolov11_aug4_20261003_170034/train/images/133_spot_jpg.rf.31338d0f5efd669830780682fe77ad48.jpg,,,pending,missing,train/images/133_spot_jpg.rf.31338d0f5efd669830780682fe77ad48.jpg,,train/images/133_spot_jpg.rf.31338d0f5efd669830780682fe77ad48.jpg,,960d3258c31548074a00bb38f28a0bbaf1c97e85bd5c618b70333838cf912b9a,spot,train,train,False,masks/spot/c85a3cc72fd2915167984b85.png,pending,nonempty,416
SAM3_auto,brillo112,False,spot:133_spot_jpg,416,e74ac0318eafe3e4fbb08720,spot_source,/content/drive/MyDrive/LeafData.v1i.yolov11_aug4_20261003_170034/train/images/133_spot_jpg.rf.31338d0f5efd669830780682fe77ad48__aug4_brillo112.png,,,pending,missing,train/images/133_spot_jpg.rf.31338d0f5efd669830780682fe77ad48.jpg,,train/images/133_spot_jpg.rf.31338d0f5efd669830780682fe77ad48__aug4_brillo112.png,,b163aa61578fc636b52938e60c2d1077c0edd63fbd90f157df5ebde3ccf5b47e,spot,train,train,False,masks/spot/e74ac0318eafe3e4fbb08720.png,pending,nonempty,416
SAM3_auto,contraste115,False,spot:133_spot_jpg,416,333cbc4ba17d4b32a2c0c394,spot_source,/content/drive/MyDrive/LeafData.v1i.yolov11_aug4_20261003_170034/train/images/133_spot_jpg.rf.31338d0f5efd669830780682fe77ad48__aug4_contraste115.png,,,pending,missing,train/images/133_spot_jpg.rf.31338d0f5efd669830780682fe77ad48.jpg,,train/images/133_spot_jpg.rf.31338d0f5efd669830780682fe77ad48__aug4_contraste115.png,,219e8f3050d1dd7bdcadb9cd4ed0282dbafa7a467facb05513d3f462a42e8b6f,spot,train,train,False,masks/spot/333cbc4ba17d4b32a2c0c394.png,pending,nonempty,416
SAM3_auto,hflip,False,spot:133_spot_jpg,416,51a37ba8152faf95fb08164b,spot_source,/content/drive/MyDrive/LeafData.v1i.yolov11_aug4_20261003_170034/train/images/133_spot_jpg.rf.31338d0f5efd669830780682fe77ad48__aug4_hflip.png,,,pending,missing,train/images/133_spot_jpg.rf.31338d0f5efd669830780682fe77ad48.jpg,,train/images/133_spot_jpg.rf.31338d0f5efd669830780682fe77ad48__aug4_hflip.png,,db5bfb9cc1bf92f6da49c07b462b8e7026843b7d8cfcad33b7ecc8462150dfa3,spot,train,train,False,masks/spot/51a37ba8152faf95fb08164b.png,pending,nonempty,416
SAM3_auto,vflip,False,spot:133_spot_jpg,416,cea4b9a9b98f7101202a4916,spot_source,/content/drive/MyDrive/LeafData.v1i.yolov11_aug4_20261003_170034/train/images/133_spot_jpg.rf.31338d0f5efd669830780682fe77ad48__aug4_vflip.png,,,pending,missing,train/images/133_spot_jpg.rf.31338d0f5efd669830780682fe77ad48.jpg,,train/images/133_spot_jpg.rf.31338d0f5efd669830780682fe77ad48__aug4_vflip.png,,3527e0fc47d2a8cf841e0edefe20ffea482d21c0f43d115899393c5ecb78689d,spot,train,train,False,masks/spot/cea4b9a9b98f7101202a4916.png,pending,nonempty,416
SAM3_auto,original,True,spot:133_spot_jpg,416,cfc25cd39dd0bedc88fbcbd0,spot_source,/content/drive/MyDrive/LeafData.v1i.yolov11_aug4_20261003_170034/train/images/133_spot_jpg.rf.b646a16fce4bcd63045fd967dcc4b6b0.jpg,,,pending,missing,train/images/133_spot_jpg.rf.b646a16fce4bcd63045fd967dcc4b6b0.jpg,,train/images/133_spot_jpg.rf.b646a16fce4bcd63045fd967dcc4b6b0.jpg,,5842d28dee8be7c9dbcee9fdeddff2130b72f50783db5417bcbe045d9bd99263,spot,train,train,False,masks/spot/cfc25cd39dd0bedc88fbcbd0.png,pending,nonempty,416
SAM3_auto,brillo112,False,spot:133_spot_jpg,416,b8d03bff7239db36ade4d9e9,spot_source,/content/drive/MyDrive/LeafData.v1i.yolov11_aug4_20261003_170034/train/images/133_spot_jpg.rf.b646a16fce4bcd63045fd967dcc4b6b0__aug4_brillo112.png,,,pending,missing,train/images/133_spot_jpg.rf.b646a16fce4bcd63045fd967dcc4b6b0.jpg,,train/images/133_spot_jpg.rf.b646a16fce4bcd63045fd967dcc4b6b0__aug4_brillo112.png,,856001f06453e0e9456a62d6b7736ad4601eeb268094f1b8d71682a3446a4f36,spot,train,train,False,masks/spot/b8d03bff7239db36ade4d9e9.png,pending,nonempty,416
SAM3_auto,contraste115,False,spot:133_spot_jpg,416,41931f69f19561fd41e01892,spot_source,/content/drive/MyDrive/LeafData.v1i.yolov11_aug4_20261003_170034/train/images/133_spot_jpg.rf.b646a16fce4bcd63045fd967dcc4b6b0__aug4_contraste115.png,,,pending,missing,train/images/133_spot_jpg.rf.b646a16fce4bcd63045fd967dcc4b6b0.jpg,,train/images/133_spot_jpg.rf.b646a16fce4bcd63045fd967dcc4b6b0__aug4_contraste115.png,,de700a59b7fbd3c09dc853f934a7649cb9c969430e2ae53972aea0fa87fee10f,spot,train,train,False,masks/spot/41931f69f19561fd41e01892.png,pending,nonempty,416
SAM3_auto,hflip,False,spot:133_spot_jpg,416,4f5e96de6eab3d779bf99408,spot_source,/content/drive/MyDrive/LeafData.v1i.yolov11_aug4_20261003_170034/train/images/133_spot_jpg.rf.b646a16fce4bcd63045fd967dcc4b6b0__aug4_hflip.png,,,pending,missing,train/images/133_spot_jpg.rf.b646a16fce4bcd63045fd967dcc4b6b0.jpg,,train/images/133_spot_jpg.rf.b646a16fce4bcd63045fd967dcc4b6b0__aug4_hflip.png,,7f32cbe4b7b2ac7f4870b0933ec32b67454fe54a7598a15aa97af6cf68a6b886,spot,train,train,False,masks/spot/4f5e96de6eab3d779bf99408.png,pending,nonempty,416
SAM3_auto,vflip,False,spot:133_spot_jpg,416,355b3e8d92ffebafafec0da5,spot_source,/content/drive/MyDrive/LeafData.v1i.yolov11_aug4_20261003_170034/train/images/133_spot_jpg.rf.b646a16fce4bcd63045fd967dcc4b6b0__aug4_vflip.png,,,pending,missing,train/images/133_spot_jpg.rf.b646a16fce4bcd63045fd967dcc4b6b0.jpg,,train/images/133_spot_jpg.rf.b646a16fce4bcd63045fd967dcc4b6b0__aug4_vflip.png,,a4a2dfd084af211756b7853c6130425cdc0b652bf391ddd074f78f4950df7e14,spot,train,train,False,masks/spot/355b3e8d92ffebafafec0da5.png,pending,nonempty,416
SAM3_auto,original,True,spot:134_spot_jpg,416,9637bf4313742132fbe68943,spot_source,/content/drive/MyDrive/LeafData.v1i.yolov11_aug4_20261003_170034/train/images/134_spot_jpg.rf.143db264236a8f31258b447e9353d18a.jpg,,,pending,missing,train/images/134_spot_jpg.rf.143db264236a8f31258b447e9353d18a.jpg,,train/images/134_spot_jpg.rf.143db264236a8f31258b447e9353d18a.jpg,,f573f8ccdc3a9624b5274cec77a8695b6ac26ebf0703f9916640950e07c02c84,spot,train,train,False,masks/spot/9637bf4313742132fbe68943.png,pending,nonempty,416
SAM3_auto,brillo112,False,spot:134_spot_jpg,416,39f0219cbaea7ee5f6854b60,spot_source,/content/drive/MyDrive/LeafData.v1i.yolov11_aug4_20261003_170034/train/images/134_spot_jpg.rf.143db264236a8f31258b447e9353d18a__aug4_brillo112.png,,,pending,missing,train/images/134_spot_jpg.rf.143db264236a8f31258b447e9353d18a.jpg,,train/images/134_spot_jpg.rf.143db264236a8f31258b447e9353d18a__aug4_brillo112.png,,a095184f0a832f8ad278b561002fc5be6e9fd076d8793a6b9d409325bd748c98,spot,train,train,False,masks/spot/39f0219cbaea7ee5f6854b60.png,pending,nonempty,416
SAM3_auto,contraste115,False,spot:134_spot_jpg,416,1aac533a5385428d341430b4,spot_source,/content/drive/MyDrive/LeafData.v1i.yolov11_aug4_20261003_170034/train/images/134_spot_jpg.rf.143db264236a8f31258b447e9353d18a__aug4_contraste115.png,,,pending,missing,train/images/134_spot_jpg.rf.143db264236a8f31258b447e9353d18a.jpg,,train/images/134_spot_jpg.rf.143db264236a8f31258b447e9353d18a__aug4_contraste115.png,,9522cfb0f365e7fff28bf0f3484cc789e3b9bd3ae4ce3347f974282293959a60,spot,train,train,False,masks/spot/1aac533a5385428d341430b4.png,pending,nonempty,416
SAM3_auto,hflip,False,spot:134_spot_jpg,416,9f3642cd9d355127995668a5,spot_source,/content/drive/MyDrive/LeafData.v1i.yolov11_aug4_20261003_170034/train/images/134_spot_jpg.rf.143db264236a8f31258b447e9353d18a__aug4_hflip.png,,,pending,missing,train/images/134_spot_jpg.rf.143db264236a8f31258b447e9353d18a.jpg,,train/images/134_spot_jpg.rf.143db264236a8f31258b447e9353d18a__aug4_hflip.png,,0c9a50cdc9755b2d060009097f57a25e9727ddb7007242c18ca904f536d290ba,spot,train,train,False,masks/spot/9f3642cd9d355127995668a5.png,pending,nonempty,416
SAM3_auto,vflip,False,spot:134_spot_jpg,416,a62f8d7c1493cda14be56ce2,spot_source,/content/drive/MyDrive/LeafData.v1i.yolov11_aug4_20261003_170034/train/images/134_spot_jpg.rf.143db264236a8f31258b447e9353d18a__aug4_vflip.png,,,pending,missing,train/images/134_spot_jpg.rf.143db264236a8f31258b447e9353d18a.jpg,,train/images/134_spot_jpg.rf.143db264236a8f31258b447e9353d18a__aug4_vflip.png,,523c96b5a7287f872b6add24b726a944df3ce783453ef436aa714f2113dfbae2,spot,train,train,False,masks/spot/a62f8d7c1493cda14be56ce2.png,pending,nonempty,416
SAM3_auto,original,True,spot:134_spot_jpg,416,f9be85df4dbc5d178ef328cc,spot_source,/content/drive/MyDrive/LeafData.v1i.yolov11_aug4_20261003_170034/train/images/134_spot_jpg.rf.317da39aadffae25e82517b9bb6a9a46.jpg,,,pending,missing,train/images/134_spot_jpg.rf.317da39aadffae25e82517b9bb6a9a46.jpg,,train/images/134_spot_jpg.rf.317da39aadffae25e82517b9bb6a9a46.jpg,,f5a3e76d482e673c31eda6828a392bbed9034dfca2c2d49ddd8feb7ae2000fab,spot,train,train,False,masks/spot/f9be85df4dbc5d178ef328cc.png,pending,nonempty,416
SAM3_auto,brillo112,False,spot:134_spot_jpg,416,ae788e745d0c31f711d2d703,spot_source,/content/drive/MyDrive/LeafData.v1i.yolov11_aug4_20261003_170034/train/images/134_spot_jpg.rf.317da39aadffae25e82517b9bb6a9a46__aug4_brillo112.png,,,pending,missing,train/images/134_spot_jpg.rf.317da39aadffae25e82517b9bb6a9a46.jpg,,train/images/134_spot_jpg.rf.317da39aadffae25e82517b9bb6a9a46__aug4_brillo112.png,,c679c2d417fd01bb088b234b645933475a7e046252567781b0de76326b6c9f87,spot,train,train,False,masks/spot/ae788e745d0c31f711d2d703.png,pending,nonempty,416
SAM3_auto,contraste115,False,spot:134_spot_jpg,416,8ebf0dcdf0ad04ad3f6fdd6b,spot_source,/content/drive/MyDrive/LeafData.v1i.yolov11_aug4_20261003_170034/train/images/134_spot_jpg.rf.317da39aadffae25e82517b9bb6a9a46__aug4_contraste115.png,,,pending,missing,train/images/134_spot_jpg.rf.317da39aadffae25e82517b9bb6a9a46.jpg,,train/images/134_spot_jpg.rf.317da39aadffae25e82517b9bb6a9a46__aug4_contraste115.png,,23ef7493d5c0e2cba548425e60a8d6d85447084106202d932b15419ef9885b1c,spot,train,train,False,masks/spot/8ebf0dcdf0ad04ad3f6fdd6b.png,pending,nonempty,416
SAM3_auto,hflip,False,spot:134_spot_jpg,416,b2f285e208d68417e2bc7315,spot_source,/content/drive/MyDrive/LeafData.v1i.yolov11_aug4_20261003_170034/train/images/134_spot_jpg.rf.317da39aadffae25e82517b9bb6a9a46__aug4_hflip.png,,,pending,missing,train/images/134_spot_jpg.rf.317da39aadffae25e82517b9bb6a9a46.jpg,,train/images/134_spot_jpg.rf.317da39aadffae25e82517b9bb6a9a46__aug4_hflip.png,,f813b8084e346637b3cf179f0ad83ff8d4b4a8c32d989e9daa183f74a6673a71,spot,train,train,False,masks/spot/b2f285e208d68417e2bc7315.png,pending,nonempty,416
SAM3_auto,vflip,False,spot:134_spot_jpg,416,756976cac5e75dac7704e6fb,spot_source,/content/drive/MyDrive/LeafData.v1i.yolov11_aug4_20261003_170034/train/images/134_spot_jpg.rf.317da39aadffae25e82517b9bb6a9a46__aug4_vflip.png,,,pending,missing,train/images/134_spot_jpg.rf.317da39aadffae25e82517b9bb6a9a46.jpg,,train/images/134_spot_jpg.rf.317da39aadffae25e82517b9bb6a9a46__aug4_vflip.png,,5dde64a7b5c70184cc8d1094edd67dc0b824e6283cf814f6ae3417ef2f3abee0,spot,train,train,False,masks/spot/756976cac5e75dac7704e6fb.png,pending,nonempty,416
SAM3_auto,original,True,spot:134_spot_jpg,416,f22ba0a0861096380eb32324,spot_source,/content/drive/MyDrive/LeafData.v1i.yolov11_aug4_20261003_170034/train/images/134_spot_jpg.rf.59dfad395fbbdd62c13f09cd249389ef.jpg,,,pending,missing,train/images/134_spot_jpg.rf.59dfad395fbbdd62c13f09cd249389ef.jpg,,train/images/134_spot_jpg.rf.59dfad395fbbdd62c13f09cd249389ef.jpg,,aacf605c8d092e4c0b4f5c8b0fcf7dbec86c1ac1874e9c0468e6b9565b506d87,spot,train,train,False,masks/spot/f22ba0a0861096380eb32324.png,pending,nonempty,416
SAM3_auto,brillo112,False,spot:134_spot_jpg,416,813b193524a8105340ee22a6,spot_source,/content/drive/MyDrive/LeafData.v1i.yolov11_aug4_20261003_170034/train/images/134_spot_jpg.rf.59dfad395fbbdd62c13f09cd249389ef__aug4_brillo112.png,,,pending,missing,train/images/134_spot_jpg.rf.59dfad395fbbdd62c13f09cd249389ef.jpg,,train/images/134_spot_jpg.rf.59dfad395fbbdd62c13f09cd249389ef__aug4_brillo112.png,,0c3b7c0d6d923de42635dbb8846400df682f379329f3817a31f66664fe722bf0,spot,train,train,False,masks/spot/813b193524a8105340ee22a6.png,pending,nonempty,416
SAM3_auto,contraste115,False,spot:134_spot_jpg,416,c1da3ebc8b3b7cc3cf4491db,spot_source,/content/drive/MyDrive/LeafData.v1i.yolov11_aug4_20261003_170034/train/images/134_spot_jpg.rf.59dfad395fbbdd62c13f09cd249389ef__aug4_contraste115.png,,,pending,missing,train/images/134_spot_jpg.rf.59dfad395fbbdd62c13f09cd249389ef.jpg,,train/images/134_spot_jpg.rf.59dfad395fbbdd62c13f09cd249389ef__aug4_contraste115.png,,622b855f284b5bffe525e111582e6c5b7d021d3bc901c92b89ea0110c039d429,spot,train,train,False,masks/spot/c1da3ebc8b3b7cc3cf4491db.png,pending,nonempty,416
SAM3_auto,hflip,False,spot:134_spot_jpg,416,28568ecd0fe96d267505d91a,spot_source,/content/drive/MyDrive/LeafData.v1i.yolov11_aug4_20261003_170034/train/images/134_spot_jpg.rf.59dfad395fbbdd62c13f09cd249389ef__aug4_hflip.png,,,pending,missing,train/images/134_spot_jpg.rf.59dfad395fbbdd62c13f09cd249389ef.jpg,,train/images/134_spot_jpg.rf.59dfad395fbbdd62c13f09cd249389ef__aug4_hflip.png,,fd86933909ea4d0be6705547f6015156a3074cbaa297be5d9139695951a2f50d,spot,train,train,False,masks/spot/28568ecd0fe96d267505d91a.png,pending,nonempty,416
SAM3_auto,vflip,False,spot:134_spot_jpg,416,87d0155a0fd25db9aaa8384a,spot_source,/content/drive/MyDrive/LeafData.v1i.yolov11_aug4_20261003_170034/train/images/134_spot_jpg.rf.59dfad395fbbdd62c13f09cd249389ef__aug4_vflip.png,,,pending,missing,train/images/134_spot_jpg.rf.59dfad395fbbdd62c13f09cd249389ef.jpg,,train/images/134_spot_jpg.rf.59dfad395fbbdd62c13f09cd249389ef__aug4_vflip.png,,ec8a09eda19b990caea04f93d69bcb0933c8d177bc24732c77e0516cffe25345,spot,train,train,False,masks/spot/87d0155a0fd25db9aaa8384a.png,pending,nonempty,416
SAM3_auto,original,True,spot:135_spot_jpg,416,7ec16928205811beadf53776,spot_source,/content/drive/MyDrive/LeafData.v1i.yolov11_aug4_20261003_170034/train/images/135_spot_jpg.rf.3a5be2aef165d6eef5afc6dea89bc42e.jpg,,,pending,missing,train/images/135_spot_jpg.rf.3a5be2aef165d6eef5afc6dea89bc42e.jpg,,train/images/135_spot_jpg.rf.3a5be2aef165d6eef5afc6dea89bc42e.jpg,,8a30429f4dd6999cc1510f9b44f78a524d7dc398c27c0532b73455692ea2e346,spot,train,train,False,masks/spot/7ec16928205811beadf53776.png,pending,nonempty,416
SAM3_auto,brillo112,False,spot:135_spot_jpg,416,dfc20e93989d3e83872a75c8,spot_source,/content/drive/MyDrive/LeafData.v1i.yolov11_aug4_20261003_170034/train/images/135_spot_jpg.rf.3a5be2aef165d6eef5afc6dea89bc42e__aug4_brillo112.png,,,pending,missing,train/images/135_spot_jpg.rf.3a5be2aef165d6eef5afc6dea89bc42e.jpg,,train/images/135_spot_jpg.rf.3a5be2aef165d6eef5afc6dea89bc42e__aug4_brillo112.png,,964c26505f3a1ca218ab22fba8a3221200072e35309d618e8d9a7de998a0c3ef,spot,train,train,False,masks/spot/dfc20e93989d3e83872a75c8.png,pending,nonempty,416
SAM3_auto,contraste115,False,spot:135_spot_jpg,416,b930ea804bb95aafebc0fb1c,spot_source,/content/drive/MyDrive/LeafData.v1i.yolov11_aug4_20261003_170034/train/images/135_spot_jpg.rf.3a5be2aef165d6eef5afc6dea89bc42e__aug4_contraste115.png,,,pending,missing,train/images/135_spot_jpg.rf.3a5be2aef165d6eef5afc6dea89bc42e.jpg,,train/images/135_spot_jpg.rf.3a5be2aef165d6eef5afc6dea89bc42e__aug4_contraste115.png,,a87c7916bb7e8c073866b1345f69edb53e674f75e9e308aa002e975367f7d42a,spot,train,train,False,masks/spot/b930ea804bb95aafebc0fb1c.png,pending,nonempty,416
SAM3_auto,hflip,False,spot:135_spot_jpg,416,c74b617e3c3ec77b87d53537,spot_source,/content/drive/MyDrive/LeafData.v1i.yolov11_aug4_20261003_170034/train/images/135_spot_jpg.rf.3a5be2aef165d6eef5afc6dea89bc42e__aug4_hflip.png,,,pending,missing,train/images/135_spot_jpg.rf.3a5be2aef165d6eef5afc6dea89bc42e.jpg,,train/images/135_spot_jpg.rf.3a5be2aef165d6eef5afc6dea89bc42e__aug4_hflip.png,,42b1198b423a2220b16c206c768286323881c7c3a8f3babed7324f099d3eb639,spot,train,train,False,masks/spot/c74b617e3c3ec77b87d53537.png,pending,nonempty,416
SAM3_auto,vflip,False,spot:135_spot_jpg,416,35b821f0e57446c58f7d3a30,spot_source,/content/drive/MyDrive/LeafData.v1i.yolov11_aug4_20261003_170034/train/images/135_spot_jpg.rf.3a5be2aef165d6eef5afc6dea89bc42e__aug4_vflip.png,,,pending,missing,train/images/135_spot_jpg.rf.3a5be2aef165d6eef5afc6dea89bc42e.jpg,,train/images/135_spot_jpg.rf.3a5be2aef165d6eef5afc6dea89bc42e__aug4_vflip.png,,9150babf2c106cb4f64f545278c3fcbb5c17b0beaef14b19a3af06253d4ea963,spot,train,train,False,masks/spot/35b821f0e57446c58f7d3a30.png,pending,nonempty,416
SAM3_auto,original,True,spot:135_spot_jpg,416,f09933eebf7472a090e7143e,spot_source,/content/drive/MyDrive/LeafData.v1i.yolov11_aug4_20261003_170034/train/images/135_spot_jpg.rf.3db3330f0eb372cb204a8e64fd8aef6e.jpg,,,pending,missing,train/images/135_spot_jpg.rf.3db3330f0eb372cb204a8e64fd8aef6e.jpg,,train/images/135_spot_jpg.rf.3db3330f0eb372cb204a8e64fd8aef6e.jpg,,111513c82be784d4ae21a4576cd8d75c67c8758ccbffc00a393f21fe608e579b,spot,train,train,False,masks/spot/f09933eebf7472a090e7143e.png,pending,nonempty,416
SAM3_auto,brillo112,False,spot:135_spot_jpg,416,563c1f76cb232c6f85e54883,spot_source,/content/drive/MyDrive/LeafData.v1i.yolov11_aug4_20261003_170034/train/images/135_spot_jpg.rf.3db3330f0eb372cb204a8e64fd8aef6e__aug4_brillo112.png,,,pending,missing,train/images/135_spot_jpg.rf.3db3330f0eb372cb204a8e64fd8aef6e.jpg,,train/images/135_spot_jpg.rf.3db3330f0eb372cb204a8e64fd8aef6e__aug4_brillo112.png,,cefd4656086deec2eab6adc03cebe166c70b94277288a06358b0bf9e8a8d5b9f,spot,train,train,False,masks/spot/563c1f76cb232c6f85e54883.png,pending,nonempty,416
SAM3_auto,contraste115,False,spot:135_spot_jpg,416,14ab8097fc693146f253bf14,spot_source,/content/drive/MyDrive/LeafData.v1i.yolov11_aug4_20261003_170034/train/images/135_spot_jpg.rf.3db3330f0eb372cb204a8e64fd8aef6e__aug4_contraste115.png,,,pending,missing,train/images/135_spot_jpg.rf.3db3330f0eb372cb204a8e64fd8aef6e.jpg,,train/images/135_spot_jpg.rf.3db3330f0eb372cb204a8e64fd8aef6e__aug4_contraste115.png,,aac44efec179fb777cfb4f22fba03ead89357271b22ae56d57443fa7f1684ce1,spot,train,train,False,masks/spot/14ab8097fc693146f253bf14.png,pending,nonempty,416
SAM3_auto,hflip,False,spot:135_spot_jpg,416,0d978c6cb05b2cfd4174bb23,spot_source,/content/drive/MyDrive/LeafData.v1i.yolov11_aug4_20261003_170034/train/images/135_spot_jpg.rf.3db3330f0eb372cb204a8e64fd8aef6e__aug4_hflip.png,,,pending,missing,train/images/135_spot_jpg.rf.3db3330f0eb372cb204a8e64fd8aef6e.jpg,,train/images/135_spot_jpg.rf.3db3330f0eb372cb204a8e64fd8aef6e__aug4_hflip.png,,115c837c64758669392d185c8e8cdb163e90454b71aa98fec25f42c9474e7c06,spot,train,train,False,masks/spot/0d978c6cb05b2cfd4174bb23.png,pending,nonempty,416
SAM3_auto,vflip,False,spot:135_spot_jpg,416,0f559fe2e116ec8b99383254,spot_source,/content/drive/MyDrive/LeafData.v1i.yolov11_aug4_20261003_170034/train/images/135_spot_jpg.rf.3db3330f0eb372cb204a8e64fd8aef6e__aug4_vflip.png,,,pending,missing,train/images/135_spot_jpg.rf.3db3330f0eb372cb204a8e64fd8aef6e.jpg,,train/images/135_spot_jpg.rf.3db3330f0eb372cb204a8e64fd8aef6e__aug4_vflip.png,,c960c2d413f9128a557f32035f14c40af41a58c4d4f05ebb30e8b15eec743b21,spot,train,train,False,masks/spot/0f559fe2e116ec8b99383254.png,pending,nonempty,416
SAM3_auto,original,True,spot:135_spot_jpg,416,89a40fcbb64fc9839732fa46,spot_source,/content/drive/MyDrive/LeafData.v1i.yolov11_aug4_20261003_170034/train/images/135_spot_jpg.rf.a8d4633bc4036ab274163e7df707f56d.jpg,,,pending,missing,train/images/135_spot_jpg.rf.a8d4633bc4036ab274163e7df707f56d.jpg,,train/images/135_spot_jpg.rf.a8d4633bc4036ab274163e7df707f56d.jpg,,1ef96bf155a5797032ed2a00dc3b62f81cee552091ad90fbc8b0882fc0123bf6,spot,train,train,False,masks/spot/89a40fcbb64fc9839732fa46.png,pending,nonempty,416
SAM3_auto,brillo112,False,spot:135_spot_jpg,416,9b6f47d952424a1495e6a982,spot_source,/content/drive/MyDrive/LeafData.v1i.yolov11_aug4_20261003_170034/train/images/135_spot_jpg.rf.a8d4633bc4036ab274163e7df707f56d__aug4_brillo112.png,,,pending,missing,train/images/135_spot_jpg.rf.a8d4633bc4036ab274163e7df707f56d.jpg,,train/images/135_spot_jpg.rf.a8d4633bc4036ab274163e7df707f56d__aug4_brillo112.png,,44709515e5bbb77abb75d8c38930c7f0e10e9dc6ef970db26c43f14c2cd2d68b,spot,train,train,False,masks/spot/9b6f47d952424a1495e6a982.png,pending,nonempty,416
SAM3_auto,contraste115,False,spot:135_spot_jpg,416,41e37e932eceeb143472672a,spot_source,/content/drive/MyDrive/LeafData.v1i.yolov11_aug4_20261003_170034/train/images/135_spot_jpg.rf.a8d4633bc4036ab274163e7df707f56d__aug4_contraste115.png,,,pending,missing,train/images/135_spot_jpg.rf.a8d4633bc4036ab274163e7df707f56d.jpg,,train/images/135_spot_jpg.rf.a8d4633bc4036ab274163e7df707f56d__aug4_contraste115.png,,6d2f5663b93168f549a24167a974ef6107f7a1f7acc86055a01d6c4f36bfc649,spot,train,train,False,masks/spot/41e37e932eceeb143472672a.png,pending,nonempty,416
SAM3_auto,hflip,False,spot:135_spot_jpg,416,13b09e155d91c2802c9cb241,spot_source,/content/drive/MyDrive/LeafData.v1i.yolov11_aug4_20261003_170034/train/images/135_spot_jpg.rf.a8d4633bc4036ab274163e7df707f56d__aug4_hflip.png,,,pending,missing,train/images/135_spot_jpg.rf.a8d4633bc4036ab274163e7df707f56d.jpg,,train/images/135_spot_jpg.rf.a8d4633bc4036ab274163e7df707f56d__aug4_hflip.png,,b716c4c2186ace1e8ac5fe8c4677a01e2478c701b224546d49725e9dfbdce489,spot,train,train,False,masks/spot/13b09e155d91c2802c9cb241.png,pending,nonempty,416
SAM3_auto,vflip,False,spot:135_spot_jpg,416,e504aeb4779cc1a69de4085a,spot_source,/content/drive/MyDrive/LeafData.v1i.yolov11_aug4_20261003_170034/train/images/135_spot_jpg.rf.a8d4633bc4036ab274163e7df707f56d__aug4_vflip.png,,,pending,missing,train/images/135_spot_jpg.rf.a8d4633bc4036ab274163e7df707f56d.jpg,,train/images/135_spot_jpg.rf.a8d4633bc4036ab274163e7df707f56d__aug4_vflip.png,,d4bf34b5512a1c38ca80d512fcbddfb7f3898b68d30ad3869739a6e3869e5eb9,spot,train,train,False,masks/spot/e504aeb4779cc1a69de4085a.png,pending,nonempty,416
SAM3_auto,original,True,spot:136_spot_jpg,416,e0a7409c42887bc32879642f,spot_source,/content/drive/MyDrive/LeafData.v1i.yolov11_aug4_20261003_170034/train/images/136_spot_jpg.rf.09a8fac4976606d9b23bc6d2dc84ef70.jpg,,,pending,missing,train/images/136_spot_jpg.rf.09a8fac4976606d9b23bc6d2dc84ef70.jpg,,train/images/136_spot_jpg.rf.09a8fac4976606d9b23bc6d2dc84ef70.jpg,,060f88e2024475a922fa13f50da9aecce419b55c043ddf817949f9279b6b189d,spot,train,train,False,masks/spot/e0a7409c42887bc32879642f.png,pending,nonempty,416
SAM3_auto,brillo112,False,spot:136_spot_jpg,416,b1b5bc8b55a693d4d2f4665e,spot_source,/content/drive/MyDrive/LeafData.v1i.yolov11_aug4_20261003_170034/train/images/136_spot_jpg.rf.09a8fac4976606d9b23bc6d2dc84ef70__aug4_brillo112.png,,,pending,missing,train/images/136_spot_jpg.rf.09a8fac4976606d9b23bc6d2dc84ef70.jpg,,train/images/136_spot_jpg.rf.09a8fac4976606d9b23bc6d2dc84ef70__aug4_brillo112.png,,0c4e9bd316e8c75d988ed864d68e91252e997bb6bcca02933d0b5c3d1bd6638b,spot,train,train,False,masks/spot/b1b5bc8b55a693d4d2f4665e.png,pending,nonempty,416
SAM3_auto,contraste115,False,spot:136_spot_jpg,416,96551fe144b34c087dace9bb,spot_source,/content/drive/MyDrive/LeafData.v1i.yolov11_aug4_20261003_170034/train/images/136_spot_jpg.rf.09a8fac4976606d9b23bc6d2dc84ef70__aug4_contraste115.png,,,pending,missing,train/images/136_spot_jpg.rf.09a8fac4976606d9b23bc6d2dc84ef70.jpg,,train/images/136_spot_jpg.rf.09a8fac4976606d9b23bc6d2dc84ef70__aug4_contraste115.png,,f96178d3bd6e1376acb2b0c5f434b5b14f8398aa11f7a6454f7a0d4cb1c2a181,spot,train,train,False,masks/spot/96551fe144b34c087dace9bb.png,pending,nonempty,416
SAM3_auto,hflip,False,spot:136_spot_jpg,416,1e8cad77300440a137e7524b,spot_source,/content/drive/MyDrive/LeafData.v1i.yolov11_aug4_20261003_170034/train/images/136_spot_jpg.rf.09a8fac4976606d9b23bc6d2dc84ef70__aug4_hflip.png,,,pending,missing,train/images/136_spot_jpg.rf.09a8fac4976606d9b23bc6d2dc84ef70.jpg,,train/images/136_spot_jpg.rf.09a8fac4976606d9b23bc6d2dc84ef70__aug4_hflip.png,,457c1aeaa7e88f2b0a27510464adc73064bfd523347744ecf3a35471991583e8,spot,train,train,False,masks/spot/1e8cad77300440a137e7524b.png,pending,nonempty,416
SAM3_auto,vflip,False,spot:136_spot_jpg,416,3cb2289291349204989da5a4,spot_source,/content/drive/MyDrive/LeafData.v1i.yolov11_aug4_20261003_170034/train/images/136_spot_jpg.rf.09a8fac4976606d9b23bc6d2dc84ef70__aug4_vflip.png,,,pending,missing,train/images/136_spot_jpg.rf.09a8fac4976606d9b23bc6d2dc84ef70.jpg,,train/images/136_spot_jpg.rf.09a8fac4976606d9b23bc6d2dc84ef70__aug4_vflip.png,,5f39ffc4de71ee38b6f949277cbfd1832bd28eefc7cb5601fbf05c4e4c191c7f,spot,train,train,False,masks/spot/3cb2289291349204989da5a4.png,pending,nonempty,416
SAM3_auto,original,True,spot:136_spot_jpg,416,85ca0b508146024b36244725,spot_source,/content/drive/MyDrive/LeafData.v1i.yolov11_aug4_20261003_170034/train/images/136_spot_jpg.rf.3efc78c9024c4f90f4f0736f03919fb5.jpg,,,pending,missing,train/images/136_spot_jpg.rf.3efc78c9024c4f90f4f0736f03919fb5.jpg,,train/images/136_spot_jpg.rf.3efc78c9024c4f90f4f0736f03919fb5.jpg,,f0b53f00baee4334aa1f02e050a0d56efd075301cdd590632af5f9a11010c8d7,spot,train,train,False,masks/spot/85ca0b508146024b36244725.png,pending,nonempty,416
SAM3_auto,brillo112,False,spot:136_spot_jpg,416,48231052eb52db55af6fcbc0,spot_source,/content/drive/MyDrive/LeafData.v1i.yolov11_aug4_20261003_170034/train/images/136_spot_jpg.rf.3efc78c9024c4f90f4f0736f03919fb5__aug4_brillo112.png,,,pending,missing,train/images/136_spot_jpg.rf.3efc78c9024c4f90f4f0736f03919fb5.jpg,,train/images/136_spot_jpg.rf.3efc78c9024c4f90f4f0736f03919fb5__aug4_brillo112.png,,576c1dba9102047673564b9a82cbfa311b2c06dc02419c2e461e6661b7b32c02,spot,train,train,False,masks/spot/48231052eb52db55af6fcbc0.png,pending,nonempty,416
SAM3_auto,contraste115,False,spot:136_spot_jpg,416,c91f409d19523e35f4585fdf,spot_source,/content/drive/MyDrive/LeafData.v1i.yolov11_aug4_20261003_170034/train/images/136_spot_jpg.rf.3efc78c9024c4f90f4f0736f03919fb5__aug4_contraste115.png,,,pending,missing,train/images/136_spot_jpg.rf.3efc78c9024c4f90f4f0736f03919fb5.jpg,,train/images/136_spot_jpg.rf.3efc78c9024c4f90f4f0736f03919fb5__aug4_contraste115.png,,918d07271b5620da5d8f50d79b36f6e3c2ac3dcd8acea1409f4d70efa8b7726b,spot,train,train,False,masks/spot/c91f409d19523e35f4585fdf.png,pending,nonempty,416
SAM3_auto,hflip,False,spot:136_spot_jpg,416,63e15e9a856ec1b7e6e2d01f,spot_source,/content/drive/MyDrive/LeafData.v1i.yolov11_aug4_20261003_170034/train/images/136_spot_jpg.rf.3efc78c9024c4f90f4f0736f03919fb5__aug4_hflip.png,,,pending,missing,train/images/136_spot_jpg.rf.3efc78c9024c4f90f4f0736f03919fb5.jpg,,train/images/136_spot_jpg.rf.3efc78c9024c4f90f4f0736f03919fb5__aug4_hflip.png,,a01392a1c51b88dc0962a4e5d0641a567930f923715bd967eb0db38726c71342,spot,train,train,False,masks/spot/63e15e9a856ec1b7e6e2d01f.png,pending,nonempty,416
SAM3_auto,vflip,False,spot:136_spot_jpg,416,fcb6f4a884a181c0a8941ea6,spot_source,/content/drive/MyDrive/LeafData.v1i.yolov11_aug4_20261003_170034/train/images/136_spot_jpg.rf.3efc78c9024c4f90f4f0736f03919fb5__aug4_vflip.png,,,pending,missing,train/images/136_spot_jpg.rf.3efc78c9024c4f90f4f0736f03919fb5.jpg,,train/images/136_spot_jpg.rf.3efc78c9024c4f90f4f0736f03919fb5__aug4_vflip.png,,263ba3df91bb7aa44cb43e19df9c455fe690537cbca84d9cf6706caaebcf52c1,spot,train,train,False,masks/spot/fcb6f4a884a181c0a8941ea6.png,pending,nonempty,416
SAM3_auto,original,True,spot:136_spot_jpg,416,b8754cf7428481fb42471a3f,spot_source,/content/drive/MyDrive/LeafData.v1i.yolov11_aug4_20261003_170034/train/images/136_spot_jpg.rf.8d247995563301645189146f97996182.jpg,,,pending,missing,train/images/136_spot_jpg.rf.8d247995563301645189146f97996182.jpg,,train/images/136_spot_jpg.rf.8d247995563301645189146f97996182.jpg,,e09e8bd81e2921450842de91747a291860a294d1b67bedb2bff2e4459173f251,spot,train,train,False,masks/spot/b8754cf7428481fb42471a3f.png,pending,nonempty,416
SAM3_auto,brillo112,False,spot:136_spot_jpg,416,1ebd1d3b5a027f4dfa98da10,spot_source,/content/drive/MyDrive/LeafData.v1i.yolov11_aug4_20261003_170034/train/images/136_spot_jpg.rf.8d247995563301645189146f97996182__aug4_brillo112.png,,,pending,missing,train/images/136_spot_jpg.rf.8d247995563301645189146f97996182.jpg,,train/images/136_spot_jpg.rf.8d247995563301645189146f97996182__aug4_brillo112.png,,1b0078b49cb5b2cef385e7d35bd669087213d3c914faed3eb1f363260adf7316,spot,train,train,False,masks/spot/1ebd1d3b5a027f4dfa98da10.png,pending,nonempty,416
SAM3_auto,contraste115,False,spot:136_spot_jpg,416,364605f49d73fd60896b3686,spot_source,/content/drive/MyDrive/LeafData.v1i.yolov11_aug4_20261003_170034/train/images/136_spot_jpg.rf.8d247995563301645189146f97996182__aug4_contraste115.png,,,pending,missing,train/images/136_spot_jpg.rf.8d247995563301645189146f97996182.jpg,,train/images/136_spot_jpg.rf.8d247995563301645189146f97996182__aug4_contraste115.png,,efe564f6db747b007dec0187ee548780ab254dc2a48fdc30de6acd5f7ec1438d,spot,train,train,False,masks/spot/364605f49d73fd60896b3686.png,pending,nonempty,416
SAM3_auto,hflip,False,spot:136_spot_jpg,416,5f30b78ed620c4b0a1cf67ab,spot_source,/content/drive/MyDrive/LeafData.v1i.yolov11_aug4_20261003_170034/train/images/136_spot_jpg.rf.8d247995563301645189146f97996182__aug4_hflip.png,,,pending,missing,train/images/136_spot_jpg.rf.8d247995563301645189146f97996182.jpg,,train/images/136_spot_jpg.rf.8d247995563301645189146f97996182__aug4_hflip.png,,7344d6fcfe9631241198607f79351e79e9de0bb30eda8e1951e7145fd7721cad,spot,train,train,False,masks/spot/5f30b78ed620c4b0a1cf67ab.png,pending,nonempty,416
SAM3_auto,vflip,False,spot:136_spot_jpg,416,9d1b31e584035873f46255ae,spot_source,/content/drive/MyDrive/LeafData.v1i.yolov11_aug4_20261003_170034/train/images/136_spot_jpg.rf.8d247995563301645189146f97996182__aug4_vflip.png,,,pending,missing,train/images/136_spot_jpg.rf.8d247995563301645189146f97996182.jpg,,train/images/136_spot_jpg.rf.8d247995563301645189146f97996182__aug4_vflip.png,,110d2e5346744f595012f69b35718e37c1ff252b8dad0fbee3947e48d05ceb1b,spot,train,train,False,masks/spot/9d1b31e584035873f46255ae.png,pending,nonempty,416
SAM3_auto,original,True,spot:137_spot_jpg,416,1d7f63db5d150fb5470ab26b,spot_source,/content/drive/MyDrive/LeafData.v1i.yolov11_aug4_20261003_170034/train/images/137_spot_jpg.rf.5ecd2431b9265f18c1a4f676020b4867.jpg,,,pending,missing,train/images/137_spot_jpg.rf.5ecd2431b9265f18c1a4f676020b4867.jpg,,train/images/137_spot_jpg.rf.5ecd2431b9265f18c1a4f676020b4867.jpg,,05db64939662300da8a36094f2acda14057ba5333980806d4c09072165567e85,spot,train,train,False,masks/spot/1d7f63db5d150fb5470ab26b.png,pending,nonempty,416
SAM3_auto,brillo112,False,spot:137_spot_jpg,416,8f14416fdcb84e1fae3ce306,spot_source,/content/drive/MyDrive/LeafData.v1i.yolov11_aug4_20261003_170034/train/images/137_spot_jpg.rf.5ecd2431b9265f18c1a4f676020b4867__aug4_brillo112.png,,,pending,missing,train/images/137_spot_jpg.rf.5ecd2431b9265f18c1a4f676020b4867.jpg,,train/images/137_spot_jpg.rf.5ecd2431b9265f18c1a4f676020b4867__aug4_brillo112.png,,c108144b23217a7a634c457cddf2e8308a11ad0e21f3d92db67da6f0b1b775e6,spot,train,train,False,masks/spot/8f14416fdcb84e1fae3ce306.png,pending,nonempty,416
SAM3_auto,contraste115,False,spot:137_spot_jpg,416,0daac0bb6b457b0462960d5c,spot_source,/content/drive/MyDrive/LeafData.v1i.yolov11_aug4_20261003_170034/train/images/137_spot_jpg.rf.5ecd2431b9265f18c1a4f676020b4867__aug4_contraste115.png,,,pending,missing,train/images/137_spot_jpg.rf.5ecd2431b9265f18c1a4f676020b4867.jpg,,train/images/137_spot_jpg.rf.5ecd2431b9265f18c1a4f676020b4867__aug4_contraste115.png,,d056e8d1bf6fca007633cda3b4c7cfb84713d3c9022aaa85092df988678c6f09,spot,train,train,False,masks/spot/0daac0bb6b457b0462960d5c.png,pending,nonempty,416
SAM3_auto,hflip,False,spot:137_spot_jpg,416,2fe6ebbba75a30724e61eede,spot_source,/content/drive/MyDrive/LeafData.v1i.yolov11_aug4_20261003_170034/train/images/137_spot_jpg.rf.5ecd2431b9265f18c1a4f676020b4867__aug4_hflip.png,,,pending,missing,train/images/137_spot_jpg.rf.5ecd2431b9265f18c1a4f676020b4867.jpg,,train/images/137_spot_jpg.rf.5ecd2431b9265f18c1a4f676020b4867__aug4_hflip.png,,a21ea931072701bd6b13d835328c8b5b279fab22260771bcbeecb2c73d6a235a,spot,train,train,False,masks/spot/2fe6ebbba75a30724e61eede.png,pending,nonempty,416
SAM3_auto,vflip,False,spot:137_spot_jpg,416,2ae2dbc1cc21d02000927bfa,spot_source,/content/drive/MyDrive/LeafData.v1i.yolov11_aug4_20261003_170034/train/images/137_spot_jpg.rf.5ecd2431b9265f18c1a4f676020b4867__aug4_vflip.png,,,pending,missing,train/images/137_spot_jpg.rf.5ecd2431b9265f18c1a4f676020b4867.jpg,,train/images/137_spot_jpg.rf.5ecd2431b9265f18c1a4f676020b4867__aug4_vflip.png,,752c4ae67552ac71ee362ab818232e7596ea401a61575bb5786acc14449fc952,spot,train,train,False,masks/spot/2ae2dbc1cc21d02000927bfa.png,pending,nonempty,416
SAM3_auto,original,True,spot:137_spot_jpg,416,b0308adee580a61af4835c1e,spot_source,/content/drive/MyDrive/LeafData.v1i.yolov11_aug4_20261003_170034/train/images/137_spot_jpg.rf.816922cfb1db9ed3ffc4ce9dc4a056de.jpg,,,pending,missing,train/images/137_spot_jpg.rf.816922cfb1db9ed3ffc4ce9dc4a056de.jpg,,train/images/137_spot_jpg.rf.816922cfb1db9ed3ffc4ce9dc4a056de.jpg,,6e22493e4174ee3672efe33c3a8bef6469bde3e4b9709b07afe86a0f0c851665,spot,train,train,False,masks/spot/b0308adee580a61af4835c1e.png,pending,nonempty,416
SAM3_auto,brillo112,False,spot:137_spot_jpg,416,f82477e75e9be56b6498244a,spot_source,/content/drive/MyDrive/LeafData.v1i.yolov11_aug4_20261003_170034/train/images/137_spot_jpg.rf.816922cfb1db9ed3ffc4ce9dc4a056de__aug4_brillo112.png,,,pending,missing,train/images/137_spot_jpg.rf.816922cfb1db9ed3ffc4ce9dc4a056de.jpg,,train/images/137_spot_jpg.rf.816922cfb1db9ed3ffc4ce9dc4a056de__aug4_brillo112.png,,92f87451871c3bfc8aa1c01db8f0593864a83e43037cf8af2fbbf76e7d91e14b,spot,train,train,False,masks/spot/f82477e75e9be56b6498244a.png,pending,nonempty,416
SAM3_auto,contraste115,False,spot:137_spot_jpg,416,f01d706145c65c8d85c1b318,spot_source,/content/drive/MyDrive/LeafData.v1i.yolov11_aug4_20261003_170034/train/images/137_spot_jpg.rf.816922cfb1db9ed3ffc4ce9dc4a056de__aug4_contraste115.png,,,pending,missing,train/images/137_spot_jpg.rf.816922cfb1db9ed3ffc4ce9dc4a056de.jpg,,train/images/137_spot_jpg.rf.816922cfb1db9ed3ffc4ce9dc4a056de__aug4_contraste115.png,,242411f17310fe3284dd8d5b0a56fee61d94fbfcb8e6449138046f24608db5c4,spot,train,train,False,masks/spot/f01d706145c65c8d85c1b318.png,pending,nonempty,416
SAM3_auto,hflip,False,spot:137_spot_jpg,416,43884089a980796e0b3c0216,spot_source,/content/drive/MyDrive/LeafData.v1i.yolov11_aug4_20261003_170034/train/images/137_spot_jpg.rf.816922cfb1db9ed3ffc4ce9dc4a056de__aug4_hflip.png,,,pending,missing,train/images/137_spot_jpg.rf.816922cfb1db9ed3ffc4ce9dc4a056de.jpg,,train/images/137_spot_jpg.rf.816922cfb1db9ed3ffc4ce9dc4a056de__aug4_hflip.png,,6451f61d9fc345ba419ab67af5f61dee39490bd989fdd106e1a4b45880d0392b,spot,train,train,False,masks/spot/43884089a980796e0b3c0216.png,pending,nonempty,416
SAM3_auto,vflip,False,spot:137_spot_jpg,416,62ab76c241b966fd46232df2,spot_source,/content/drive/MyDrive/LeafData.v1i.yolov11_aug4_20261003_170034/train/images/137_spot_jpg.rf.816922cfb1db9ed3ffc4ce9dc4a056de__aug4_vflip.png,,,pending,missing,train/images/137_spot_jpg.rf.816922cfb1db9ed3ffc4ce9dc4a056de.jpg,,train/images/137_spot_jpg.rf.816922cfb1db9ed3ffc4ce9dc4a056de__aug4_vflip.png,,ea19d349428c3de10a3d5439c0167c16b6ebdb25afafe3ac45edce7bc1769527,spot,train,train,False,masks/spot/62ab76c241b966fd46232df2.png,pending,nonempty,416
SAM3_auto,original,True,spot:137_spot_jpg,416,e23cfb8490968ac832ad8a78,spot_source,/content/drive/MyDrive/LeafData.v1i.yolov11_aug4_20261003_170034/train/images/137_spot_jpg.rf.c9649be3aa75b552f40fc5bd599cbb68.jpg,,,pending,missing,train/images/137_spot_jpg.rf.c9649be3aa75b552f40fc5bd599cbb68.jpg,,train/images/137_spot_jpg.rf.c9649be3aa75b552f40fc5bd599cbb68.jpg,,44686565b080fa883702bff57ecc71150926b521a45e4a95e068ef41a06dabf5,spot,train,train,False,masks/spot/e23cfb8490968ac832ad8a78.png,pending,nonempty,416
SAM3_auto,brillo112,False,spot:137_spot_jpg,416,c8fb1b0063a3cb639855259f,spot_source,/content/drive/MyDrive/LeafData.v1i.yolov11_aug4_20261003_170034/train/images/137_spot_jpg.rf.c9649be3aa75b552f40fc5bd599cbb68__aug4_brillo112.png,,,pending,missing,train/images/137_spot_jpg.rf.c9649be3aa75b552f40fc5bd599cbb68.jpg,,train/images/137_spot_jpg.rf.c9649be3aa75b552f40fc5bd599cbb68__aug4_brillo112.png,,1776336e51a0c945cb4b8ef2ff755bbdec96a521bf7ecd97c10616d60e91c929,spot,train,train,False,masks/spot/c8fb1b0063a3cb639855259f.png,pending,nonempty,416
SAM3_auto,contraste115,False,spot:137_spot_jpg,416,e6be54bed9b67f2413fb3634,spot_source,/content/drive/MyDrive/LeafData.v1i.yolov11_aug4_20261003_170034/train/images/137_spot_jpg.rf.c9649be3aa75b552f40fc5bd599cbb68__aug4_contraste115.png,,,pending,missing,train/images/137_spot_jpg.rf.c9649be3aa75b552f40fc5bd599cbb68.jpg,,train/images/137_spot_jpg.rf.c9649be3aa75b552f40fc5bd599cbb68__aug4_contraste115.png,,c9674c9bc35f2fb1045baf0b50989939da8dd63927cb6a928017e2df046cc589,spot,train,train,False,masks/spot/e6be54bed9b67f2413fb3634.png,pending,nonempty,416
SAM3_auto,hflip,False,spot:137_spot_jpg,416,c53cbef04d91548ef9583d88,spot_source,/content/drive/MyDrive/LeafData.v1i.yolov11_aug4_20261003_170034/train/images/137_spot_jpg.rf.c9649be3aa75b552f40fc5bd599cbb68__aug4_hflip.png,,,pending,missing,train/images/137_spot_jpg.rf.c9649be3aa75b552f40fc5bd599cbb68.jpg,,train/images/137_spot_jpg.rf.c9649be3aa75b552f40fc5bd599cbb68__aug4_hflip.png,,1d37c91875236a1be1a41f9933caf91be6a77f8996f85fbb4d8cd6664b911a02,spot,train,train,False,masks/spot/c53cbef04d91548ef9583d88.png,pending,nonempty,416
SAM3_auto,vflip,False,spot:137_spot_jpg,416,b8de426f9afb1c677a8b1df3,spot_source,/content/drive/MyDrive/LeafData.v1i.yolov11_aug4_20261003_170034/train/images/137_spot_jpg.rf.c9649be3aa75b552f40fc5bd599cbb68__aug4_vflip.png,,,pending,missing,train/images/137_spot_jpg.rf.c9649be3aa75b552f40fc5bd599cbb68.jpg,,train/images/137_spot_jpg.rf.c9649be3aa75b552f40fc5bd599cbb68__aug4_vflip.png,,73bef59d884be0c31b603a7948827c4abb0236c2109bacf5dd8ead00fef41bca,spot,train,train,False,masks/spot/b8de426f9afb1c677a8b1df3.png,pending,nonempty,416
SAM3_auto,original,True,spot:138_spot_jpg,416,e3b93df371a443a9d0fd890b,spot_source,/content/drive/MyDrive/LeafData.v1i.yolov11_aug4_20261003_170034/train/images/138_spot_jpg.rf.794b4f4d2936087b2ba94dafd7de0a9e.jpg,,,pending,missing,train/images/138_spot_jpg.rf.794b4f4d2936087b2ba94dafd7de0a9e.jpg,,train/images/138_spot_jpg.rf.794b4f4d2936087b2ba94dafd7de0a9e.jpg,,d047124f3035305ef1a75036b27b167fde6c4c642f895feaa6f982f5972c1298,spot,train,train,False,masks/spot/e3b93df371a443a9d0fd890b.png,pending,nonempty,416
SAM3_auto,brillo112,False,spot:138_spot_jpg,416,940f0d173718e03834fc7f02,spot_source,/content/drive/MyDrive/LeafData.v1i.yolov11_aug4_20261003_170034/train/images/138_spot_jpg.rf.794b4f4d2936087b2ba94dafd7de0a9e__aug4_brillo112.png,,,pending,missing,train/images/138_spot_jpg.rf.794b4f4d2936087b2ba94dafd7de0a9e.jpg,,train/images/138_spot_jpg.rf.794b4f4d2936087b2ba94dafd7de0a9e__aug4_brillo112.png,,cb75ef8dfddb14547424d3fd1bf7125cdf2b13b94a6f2cfcd6edc7568e4151ef,spot,train,train,False,masks/spot/940f0d173718e03834fc7f02.png,pending,nonempty,416
SAM3_auto,contraste115,False,spot:138_spot_jpg,416,92e227e20e034bbb103e626f,spot_source,/content/drive/MyDrive/LeafData.v1i.yolov11_aug4_20261003_170034/train/images/138_spot_jpg.rf.794b4f4d2936087b2ba94dafd7de0a9e__aug4_contraste115.png,,,pending,missing,train/images/138_spot_jpg.rf.794b4f4d2936087b2ba94dafd7de0a9e.jpg,,train/images/138_spot_jpg.rf.794b4f4d2936087b2ba94dafd7de0a9e__aug4_contraste115.png,,1ffe69fa243b3cda9cf11ea330811a69f79eded8b917d63c5e66806f0d4c1f00,spot,train,train,False,masks/spot/92e227e20e034bbb103e626f.png,pending,nonempty,416
SAM3_auto,hflip,False,spot:138_spot_jpg,416,a65f5ccb6b7f8c619a5d78da,spot_source,/content/drive/MyDrive/LeafData.v1i.yolov11_aug4_20261003_170034/train/images/138_spot_jpg.rf.794b4f4d2936087b2ba94dafd7de0a9e__aug4_hflip.png,,,pending,missing,train/images/138_spot_jpg.rf.794b4f4d2936087b2ba94dafd7de0a9e.jpg,,train/images/138_spot_jpg.rf.794b4f4d2936087b2ba94dafd7de0a9e__aug4_hflip.png,,32ddd6835546a98a5e0a4cfd8f6f8e638370b10fe52b5dc4709135fd75983b74,spot,train,train,False,masks/spot/a65f5ccb6b7f8c619a5d78da.png,pending,nonempty,416
SAM3_auto,vflip,False,spot:138_spot_jpg,416,66ebe21f82ae80aeb73a839a,spot_source,/content/drive/MyDrive/LeafData.v1i.yolov11_aug4_20261003_170034/train/images/138_spot_jpg.rf.794b4f4d2936087b2ba94dafd7de0a9e__aug4_vflip.png,,,pending,missing,train/images/138_spot_jpg.rf.794b4f4d2936087b2ba94dafd7de0a9e.jpg,,train/images/138_spot_jpg.rf.794b4f4d2936087b2ba94dafd7de0a9e__aug4_vflip.png,,62cfab204df4038e8416124e6d5bce80f34822efd6ecf8aa7774a9c224129a3b,spot,train,train,False,masks/spot/66ebe21f82ae80aeb73a839a.png,pending,nonempty,416
SAM3_auto,original,True,spot:138_spot_jpg,416,a99d49dc431ffcc8e8071a6a,spot_source,/content/drive/MyDrive/LeafData.v1i.yolov11_aug4_20261003_170034/train/images/138_spot_jpg.rf.879c700ef63017a52da035e69530a71f.jpg,,,pending,missing,train/images/138_spot_jpg.rf.879c700ef63017a52da035e69530a71f.jpg,,train/images/138_spot_jpg.rf.879c700ef63017a52da035e69530a71f.jpg,,ee6fb5f5b94f52ede5d63d6cf6f540c0dbcb8055ddd61109d9011613566053d5,spot,train,train,False,masks/spot/a99d49dc431ffcc8e8071a6a.png,pending,nonempty,416
SAM3_auto,brillo112,False,spot:138_spot_jpg,416,28832e3700e174101b7939d1,spot_source,/content/drive/MyDrive/LeafData.v1i.yolov11_aug4_20261003_170034/train/images/138_spot_jpg.rf.879c700ef63017a52da035e69530a71f__aug4_brillo112.png,,,pending,missing,train/images/138_spot_jpg.rf.879c700ef63017a52da035e69530a71f.jpg,,train/images/138_spot_jpg.rf.879c700ef63017a52da035e69530a71f__aug4_brillo112.png,,5c4aed0e5daa951f0605fe55c5a70161572cf003b9c264ca2d450fc763561fe7,spot,train,train,False,masks/spot/28832e3700e174101b7939d1.png,pending,nonempty,416
SAM3_auto,contraste115,False,spot:138_spot_jpg,416,bafc2c1f763a526b88a455ce,spot_source,/content/drive/MyDrive/LeafData.v1i.yolov11_aug4_20261003_170034/train/images/138_spot_jpg.rf.879c700ef63017a52da035e69530a71f__aug4_contraste115.png,,,pending,missing,train/images/138_spot_jpg.rf.879c700ef63017a52da035e69530a71f.jpg,,train/images/138_spot_jpg.rf.879c700ef63017a52da035e69530a71f__aug4_contraste115.png,,2d4cacaea290b9049867cf2558bb51f1e9b62f32d7945a05840b129e89e2493c,spot,train,train,False,masks/spot/bafc2c1f763a526b88a455ce.png,pending,nonempty,416
SAM3_auto,hflip,False,spot:138_spot_jpg,416,43f13f192b632616bf9a323a,spot_source,/content/drive/MyDrive/LeafData.v1i.yolov11_aug4_20261003_170034/train/images/138_spot_jpg.rf.879c700ef63017a52da035e69530a71f__aug4_hflip.png,,,pending,missing,train/images/138_spot_jpg.rf.879c700ef63017a52da035e69530a71f.jpg,,train/images/138_spot_jpg.rf.879c700ef63017a52da035e69530a71f__aug4_hflip.png,,8ddfe10b3e45711fb15cf7cae3fdafb56f4ab9843fc2b2c1c33c40b76bcc3e82,spot,train,train,False,masks/spot/43f13f192b632616bf9a323a.png,pending,nonempty,416
SAM3_auto,vflip,False,spot:138_spot_jpg,416,88ce9d97cf12ce4a46bd4b17,spot_source,/content/drive/MyDrive/LeafData.v1i.yolov11_aug4_20261003_170034/train/images/138_spot_jpg.rf.879c700ef63017a52da035e69530a71f__aug4_vflip.png,,,pending,missing,train/images/138_spot_jpg.rf.879c700ef63017a52da035e69530a71f.jpg,,train/images/138_spot_jpg.rf.879c700ef63017a52da035e69530a71f__aug4_vflip.png,,a94de67b3c74e9391e31f411a82f78012d6d34fc74acf13e92b326fb8c5e7f6b,spot,train,train,False,masks/spot/88ce9d97cf12ce4a46bd4b17.png,pending,nonempty,416
SAM3_auto,original,True,spot:138_spot_jpg,416,ee9e3f03753722c9ea495ff8,spot_source,/content/drive/MyDrive/LeafData.v1i.yolov11_aug4_20261003_170034/train/images/138_spot_jpg.rf.f0f77b71a6a291248b0554844790f47c.jpg,,,pending,missing,train/images/138_spot_jpg.rf.f0f77b71a6a291248b0554844790f47c.jpg,,train/images/138_spot_jpg.rf.f0f77b71a6a291248b0554844790f47c.jpg,,8bcfbdab0aaa974262ed180fdd9091d29e3091a3ca1b421cb402478daa68a7be,spot,train,train,False,masks/spot/ee9e3f03753722c9ea495ff8.png,pending,nonempty,416
SAM3_auto,brillo112,False,spot:138_spot_jpg,416,75d5e7d63d1c707dfb95ac90,spot_source,/content/drive/MyDrive/LeafData.v1i.yolov11_aug4_20261003_170034/train/images/138_spot_jpg.rf.f0f77b71a6a291248b0554844790f47c__aug4_brillo112.png,,,pending,missing,train/images/138_spot_jpg.rf.f0f77b71a6a291248b0554844790f47c.jpg,,train/images/138_spot_jpg.rf.f0f77b71a6a291248b0554844790f47c__aug4_brillo112.png,,1fbccba11c9e7b612096f584d5db141c54455a5d8090cd1dc8bc7368518f4ceb,spot,train,train,False,masks/spot/75d5e7d63d1c707dfb95ac90.png,pending,nonempty,416
SAM3_auto,contraste115,False,spot:138_spot_jpg,416,386bbec13f5d7ffd1c2fd503,spot_source,/content/drive/MyDrive/LeafData.v1i.yolov11_aug4_20261003_170034/train/images/138_spot_jpg.rf.f0f77b71a6a291248b0554844790f47c__aug4_contraste115.png,,,pending,missing,train/images/138_spot_jpg.rf.f0f77b71a6a291248b0554844790f47c.jpg,,train/images/138_spot_jpg.rf.f0f77b71a6a291248b0554844790f47c__aug4_contraste115.png,,0066369b0b6ab42b0d47970b408c0fe0907a195d14857258622ae10ae73f0b2c,spot,train,train,False,masks/spot/386bbec13f5d7ffd1c2fd503.png,pending,nonempty,416
SAM3_auto,hflip,False,spot:138_spot_jpg,416,ea67704bfbde475fa2505357,spot_source,/content/drive/MyDrive/LeafData.v1i.yolov11_aug4_20261003_170034/train/images/138_spot_jpg.rf.f0f77b71a6a291248b0554844790f47c__aug4_hflip.png,,,pending,missing,train/images/138_spot_jpg.rf.f0f77b71a6a291248b0554844790f47c.jpg,,train/images/138_spot_jpg.rf.f0f77b71a6a291248b0554844790f47c__aug4_hflip.png,,c2a531b61ce6fcf82d10a0287200845b0ed9282cbb7d9f3e2a0866c481701c38,spot,train,train,False,masks/spot/ea67704bfbde475fa2505357.png,pending,nonempty,416
SAM3_auto,vflip,False,spot:138_spot_jpg,416,de0220d208ffbdc7d95a0e7c,spot_source,/content/drive/MyDrive/LeafData.v1i.yolov11_aug4_20261003_170034/train/images/138_spot_jpg.rf.f0f77b71a6a291248b0554844790f47c__aug4_vflip.png,,,pending,missing,train/images/138_spot_jpg.rf.f0f77b71a6a291248b0554844790f47c.jpg,,train/images/138_spot_jpg.rf.f0f77b71a6a291248b0554844790f47c__aug4_vflip.png,,9e55f7ade5974bf0011fc3f8ba86cf3ce5c37c14b69aa6319b5bfd89ba937518,spot,train,train,False,masks/spot/de0220d208ffbdc7d95a0e7c.png,pending,nonempty,416
SAM3_auto,original,True,spot:139_spot_jpg,416,a0afce83b8337616e2522943,spot_source,/content/drive/MyDrive/LeafData.v1i.yolov11_aug4_20261003_170034/train/images/139_spot_jpg.rf.5fd24bd943102c94b3c5c81af886977f.jpg,,,pending,missing,train/images/139_spot_jpg.rf.5fd24bd943102c94b3c5c81af886977f.jpg,,train/images/139_spot_jpg.rf.5fd24bd943102c94b3c5c81af886977f.jpg,,242b7dace824de73af54eb27fd566c07d53681d882403d834e31701790b69142,spot,train,train,False,masks/spot/a0afce83b8337616e2522943.png,pending,nonempty,416
SAM3_auto,brillo112,False,spot:139_spot_jpg,416,1934bd9122d211abfa21fe2a,spot_source,/content/drive/MyDrive/LeafData.v1i.yolov11_aug4_20261003_170034/train/images/139_spot_jpg.rf.5fd24bd943102c94b3c5c81af886977f__aug4_brillo112.png,,,pending,missing,train/images/139_spot_jpg.rf.5fd24bd943102c94b3c5c81af886977f.jpg,,train/images/139_spot_jpg.rf.5fd24bd943102c94b3c5c81af886977f__aug4_brillo112.png,,4fd5764059136d12a8ab038555a20f9762dfec45f454467f1f15e1afe62af2e4,spot,train,train,False,masks/spot/1934bd9122d211abfa21fe2a.png,pending,nonempty,416
SAM3_auto,contraste115,False,spot:139_spot_jpg,416,9d08d99add5e524ff446dc8e,spot_source,/content/drive/MyDrive/LeafData.v1i.yolov11_aug4_20261003_170034/train/images/139_spot_jpg.rf.5fd24bd943102c94b3c5c81af886977f__aug4_contraste115.png,,,pending,missing,train/images/139_spot_jpg.rf.5fd24bd943102c94b3c5c81af886977f.jpg,,train/images/139_spot_jpg.rf.5fd24bd943102c94b3c5c81af886977f__aug4_contraste115.png,,11d31fe29295a5e9eefbf8c6e6be923863806810f582951d9b0379d9a0332048,spot,train,train,False,masks/spot/9d08d99add5e524ff446dc8e.png,pending,nonempty,416
SAM3_auto,hflip,False,spot:139_spot_jpg,416,bb8a17a82c88c493387e9edd,spot_source,/content/drive/MyDrive/LeafData.v1i.yolov11_aug4_20261003_170034/train/images/139_spot_jpg.rf.5fd24bd943102c94b3c5c81af886977f__aug4_hflip.png,,,pending,missing,train/images/139_spot_jpg.rf.5fd24bd943102c94b3c5c81af886977f.jpg,,train/images/139_spot_jpg.rf.5fd24bd943102c94b3c5c81af886977f__aug4_hflip.png,,0625daf3c15dfff2b99f3bae0b2efde3bba9077fca9cdb73981309ce45144a8b,spot,train,train,False,masks/spot/bb8a17a82c88c493387e9edd.png,pending,nonempty,416
SAM3_auto,vflip,False,spot:139_spot_jpg,416,d23ff4e6eaf2e4ab2d58bc10,spot_source,/content/drive/MyDrive/LeafData.v1i.yolov11_aug4_20261003_170034/train/images/139_spot_jpg.rf.5fd24bd943102c94b3c5c81af886977f__aug4_vflip.png,,,pending,missing,train/images/139_spot_jpg.rf.5fd24bd943102c94b3c5c81af886977f.jpg,,train/images/139_spot_jpg.rf.5fd24bd943102c94b3c5c81af886977f__aug4_vflip.png,,aaab9105fb63cf089fe0610bbfe59a5c1b4eb5b2d67a1c6a20bb22505c429739,spot,train,train,False,masks/spot/d23ff4e6eaf2e4ab2d58bc10.png,pending,nonempty,416
SAM3_auto,original,True,spot:139_spot_jpg,416,d82f882bd5b6b837ff570f71,spot_source,/content/drive/MyDrive/LeafData.v1i.yolov11_aug4_20261003_170034/train/images/139_spot_jpg.rf.9450458b1adfb9f9c539b5dc02390a74.jpg,,,pending,missing,train/images/139_spot_jpg.rf.9450458b1adfb9f9c539b5dc02390a74.jpg,,train/images/139_spot_jpg.rf.9450458b1adfb9f9c539b5dc02390a74.jpg,,d409da9c90baae56d9f9df857a91d142cbffaa4f546452260688a6a2fc88d6fa,spot,train,train,False,masks/spot/d82f882bd5b6b837ff570f71.png,pending,nonempty,416
SAM3_auto,brillo112,False,spot:139_spot_jpg,416,c1b8644ce7d46aa9cc93cd96,spot_source,/content/drive/MyDrive/LeafData.v1i.yolov11_aug4_20261003_170034/train/images/139_spot_jpg.rf.9450458b1adfb9f9c539b5dc02390a74__aug4_brillo112.png,,,pending,missing,train/images/139_spot_jpg.rf.9450458b1adfb9f9c539b5dc02390a74.jpg,,train/images/139_spot_jpg.rf.9450458b1adfb9f9c539b5dc02390a74__aug4_brillo112.png,,3c8d23a5f4816688773a0907c8f9815d1577a600401860d1356d666b4a86d18e,spot,train,train,False,masks/spot/c1b8644ce7d46aa9cc93cd96.png,pending,nonempty,416
SAM3_auto,contraste115,False,spot:139_spot_jpg,416,48b22e92d53de42365e688f5,spot_source,/content/drive/MyDrive/LeafData.v1i.yolov11_aug4_20261003_170034/train/images/139_spot_jpg.rf.9450458b1adfb9f9c539b5dc02390a74__aug4_contraste115.png,,,pending,missing,train/images/139_spot_jpg.rf.9450458b1adfb9f9c539b5dc02390a74.jpg,,train/images/139_spot_jpg.rf.9450458b1adfb9f9c539b5dc02390a74__aug4_contraste115.png,,7b64e4950ab3f9ef584699feef4102474fe51f7a2b49f71085bb221fd4ffd4cc,spot,train,train,False,masks/spot/48b22e92d53de42365e688f5.png,pending,nonempty,416
SAM3_auto,hflip,False,spot:139_spot_jpg,416,9d630632d016003ea1005304,spot_source,/content/drive/MyDrive/LeafData.v1i.yolov11_aug4_20261003_170034/train/images/139_spot_jpg.rf.9450458b1adfb9f9c539b5dc02390a74__aug4_hflip.png,,,pending,missing,train/images/139_spot_jpg.rf.9450458b1adfb9f9c539b5dc02390a74.jpg,,train/images/139_spot_jpg.rf.9450458b1adfb9f9c539b5dc02390a74__aug4_hflip.png,,a159034e4b9c538b7bc7b13bc100f115d0bffcd012aadced0064a3af2949b194,spot,train,train,False,masks/spot/9d630632d016003ea1005304.png,pending,nonempty,416
SAM3_auto,vflip,False,spot:139_spot_jpg,416,560c364f54b30c76f7476ec0,spot_source,/content/drive/MyDrive/LeafData.v1i.yolov11_aug4_20261003_170034/train/images/139_spot_jpg.rf.9450458b1adfb9f9c539b5dc02390a74__aug4_vflip.png,,,pending,missing,train/images/139_spot_jpg.rf.9450458b1adfb9f9c539b5dc02390a74.jpg,,train/images/139_spot_jpg.rf.9450458b1adfb9f9c539b5dc02390a74__aug4_vflip.png,,9626d8021cd66bfd12b18b2463170f376c244f23e1011f018d57da7495e23ce3,spot,train,train,False,masks/spot/560c364f54b30c76f7476ec0.png,pending,nonempty,416
SAM3_auto,original,True,spot:139_spot_jpg,416,c9cf2fbae564c862582e277d,spot_source,/content/drive/MyDrive/LeafData.v1i.yolov11_aug4_20261003_170034/train/images/139_spot_jpg.rf.c7cab695f3de9be9562800456fb26300.jpg,,,pending,missing,train/images/139_spot_jpg.rf.c7cab695f3de9be9562800456fb26300.jpg,,train/images/139_spot_jpg.rf.c7cab695f3de9be9562800456fb26300.jpg,,fa9d0c40f8b9a6e54085fdb2d63ce2d455378fd5c9320a0116d26b9f89312655,spot,train,train,False,masks/spot/c9cf2fbae564c862582e277d.png,pending,nonempty,416
SAM3_auto,brillo112,False,spot:139_spot_jpg,416,0cd05fedd60417404580f2ab,spot_source,/content/drive/MyDrive/LeafData.v1i.yolov11_aug4_20261003_170034/train/images/139_spot_jpg.rf.c7cab695f3de9be9562800456fb26300__aug4_brillo112.png,,,pending,missing,train/images/139_spot_jpg.rf.c7cab695f3de9be9562800456fb26300.jpg,,train/images/139_spot_jpg.rf.c7cab695f3de9be9562800456fb26300__aug4_brillo112.png,,01b614f519a6e61445fce4198f9c33195ba1e970f6a2b7e75526ac2b3c8fa928,spot,train,train,False,masks/spot/0cd05fedd60417404580f2ab.png,pending,nonempty,416
SAM3_auto,contraste115,False,spot:139_spot_jpg,416,d8815feb332cad1a8dee8d99,spot_source,/content/drive/MyDrive/LeafData.v1i.yolov11_aug4_20261003_170034/train/images/139_spot_jpg.rf.c7cab695f3de9be9562800456fb26300__aug4_contraste115.png,,,pending,missing,train/images/139_spot_jpg.rf.c7cab695f3de9be9562800456fb26300.jpg,,train/images/139_spot_jpg.rf.c7cab695f3de9be9562800456fb26300__aug4_contraste115.png,,631ad8d57d09dfff7678fa304e1d0e112d55fce2e5d3d63eac9e64844a37e437,spot,train,train,False,masks/spot/d8815feb332cad1a8dee8d99.png,pending,nonempty,416
SAM3_auto,hflip,False,spot:139_spot_jpg,416,329e9e6ec74079f91d504df4,spot_source,/content/drive/MyDrive/LeafData.v1i.yolov11_aug4_20261003_170034/train/images/139_spot_jpg.rf.c7cab695f3de9be9562800456fb26300__aug4_hflip.png,,,pending,missing,train/images/139_spot_jpg.rf.c7cab695f3de9be9562800456fb26300.jpg,,train/images/139_spot_jpg.rf.c7cab695f3de9be9562800456fb26300__aug4_hflip.png,,e80cbe959f1e89a666c867bd017dd0066977a6cfb2a9b18d98db3fe0a841452f,spot,train,train,False,masks/spot/329e9e6ec74079f91d504df4.png,pending,nonempty,416
SAM3_auto,vflip,False,spot:139_spot_jpg,416,921749c8abed9b5c59b4d097,spot_source,/content/drive/MyDrive/LeafData.v1i.yolov11_aug4_20261003_170034/train/images/139_spot_jpg.rf.c7cab695f3de9be9562800456fb26300__aug4_vflip.png,,,pending,missing,train/images/139_spot_jpg.rf.c7cab695f3de9be9562800456fb26300.jpg,,train/images/139_spot_jpg.rf.c7cab695f3de9be9562800456fb26300__aug4_vflip.png,,59c0af2451b21ca95f5260fd4f73b696f3ec090725573dcc30d216bd10ad9f96,spot,train,train,False,masks/spot/921749c8abed9b5c59b4d097.png,pending,nonempty,416
SAM3_auto,original,True,spot:13_spot_jpg,416,b4a090d1d02cd9f04c0773f9,spot_source,/content/drive/MyDrive/LeafData.v1i.yolov11_aug4_20261003_170034/train/images/13_spot_jpg.rf.94ede967327d9bdeea188068a3339da8.jpg,,,pending,missing,train/images/13_spot_jpg.rf.94ede967327d9bdeea188068a3339da8.jpg,,train/images/13_spot_jpg.rf.94ede967327d9bdeea188068a3339da8.jpg,,50d3c633f1d21fd5c8d4c3d8e60079005415588007392d8243b4021730e407de,spot,train,train,False,masks/spot/b4a090d1d02cd9f04c0773f9.png,pending,nonempty,416
SAM3_auto,brillo112,False,spot:13_spot_jpg,416,71abe8aa626c7fe3ae8e4a91,spot_source,/content/drive/MyDrive/LeafData.v1i.yolov11_aug4_20261003_170034/train/images/13_spot_jpg.rf.94ede967327d9bdeea188068a3339da8__aug4_brillo112.png,,,pending,missing,train/images/13_spot_jpg.rf.94ede967327d9bdeea188068a3339da8.jpg,,train/images/13_spot_jpg.rf.94ede967327d9bdeea188068a3339da8__aug4_brillo112.png,,b7d23000573bc8dad6b7ccd79a2ef11f9d4a790aa98ac3dd1f882894ec23d7d2,spot,train,train,False,masks/spot/71abe8aa626c7fe3ae8e4a91.png,pending,nonempty,416
SAM3_auto,contraste115,False,spot:13_spot_jpg,416,6541739efb571653ffe6e481,spot_source,/content/drive/MyDrive/LeafData.v1i.yolov11_aug4_20261003_170034/train/images/13_spot_jpg.rf.94ede967327d9bdeea188068a3339da8__aug4_contraste115.png,,,pending,missing,train/images/13_spot_jpg.rf.94ede967327d9bdeea188068a3339da8.jpg,,train/images/13_spot_jpg.rf.94ede967327d9bdeea188068a3339da8__aug4_contraste115.png,,863666d62c23eb38514c6483361ceed5b6984f1584ae84afb6394219ce3c8974,spot,train,train,False,masks/spot/6541739efb571653ffe6e481.png,pending,nonempty,416
SAM3_auto,hflip,False,spot:13_spot_jpg,416,b6844178bce33efe230fad73,spot_source,/content/drive/MyDrive/LeafData.v1i.yolov11_aug4_20261003_170034/train/images/13_spot_jpg.rf.94ede967327d9bdeea188068a3339da8__aug4_hflip.png,,,pending,missing,train/images/13_spot_jpg.rf.94ede967327d9bdeea188068a3339da8.jpg,,train/images/13_spot_jpg.rf.94ede967327d9bdeea188068a3339da8__aug4_hflip.png,,784fc91642b908aa5218999803b3b63876d38197ab5d4d8041567bcb17a4c6d9,spot,train,train,False,masks/spot/b6844178bce33efe230fad73.png,pending,nonempty,416
SAM3_auto,vflip,False,spot:13_spot_jpg,416,910015d04876986da568ff52,spot_source,/content/drive/MyDrive/LeafData.v1i.yolov11_aug4_20261003_170034/train/images/13_spot_jpg.rf.94ede967327d9bdeea188068a3339da8__aug4_vflip.png,,,pending,missing,train/images/13_spot_jpg.rf.94ede967327d9bdeea188068a3339da8.jpg,,train/images/13_spot_jpg.rf.94ede967327d9bdeea188068a3339da8__aug4_vflip.png,,193a8314214709afb3ae5ee832fbd412e9af5b20cd12fae6a68876e9753e141b,spot,train,train,False,masks/spot/910015d04876986da568ff52.png,pending,nonempty,416
SAM3_auto,original,True,spot:13_spot_jpg,416,7ba082b93eb7b2d801b58cf1,spot_source,/content/drive/MyDrive/LeafData.v1i.yolov11_aug4_20261003_170034/train/images/13_spot_jpg.rf.b51f2f1c32bb536ab3cae5d1fbb4b2a4.jpg,,,pending,missing,train/images/13_spot_jpg.rf.b51f2f1c32bb536ab3cae5d1fbb4b2a4.jpg,,train/images/13_spot_jpg.rf.b51f2f1c32bb536ab3cae5d1fbb4b2a4.jpg,,d5832d543db0bde0174aa8a8f29723263058855525a20abb41c463c625ff98bb,spot,train,train,False,masks/spot/7ba082b93eb7b2d801b58cf1.png,pending,nonempty,416
SAM3_auto,brillo112,False,spot:13_spot_jpg,416,199cfc8b823659e040814e2e,spot_source,/content/drive/MyDrive/LeafData.v1i.yolov11_aug4_20261003_170034/train/images/13_spot_jpg.rf.b51f2f1c32bb536ab3cae5d1fbb4b2a4__aug4_brillo112.png,,,pending,missing,train/images/13_spot_jpg.rf.b51f2f1c32bb536ab3cae5d1fbb4b2a4.jpg,,train/images/13_spot_jpg.rf.b51f2f1c32bb536ab3cae5d1fbb4b2a4__aug4_brillo112.png,,ac50b7887a2eba62c960be461f8aadd293b9a1a7b507a4e0a721d86353c90a2f,spot,train,train,False,masks/spot/199cfc8b823659e040814e2e.png,pending,nonempty,416
SAM3_auto,contraste115,False,spot:13_spot_jpg,416,84f7dd3fec0e8bf6eda83c2c,spot_source,/content/drive/MyDrive/LeafData.v1i.yolov11_aug4_20261003_170034/train/images/13_spot_jpg.rf.b51f2f1c32bb536ab3cae5d1fbb4b2a4__aug4_contraste115.png,,,pending,missing,train/images/13_spot_jpg.rf.b51f2f1c32bb536ab3cae5d1fbb4b2a4.jpg,,train/images/13_spot_jpg.rf.b51f2f1c32bb536ab3cae5d1fbb4b2a4__aug4_contraste115.png,,12e0e6e04d4de62c62f47ea918ba274301b273145a010adc9f0c12724e04f970,spot,train,train,False,masks/spot/84f7dd3fec0e8bf6eda83c2c.png,pending,nonempty,416
SAM3_auto,hflip,False,spot:13_spot_jpg,416,56d26b2d581fb5d65de2a1b5,spot_source,/content/drive/MyDrive/LeafData.v1i.yolov11_aug4_20261003_170034/train/images/13_spot_jpg.rf.b51f2f1c32bb536ab3cae5d1fbb4b2a4__aug4_hflip.png,,,pending,missing,train/images/13_spot_jpg.rf.b51f2f1c32bb536ab3cae5d1fbb4b2a4.jpg,,train/images/13_spot_jpg.rf.b51f2f1c32bb536ab3cae5d1fbb4b2a4__aug4_hflip.png,,b2691fd04b243c978aa0bc71a1aba88e88d154edf8f9b3209aca3a73c6d9893a,spot,train,train,False,masks/spot/56d26b2d581fb5d65de2a1b5.png,pending,nonempty,416
SAM3_auto,vflip,False,spot:13_spot_jpg,416,d4bdc34053b2ccfb6ba80ea6,spot_source,/content/drive/MyDrive/LeafData.v1i.yolov11_aug4_20261003_170034/train/images/13_spot_jpg.rf.b51f2f1c32bb536ab3cae5d1fbb4b2a4__aug4_vflip.png,,,pending,missing,train/images/13_spot_jpg.rf.b51f2f1c32bb536ab3cae5d1fbb4b2a4.jpg,,train/images/13_spot_jpg.rf.b51f2f1c32bb536ab3cae5d1fbb4b2a4__aug4_vflip.png,,d9f037c4771060cccdbc85e7c458811c7961b307e3ab4871d673b62ea6e7945c,spot,train,train,False,masks/spot/d4bdc34053b2ccfb6ba80ea6.png,pending,nonempty,416
SAM3_auto,original,True,spot:13_spot_jpg,416,49c034e3807d64fb3310c802,spot_source,/content/drive/MyDrive/LeafData.v1i.yolov11_aug4_20261003_170034/train/images/13_spot_jpg.rf.fad3c42edbb9c9dd8af281d945f479c1.jpg,,,pending,missing,train/images/13_spot_jpg.rf.fad3c42edbb9c9dd8af281d945f479c1.jpg,,train/images/13_spot_jpg.rf.fad3c42edbb9c9dd8af281d945f479c1.jpg,,929eb06fe3a6674e0e7134905517f13390f974cd1fcb6e9aded70e2ea4a95a45,spot,train,train,False,masks/spot/49c034e3807d64fb3310c802.png,pending,nonempty,416
SAM3_auto,brillo112,False,spot:13_spot_jpg,416,dfca65f9a0e126d8a5ad1814,spot_source,/content/drive/MyDrive/LeafData.v1i.yolov11_aug4_20261003_170034/train/images/13_spot_jpg.rf.fad3c42edbb9c9dd8af281d945f479c1__aug4_brillo112.png,,,pending,missing,train/images/13_spot_jpg.rf.fad3c42edbb9c9dd8af281d945f479c1.jpg,,train/images/13_spot_jpg.rf.fad3c42edbb9c9dd8af281d945f479c1__aug4_brillo112.png,,26b6693da575451e4c0ab7a6dc50bb3a96e8fca80269316a0f01277df2a1fb02,spot,train,train,False,masks/spot/dfca65f9a0e126d8a5ad1814.png,pending,nonempty,416
SAM3_auto,contraste115,False,spot:13_spot_jpg,416,df27c86f0845ae28bdf32226,spot_source,/content/drive/MyDrive/LeafData.v1i.yolov11_aug4_20261003_170034/train/images/13_spot_jpg.rf.fad3c42edbb9c9dd8af281d945f479c1__aug4_contraste115.png,,,pending,missing,train/images/13_spot_jpg.rf.fad3c42edbb9c9dd8af281d945f479c1.jpg,,train/images/13_spot_jpg.rf.fad3c42edbb9c9dd8af281d945f479c1__aug4_contraste115.png,,c1782cd78725ea8ae861ae28ab5a9a88bdb7016a94b96fd8a967164f057578e2,spot,train,train,False,masks/spot/df27c86f0845ae28bdf32226.png,pending,nonempty,416
SAM3_auto,hflip,False,spot:13_spot_jpg,416,3fa3bcaf0355084a629e3f7f,spot_source,/content/drive/MyDrive/LeafData.v1i.yolov11_aug4_20261003_170034/train/images/13_spot_jpg.rf.fad3c42edbb9c9dd8af281d945f479c1__aug4_hflip.png,,,pending,missing,train/images/13_spot_jpg.rf.fad3c42edbb9c9dd8af281d945f479c1.jpg,,train/images/13_spot_jpg.rf.fad3c42edbb9c9dd8af281d945f479c1__aug4_hflip.png,,39b5d86100aeb4122fdeab4feaf5601a5b24108bdfae0548d2f9ce08304f26ed,spot,train,train,False,masks/spot/3fa3bcaf0355084a629e3f7f.png,pending,nonempty,416
SAM3_auto,vflip,False,spot:13_spot_jpg,416,de27846d1b8646044df5bc35,spot_source,/content/drive/MyDrive/LeafData.v1i.yolov11_aug4_20261003_170034/train/images/13_spot_jpg.rf.fad3c42edbb9c9dd8af281d945f479c1__aug4_vflip.png,,,pending,missing,train/images/13_spot_jpg.rf.fad3c42edbb9c9dd8af281d945f479c1.jpg,,train/images/13_spot_jpg.rf.fad3c42edbb9c9dd8af281d945f479c1__aug4_vflip.png,,17ac869245a74189fd440b9817dfbddaa6a5da21cb2622439d38cf7fefe0ea12,spot,train,train,False,masks/spot/de27846d1b8646044df5bc35.png,pending,nonempty,416
SAM3_auto,original,True,spot:141_spot_jpg,416,457998723a45f5e5c6fa9cb0,spot_source,/content/drive/MyDrive/LeafData.v1i.yolov11_aug4_20261003_170034/train/images/141_spot_jpg.rf.4412a07366e3df896f8ae8ec57fb2d36.jpg,,,pending,missing,train/images/141_spot_jpg.rf.4412a07366e3df896f8ae8ec57fb2d36.jpg,,train/images/141_spot_jpg.rf.4412a07366e3df896f8ae8ec57fb2d36.jpg,,f4a49bd7cd46f0308f63bf81e1e4c302698b02225cbb8ddf6f4255280fded208,spot,train,train,False,masks/spot/457998723a45f5e5c6fa9cb0.png,pending,nonempty,416
SAM3_auto,brillo112,False,spot:141_spot_jpg,416,919eef2daf2f8b9a0e54f565,spot_source,/content/drive/MyDrive/LeafData.v1i.yolov11_aug4_20261003_170034/train/images/141_spot_jpg.rf.4412a07366e3df896f8ae8ec57fb2d36__aug4_brillo112.png,,,pending,missing,train/images/141_spot_jpg.rf.4412a07366e3df896f8ae8ec57fb2d36.jpg,,train/images/141_spot_jpg.rf.4412a07366e3df896f8ae8ec57fb2d36__aug4_brillo112.png,,1c0447d15bd344c3f9d2e8c3528ffd5d73e338a43a1b98bb7d13bdc60acf7998,spot,train,train,False,masks/spot/919eef2daf2f8b9a0e54f565.png,pending,nonempty,416
SAM3_auto,contraste115,False,spot:141_spot_jpg,416,b7451e047f613321768ec25b,spot_source,/content/drive/MyDrive/LeafData.v1i.yolov11_aug4_20261003_170034/train/images/141_spot_jpg.rf.4412a07366e3df896f8ae8ec57fb2d36__aug4_contraste115.png,,,pending,missing,train/images/141_spot_jpg.rf.4412a07366e3df896f8ae8ec57fb2d36.jpg,,train/images/141_spot_jpg.rf.4412a07366e3df896f8ae8ec57fb2d36__aug4_contraste115.png,,ddc561663a770b4f248be8910348342f8ca397faa4fa6701ea116e21ac862fe8,spot,train,train,False,masks/spot/b7451e047f613321768ec25b.png,pending,nonempty,416
SAM3_auto,hflip,False,spot:141_spot_jpg,416,da418be806e1a92a38d176b0,spot_source,/content/drive/MyDrive/LeafData.v1i.yolov11_aug4_20261003_170034/train/images/141_spot_jpg.rf.4412a07366e3df896f8ae8ec57fb2d36__aug4_hflip.png,,,pending,missing,train/images/141_spot_jpg.rf.4412a07366e3df896f8ae8ec57fb2d36.jpg,,train/images/141_spot_jpg.rf.4412a07366e3df896f8ae8ec57fb2d36__aug4_hflip.png,,f0e7b01d1b9d0b3908e118a139e3bce7532a3246a51793bcca758d845e411a30,spot,train,train,False,masks/spot/da418be806e1a92a38d176b0.png,pending,nonempty,416
SAM3_auto,vflip,False,spot:141_spot_jpg,416,d4756251f21ad145e7fe6b5c,spot_source,/content/drive/MyDrive/LeafData.v1i.yolov11_aug4_20261003_170034/train/images/141_spot_jpg.rf.4412a07366e3df896f8ae8ec57fb2d36__aug4_vflip.png,,,pending,missing,train/images/141_spot_jpg.rf.4412a07366e3df896f8ae8ec57fb2d36.jpg,,train/images/141_spot_jpg.rf.4412a07366e3df896f8ae8ec57fb2d36__aug4_vflip.png,,41bb864c32bccaadb5676a2f81bb37faf5137e76898668d3354912825c8f97f9,spot,train,train,False,masks/spot/d4756251f21ad145e7fe6b5c.png,pending,nonempty,416
SAM3_auto,original,True,spot:141_spot_jpg,416,7e0ce03a3248c75bb9304873,spot_source,/content/drive/MyDrive/LeafData.v1i.yolov11_aug4_20261003_170034/train/images/141_spot_jpg.rf.da2d8bff7a13afc80d2de1378ba55f7b.jpg,,,pending,missing,train/images/141_spot_jpg.rf.da2d8bff7a13afc80d2de1378ba55f7b.jpg,,train/images/141_spot_jpg.rf.da2d8bff7a13afc80d2de1378ba55f7b.jpg,,ac1959ccedf4f41fdd2a754a6de7b6e03ac11de4802880926fbe2d792520adfb,spot,train,train,False,masks/spot/7e0ce03a3248c75bb9304873.png,pending,nonempty,416
SAM3_auto,brillo112,False,spot:141_spot_jpg,416,2aa0821ab606181c6ae13c3f,spot_source,/content/drive/MyDrive/LeafData.v1i.yolov11_aug4_20261003_170034/train/images/141_spot_jpg.rf.da2d8bff7a13afc80d2de1378ba55f7b__aug4_brillo112.png,,,pending,missing,train/images/141_spot_jpg.rf.da2d8bff7a13afc80d2de1378ba55f7b.jpg,,train/images/141_spot_jpg.rf.da2d8bff7a13afc80d2de1378ba55f7b__aug4_brillo112.png,,15137e64fa45e8420a53924334c64dfdbd818d73c2bdd9e4fb0e09d3266e8775,spot,train,train,False,masks/spot/2aa0821ab606181c6ae13c3f.png,pending,nonempty,416
SAM3_auto,contraste115,False,spot:141_spot_jpg,416,26b64bec4f975a5b24ead161,spot_source,/content/drive/MyDrive/LeafData.v1i.yolov11_aug4_20261003_170034/train/images/141_spot_jpg.rf.da2d8bff7a13afc80d2de1378ba55f7b__aug4_contraste115.png,,,pending,missing,train/images/141_spot_jpg.rf.da2d8bff7a13afc80d2de1378ba55f7b.jpg,,train/images/141_spot_jpg.rf.da2d8bff7a13afc80d2de1378ba55f7b__aug4_contraste115.png,,8aedd5cf3932e6ee7aac43fb2d0247c2925e00952a669f53c39c17263beaa3b6,spot,train,train,False,masks/spot/26b64bec4f975a5b24ead161.png,pending,nonempty,416
SAM3_auto,hflip,False,spot:141_spot_jpg,416,822200fe2b715433a1cb60e4,spot_source,/content/drive/MyDrive/LeafData.v1i.yolov11_aug4_20261003_170034/train/images/141_spot_jpg.rf.da2d8bff7a13afc80d2de1378ba55f7b__aug4_hflip.png,,,pending,missing,train/images/141_spot_jpg.rf.da2d8bff7a13afc80d2de1378ba55f7b.jpg,,train/images/141_spot_jpg.rf.da2d8bff7a13afc80d2de1378ba55f7b__aug4_hflip.png,,034f2ea3a1414a9fe34e5242826bf2ba031e58e4db7ffd0ea5d12d3e4ecf30b9,spot,train,train,False,masks/spot/822200fe2b715433a1cb60e4.png,pending,nonempty,416
SAM3_auto,vflip,False,spot:141_spot_jpg,416,2b05a9e30b2a0c52f7d6425c,spot_source,/content/drive/MyDrive/LeafData.v1i.yolov11_aug4_20261003_170034/train/images/141_spot_jpg.rf.da2d8bff7a13afc80d2de1378ba55f7b__aug4_vflip.png,,,pending,missing,train/images/141_spot_jpg.rf.da2d8bff7a13afc80d2de1378ba55f7b.jpg,,train/images/141_spot_jpg.rf.da2d8bff7a13afc80d2de1378ba55f7b__aug4_vflip.png,,0bd24e75d2025dd86575e90ed9601ccfa729b213456993ae98cc5693a63bf19f,spot,train,train,False,masks/spot/2b05a9e30b2a0c52f7d6425c.png,pending,nonempty,416
SAM3_auto,original,True,spot:141_spot_jpg,416,c56a52b6dedb43e93ac6312f,spot_source,/content/drive/MyDrive/LeafData.v1i.yolov11_aug4_20261003_170034/train/images/141_spot_jpg.rf.e429dc6c8e37453561ac3443f8fbad99.jpg,,,pending,missing,train/images/141_spot_jpg.rf.e429dc6c8e37453561ac3443f8fbad99.jpg,,train/images/141_spot_jpg.rf.e429dc6c8e37453561ac3443f8fbad99.jpg,,6fe2a117224bfe07880c6ac8eb086c0319dc71a77186653589593220ca04e4f5,spot,train,train,False,masks/spot/c56a52b6dedb43e93ac6312f.png,pending,nonempty,416
SAM3_auto,brillo112,False,spot:141_spot_jpg,416,a0dacabc5b58fd4e3da04b96,spot_source,/content/drive/MyDrive/LeafData.v1i.yolov11_aug4_20261003_170034/train/images/141_spot_jpg.rf.e429dc6c8e37453561ac3443f8fbad99__aug4_brillo112.png,,,pending,missing,train/images/141_spot_jpg.rf.e429dc6c8e37453561ac3443f8fbad99.jpg,,train/images/141_spot_jpg.rf.e429dc6c8e37453561ac3443f8fbad99__aug4_brillo112.png,,b57bdbca35a201cdbffdd0d109e76ecd0725dceb65810a2010f922c0f384dd98,spot,train,train,False,masks/spot/a0dacabc5b58fd4e3da04b96.png,pending,nonempty,416
SAM3_auto,contraste115,False,spot:141_spot_jpg,416,4ae53cc0adbaf13a52897143,spot_source,/content/drive/MyDrive/LeafData.v1i.yolov11_aug4_20261003_170034/train/images/141_spot_jpg.rf.e429dc6c8e37453561ac3443f8fbad99__aug4_contraste115.png,,,pending,missing,train/images/141_spot_jpg.rf.e429dc6c8e37453561ac3443f8fbad99.jpg,,train/images/141_spot_jpg.rf.e429dc6c8e37453561ac3443f8fbad99__aug4_contraste115.png,,58a1b36aa59532acdbdf275110f258e29c93c814759b9b8265f1f3d5930c2f66,spot,train,train,False,masks/spot/4ae53cc0adbaf13a52897143.png,pending,nonempty,416
SAM3_auto,hflip,False,spot:141_spot_jpg,416,a00f209aeeee2037fc30cb71,spot_source,/content/drive/MyDrive/LeafData.v1i.yolov11_aug4_20261003_170034/train/images/141_spot_jpg.rf.e429dc6c8e37453561ac3443f8fbad99__aug4_hflip.png,,,pending,missing,train/images/141_spot_jpg.rf.e429dc6c8e37453561ac3443f8fbad99.jpg,,train/images/141_spot_jpg.rf.e429dc6c8e37453561ac3443f8fbad99__aug4_hflip.png,,11b39caba19601de105592fb68556c717a900b985eba009e94047c63156c056e,spot,train,train,False,masks/spot/a00f209aeeee2037fc30cb71.png,pending,nonempty,416
SAM3_auto,vflip,False,spot:141_spot_jpg,416,5a7780f8019ca08715a94b2e,spot_source,/content/drive/MyDrive/LeafData.v1i.yolov11_aug4_20261003_170034/train/images/141_spot_jpg.rf.e429dc6c8e37453561ac3443f8fbad99__aug4_vflip.png,,,pending,missing,train/images/141_spot_jpg.rf.e429dc6c8e37453561ac3443f8fbad99.jpg,,train/images/141_spot_jpg.rf.e429dc6c8e37453561ac3443f8fbad99__aug4_vflip.png,,2327051f50058e1b5d9c15dce26a2a5c1cd82a17dc8e686e3dc91e6d26f03ccb,spot,train,train,False,masks/spot/5a7780f8019ca08715a94b2e.png,pending,nonempty,416
SAM3_auto,original,True,spot:144_spot_jpg,416,7d2facec1344064fcef06d70,spot_source,/content/drive/MyDrive/LeafData.v1i.yolov11_aug4_20261003_170034/train/images/144_spot_jpg.rf.61e95bd45ecefad18798d8a3ae90b926.jpg,,,pending,missing,train/images/144_spot_jpg.rf.61e95bd45ecefad18798d8a3ae90b926.jpg,,train/images/144_spot_jpg.rf.61e95bd45ecefad18798d8a3ae90b926.jpg,,993cc6d3278b9e268798dc987e9a01bc5442761cb49afdad1d8006a81e3697f0,spot,train,train,False,masks/spot/7d2facec1344064fcef06d70.png,pending,nonempty,416
SAM3_auto,brillo112,False,spot:144_spot_jpg,416,596ac807d815ae658d19696f,spot_source,/content/drive/MyDrive/LeafData.v1i.yolov11_aug4_20261003_170034/train/images/144_spot_jpg.rf.61e95bd45ecefad18798d8a3ae90b926__aug4_brillo112.png,,,pending,missing,train/images/144_spot_jpg.rf.61e95bd45ecefad18798d8a3ae90b926.jpg,,train/images/144_spot_jpg.rf.61e95bd45ecefad18798d8a3ae90b926__aug4_brillo112.png,,9fffc3840b582bb9cba96151eb90295460f86f625f39c89735fe1e428d9311f1,spot,train,train,False,masks/spot/596ac807d815ae658d19696f.png,pending,nonempty,416
SAM3_auto,contraste115,False,spot:144_spot_jpg,416,43ec28e707a099747132a87c,spot_source,/content/drive/MyDrive/LeafData.v1i.yolov11_aug4_20261003_170034/train/images/144_spot_jpg.rf.61e95bd45ecefad18798d8a3ae90b926__aug4_contraste115.png,,,pending,missing,train/images/144_spot_jpg.rf.61e95bd45ecefad18798d8a3ae90b926.jpg,,train/images/144_spot_jpg.rf.61e95bd45ecefad18798d8a3ae90b926__aug4_contraste115.png,,8aba027df6e3fe40da7500ce806cfc509d6a58f0c5998e302a44f00c36ca3944,spot,train,train,False,masks/spot/43ec28e707a099747132a87c.png,pending,nonempty,416
SAM3_auto,hflip,False,spot:144_spot_jpg,416,0eba6012089ced83598a1aa1,spot_source,/content/drive/MyDrive/LeafData.v1i.yolov11_aug4_20261003_170034/train/images/144_spot_jpg.rf.61e95bd45ecefad18798d8a3ae90b926__aug4_hflip.png,,,pending,missing,train/images/144_spot_jpg.rf.61e95bd45ecefad18798d8a3ae90b926.jpg,,train/images/144_spot_jpg.rf.61e95bd45ecefad18798d8a3ae90b926__aug4_hflip.png,,bec9b7ac33d6bc60d847a44d1022879d4463ed9709f034d194d07e92aa2298c2,spot,train,train,False,masks/spot/0eba6012089ced83598a1aa1.png,pending,nonempty,416
SAM3_auto,vflip,False,spot:144_spot_jpg,416,59dadfb6bfb9ac4034955f40,spot_source,/content/drive/MyDrive/LeafData.v1i.yolov11_aug4_20261003_170034/train/images/144_spot_jpg.rf.61e95bd45ecefad18798d8a3ae90b926__aug4_vflip.png,,,pending,missing,train/images/144_spot_jpg.rf.61e95bd45ecefad18798d8a3ae90b926.jpg,,train/images/144_spot_jpg.rf.61e95bd45ecefad18798d8a3ae90b926__aug4_vflip.png,,43e61b5f4a378485cc1567101aeefc2056ca040c72dafdba166305b8b11a4efc,spot,train,train,False,masks/spot/59dadfb6bfb9ac4034955f40.png,pending,nonempty,416
SAM3_auto,original,True,spot:144_spot_jpg,416,9ceeab22bf4df4b66adad8ec,spot_source,/content/drive/MyDrive/LeafData.v1i.yolov11_aug4_20261003_170034/train/images/144_spot_jpg.rf.934daf460f3cc194edb7b4265ae0895c.jpg,,,pending,missing,train/images/144_spot_jpg.rf.934daf460f3cc194edb7b4265ae0895c.jpg,,train/images/144_spot_jpg.rf.934daf460f3cc194edb7b4265ae0895c.jpg,,add72955c316ba4b98ec6e69f771929720754cd1643b25ebfdc738b2906f7573,spot,train,train,False,masks/spot/9ceeab22bf4df4b66adad8ec.png,pending,nonempty,416
SAM3_auto,brillo112,False,spot:144_spot_jpg,416,405eb01dc415a2a878f73bf9,spot_source,/content/drive/MyDrive/LeafData.v1i.yolov11_aug4_20261003_170034/train/images/144_spot_jpg.rf.934daf460f3cc194edb7b4265ae0895c__aug4_brillo112.png,,,pending,missing,train/images/144_spot_jpg.rf.934daf460f3cc194edb7b4265ae0895c.jpg,,train/images/144_spot_jpg.rf.934daf460f3cc194edb7b4265ae0895c__aug4_brillo112.png,,1f5e7a267349f5e59c92834bf09a82c0d6c4e40dde308c7056c9eb36e863c61d,spot,train,train,False,masks/spot/405eb01dc415a2a878f73bf9.png,pending,nonempty,416
SAM3_auto,contraste115,False,spot:144_spot_jpg,416,9fab88325c13b5afca99c20d,spot_source,/content/drive/MyDrive/LeafData.v1i.yolov11_aug4_20261003_170034/train/images/144_spot_jpg.rf.934daf460f3cc194edb7b4265ae0895c__aug4_contraste115.png,,,pending,missing,train/images/144_spot_jpg.rf.934daf460f3cc194edb7b4265ae0895c.jpg,,train/images/144_spot_jpg.rf.934daf460f3cc194edb7b4265ae0895c__aug4_contraste115.png,,1c6dd82dd811a1c525f7044096c18dabeeeb1ba151dc1efe8ccb40665d166e38,spot,train,train,False,masks/spot/9fab88325c13b5afca99c20d.png,pending,nonempty,416
SAM3_auto,hflip,False,spot:144_spot_jpg,416,0e8987be6b7a8140509b69a7,spot_source,/content/drive/MyDrive/LeafData.v1i.yolov11_aug4_20261003_170034/train/images/144_spot_jpg.rf.934daf460f3cc194edb7b4265ae0895c__aug4_hflip.png,,,pending,missing,train/images/144_spot_jpg.rf.934daf460f3cc194edb7b4265ae0895c.jpg,,train/images/144_spot_jpg.rf.934daf460f3cc194edb7b4265ae0895c__aug4_hflip.png,,50a24688d4aead76218c247d43de112cf8630b7cc218b14551dcdb08e592817c,spot,train,train,False,masks/spot/0e8987be6b7a8140509b69a7.png,pending,nonempty,416
SAM3_auto,vflip,False,spot:144_spot_jpg,416,0aa196eadd829007c135aed7,spot_source,/content/drive/MyDrive/LeafData.v1i.yolov11_aug4_20261003_170034/train/images/144_spot_jpg.rf.934daf460f3cc194edb7b4265ae0895c__aug4_vflip.png,,,pending,missing,train/images/144_spot_jpg.rf.934daf460f3cc194edb7b4265ae0895c.jpg,,train/images/144_spot_jpg.rf.934daf460f3cc194edb7b4265ae0895c__aug4_vflip.png,,dd399a2844424782d1b46cba2e06ea5d1539c3232e18d2770d88683c17d4d3a3,spot,train,train,False,masks/spot/0aa196eadd829007c135aed7.png,pending,nonempty,416
SAM3_auto,original,True,spot:144_spot_jpg,416,9347631c3047b899afd7e23e,spot_source,/content/drive/MyDrive/LeafData.v1i.yolov11_aug4_20261003_170034/train/images/144_spot_jpg.rf.e5ab172c1b9140fa2fff1e8a3a7ec441.jpg,,,pending,missing,train/images/144_spot_jpg.rf.e5ab172c1b9140fa2fff1e8a3a7ec441.jpg,,train/images/144_spot_jpg.rf.e5ab172c1b9140fa2fff1e8a3a7ec441.jpg,,4191336cc29700a5f32dcfc1a918c2d3fe17f93f8e58ea17b063f241427f1dae,spot,train,train,False,masks/spot/9347631c3047b899afd7e23e.png,pending,nonempty,416
SAM3_auto,brillo112,False,spot:144_spot_jpg,416,28be0c578ce95ea9881e3a0f,spot_source,/content/drive/MyDrive/LeafData.v1i.yolov11_aug4_20261003_170034/train/images/144_spot_jpg.rf.e5ab172c1b9140fa2fff1e8a3a7ec441__aug4_brillo112.png,,,pending,missing,train/images/144_spot_jpg.rf.e5ab172c1b9140fa2fff1e8a3a7ec441.jpg,,train/images/144_spot_jpg.rf.e5ab172c1b9140fa2fff1e8a3a7ec441__aug4_brillo112.png,,6ffe01ac90d940451a5ed0f1f2ebcb47963d5c0675f24c1f91dda20614b26ca2,spot,train,train,False,masks/spot/28be0c578ce95ea9881e3a0f.png,pending,nonempty,416
SAM3_auto,contraste115,False,spot:144_spot_jpg,416,58bb29695e9c22e4f86a3a86,spot_source,/content/drive/MyDrive/LeafData.v1i.yolov11_aug4_20261003_170034/train/images/144_spot_jpg.rf.e5ab172c1b9140fa2fff1e8a3a7ec441__aug4_contraste115.png,,,pending,missing,train/images/144_spot_jpg.rf.e5ab172c1b9140fa2fff1e8a3a7ec441.jpg,,train/images/144_spot_jpg.rf.e5ab172c1b9140fa2fff1e8a3a7ec441__aug4_contraste115.png,,5c123a291cd8bdadfdfac943ba3d95065bd3b7321fda748e5d57e71a64d02982,spot,train,train,False,masks/spot/58bb29695e9c22e4f86a3a86.png,pending,nonempty,416
SAM3_auto,hflip,False,spot:144_spot_jpg,416,690372f44be2438babf4182a,spot_source,/content/drive/MyDrive/LeafData.v1i.yolov11_aug4_20261003_170034/train/images/144_spot_jpg.rf.e5ab172c1b9140fa2fff1e8a3a7ec441__aug4_hflip.png,,,pending,missing,train/images/144_spot_jpg.rf.e5ab172c1b9140fa2fff1e8a3a7ec441.jpg,,train/images/144_spot_jpg.rf.e5ab172c1b9140fa2fff1e8a3a7ec441__aug4_hflip.png,,31af507c012d82e2b2ad0f2be854c5ed9595c5600a811db133012bdc3a037b07,spot,train,train,False,masks/spot/690372f44be2438babf4182a.png,pending,nonempty,416
SAM3_auto,vflip,False,spot:144_spot_jpg,416,249b2720346fc0226864217b,spot_source,/content/drive/MyDrive/LeafData.v1i.yolov11_aug4_20261003_170034/train/images/144_spot_jpg.rf.e5ab172c1b9140fa2fff1e8a3a7ec441__aug4_vflip.png,,,pending,missing,train/images/144_spot_jpg.rf.e5ab172c1b9140fa2fff1e8a3a7ec441.jpg,,train/images/144_spot_jpg.rf.e5ab172c1b9140fa2fff1e8a3a7ec441__aug4_vflip.png,,9d285ce42c05be782ca74510b749b8ca1f6b696f8b020c73615a40482de6a959,spot,train,train,False,masks/spot/249b2720346fc0226864217b.png,pending,nonempty,416
SAM3_auto,original,True,spot:145_spot_jpg,416,e328c9ae0cf9a3c0a8c7d0ed,spot_source,/content/drive/MyDrive/LeafData.v1i.yolov11_aug4_20261003_170034/train/images/145_spot_jpg.rf.49725616cfde1d6dbb640406cd30d757.jpg,,,pending,missing,train/images/145_spot_jpg.rf.49725616cfde1d6dbb640406cd30d757.jpg,,train/images/145_spot_jpg.rf.49725616cfde1d6dbb640406cd30d757.jpg,,dd45cf892c9683a4f560a939608c5ffee92aa8a35ff5a394ee50b8da8341dc5d,spot,train,train,False,masks/spot/e328c9ae0cf9a3c0a8c7d0ed.png,pending,nonempty,416
SAM3_auto,brillo112,False,spot:145_spot_jpg,416,474df30a6690b3beb404270b,spot_source,/content/drive/MyDrive/LeafData.v1i.yolov11_aug4_20261003_170034/train/images/145_spot_jpg.rf.49725616cfde1d6dbb640406cd30d757__aug4_brillo112.png,,,pending,missing,train/images/145_spot_jpg.rf.49725616cfde1d6dbb640406cd30d757.jpg,,train/images/145_spot_jpg.rf.49725616cfde1d6dbb640406cd30d757__aug4_brillo112.png,,44220830eb9f342afb1a8f15f4dc74f72e4550a527ef86ecb4e942ed724c7333,spot,train,train,False,masks/spot/474df30a6690b3beb404270b.png,pending,nonempty,416
SAM3_auto,contraste115,False,spot:145_spot_jpg,416,b5d4130371a036b5437edb08,spot_source,/content/drive/MyDrive/LeafData.v1i.yolov11_aug4_20261003_170034/train/images/145_spot_jpg.rf.49725616cfde1d6dbb640406cd30d757__aug4_contraste115.png,,,pending,missing,train/images/145_spot_jpg.rf.49725616cfde1d6dbb640406cd30d757.jpg,,train/images/145_spot_jpg.rf.49725616cfde1d6dbb640406cd30d757__aug4_contraste115.png,,cec4cd0e476f0caaf21b52b5e1683c744f8e3d182486ab3c622d9bcf5cce3f31,spot,train,train,False,masks/spot/b5d4130371a036b5437edb08.png,pending,nonempty,416
SAM3_auto,hflip,False,spot:145_spot_jpg,416,2f6a681db738232581321755,spot_source,/content/drive/MyDrive/LeafData.v1i.yolov11_aug4_20261003_170034/train/images/145_spot_jpg.rf.49725616cfde1d6dbb640406cd30d757__aug4_hflip.png,,,pending,missing,train/images/145_spot_jpg.rf.49725616cfde1d6dbb640406cd30d757.jpg,,train/images/145_spot_jpg.rf.49725616cfde1d6dbb640406cd30d757__aug4_hflip.png,,2107d6bc73895d512d7edff58f0f99b355d23db654d279bceb6b290676336291,spot,train,train,False,masks/spot/2f6a681db738232581321755.png,pending,nonempty,416
SAM3_auto,vflip,False,spot:145_spot_jpg,416,c94d28b255d10fbd60befed5,spot_source,/content/drive/MyDrive/LeafData.v1i.yolov11_aug4_20261003_170034/train/images/145_spot_jpg.rf.49725616cfde1d6dbb640406cd30d757__aug4_vflip.png,,,pending,missing,train/images/145_spot_jpg.rf.49725616cfde1d6dbb640406cd30d757.jpg,,train/images/145_spot_jpg.rf.49725616cfde1d6dbb640406cd30d757__aug4_vflip.png,,782aefd3f76a166e1270f6259d621d588318cb3157785ce3e937b68b93a01cc3,spot,train,train,False,masks/spot/c94d28b255d10fbd60befed5.png,pending,nonempty,416
SAM3_auto,original,True,spot:145_spot_jpg,416,1751aa6a5ec3f36ca026a6c5,spot_source,/content/drive/MyDrive/LeafData.v1i.yolov11_aug4_20261003_170034/train/images/145_spot_jpg.rf.6156ff16f402dac71ee168523b4f1afd.jpg,,,pending,missing,train/images/145_spot_jpg.rf.6156ff16f402dac71ee168523b4f1afd.jpg,,train/images/145_spot_jpg.rf.6156ff16f402dac71ee168523b4f1afd.jpg,,2da47b6846f66b8268d8a14b3d642c76c4aa43deace6ea251e578ecf655956ed,spot,train,train,False,masks/spot/1751aa6a5ec3f36ca026a6c5.png,pending,nonempty,416
SAM3_auto,brillo112,False,spot:145_spot_jpg,416,6a9dd4094e5834010c660bd2,spot_source,/content/drive/MyDrive/LeafData.v1i.yolov11_aug4_20261003_170034/train/images/145_spot_jpg.rf.6156ff16f402dac71ee168523b4f1afd__aug4_brillo112.png,,,pending,missing,train/images/145_spot_jpg.rf.6156ff16f402dac71ee168523b4f1afd.jpg,,train/images/145_spot_jpg.rf.6156ff16f402dac71ee168523b4f1afd__aug4_brillo112.png,,266d6cf678f4555500dd41dc88125b5d3c56ed1ce1dc919be1e9911c0aae1952,spot,train,train,False,masks/spot/6a9dd4094e5834010c660bd2.png,pending,nonempty,416
SAM3_auto,contraste115,False,spot:145_spot_jpg,416,b9b0946f450fc039e8840a44,spot_source,/content/drive/MyDrive/LeafData.v1i.yolov11_aug4_20261003_170034/train/images/145_spot_jpg.rf.6156ff16f402dac71ee168523b4f1afd__aug4_contraste115.png,,,pending,missing,train/images/145_spot_jpg.rf.6156ff16f402dac71ee168523b4f1afd.jpg,,train/images/145_spot_jpg.rf.6156ff16f402dac71ee168523b4f1afd__aug4_contraste115.png,,0975e2d752fe35f929bb64b98a115231507c9def73af7cc3cda3efed1f17b826,spot,train,train,False,masks/spot/b9b0946f450fc039e8840a44.png,pending,nonempty,416
SAM3_auto,hflip,False,spot:145_spot_jpg,416,5910c623d1435ec24d0c45e6,spot_source,/content/drive/MyDrive/LeafData.v1i.yolov11_aug4_20261003_170034/train/images/145_spot_jpg.rf.6156ff16f402dac71ee168523b4f1afd__aug4_hflip.png,,,pending,missing,train/images/145_spot_jpg.rf.6156ff16f402dac71ee168523b4f1afd.jpg,,train/images/145_spot_jpg.rf.6156ff16f402dac71ee168523b4f1afd__aug4_hflip.png,,475a2a6f8f4672612e32c77da343b1347821bb3d345f71c5b2a1d4a80be68596,spot,train,train,False,masks/spot/5910c623d1435ec24d0c45e6.png,pending,nonempty,416
SAM3_auto,vflip,False,spot:145_spot_jpg,416,f228910937808576ca7aa617,spot_source,/content/drive/MyDrive/LeafData.v1i.yolov11_aug4_20261003_170034/train/images/145_spot_jpg.rf.6156ff16f402dac71ee168523b4f1afd__aug4_vflip.png,,,pending,missing,train/images/145_spot_jpg.rf.6156ff16f402dac71ee168523b4f1afd.jpg,,train/images/145_spot_jpg.rf.6156ff16f402dac71ee168523b4f1afd__aug4_vflip.png,,42a040ce27e30c7336ede0cba57b7d40ea0d1dc72dba124cb624d3ebf5dc4503,spot,train,train,False,masks/spot/f228910937808576ca7aa617.png,pending,nonempty,416
SAM3_auto,original,True,spot:145_spot_jpg,416,950693397122b689023642ca,spot_source,/content/drive/MyDrive/LeafData.v1i.yolov11_aug4_20261003_170034/train/images/145_spot_jpg.rf.c6cdbf64dab78e462c3e1884b3289387.jpg,,,pending,missing,train/images/145_spot_jpg.rf.c6cdbf64dab78e462c3e1884b3289387.jpg,,train/images/145_spot_jpg.rf.c6cdbf64dab78e462c3e1884b3289387.jpg,,7f0f894a9abec79e9ee4bd1ae72dd3653e87534115745961ea545be1c99ddc5b,spot,train,train,False,masks/spot/950693397122b689023642ca.png,pending,nonempty,416
SAM3_auto,brillo112,False,spot:145_spot_jpg,416,ff0ae0c95daddc6f58484d72,spot_source,/content/drive/MyDrive/LeafData.v1i.yolov11_aug4_20261003_170034/train/images/145_spot_jpg.rf.c6cdbf64dab78e462c3e1884b3289387__aug4_brillo112.png,,,pending,missing,train/images/145_spot_jpg.rf.c6cdbf64dab78e462c3e1884b3289387.jpg,,train/images/145_spot_jpg.rf.c6cdbf64dab78e462c3e1884b3289387__aug4_brillo112.png,,de46b0305b07c6aea8815933624206f042bab8f88e5604394fa07593403aa816,spot,train,train,False,masks/spot/ff0ae0c95daddc6f58484d72.png,pending,nonempty,416
SAM3_auto,contraste115,False,spot:145_spot_jpg,416,8e46bd606e19744c35ca25e7,spot_source,/content/drive/MyDrive/LeafData.v1i.yolov11_aug4_20261003_170034/train/images/145_spot_jpg.rf.c6cdbf64dab78e462c3e1884b3289387__aug4_contraste115.png,,,pending,missing,train/images/145_spot_jpg.rf.c6cdbf64dab78e462c3e1884b3289387.jpg,,train/images/145_spot_jpg.rf.c6cdbf64dab78e462c3e1884b3289387__aug4_contraste115.png,,29457e4968b004f98bd05b780e5211bc22c76e56919c06df2c747cc1d5bb710d,spot,train,train,False,masks/spot/8e46bd606e19744c35ca25e7.png,pending,nonempty,416
SAM3_auto,hflip,False,spot:145_spot_jpg,416,a0968de796335363f735bf61,spot_source,/content/drive/MyDrive/LeafData.v1i.yolov11_aug4_20261003_170034/train/images/145_spot_jpg.rf.c6cdbf64dab78e462c3e1884b3289387__aug4_hflip.png,,,pending,missing,train/images/145_spot_jpg.rf.c6cdbf64dab78e462c3e1884b3289387.jpg,,train/images/145_spot_jpg.rf.c6cdbf64dab78e462c3e1884b3289387__aug4_hflip.png,,317d81ee5ee82307cecc9e1c6fe765ee7fe613059e99be3702d5704707faa6a7,spot,train,train,False,masks/spot/a0968de796335363f735bf61.png,pending,nonempty,416
SAM3_auto,vflip,False,spot:145_spot_jpg,416,43d720322805e9c6803e619d,spot_source,/content/drive/MyDrive/LeafData.v1i.yolov11_aug4_20261003_170034/train/images/145_spot_jpg.rf.c6cdbf64dab78e462c3e1884b3289387__aug4_vflip.png,,,pending,missing,train/images/145_spot_jpg.rf.c6cdbf64dab78e462c3e1884b3289387.jpg,,train/images/145_spot_jpg.rf.c6cdbf64dab78e462c3e1884b3289387__aug4_vflip.png,,bafc72a13973322cd347c93ca023e885ef394a6d241cc52ccac738ae783d2c33,spot,train,train,False,masks/spot/43d720322805e9c6803e619d.png,pending,nonempty,416
SAM3_auto,original,True,spot:146_spot_jpg,416,a7ed821a1852f3a92d3457fd,spot_source,/content/drive/MyDrive/LeafData.v1i.yolov11_aug4_20261003_170034/train/images/146_spot_jpg.rf.1ead88c201d33197c9546e14e4ffa2a1.jpg,,,pending,missing,train/images/146_spot_jpg.rf.1ead88c201d33197c9546e14e4ffa2a1.jpg,,train/images/146_spot_jpg.rf.1ead88c201d33197c9546e14e4ffa2a1.jpg,,2813f1b369fe507fd9fc45815528d5bf1e58633cc44ae4397b1097a9fb3dbbad,spot,train,train,False,masks/spot/a7ed821a1852f3a92d3457fd.png,pending,nonempty,416
SAM3_auto,brillo112,False,spot:146_spot_jpg,416,14b50a4e8f10f02dac49bb93,spot_source,/content/drive/MyDrive/LeafData.v1i.yolov11_aug4_20261003_170034/train/images/146_spot_jpg.rf.1ead88c201d33197c9546e14e4ffa2a1__aug4_brillo112.png,,,pending,missing,train/images/146_spot_jpg.rf.1ead88c201d33197c9546e14e4ffa2a1.jpg,,train/images/146_spot_jpg.rf.1ead88c201d33197c9546e14e4ffa2a1__aug4_brillo112.png,,cfd167fbec0d135c331734d263f75008401ee01c3484553d6d9fd23e3a231d91,spot,train,train,False,masks/spot/14b50a4e8f10f02dac49bb93.png,pending,nonempty,416
SAM3_auto,contraste115,False,spot:146_spot_jpg,416,6b000b004a80ded5c9a7ea55,spot_source,/content/drive/MyDrive/LeafData.v1i.yolov11_aug4_20261003_170034/train/images/146_spot_jpg.rf.1ead88c201d33197c9546e14e4ffa2a1__aug4_contraste115.png,,,pending,missing,train/images/146_spot_jpg.rf.1ead88c201d33197c9546e14e4ffa2a1.jpg,,train/images/146_spot_jpg.rf.1ead88c201d33197c9546e14e4ffa2a1__aug4_contraste115.png,,fea622c53b2022b8b7983548d304a4cb3ba9a068ac36f8e7e1161ffaf64f90e5,spot,train,train,False,masks/spot/6b000b004a80ded5c9a7ea55.png,pending,nonempty,416
SAM3_auto,hflip,False,spot:146_spot_jpg,416,cdf4d8240d54b8f4bbbbc2c6,spot_source,/content/drive/MyDrive/LeafData.v1i.yolov11_aug4_20261003_170034/train/images/146_spot_jpg.rf.1ead88c201d33197c9546e14e4ffa2a1__aug4_hflip.png,,,pending,missing,train/images/146_spot_jpg.rf.1ead88c201d33197c9546e14e4ffa2a1.jpg,,train/images/146_spot_jpg.rf.1ead88c201d33197c9546e14e4ffa2a1__aug4_hflip.png,,9c145d2e872c88a0139df55511ce79c1c65da40765c9b51380006dbe478720cd,spot,train,train,False,masks/spot/cdf4d8240d54b8f4bbbbc2c6.png,pending,nonempty,416
SAM3_auto,vflip,False,spot:146_spot_jpg,416,9b8057aae3dfbdce3fc40cbd,spot_source,/content/drive/MyDrive/LeafData.v1i.yolov11_aug4_20261003_170034/train/images/146_spot_jpg.rf.1ead88c201d33197c9546e14e4ffa2a1__aug4_vflip.png,,,pending,missing,train/images/146_spot_jpg.rf.1ead88c201d33197c9546e14e4ffa2a1.jpg,,train/images/146_spot_jpg.rf.1ead88c201d33197c9546e14e4ffa2a1__aug4_vflip.png,,68543256e775f74d7d3bb1a977e7dd966185b3b6ad12ddafe8e5afe6027342a2,spot,train,train,False,masks/spot/9b8057aae3dfbdce3fc40cbd.png,pending,nonempty,416
SAM3_auto,original,True,spot:146_spot_jpg,416,8538e2da3ec5ea7575e8b04d,spot_source,/content/drive/MyDrive/LeafData.v1i.yolov11_aug4_20261003_170034/train/images/146_spot_jpg.rf.42d9c57b9a62a0c1d203d0b7c1faadd7.jpg,,,pending,missing,train/images/146_spot_jpg.rf.42d9c57b9a62a0c1d203d0b7c1faadd7.jpg,,train/images/146_spot_jpg.rf.42d9c57b9a62a0c1d203d0b7c1faadd7.jpg,,d51c86beb77fea527184a89c2a072edd14ec8809eb34dac7bd4bed832637d427,spot,train,train,False,masks/spot/8538e2da3ec5ea7575e8b04d.png,pending,nonempty,416
SAM3_auto,brillo112,False,spot:146_spot_jpg,416,0b4b682cc89e5e918e89ea1c,spot_source,/content/drive/MyDrive/LeafData.v1i.yolov11_aug4_20261003_170034/train/images/146_spot_jpg.rf.42d9c57b9a62a0c1d203d0b7c1faadd7__aug4_brillo112.png,,,pending,missing,train/images/146_spot_jpg.rf.42d9c57b9a62a0c1d203d0b7c1faadd7.jpg,,train/images/146_spot_jpg.rf.42d9c57b9a62a0c1d203d0b7c1faadd7__aug4_brillo112.png,,36a9f9b0f8464bd78d9dd3d180400f8afbd4bb5a8b6161be51ae848ecd95ee8b,spot,train,train,False,masks/spot/0b4b682cc89e5e918e89ea1c.png,pending,nonempty,416
SAM3_auto,contraste115,False,spot:146_spot_jpg,416,a53c8020f1f1803e39ddb404,spot_source,/content/drive/MyDrive/LeafData.v1i.yolov11_aug4_20261003_170034/train/images/146_spot_jpg.rf.42d9c57b9a62a0c1d203d0b7c1faadd7__aug4_contraste115.png,,,pending,missing,train/images/146_spot_jpg.rf.42d9c57b9a62a0c1d203d0b7c1faadd7.jpg,,train/images/146_spot_jpg.rf.42d9c57b9a62a0c1d203d0b7c1faadd7__aug4_contraste115.png,,ec96ab7ea4ec5afc4f32473e2c1c367114d9c86541884d9cd36af34ac66fb059,spot,train,train,False,masks/spot/a53c8020f1f1803e39ddb404.png,pending,nonempty,416
SAM3_auto,hflip,False,spot:146_spot_jpg,416,f0bf7a32a440806ffeadd06b,spot_source,/content/drive/MyDrive/LeafData.v1i.yolov11_aug4_20261003_170034/train/images/146_spot_jpg.rf.42d9c57b9a62a0c1d203d0b7c1faadd7__aug4_hflip.png,,,pending,missing,train/images/146_spot_jpg.rf.42d9c57b9a62a0c1d203d0b7c1faadd7.jpg,,train/images/146_spot_jpg.rf.42d9c57b9a62a0c1d203d0b7c1faadd7__aug4_hflip.png,,413b67a92cc3dc7ed45a2c42289ab996b5d2d391c91411d7b7f5ec61e5be3b0a,spot,train,train,False,masks/spot/f0bf7a32a440806ffeadd06b.png,pending,nonempty,416
SAM3_auto,vflip,False,spot:146_spot_jpg,416,7e0be621ced29655fd37557d,spot_source,/content/drive/MyDrive/LeafData.v1i.yolov11_aug4_20261003_170034/train/images/146_spot_jpg.rf.42d9c57b9a62a0c1d203d0b7c1faadd7__aug4_vflip.png,,,pending,missing,train/images/146_spot_jpg.rf.42d9c57b9a62a0c1d203d0b7c1faadd7.jpg,,train/images/146_spot_jpg.rf.42d9c57b9a62a0c1d203d0b7c1faadd7__aug4_vflip.png,,fc828792c8bb963fa845b51ed8cd2139fe78f7284809d2ed9531f62302030970,spot,train,train,False,masks/spot/7e0be621ced29655fd37557d.png,pending,nonempty,416
SAM3_auto,original,True,spot:146_spot_jpg,416,01475b0a5848f612c828d16b,spot_source,/content/drive/MyDrive/LeafData.v1i.yolov11_aug4_20261003_170034/train/images/146_spot_jpg.rf.ae229b3b93bc5351d38c35ecc4fc23d9.jpg,,,pending,missing,train/images/146_spot_jpg.rf.ae229b3b93bc5351d38c35ecc4fc23d9.jpg,,train/images/146_spot_jpg.rf.ae229b3b93bc5351d38c35ecc4fc23d9.jpg,,ba9bb9aeedbfb19566d0b65481011f6dba507bb0ed1473b7c7eb99d9015794a5,spot,train,train,False,masks/spot/01475b0a5848f612c828d16b.png,pending,nonempty,416
SAM3_auto,brillo112,False,spot:146_spot_jpg,416,d80b148aa1b7183760dcf2eb,spot_source,/content/drive/MyDrive/LeafData.v1i.yolov11_aug4_20261003_170034/train/images/146_spot_jpg.rf.ae229b3b93bc5351d38c35ecc4fc23d9__aug4_brillo112.png,,,pending,missing,train/images/146_spot_jpg.rf.ae229b3b93bc5351d38c35ecc4fc23d9.jpg,,train/images/146_spot_jpg.rf.ae229b3b93bc5351d38c35ecc4fc23d9__aug4_brillo112.png,,19f13e4741dc240e018af7ce034b3f68b644f158f61670dbad91c9199f11adf9,spot,train,train,False,masks/spot/d80b148aa1b7183760dcf2eb.png,pending,nonempty,416
SAM3_auto,contraste115,False,spot:146_spot_jpg,416,c3c7b731b95c963eabe6ad30,spot_source,/content/drive/MyDrive/LeafData.v1i.yolov11_aug4_20261003_170034/train/images/146_spot_jpg.rf.ae229b3b93bc5351d38c35ecc4fc23d9__aug4_contraste115.png,,,pending,missing,train/images/146_spot_jpg.rf.ae229b3b93bc5351d38c35ecc4fc23d9.jpg,,train/images/146_spot_jpg.rf.ae229b3b93bc5351d38c35ecc4fc23d9__aug4_contraste115.png,,9a56e25d7eab5b1d427e0721aa8f1016e840f503fafed645ecd42608027fa580,spot,train,train,False,masks/spot/c3c7b731b95c963eabe6ad30.png,pending,nonempty,416
SAM3_auto,hflip,False,spot:146_spot_jpg,416,9df3a88f9ef085fd3551dca2,spot_source,/content/drive/MyDrive/LeafData.v1i.yolov11_aug4_20261003_170034/train/images/146_spot_jpg.rf.ae229b3b93bc5351d38c35ecc4fc23d9__aug4_hflip.png,,,pending,missing,train/images/146_spot_jpg.rf.ae229b3b93bc5351d38c35ecc4fc23d9.jpg,,train/images/146_spot_jpg.rf.ae229b3b93bc5351d38c35ecc4fc23d9__aug4_hflip.png,,d3be63daf0202d7d0501d8d66f93e762f2c4d7d36ef66360fbea6e2b84257c90,spot,train,train,False,masks/spot/9df3a88f9ef085fd3551dca2.png,pending,nonempty,416
SAM3_auto,vflip,False,spot:146_spot_jpg,416,fa8f56120b3a98ee02d7fdda,spot_source,/content/drive/MyDrive/LeafData.v1i.yolov11_aug4_20261003_170034/train/images/146_spot_jpg.rf.ae229b3b93bc5351d38c35ecc4fc23d9__aug4_vflip.png,,,pending,missing,train/images/146_spot_jpg.rf.ae229b3b93bc5351d38c35ecc4fc23d9.jpg,,train/images/146_spot_jpg.rf.ae229b3b93bc5351d38c35ecc4fc23d9__aug4_vflip.png,,0433dddd9cb2627bbd470d6f9d3fe336c22334d58f5c8d25423f7f6db3585f32,spot,train,train,False,masks/spot/fa8f56120b3a98ee02d7fdda.png,pending,nonempty,416
SAM3_auto,original,True,spot:148_spot_jpg,416,23673dbe917eb1f09cd140ca,spot_source,/content/drive/MyDrive/LeafData.v1i.yolov11_aug4_20261003_170034/train/images/148_spot_jpg.rf.083bb5ad15c6382c6a7faca42bf0015b.jpg,,,pending,missing,train/images/148_spot_jpg.rf.083bb5ad15c6382c6a7faca42bf0015b.jpg,,train/images/148_spot_jpg.rf.083bb5ad15c6382c6a7faca42bf0015b.jpg,,714a8de8fe5644eafc72317b83bb46b0886db6dbbef1c2088292299a4fda1dc1,spot,train,train,False,masks/spot/23673dbe917eb1f09cd140ca.png,pending,nonempty,416
SAM3_auto,brillo112,False,spot:148_spot_jpg,416,fc96198cd493f53eb4214f37,spot_source,/content/drive/MyDrive/LeafData.v1i.yolov11_aug4_20261003_170034/train/images/148_spot_jpg.rf.083bb5ad15c6382c6a7faca42bf0015b__aug4_brillo112.png,,,pending,missing,train/images/148_spot_jpg.rf.083bb5ad15c6382c6a7faca42bf0015b.jpg,,train/images/148_spot_jpg.rf.083bb5ad15c6382c6a7faca42bf0015b__aug4_brillo112.png,,3db1bb6536cfc4eb2af89cbf222220a68751b7519c7890305ece06ef6d053b84,spot,train,train,False,masks/spot/fc96198cd493f53eb4214f37.png,pending,nonempty,416
SAM3_auto,contraste115,False,spot:148_spot_jpg,416,ce73bb06f22b00ded6ecf3e7,spot_source,/content/drive/MyDrive/LeafData.v1i.yolov11_aug4_20261003_170034/train/images/148_spot_jpg.rf.083bb5ad15c6382c6a7faca42bf0015b__aug4_contraste115.png,,,pending,missing,train/images/148_spot_jpg.rf.083bb5ad15c6382c6a7faca42bf0015b.jpg,,train/images/148_spot_jpg.rf.083bb5ad15c6382c6a7faca42bf0015b__aug4_contraste115.png,,854e53d255129f2b85cd389677aa2054966d98f383a2c3818a84459d0a19d4dd,spot,train,train,False,masks/spot/ce73bb06f22b00ded6ecf3e7.png,pending,nonempty,416
SAM3_auto,hflip,False,spot:148_spot_jpg,416,d774ad5af822b021e90ea647,spot_source,/content/drive/MyDrive/LeafData.v1i.yolov11_aug4_20261003_170034/train/images/148_spot_jpg.rf.083bb5ad15c6382c6a7faca42bf0015b__aug4_hflip.png,,,pending,missing,train/images/148_spot_jpg.rf.083bb5ad15c6382c6a7faca42bf0015b.jpg,,train/images/148_spot_jpg.rf.083bb5ad15c6382c6a7faca42bf0015b__aug4_hflip.png,,c43508c2de665830b12d3149a0c081fd3949593eb0e7569ec920bb468595ea8c,spot,train,train,False,masks/spot/d774ad5af822b021e90ea647.png,pending,nonempty,416
SAM3_auto,vflip,False,spot:148_spot_jpg,416,fb6813dcfca2bcc031035f93,spot_source,/content/drive/MyDrive/LeafData.v1i.yolov11_aug4_20261003_170034/train/images/148_spot_jpg.rf.083bb5ad15c6382c6a7faca42bf0015b__aug4_vflip.png,,,pending,missing,train/images/148_spot_jpg.rf.083bb5ad15c6382c6a7faca42bf0015b.jpg,,train/images/148_spot_jpg.rf.083bb5ad15c6382c6a7faca42bf0015b__aug4_vflip.png,,b4bf5419c5ed5f1a3cb2be69092a841919ba1cc9ba8ff10137fbe9755c0ccb0e,spot,train,train,False,masks/spot/fb6813dcfca2bcc031035f93.png,pending,nonempty,416
SAM3_auto,original,True,spot:148_spot_jpg,416,1d6a1c3caf783b0f92b32c9b,spot_source,/content/drive/MyDrive/LeafData.v1i.yolov11_aug4_20261003_170034/train/images/148_spot_jpg.rf.7baf4bc396644de4f81f6ef8942511b5.jpg,,,pending,missing,train/images/148_spot_jpg.rf.7baf4bc396644de4f81f6ef8942511b5.jpg,,train/images/148_spot_jpg.rf.7baf4bc396644de4f81f6ef8942511b5.jpg,,124176f60a125fd33eb86a424c8df1f638bf0df31f2530e9c8574d4ff7554ac4,spot,train,train,False,masks/spot/1d6a1c3caf783b0f92b32c9b.png,pending,nonempty,416
SAM3_auto,brillo112,False,spot:148_spot_jpg,416,cebeba58ec47350ea083069c,spot_source,/content/drive/MyDrive/LeafData.v1i.yolov11_aug4_20261003_170034/train/images/148_spot_jpg.rf.7baf4bc396644de4f81f6ef8942511b5__aug4_brillo112.png,,,pending,missing,train/images/148_spot_jpg.rf.7baf4bc396644de4f81f6ef8942511b5.jpg,,train/images/148_spot_jpg.rf.7baf4bc396644de4f81f6ef8942511b5__aug4_brillo112.png,,5da1b5571d418e3979373bca82823d6ca0c12c1e98a2f6e90554911245fcdd83,spot,train,train,False,masks/spot/cebeba58ec47350ea083069c.png,pending,nonempty,416
SAM3_auto,contraste115,False,spot:148_spot_jpg,416,4efe1e14aab644fb4ac84bd5,spot_source,/content/drive/MyDrive/LeafData.v1i.yolov11_aug4_20261003_170034/train/images/148_spot_jpg.rf.7baf4bc396644de4f81f6ef8942511b5__aug4_contraste115.png,,,pending,missing,train/images/148_spot_jpg.rf.7baf4bc396644de4f81f6ef8942511b5.jpg,,train/images/148_spot_jpg.rf.7baf4bc396644de4f81f6ef8942511b5__aug4_contraste115.png,,cd28127de2e7b48e2ced0ac2a8490382ded92247d3110b559104e54a0a49e7f9,spot,train,train,False,masks/spot/4efe1e14aab644fb4ac84bd5.png,pending,nonempty,416
SAM3_auto,hflip,False,spot:148_spot_jpg,416,35463d648683e4c090064863,spot_source,/content/drive/MyDrive/LeafData.v1i.yolov11_aug4_20261003_170034/train/images/148_spot_jpg.rf.7baf4bc396644de4f81f6ef8942511b5__aug4_hflip.png,,,pending,missing,train/images/148_spot_jpg.rf.7baf4bc396644de4f81f6ef8942511b5.jpg,,train/images/148_spot_jpg.rf.7baf4bc396644de4f81f6ef8942511b5__aug4_hflip.png,,39b0361e824837791a1df4901fa8f749023ad6fa11cae148ed71d518ae4e9f9c,spot,train,train,False,masks/spot/35463d648683e4c090064863.png,pending,nonempty,416
SAM3_auto,vflip,False,spot:148_spot_jpg,416,b7a5434d78941cb061a0716e,spot_source,/content/drive/MyDrive/LeafData.v1i.yolov11_aug4_20261003_170034/train/images/148_spot_jpg.rf.7baf4bc396644de4f81f6ef8942511b5__aug4_vflip.png,,,pending,missing,train/images/148_spot_jpg.rf.7baf4bc396644de4f81f6ef8942511b5.jpg,,train/images/148_spot_jpg.rf.7baf4bc396644de4f81f6ef8942511b5__aug4_vflip.png,,459f969758c2601a72633c939b3bda010d8348f5a52da329c6a29dde10b94d3b,spot,train,train,False,masks/spot/b7a5434d78941cb061a0716e.png,pending,nonempty,416
SAM3_auto,original,True,spot:148_spot_jpg,416,aa5e9ca627c7ad59de43a00f,spot_source,/content/drive/MyDrive/LeafData.v1i.yolov11_aug4_20261003_170034/train/images/148_spot_jpg.rf.a6f5ed57de53c29d9f2bdffaf81620ee.jpg,,,pending,missing,train/images/148_spot_jpg.rf.a6f5ed57de53c29d9f2bdffaf81620ee.jpg,,train/images/148_spot_jpg.rf.a6f5ed57de53c29d9f2bdffaf81620ee.jpg,,61e98f0605044be61c3b91ffb618ea37df11f7c24adefe0c1ec336c69b67ed86,spot,train,train,False,masks/spot/aa5e9ca627c7ad59de43a00f.png,pending,nonempty,416
SAM3_auto,brillo112,False,spot:148_spot_jpg,416,0ffd7e4b42e88a2a8fa9f9e5,spot_source,/content/drive/MyDrive/LeafData.v1i.yolov11_aug4_20261003_170034/train/images/148_spot_jpg.rf.a6f5ed57de53c29d9f2bdffaf81620ee__aug4_brillo112.png,,,pending,missing,train/images/148_spot_jpg.rf.a6f5ed57de53c29d9f2bdffaf81620ee.jpg,,train/images/148_spot_jpg.rf.a6f5ed57de53c29d9f2bdffaf81620ee__aug4_brillo112.png,,505764dc8b0a78c08248803a9254359a640b849c9c786faef9eb9dc06c55744d,spot,train,train,False,masks/spot/0ffd7e4b42e88a2a8fa9f9e5.png,pending,nonempty,416
SAM3_auto,contraste115,False,spot:148_spot_jpg,416,af252aca57c6b8ed2e0de146,spot_source,/content/drive/MyDrive/LeafData.v1i.yolov11_aug4_20261003_170034/train/images/148_spot_jpg.rf.a6f5ed57de53c29d9f2bdffaf81620ee__aug4_contraste115.png,,,pending,missing,train/images/148_spot_jpg.rf.a6f5ed57de53c29d9f2bdffaf81620ee.jpg,,train/images/148_spot_jpg.rf.a6f5ed57de53c29d9f2bdffaf81620ee__aug4_contraste115.png,,63e09f7135a6c3f6ba2030c4e2a6f5231babc53f76d357cc291e5f6109ac1e87,spot,train,train,False,masks/spot/af252aca57c6b8ed2e0de146.png,pending,nonempty,416
SAM3_auto,hflip,False,spot:148_spot_jpg,416,31797925f57ab4fc0e452c02,spot_source,/content/drive/MyDrive/LeafData.v1i.yolov11_aug4_20261003_170034/train/images/148_spot_jpg.rf.a6f5ed57de53c29d9f2bdffaf81620ee__aug4_hflip.png,,,pending,missing,train/images/148_spot_jpg.rf.a6f5ed57de53c29d9f2bdffaf81620ee.jpg,,train/images/148_spot_jpg.rf.a6f5ed57de53c29d9f2bdffaf81620ee__aug4_hflip.png,,4b94ee35ad2ec77ede33cc882e019642561dfac45695b0b10f18c490ace5847f,spot,train,train,False,masks/spot/31797925f57ab4fc0e452c02.png,pending,nonempty,416
SAM3_auto,vflip,False,spot:148_spot_jpg,416,65ba9696674d3b1103cc8a42,spot_source,/content/drive/MyDrive/LeafData.v1i.yolov11_aug4_20261003_170034/train/images/148_spot_jpg.rf.a6f5ed57de53c29d9f2bdffaf81620ee__aug4_vflip.png,,,pending,missing,train/images/148_spot_jpg.rf.a6f5ed57de53c29d9f2bdffaf81620ee.jpg,,train/images/148_spot_jpg.rf.a6f5ed57de53c29d9f2bdffaf81620ee__aug4_vflip.png,,490ce0a0fab46bcdd5780c082ad2e7c33fac09a0e8e79c489f352a605d401c37,spot,train,train,False,masks/spot/65ba9696674d3b1103cc8a42.png,pending,nonempty,416
SAM3_auto,original,True,spot:149_spot_jpg,416,03744d6569f31451c96c91cb,spot_source,/content/drive/MyDrive/LeafData.v1i.yolov11_aug4_20261003_170034/train/images/149_spot_jpg.rf.5857d71557757b6562ec0c1486e4a74a.jpg,,,pending,missing,train/images/149_spot_jpg.rf.5857d71557757b6562ec0c1486e4a74a.jpg,,train/images/149_spot_jpg.rf.5857d71557757b6562ec0c1486e4a74a.jpg,,59f9805d6ad032785f4817f4b78cbf2a0a3b3624b9a8af11c91bf35dd0edc946,spot,train,train,False,masks/spot/03744d6569f31451c96c91cb.png,pending,nonempty,416
SAM3_auto,brillo112,False,spot:149_spot_jpg,416,bf597125c00796e1c27eaca7,spot_source,/content/drive/MyDrive/LeafData.v1i.yolov11_aug4_20261003_170034/train/images/149_spot_jpg.rf.5857d71557757b6562ec0c1486e4a74a__aug4_brillo112.png,,,pending,missing,train/images/149_spot_jpg.rf.5857d71557757b6562ec0c1486e4a74a.jpg,,train/images/149_spot_jpg.rf.5857d71557757b6562ec0c1486e4a74a__aug4_brillo112.png,,e932ace913aa12edb1b904a191f6a286ac07544b02357e77271ca2bd765a7414,spot,train,train,False,masks/spot/bf597125c00796e1c27eaca7.png,pending,nonempty,416
SAM3_auto,contraste115,False,spot:149_spot_jpg,416,3b3e3942a6c42a9040fa0335,spot_source,/content/drive/MyDrive/LeafData.v1i.yolov11_aug4_20261003_170034/train/images/149_spot_jpg.rf.5857d71557757b6562ec0c1486e4a74a__aug4_contraste115.png,,,pending,missing,train/images/149_spot_jpg.rf.5857d71557757b6562ec0c1486e4a74a.jpg,,train/images/149_spot_jpg.rf.5857d71557757b6562ec0c1486e4a74a__aug4_contraste115.png,,6745933a6b95cdb15dad2631f0b5c584f5e52583ad6dc0a52edcf610553711f1,spot,train,train,False,masks/spot/3b3e3942a6c42a9040fa0335.png,pending,nonempty,416
SAM3_auto,hflip,False,spot:149_spot_jpg,416,89e2399dd860257f618676ae,spot_source,/content/drive/MyDrive/LeafData.v1i.yolov11_aug4_20261003_170034/train/images/149_spot_jpg.rf.5857d71557757b6562ec0c1486e4a74a__aug4_hflip.png,,,pending,missing,train/images/149_spot_jpg.rf.5857d71557757b6562ec0c1486e4a74a.jpg,,train/images/149_spot_jpg.rf.5857d71557757b6562ec0c1486e4a74a__aug4_hflip.png,,b61f54bc6cdfffae8706cf78b36661806356ac87a9221aadaaef33be4cad8d7f,spot,train,train,False,masks/spot/89e2399dd860257f618676ae.png,pending,nonempty,416
SAM3_auto,vflip,False,spot:149_spot_jpg,416,5ec87886fc067477a95e8624,spot_source,/content/drive/MyDrive/LeafData.v1i.yolov11_aug4_20261003_170034/train/images/149_spot_jpg.rf.5857d71557757b6562ec0c1486e4a74a__aug4_vflip.png,,,pending,missing,train/images/149_spot_jpg.rf.5857d71557757b6562ec0c1486e4a74a.jpg,,train/images/149_spot_jpg.rf.5857d71557757b6562ec0c1486e4a74a__aug4_vflip.png,,1fbf395197c2ea5439302795752de8a54e30339b1fea1cb64909b1e7a662fe6f,spot,train,train,False,masks/spot/5ec87886fc067477a95e8624.png,pending,nonempty,416
SAM3_auto,original,True,spot:149_spot_jpg,416,0c5712695635801f5021a227,spot_source,/content/drive/MyDrive/LeafData.v1i.yolov11_aug4_20261003_170034/train/images/149_spot_jpg.rf.78ff9da4f80f70723e4031c0e5e5b028.jpg,,,pending,missing,train/images/149_spot_jpg.rf.78ff9da4f80f70723e4031c0e5e5b028.jpg,,train/images/149_spot_jpg.rf.78ff9da4f80f70723e4031c0e5e5b028.jpg,,b99f10098e1c06d37494175981cbd2bca7d32d66fea9a0421e702ec5f8973251,spot,train,train,False,masks/spot/0c5712695635801f5021a227.png,pending,nonempty,416
SAM3_auto,brillo112,False,spot:149_spot_jpg,416,4a4b5d51d89892c36618f720,spot_source,/content/drive/MyDrive/LeafData.v1i.yolov11_aug4_20261003_170034/train/images/149_spot_jpg.rf.78ff9da4f80f70723e4031c0e5e5b028__aug4_brillo112.png,,,pending,missing,train/images/149_spot_jpg.rf.78ff9da4f80f70723e4031c0e5e5b028.jpg,,train/images/149_spot_jpg.rf.78ff9da4f80f70723e4031c0e5e5b028__aug4_brillo112.png,,5ea8366330a15479de16f09e0f60f2d46104ad8b711676467bdc9331ecc2ae37,spot,train,train,False,masks/spot/4a4b5d51d89892c36618f720.png,pending,nonempty,416
SAM3_auto,contraste115,False,spot:149_spot_jpg,416,668b0c4eaa122b5ae6a0282d,spot_source,/content/drive/MyDrive/LeafData.v1i.yolov11_aug4_20261003_170034/train/images/149_spot_jpg.rf.78ff9da4f80f70723e4031c0e5e5b028__aug4_contraste115.png,,,pending,missing,train/images/149_spot_jpg.rf.78ff9da4f80f70723e4031c0e5e5b028.jpg,,train/images/149_spot_jpg.rf.78ff9da4f80f70723e4031c0e5e5b028__aug4_contraste115.png,,a87398b7d8c4b92a1c961ef42dbf50dad3cb923670c03c93968db66741197c16,spot,train,train,False,masks/spot/668b0c4eaa122b5ae6a0282d.png,pending,nonempty,416
SAM3_auto,hflip,False,spot:149_spot_jpg,416,094c7bea158b0d8bf4cdf631,spot_source,/content/drive/MyDrive/LeafData.v1i.yolov11_aug4_20261003_170034/train/images/149_spot_jpg.rf.78ff9da4f80f70723e4031c0e5e5b028__aug4_hflip.png,,,pending,missing,train/images/149_spot_jpg.rf.78ff9da4f80f70723e4031c0e5e5b028.jpg,,train/images/149_spot_jpg.rf.78ff9da4f80f70723e4031c0e5e5b028__aug4_hflip.png,,2125572d00c5047c947a6655bc4aaa3f9798cd791d33af174e3ddba6c5c304de,spot,train,train,False,masks/spot/094c7bea158b0d8bf4cdf631.png,pending,nonempty,416
SAM3_auto,vflip,False,spot:149_spot_jpg,416,5ce18e7fa0b93ce2bd64d35f,spot_source,/content/drive/MyDrive/LeafData.v1i.yolov11_aug4_20261003_170034/train/images/149_spot_jpg.rf.78ff9da4f80f70723e4031c0e5e5b028__aug4_vflip.png,,,pending,missing,train/images/149_spot_jpg.rf.78ff9da4f80f70723e4031c0e5e5b028.jpg,,train/images/149_spot_jpg.rf.78ff9da4f80f70723e4031c0e5e5b028__aug4_vflip.png,,f4f51624836d15dd1e2d444ebe23cf5332e655f28315a37311d6ee5a4161ad34,spot,train,train,False,masks/spot/5ce18e7fa0b93ce2bd64d35f.png,pending,nonempty,416
SAM3_auto,original,True,spot:149_spot_jpg,416,ee45966efcaeefa5a2a687ae,spot_source,/content/drive/MyDrive/LeafData.v1i.yolov11_aug4_20261003_170034/train/images/149_spot_jpg.rf.d8e589432b5ab473d71f6cb05d01b569.jpg,,,pending,missing,train/images/149_spot_jpg.rf.d8e589432b5ab473d71f6cb05d01b569.jpg,,train/images/149_spot_jpg.rf.d8e589432b5ab473d71f6cb05d01b569.jpg,,82d997a9ae7ba9b0266319c74d7323880f28b9cc39408334ee5abddc0f7908f0,spot,train,train,False,masks/spot/ee45966efcaeefa5a2a687ae.png,pending,nonempty,416
SAM3_auto,brillo112,False,spot:149_spot_jpg,416,e9a0e77f208c896c95e8e7fb,spot_source,/content/drive/MyDrive/LeafData.v1i.yolov11_aug4_20261003_170034/train/images/149_spot_jpg.rf.d8e589432b5ab473d71f6cb05d01b569__aug4_brillo112.png,,,pending,missing,train/images/149_spot_jpg.rf.d8e589432b5ab473d71f6cb05d01b569.jpg,,train/images/149_spot_jpg.rf.d8e589432b5ab473d71f6cb05d01b569__aug4_brillo112.png,,beec4e74415dea5690c4ff6a41302a5ef7d2aadeae3b411c53c0877b5f448fc7,spot,train,train,False,masks/spot/e9a0e77f208c896c95e8e7fb.png,pending,nonempty,416
SAM3_auto,contraste115,False,spot:149_spot_jpg,416,365a0e9454f99c4f8b99aca3,spot_source,/content/drive/MyDrive/LeafData.v1i.yolov11_aug4_20261003_170034/train/images/149_spot_jpg.rf.d8e589432b5ab473d71f6cb05d01b569__aug4_contraste115.png,,,pending,missing,train/images/149_spot_jpg.rf.d8e589432b5ab473d71f6cb05d01b569.jpg,,train/images/149_spot_jpg.rf.d8e589432b5ab473d71f6cb05d01b569__aug4_contraste115.png,,803839c1ed3fe86c5b78642f69d99dd52eff39efc8d93a66ee6ae0abc9205c7e,spot,train,train,False,masks/spot/365a0e9454f99c4f8b99aca3.png,pending,nonempty,416
SAM3_auto,hflip,False,spot:149_spot_jpg,416,8383e3bed7a4afbc1c931380,spot_source,/content/drive/MyDrive/LeafData.v1i.yolov11_aug4_20261003_170034/train/images/149_spot_jpg.rf.d8e589432b5ab473d71f6cb05d01b569__aug4_hflip.png,,,pending,missing,train/images/149_spot_jpg.rf.d8e589432b5ab473d71f6cb05d01b569.jpg,,train/images/149_spot_jpg.rf.d8e589432b5ab473d71f6cb05d01b569__aug4_hflip.png,,88faee48d64791135f63f62713ed7393d254eddf617c2ccf1084839123bb5d5b,spot,train,train,False,masks/spot/8383e3bed7a4afbc1c931380.png,pending,nonempty,416
SAM3_auto,vflip,False,spot:149_spot_jpg,416,c702e94845c9b3ffae993657,spot_source,/content/drive/MyDrive/LeafData.v1i.yolov11_aug4_20261003_170034/train/images/149_spot_jpg.rf.d8e589432b5ab473d71f6cb05d01b569__aug4_vflip.png,,,pending,missing,train/images/149_spot_jpg.rf.d8e589432b5ab473d71f6cb05d01b569.jpg,,train/images/149_spot_jpg.rf.d8e589432b5ab473d71f6cb05d01b569__aug4_vflip.png,,4f88e9755347fe71c84bcdd0e510de153f1da251b220bc2e252714b572e08bd7,spot,train,train,False,masks/spot/c702e94845c9b3ffae993657.png,pending,nonempty,416
SAM3_auto,original,True,spot:14_spot_jpg,416,783524853eff369f1a481a55,spot_source,/content/drive/MyDrive/LeafData.v1i.yolov11_aug4_20261003_170034/train/images/14_spot_jpg.rf.38e07bfcf19475a2cb430aa71d9fd39f.jpg,,,pending,missing,train/images/14_spot_jpg.rf.38e07bfcf19475a2cb430aa71d9fd39f.jpg,,train/images/14_spot_jpg.rf.38e07bfcf19475a2cb430aa71d9fd39f.jpg,,136afe258c63bb91ddd114b5480be7734a7b764138d8d95c8e7440d55fcd935f,spot,train,train,False,masks/spot/783524853eff369f1a481a55.png,pending,nonempty,416
SAM3_auto,brillo112,False,spot:14_spot_jpg,416,7346fcd4a9e26583c3793130,spot_source,/content/drive/MyDrive/LeafData.v1i.yolov11_aug4_20261003_170034/train/images/14_spot_jpg.rf.38e07bfcf19475a2cb430aa71d9fd39f__aug4_brillo112.png,,,pending,missing,train/images/14_spot_jpg.rf.38e07bfcf19475a2cb430aa71d9fd39f.jpg,,train/images/14_spot_jpg.rf.38e07bfcf19475a2cb430aa71d9fd39f__aug4_brillo112.png,,120ea6ccb39e81f15a0f8987362e2d1ab7e3779be5e1fe80b8d94f4f52dcd72a,spot,train,train,False,masks/spot/7346fcd4a9e26583c3793130.png,pending,nonempty,416
SAM3_auto,contraste115,False,spot:14_spot_jpg,416,0eb5078379ce010dc0727ef7,spot_source,/content/drive/MyDrive/LeafData.v1i.yolov11_aug4_20261003_170034/train/images/14_spot_jpg.rf.38e07bfcf19475a2cb430aa71d9fd39f__aug4_contraste115.png,,,pending,missing,train/images/14_spot_jpg.rf.38e07bfcf19475a2cb430aa71d9fd39f.jpg,,train/images/14_spot_jpg.rf.38e07bfcf19475a2cb430aa71d9fd39f__aug4_contraste115.png,,70478b065fafc528a2308fa4a073808958a246c2f6bb51ee18ac20a89122f9f0,spot,train,train,False,masks/spot/0eb5078379ce010dc0727ef7.png,pending,nonempty,416
SAM3_auto,hflip,False,spot:14_spot_jpg,416,ce3d9127a5164c0fdfc2ebda,spot_source,/content/drive/MyDrive/LeafData.v1i.yolov11_aug4_20261003_170034/train/images/14_spot_jpg.rf.38e07bfcf19475a2cb430aa71d9fd39f__aug4_hflip.png,,,pending,missing,train/images/14_spot_jpg.rf.38e07bfcf19475a2cb430aa71d9fd39f.jpg,,train/images/14_spot_jpg.rf.38e07bfcf19475a2cb430aa71d9fd39f__aug4_hflip.png,,c6bbc9b46b00505c1931b5b207fa8f3414f2a11a2dcf23fa3c58449ecce8c46a,spot,train,train,False,masks/spot/ce3d9127a5164c0fdfc2ebda.png,pending,nonempty,416
SAM3_auto,vflip,False,spot:14_spot_jpg,416,28ecf9e8f5417fdc208b1845,spot_source,/content/drive/MyDrive/LeafData.v1i.yolov11_aug4_20261003_170034/train/images/14_spot_jpg.rf.38e07bfcf19475a2cb430aa71d9fd39f__aug4_vflip.png,,,pending,missing,train/images/14_spot_jpg.rf.38e07bfcf19475a2cb430aa71d9fd39f.jpg,,train/images/14_spot_jpg.rf.38e07bfcf19475a2cb430aa71d9fd39f__aug4_vflip.png,,d73fa37612d2e0a1b3a87b399bfe03f7d4a19f50ca8457d63331fc080fcea3a3,spot,train,train,False,masks/spot/28ecf9e8f5417fdc208b1845.png,pending,nonempty,416
SAM3_auto,original,True,spot:14_spot_jpg,416,2884acd601195350c7e205cb,spot_source,/content/drive/MyDrive/LeafData.v1i.yolov11_aug4_20261003_170034/train/images/14_spot_jpg.rf.5c6be57e967401f5ec574b452bbfce36.jpg,,,pending,missing,train/images/14_spot_jpg.rf.5c6be57e967401f5ec574b452bbfce36.jpg,,train/images/14_spot_jpg.rf.5c6be57e967401f5ec574b452bbfce36.jpg,,5431df38fa59d8aff65e849fae9b571c0e153b3f9c14053ad30af5c7b16494c3,spot,train,train,False,masks/spot/2884acd601195350c7e205cb.png,pending,nonempty,416
SAM3_auto,brillo112,False,spot:14_spot_jpg,416,d69b1894b2e1dfe0dccf5190,spot_source,/content/drive/MyDrive/LeafData.v1i.yolov11_aug4_20261003_170034/train/images/14_spot_jpg.rf.5c6be57e967401f5ec574b452bbfce36__aug4_brillo112.png,,,pending,missing,train/images/14_spot_jpg.rf.5c6be57e967401f5ec574b452bbfce36.jpg,,train/images/14_spot_jpg.rf.5c6be57e967401f5ec574b452bbfce36__aug4_brillo112.png,,afa27842e4a5915bf8526910cd9ad038447f871c2ef9ad6066c45983ac7e93e8,spot,train,train,False,masks/spot/d69b1894b2e1dfe0dccf5190.png,pending,nonempty,416
SAM3_auto,contraste115,False,spot:14_spot_jpg,416,a2c94596f96dc714743679ee,spot_source,/content/drive/MyDrive/LeafData.v1i.yolov11_aug4_20261003_170034/train/images/14_spot_jpg.rf.5c6be57e967401f5ec574b452bbfce36__aug4_contraste115.png,,,pending,missing,train/images/14_spot_jpg.rf.5c6be57e967401f5ec574b452bbfce36.jpg,,train/images/14_spot_jpg.rf.5c6be57e967401f5ec574b452bbfce36__aug4_contraste115.png,,6cfc433d5a48ba6a74f577db639a1edacdaccc3a1ed058fc0303c6138ab8f6a4,spot,train,train,False,masks/spot/a2c94596f96dc714743679ee.png,pending,nonempty,416
SAM3_auto,hflip,False,spot:14_spot_jpg,416,07dc228b837e012f3e6d4d46,spot_source,/content/drive/MyDrive/LeafData.v1i.yolov11_aug4_20261003_170034/train/images/14_spot_jpg.rf.5c6be57e967401f5ec574b452bbfce36__aug4_hflip.png,,,pending,missing,train/images/14_spot_jpg.rf.5c6be57e967401f5ec574b452bbfce36.jpg,,train/images/14_spot_jpg.rf.5c6be57e967401f5ec574b452bbfce36__aug4_hflip.png,,280a69922d61ca15f9ff5f17892172309a7ba1571935e3bb9da527995b11d2a6,spot,train,train,False,masks/spot/07dc228b837e012f3e6d4d46.png,pending,nonempty,416
SAM3_auto,vflip,False,spot:14_spot_jpg,416,a0c92a118025d648bc4d6791,spot_source,/content/drive/MyDrive/LeafData.v1i.yolov11_aug4_20261003_170034/train/images/14_spot_jpg.rf.5c6be57e967401f5ec574b452bbfce36__aug4_vflip.png,,,pending,missing,train/images/14_spot_jpg.rf.5c6be57e967401f5ec574b452bbfce36.jpg,,train/images/14_spot_jpg.rf.5c6be57e967401f5ec574b452bbfce36__aug4_vflip.png,,87bbea1e6a13c729b78abe5917a1263637c1c7ecf1fd9f0d56f39503ab3f3095,spot,train,train,False,masks/spot/a0c92a118025d648bc4d6791.png,pending,nonempty,416
SAM3_auto,original,True,spot:14_spot_jpg,416,d5925b01edae0192d7271326,spot_source,/content/drive/MyDrive/LeafData.v1i.yolov11_aug4_20261003_170034/train/images/14_spot_jpg.rf.7826acbbe3168c31457496c6f0143209.jpg,,,pending,missing,train/images/14_spot_jpg.rf.7826acbbe3168c31457496c6f0143209.jpg,,train/images/14_spot_jpg.rf.7826acbbe3168c31457496c6f0143209.jpg,,c533c6bf2658e472884863c80062c42e0adb866372c58b489d82f24271fdba99,spot,train,train,False,masks/spot/d5925b01edae0192d7271326.png,pending,nonempty,416
SAM3_auto,brillo112,False,spot:14_spot_jpg,416,3861504d14e9efab74547b66,spot_source,/content/drive/MyDrive/LeafData.v1i.yolov11_aug4_20261003_170034/train/images/14_spot_jpg.rf.7826acbbe3168c31457496c6f0143209__aug4_brillo112.png,,,pending,missing,train/images/14_spot_jpg.rf.7826acbbe3168c31457496c6f0143209.jpg,,train/images/14_spot_jpg.rf.7826acbbe3168c31457496c6f0143209__aug4_brillo112.png,,95fe70b509d9917e6df6d3c3a3d64dbf520669aca54f7f6c8d6ad16aaa76334f,spot,train,train,False,masks/spot/3861504d14e9efab74547b66.png,pending,nonempty,416
SAM3_auto,contraste115,False,spot:14_spot_jpg,416,d66a830107ef0481adc495f7,spot_source,/content/drive/MyDrive/LeafData.v1i.yolov11_aug4_20261003_170034/train/images/14_spot_jpg.rf.7826acbbe3168c31457496c6f0143209__aug4_contraste115.png,,,pending,missing,train/images/14_spot_jpg.rf.7826acbbe3168c31457496c6f0143209.jpg,,train/images/14_spot_jpg.rf.7826acbbe3168c31457496c6f0143209__aug4_contraste115.png,,6778bd9d53c3e91a9452de82037fc4dcedadc51aa6d1394bb08cae4738ea59b5,spot,train,train,False,masks/spot/d66a830107ef0481adc495f7.png,pending,nonempty,416
SAM3_auto,hflip,False,spot:14_spot_jpg,416,7ffd0144e238f0ead83f1dd2,spot_source,/content/drive/MyDrive/LeafData.v1i.yolov11_aug4_20261003_170034/train/images/14_spot_jpg.rf.7826acbbe3168c31457496c6f0143209__aug4_hflip.png,,,pending,missing,train/images/14_spot_jpg.rf.7826acbbe3168c31457496c6f0143209.jpg,,train/images/14_spot_jpg.rf.7826acbbe3168c31457496c6f0143209__aug4_hflip.png,,bd609f7033f21c3860c18798a5eeb906adb1136666f6f5584a1e3121b84503f8,spot,train,train,False,masks/spot/7ffd0144e238f0ead83f1dd2.png,pending,nonempty,416
SAM3_auto,vflip,False,spot:14_spot_jpg,416,d864ea297ae4dc545d5ef715,spot_source,/content/drive/MyDrive/LeafData.v1i.yolov11_aug4_20261003_170034/train/images/14_spot_jpg.rf.7826acbbe3168c31457496c6f0143209__aug4_vflip.png,,,pending,missing,train/images/14_spot_jpg.rf.7826acbbe3168c31457496c6f0143209.jpg,,train/images/14_spot_jpg.rf.7826acbbe3168c31457496c6f0143209__aug4_vflip.png,,9a299385d517aa8ef074cd11587987e22f1e68dcb3237e0888417c925f75999e,spot,train,train,False,masks/spot/d864ea297ae4dc545d5ef715.png,pending,nonempty,416
SAM3_auto,original,True,spot:150_spot_jpg,416,a4b2f870e4683ce7a8bdaa33,spot_source,/content/drive/MyDrive/LeafData.v1i.yolov11_aug4_20261003_170034/train/images/150_spot_jpg.rf.7f1896fbdc874f225f73149606b5e70b.jpg,,,pending,missing,train/images/150_spot_jpg.rf.7f1896fbdc874f225f73149606b5e70b.jpg,,train/images/150_spot_jpg.rf.7f1896fbdc874f225f73149606b5e70b.jpg,,a0f5f91df2c09033f540458708907bbf41b0dc78e2d57ada0978470a9aa8da77,spot,train,train,False,masks/spot/a4b2f870e4683ce7a8bdaa33.png,pending,nonempty,416
SAM3_auto,brillo112,False,spot:150_spot_jpg,416,aa4c56494ba9026d7091c9fa,spot_source,/content/drive/MyDrive/LeafData.v1i.yolov11_aug4_20261003_170034/train/images/150_spot_jpg.rf.7f1896fbdc874f225f73149606b5e70b__aug4_brillo112.png,,,pending,missing,train/images/150_spot_jpg.rf.7f1896fbdc874f225f73149606b5e70b.jpg,,train/images/150_spot_jpg.rf.7f1896fbdc874f225f73149606b5e70b__aug4_brillo112.png,,feb4f48530539e2f83e3b8251a4da4b0a87a4adb45db3dc6ce3807fe0040b06b,spot,train,train,False,masks/spot/aa4c56494ba9026d7091c9fa.png,pending,nonempty,416
SAM3_auto,contraste115,False,spot:150_spot_jpg,416,41b376e54386e8270f44e863,spot_source,/content/drive/MyDrive/LeafData.v1i.yolov11_aug4_20261003_170034/train/images/150_spot_jpg.rf.7f1896fbdc874f225f73149606b5e70b__aug4_contraste115.png,,,pending,missing,train/images/150_spot_jpg.rf.7f1896fbdc874f225f73149606b5e70b.jpg,,train/images/150_spot_jpg.rf.7f1896fbdc874f225f73149606b5e70b__aug4_contraste115.png,,32582f7e79f7c878b72a11c161aaf0d6f5bbc3df3b68f2b1be9b76f50a75f2b3,spot,train,train,False,masks/spot/41b376e54386e8270f44e863.png,pending,nonempty,416
SAM3_auto,hflip,False,spot:150_spot_jpg,416,c078d037bfa269f79401d5f1,spot_source,/content/drive/MyDrive/LeafData.v1i.yolov11_aug4_20261003_170034/train/images/150_spot_jpg.rf.7f1896fbdc874f225f73149606b5e70b__aug4_hflip.png,,,pending,missing,train/images/150_spot_jpg.rf.7f1896fbdc874f225f73149606b5e70b.jpg,,train/images/150_spot_jpg.rf.7f1896fbdc874f225f73149606b5e70b__aug4_hflip.png,,433011eeb16b334676ef075a93621ddcec1814012d2ee018c70402e957f7624c,spot,train,train,False,masks/spot/c078d037bfa269f79401d5f1.png,pending,nonempty,416
SAM3_auto,vflip,False,spot:150_spot_jpg,416,9cf87997978220301dfc78bb,spot_source,/content/drive/MyDrive/LeafData.v1i.yolov11_aug4_20261003_170034/train/images/150_spot_jpg.rf.7f1896fbdc874f225f73149606b5e70b__aug4_vflip.png,,,pending,missing,train/images/150_spot_jpg.rf.7f1896fbdc874f225f73149606b5e70b.jpg,,train/images/150_spot_jpg.rf.7f1896fbdc874f225f73149606b5e70b__aug4_vflip.png,,45aeb3375261613cbc2fb525543b3a21002cd7f136ad76bdf791c49a6464ad69,spot,train,train,False,masks/spot/9cf87997978220301dfc78bb.png,pending,nonempty,416
SAM3_auto,original,True,spot:150_spot_jpg,416,6eaabdb999dc7e7334a43daf,spot_source,/content/drive/MyDrive/LeafData.v1i.yolov11_aug4_20261003_170034/train/images/150_spot_jpg.rf.a205ce516cc6923f485d0bb7032dabe1.jpg,,,pending,missing,train/images/150_spot_jpg.rf.a205ce516cc6923f485d0bb7032dabe1.jpg,,train/images/150_spot_jpg.rf.a205ce516cc6923f485d0bb7032dabe1.jpg,,7c64850fa19fbb35bcf4bdb90de1bf3dd664dee1b323205b6d0c5ebdf058b7cc,spot,train,train,False,masks/spot/6eaabdb999dc7e7334a43daf.png,pending,nonempty,416
SAM3_auto,brillo112,False,spot:150_spot_jpg,416,c1dfe37aa3e77eb83a9efc33,spot_source,/content/drive/MyDrive/LeafData.v1i.yolov11_aug4_20261003_170034/train/images/150_spot_jpg.rf.a205ce516cc6923f485d0bb7032dabe1__aug4_brillo112.png,,,pending,missing,train/images/150_spot_jpg.rf.a205ce516cc6923f485d0bb7032dabe1.jpg,,train/images/150_spot_jpg.rf.a205ce516cc6923f485d0bb7032dabe1__aug4_brillo112.png,,c01d1176a500cabbed94bac04cc2fdafc6c9a8a3af21440913fce2e761ddb903,spot,train,train,False,masks/spot/c1dfe37aa3e77eb83a9efc33.png,pending,nonempty,416
SAM3_auto,contraste115,False,spot:150_spot_jpg,416,14228aa642e606d2c66f76f6,spot_source,/content/drive/MyDrive/LeafData.v1i.yolov11_aug4_20261003_170034/train/images/150_spot_jpg.rf.a205ce516cc6923f485d0bb7032dabe1__aug4_contraste115.png,,,pending,missing,train/images/150_spot_jpg.rf.a205ce516cc6923f485d0bb7032dabe1.jpg,,train/images/150_spot_jpg.rf.a205ce516cc6923f485d0bb7032dabe1__aug4_contraste115.png,,03274d80cda29e09df47f8befd6db122ca5cd619126e44e4cdbad534f1e73def,spot,train,train,False,masks/spot/14228aa642e606d2c66f76f6.png,pending,nonempty,416
SAM3_auto,hflip,False,spot:150_spot_jpg,416,b5b72204eb3eeeadce3c4ef4,spot_source,/content/drive/MyDrive/LeafData.v1i.yolov11_aug4_20261003_170034/train/images/150_spot_jpg.rf.a205ce516cc6923f485d0bb7032dabe1__aug4_hflip.png,,,pending,missing,train/images/150_spot_jpg.rf.a205ce516cc6923f485d0bb7032dabe1.jpg,,train/images/150_spot_jpg.rf.a205ce516cc6923f485d0bb7032dabe1__aug4_hflip.png,,cf9f7d6369f4b1860c5c7e38c8e3d8efa0452a551b714a7e31d2bdec8a71ef2d,spot,train,train,False,masks/spot/b5b72204eb3eeeadce3c4ef4.png,pending,nonempty,416
SAM3_auto,vflip,False,spot:150_spot_jpg,416,21fd363096219a14cff6ce5f,spot_source,/content/drive/MyDrive/LeafData.v1i.yolov11_aug4_20261003_170034/train/images/150_spot_jpg.rf.a205ce516cc6923f485d0bb7032dabe1__aug4_vflip.png,,,pending,missing,train/images/150_spot_jpg.rf.a205ce516cc6923f485d0bb7032dabe1.jpg,,train/images/150_spot_jpg.rf.a205ce516cc6923f485d0bb7032dabe1__aug4_vflip.png,,1ff11842e6862427a5a1b6aae6122a886e54987cbe6366962daed59a26aa43f2,spot,train,train,False,masks/spot/21fd363096219a14cff6ce5f.png,pending,nonempty,416
SAM3_auto,original,True,spot:150_spot_jpg,416,616e82ee5ff3d2695c310417,spot_source,/content/drive/MyDrive/LeafData.v1i.yolov11_aug4_20261003_170034/train/images/150_spot_jpg.rf.b3bd611599c62b9630ed084ff2ae49cf.jpg,,,pending,missing,train/images/150_spot_jpg.rf.b3bd611599c62b9630ed084ff2ae49cf.jpg,,train/images/150_spot_jpg.rf.b3bd611599c62b9630ed084ff2ae49cf.jpg,,23140ba65061fdbb41e51dcd8d0789b6a7221d0d73942d19743ef242f57a4182,spot,train,train,False,masks/spot/616e82ee5ff3d2695c310417.png,pending,nonempty,416
SAM3_auto,brillo112,False,spot:150_spot_jpg,416,86c5cc4d3fc82c135299258a,spot_source,/content/drive/MyDrive/LeafData.v1i.yolov11_aug4_20261003_170034/train/images/150_spot_jpg.rf.b3bd611599c62b9630ed084ff2ae49cf__aug4_brillo112.png,,,pending,missing,train/images/150_spot_jpg.rf.b3bd611599c62b9630ed084ff2ae49cf.jpg,,train/images/150_spot_jpg.rf.b3bd611599c62b9630ed084ff2ae49cf__aug4_brillo112.png,,5555ba2f2674bf31627079742e2a0ecf21715df4602dfc040d2ecca189cb85dd,spot,train,train,False,masks/spot/86c5cc4d3fc82c135299258a.png,pending,nonempty,416
SAM3_auto,contraste115,False,spot:150_spot_jpg,416,9ab575529a2f1f2b80516284,spot_source,/content/drive/MyDrive/LeafData.v1i.yolov11_aug4_20261003_170034/train/images/150_spot_jpg.rf.b3bd611599c62b9630ed084ff2ae49cf__aug4_contraste115.png,,,pending,missing,train/images/150_spot_jpg.rf.b3bd611599c62b9630ed084ff2ae49cf.jpg,,train/images/150_spot_jpg.rf.b3bd611599c62b9630ed084ff2ae49cf__aug4_contraste115.png,,9940f87992d8d29fe21fa130edd199bb6882520de8cec98f6cf59ac7e2af6a39,spot,train,train,False,masks/spot/9ab575529a2f1f2b80516284.png,pending,nonempty,416
SAM3_auto,hflip,False,spot:150_spot_jpg,416,f37d129c5736f111e72d2b89,spot_source,/content/drive/MyDrive/LeafData.v1i.yolov11_aug4_20261003_170034/train/images/150_spot_jpg.rf.b3bd611599c62b9630ed084ff2ae49cf__aug4_hflip.png,,,pending,missing,train/images/150_spot_jpg.rf.b3bd611599c62b9630ed084ff2ae49cf.jpg,,train/images/150_spot_jpg.rf.b3bd611599c62b9630ed084ff2ae49cf__aug4_hflip.png,,f128d71e2c2916d394c7f69c9c08f744b14184705b6f1bed0931de83618f54b0,spot,train,train,False,masks/spot/f37d129c5736f111e72d2b89.png,pending,nonempty,416
SAM3_auto,vflip,False,spot:150_spot_jpg,416,793c2169538e95b9397b5db9,spot_source,/content/drive/MyDrive/LeafData.v1i.yolov11_aug4_20261003_170034/train/images/150_spot_jpg.rf.b3bd611599c62b9630ed084ff2ae49cf__aug4_vflip.png,,,pending,missing,train/images/150_spot_jpg.rf.b3bd611599c62b9630ed084ff2ae49cf.jpg,,train/images/150_spot_jpg.rf.b3bd611599c62b9630ed084ff2ae49cf__aug4_vflip.png,,957e3d2c1bf3e8a093ffddc46c9d725899b9ce955d6b1e4e8fc0dc77d5ea8d5f,spot,train,train,False,masks/spot/793c2169538e95b9397b5db9.png,pending,nonempty,416
SAM3_auto,original,True,spot:151_spot_jpg,416,c80a327d98c8002c6f158098,spot_source,/content/drive/MyDrive/LeafData.v1i.yolov11_aug4_20261003_170034/train/images/151_spot_jpg.rf.3a69e89d85ee04130e8bc1072d9944b9.jpg,,,pending,missing,train/images/151_spot_jpg.rf.3a69e89d85ee04130e8bc1072d9944b9.jpg,,train/images/151_spot_jpg.rf.3a69e89d85ee04130e8bc1072d9944b9.jpg,,73da15308ea6641bc64bde0cbadb3900e41a878d70ea675c47479b0902aba2e1,spot,train,train,False,masks/spot/c80a327d98c8002c6f158098.png,pending,nonempty,416
SAM3_auto,brillo112,False,spot:151_spot_jpg,416,76f0441ff5f5809a0843fc81,spot_source,/content/drive/MyDrive/LeafData.v1i.yolov11_aug4_20261003_170034/train/images/151_spot_jpg.rf.3a69e89d85ee04130e8bc1072d9944b9__aug4_brillo112.png,,,pending,missing,train/images/151_spot_jpg.rf.3a69e89d85ee04130e8bc1072d9944b9.jpg,,train/images/151_spot_jpg.rf.3a69e89d85ee04130e8bc1072d9944b9__aug4_brillo112.png,,528cd10ac2002d1e35185dfa95b7be864287b07675e1cd96be89f5c77ca68dc7,spot,train,train,False,masks/spot/76f0441ff5f5809a0843fc81.png,pending,nonempty,416
SAM3_auto,contraste115,False,spot:151_spot_jpg,416,12d40fcbb925387121ebe3b1,spot_source,/content/drive/MyDrive/LeafData.v1i.yolov11_aug4_20261003_170034/train/images/151_spot_jpg.rf.3a69e89d85ee04130e8bc1072d9944b9__aug4_contraste115.png,,,pending,missing,train/images/151_spot_jpg.rf.3a69e89d85ee04130e8bc1072d9944b9.jpg,,train/images/151_spot_jpg.rf.3a69e89d85ee04130e8bc1072d9944b9__aug4_contraste115.png,,b9cd62b569e9be3274bcd870980c27c784af0479de943ad47bce3ea35bf8c771,spot,train,train,False,masks/spot/12d40fcbb925387121ebe3b1.png,pending,nonempty,416
SAM3_auto,hflip,False,spot:151_spot_jpg,416,db4dc5f28e649c0dea5f98a4,spot_source,/content/drive/MyDrive/LeafData.v1i.yolov11_aug4_20261003_170034/train/images/151_spot_jpg.rf.3a69e89d85ee04130e8bc1072d9944b9__aug4_hflip.png,,,pending,missing,train/images/151_spot_jpg.rf.3a69e89d85ee04130e8bc1072d9944b9.jpg,,train/images/151_spot_jpg.rf.3a69e89d85ee04130e8bc1072d9944b9__aug4_hflip.png,,8fa82e2eb1e489b0aff50ad1519c4ac024fb02d04897451fa5cedfc25f9448dc,spot,train,train,False,masks/spot/db4dc5f28e649c0dea5f98a4.png,pending,nonempty,416
SAM3_auto,vflip,False,spot:151_spot_jpg,416,6cfd0a3b9564328a1222e6ba,spot_source,/content/drive/MyDrive/LeafData.v1i.yolov11_aug4_20261003_170034/train/images/151_spot_jpg.rf.3a69e89d85ee04130e8bc1072d9944b9__aug4_vflip.png,,,pending,missing,train/images/151_spot_jpg.rf.3a69e89d85ee04130e8bc1072d9944b9.jpg,,train/images/151_spot_jpg.rf.3a69e89d85ee04130e8bc1072d9944b9__aug4_vflip.png,,109ce124c7c46d6b88ad7816cb4d103e3aaa78292d22ce514af68343f35d0813,spot,train,train,False,masks/spot/6cfd0a3b9564328a1222e6ba.png,pending,nonempty,416
SAM3_auto,original,True,spot:151_spot_jpg,416,b4db9c5005cc87f31e225437,spot_source,/content/drive/MyDrive/LeafData.v1i.yolov11_aug4_20261003_170034/train/images/151_spot_jpg.rf.93798e5dec15f3ae35c040d5739a43f8.jpg,,,pending,missing,train/images/151_spot_jpg.rf.93798e5dec15f3ae35c040d5739a43f8.jpg,,train/images/151_spot_jpg.rf.93798e5dec15f3ae35c040d5739a43f8.jpg,,0b9a3ac97e21dd7d1cbcef3cc0b61dfa234ffbfdc07b55b7869a169d92c28234,spot,train,train,False,masks/spot/b4db9c5005cc87f31e225437.png,pending,nonempty,416
SAM3_auto,brillo112,False,spot:151_spot_jpg,416,883f0f2d08e5c3ff62732355,spot_source,/content/drive/MyDrive/LeafData.v1i.yolov11_aug4_20261003_170034/train/images/151_spot_jpg.rf.93798e5dec15f3ae35c040d5739a43f8__aug4_brillo112.png,,,pending,missing,train/images/151_spot_jpg.rf.93798e5dec15f3ae35c040d5739a43f8.jpg,,train/images/151_spot_jpg.rf.93798e5dec15f3ae35c040d5739a43f8__aug4_brillo112.png,,4453f4e116ea471ef086455676e36597cc45a624e2e07c5a3a5e7308523a2a89,spot,train,train,False,masks/spot/883f0f2d08e5c3ff62732355.png,pending,nonempty,416
SAM3_auto,contraste115,False,spot:151_spot_jpg,416,054b7948ea26c519f4eec18a,spot_source,/content/drive/MyDrive/LeafData.v1i.yolov11_aug4_20261003_170034/train/images/151_spot_jpg.rf.93798e5dec15f3ae35c040d5739a43f8__aug4_contraste115.png,,,pending,missing,train/images/151_spot_jpg.rf.93798e5dec15f3ae35c040d5739a43f8.jpg,,train/images/151_spot_jpg.rf.93798e5dec15f3ae35c040d5739a43f8__aug4_contraste115.png,,6448ef64c2f857eec4efb43d3291193183387f9de4558f65059bac52eb725341,spot,train,train,False,masks/spot/054b7948ea26c519f4eec18a.png,pending,nonempty,416
SAM3_auto,hflip,False,spot:151_spot_jpg,416,890baf80d44a5652f16f5cba,spot_source,/content/drive/MyDrive/LeafData.v1i.yolov11_aug4_20261003_170034/train/images/151_spot_jpg.rf.93798e5dec15f3ae35c040d5739a43f8__aug4_hflip.png,,,pending,missing,train/images/151_spot_jpg.rf.93798e5dec15f3ae35c040d5739a43f8.jpg,,train/images/151_spot_jpg.rf.93798e5dec15f3ae35c040d5739a43f8__aug4_hflip.png,,bb79d3212231d1dd1876b30c5b359af3c79a5a27da643a6f3c08206981da940e,spot,train,train,False,masks/spot/890baf80d44a5652f16f5cba.png,pending,nonempty,416
SAM3_auto,vflip,False,spot:151_spot_jpg,416,81c2553b248035ba9bc4f715,spot_source,/content/drive/MyDrive/LeafData.v1i.yolov11_aug4_20261003_170034/train/images/151_spot_jpg.rf.93798e5dec15f3ae35c040d5739a43f8__aug4_vflip.png,,,pending,missing,train/images/151_spot_jpg.rf.93798e5dec15f3ae35c040d5739a43f8.jpg,,train/images/151_spot_jpg.rf.93798e5dec15f3ae35c040d5739a43f8__aug4_vflip.png,,799d25ed8046daf1907e614508ceeb055ab275d88ca90e7037377153b6954403,spot,train,train,False,masks/spot/81c2553b248035ba9bc4f715.png,pending,nonempty,416
SAM3_auto,original,True,spot:152_spot_jpg,416,303764e7a0ece72491000e0b,spot_source,/content/drive/MyDrive/LeafData.v1i.yolov11_aug4_20261003_170034/train/images/152_spot_jpg.rf.122f710c37c5c330814b18a60e0ea98f.jpg,,,pending,missing,train/images/152_spot_jpg.rf.122f710c37c5c330814b18a60e0ea98f.jpg,,train/images/152_spot_jpg.rf.122f710c37c5c330814b18a60e0ea98f.jpg,,7d07684ec487358b20311ccf18be9b0b2ce50386c0d5472f8c3e11027a645f08,spot,train,train,False,masks/spot/303764e7a0ece72491000e0b.png,pending,nonempty,416
SAM3_auto,brillo112,False,spot:152_spot_jpg,416,b6da1732f50d658c57512270,spot_source,/content/drive/MyDrive/LeafData.v1i.yolov11_aug4_20261003_170034/train/images/152_spot_jpg.rf.122f710c37c5c330814b18a60e0ea98f__aug4_brillo112.png,,,pending,missing,train/images/152_spot_jpg.rf.122f710c37c5c330814b18a60e0ea98f.jpg,,train/images/152_spot_jpg.rf.122f710c37c5c330814b18a60e0ea98f__aug4_brillo112.png,,0601db5fc35f58a2d8599c0dd224d95e8529c21c8718b6bf79fcef79c1ae300d,spot,train,train,False,masks/spot/b6da1732f50d658c57512270.png,pending,nonempty,416
SAM3_auto,contraste115,False,spot:152_spot_jpg,416,4839c20f1b95d3b06fec636b,spot_source,/content/drive/MyDrive/LeafData.v1i.yolov11_aug4_20261003_170034/train/images/152_spot_jpg.rf.122f710c37c5c330814b18a60e0ea98f__aug4_contraste115.png,,,pending,missing,train/images/152_spot_jpg.rf.122f710c37c5c330814b18a60e0ea98f.jpg,,train/images/152_spot_jpg.rf.122f710c37c5c330814b18a60e0ea98f__aug4_contraste115.png,,54591f2293773c5d11d954b6a1e1e47a36a01af450bd9b9253be9b686325cd7c,spot,train,train,False,masks/spot/4839c20f1b95d3b06fec636b.png,pending,nonempty,416
SAM3_auto,hflip,False,spot:152_spot_jpg,416,8daa9b70373319cf5ef40442,spot_source,/content/drive/MyDrive/LeafData.v1i.yolov11_aug4_20261003_170034/train/images/152_spot_jpg.rf.122f710c37c5c330814b18a60e0ea98f__aug4_hflip.png,,,pending,missing,train/images/152_spot_jpg.rf.122f710c37c5c330814b18a60e0ea98f.jpg,,train/images/152_spot_jpg.rf.122f710c37c5c330814b18a60e0ea98f__aug4_hflip.png,,82d38a3f651413fbfa4efa9161fc8a04d309c62a03dbc426340f30b0bf598aac,spot,train,train,False,masks/spot/8daa9b70373319cf5ef40442.png,pending,nonempty,416
SAM3_auto,vflip,False,spot:152_spot_jpg,416,cdcf36e3031c9d6438de8d01,spot_source,/content/drive/MyDrive/LeafData.v1i.yolov11_aug4_20261003_170034/train/images/152_spot_jpg.rf.122f710c37c5c330814b18a60e0ea98f__aug4_vflip.png,,,pending,missing,train/images/152_spot_jpg.rf.122f710c37c5c330814b18a60e0ea98f.jpg,,train/images/152_spot_jpg.rf.122f710c37c5c330814b18a60e0ea98f__aug4_vflip.png,,856d5ea0f8e7c9969d2ce725aa1e52c596721d8e7b756f8acdbd1938cafad0af,spot,train,train,False,masks/spot/cdcf36e3031c9d6438de8d01.png,pending,nonempty,416
SAM3_auto,original,True,spot:152_spot_jpg,416,bfa4f92c41f1e3958fa94d36,spot_source,/content/drive/MyDrive/LeafData.v1i.yolov11_aug4_20261003_170034/train/images/152_spot_jpg.rf.1a9d2b61ca96c438f27f15875f1a0a47.jpg,,,pending,missing,train/images/152_spot_jpg.rf.1a9d2b61ca96c438f27f15875f1a0a47.jpg,,train/images/152_spot_jpg.rf.1a9d2b61ca96c438f27f15875f1a0a47.jpg,,3d186842bdbe1119a5447f198166b72ecbb32f644c63479c53b7450b7e7cb9dd,spot,train,train,False,masks/spot/bfa4f92c41f1e3958fa94d36.png,pending,nonempty,416
SAM3_auto,brillo112,False,spot:152_spot_jpg,416,9dbd998f4bdef50a9b492fc4,spot_source,/content/drive/MyDrive/LeafData.v1i.yolov11_aug4_20261003_170034/train/images/152_spot_jpg.rf.1a9d2b61ca96c438f27f15875f1a0a47__aug4_brillo112.png,,,pending,missing,train/images/152_spot_jpg.rf.1a9d2b61ca96c438f27f15875f1a0a47.jpg,,train/images/152_spot_jpg.rf.1a9d2b61ca96c438f27f15875f1a0a47__aug4_brillo112.png,,115e468e2cdd0cbd94d4125730e07796f1c716c2f77f95fde7e18c8af046dcc7,spot,train,train,False,masks/spot/9dbd998f4bdef50a9b492fc4.png,pending,nonempty,416
SAM3_auto,contraste115,False,spot:152_spot_jpg,416,e589bbeb756daf545de7113f,spot_source,/content/drive/MyDrive/LeafData.v1i.yolov11_aug4_20261003_170034/train/images/152_spot_jpg.rf.1a9d2b61ca96c438f27f15875f1a0a47__aug4_contraste115.png,,,pending,missing,train/images/152_spot_jpg.rf.1a9d2b61ca96c438f27f15875f1a0a47.jpg,,train/images/152_spot_jpg.rf.1a9d2b61ca96c438f27f15875f1a0a47__aug4_contraste115.png,,b7ea232a51150f2917a6619521e2cde913cc034cd06f4fee024dfb7b59d1ee8f,spot,train,train,False,masks/spot/e589bbeb756daf545de7113f.png,pending,nonempty,416
SAM3_auto,hflip,False,spot:152_spot_jpg,416,2c23df1a443f07de92e433d7,spot_source,/content/drive/MyDrive/LeafData.v1i.yolov11_aug4_20261003_170034/train/images/152_spot_jpg.rf.1a9d2b61ca96c438f27f15875f1a0a47__aug4_hflip.png,,,pending,missing,train/images/152_spot_jpg.rf.1a9d2b61ca96c438f27f15875f1a0a47.jpg,,train/images/152_spot_jpg.rf.1a9d2b61ca96c438f27f15875f1a0a47__aug4_hflip.png,,569dc3a433280d0bc94ee9411b053e6e094743131c938713890123425cbda9ba,spot,train,train,False,masks/spot/2c23df1a443f07de92e433d7.png,pending,nonempty,416
SAM3_auto,vflip,False,spot:152_spot_jpg,416,4015bccf8cfa5df3587f1e5d,spot_source,/content/drive/MyDrive/LeafData.v1i.yolov11_aug4_20261003_170034/train/images/152_spot_jpg.rf.1a9d2b61ca96c438f27f15875f1a0a47__aug4_vflip.png,,,pending,missing,train/images/152_spot_jpg.rf.1a9d2b61ca96c438f27f15875f1a0a47.jpg,,train/images/152_spot_jpg.rf.1a9d2b61ca96c438f27f15875f1a0a47__aug4_vflip.png,,d440aaf63b8071ed4ab80848bd6577d6f85a660b6e29e6d65ed1bd1ce4cc8496,spot,train,train,False,masks/spot/4015bccf8cfa5df3587f1e5d.png,pending,nonempty,416
SAM3_auto,original,True,spot:152_spot_jpg,416,a7528b35944b1fde7776fb97,spot_source,/content/drive/MyDrive/LeafData.v1i.yolov11_aug4_20261003_170034/train/images/152_spot_jpg.rf.31f84c225708697d02e6a1860b065650.jpg,,,pending,missing,train/images/152_spot_jpg.rf.31f84c225708697d02e6a1860b065650.jpg,,train/images/152_spot_jpg.rf.31f84c225708697d02e6a1860b065650.jpg,,10eb644c924864b3f14997e0d0cdf8a4798721f3ac51db74da803e466bd993cd,spot,train,train,False,masks/spot/a7528b35944b1fde7776fb97.png,pending,nonempty,416
SAM3_auto,brillo112,False,spot:152_spot_jpg,416,4a1dc35703ccf54251127442,spot_source,/content/drive/MyDrive/LeafData.v1i.yolov11_aug4_20261003_170034/train/images/152_spot_jpg.rf.31f84c225708697d02e6a1860b065650__aug4_brillo112.png,,,pending,missing,train/images/152_spot_jpg.rf.31f84c225708697d02e6a1860b065650.jpg,,train/images/152_spot_jpg.rf.31f84c225708697d02e6a1860b065650__aug4_brillo112.png,,8cbd0ca101d244e178731191863d4204c45661c3a2d0fc17ae6b05ef5d77f0f8,spot,train,train,False,masks/spot/4a1dc35703ccf54251127442.png,pending,nonempty,416
SAM3_auto,contraste115,False,spot:152_spot_jpg,416,8cf1cda58521912c66874732,spot_source,/content/drive/MyDrive/LeafData.v1i.yolov11_aug4_20261003_170034/train/images/152_spot_jpg.rf.31f84c225708697d02e6a1860b065650__aug4_contraste115.png,,,pending,missing,train/images/152_spot_jpg.rf.31f84c225708697d02e6a1860b065650.jpg,,train/images/152_spot_jpg.rf.31f84c225708697d02e6a1860b065650__aug4_contraste115.png,,982cd61661047c646876ed463e031d5dc030294c443fecfe2690e2d906736ea1,spot,train,train,False,masks/spot/8cf1cda58521912c66874732.png,pending,nonempty,416
SAM3_auto,hflip,False,spot:152_spot_jpg,416,f8745e134d0c23518ac000cf,spot_source,/content/drive/MyDrive/LeafData.v1i.yolov11_aug4_20261003_170034/train/images/152_spot_jpg.rf.31f84c225708697d02e6a1860b065650__aug4_hflip.png,,,pending,missing,train/images/152_spot_jpg.rf.31f84c225708697d02e6a1860b065650.jpg,,train/images/152_spot_jpg.rf.31f84c225708697d02e6a1860b065650__aug4_hflip.png,,1dfa57914b85a3de3550d845b98019887abf8aa37e58d968b13b5ea8ee91f53d,spot,train,train,False,masks/spot/f8745e134d0c23518ac000cf.png,pending,nonempty,416
SAM3_auto,vflip,False,spot:152_spot_jpg,416,727db99cf5287bd59bdd4442,spot_source,/content/drive/MyDrive/LeafData.v1i.yolov11_aug4_20261003_170034/train/images/152_spot_jpg.rf.31f84c225708697d02e6a1860b065650__aug4_vflip.png,,,pending,missing,train/images/152_spot_jpg.rf.31f84c225708697d02e6a1860b065650.jpg,,train/images/152_spot_jpg.rf.31f84c225708697d02e6a1860b065650__aug4_vflip.png,,c4f8663b83dfe0cc246337d1fedf2ee948c3b6382030ca93f479d82eec7001d7,spot,train,train,False,masks/spot/727db99cf5287bd59bdd4442.png,pending,nonempty,416
SAM3_auto,original,True,spot:154_spot_jpg,416,e50cf7afb03445585e421db6,spot_source,/content/drive/MyDrive/LeafData.v1i.yolov11_aug4_20261003_170034/train/images/154_spot_jpg.rf.3687baf2f335c1e2eca193e14663cb82.jpg,,,pending,missing,train/images/154_spot_jpg.rf.3687baf2f335c1e2eca193e14663cb82.jpg,,train/images/154_spot_jpg.rf.3687baf2f335c1e2eca193e14663cb82.jpg,,a1c9cab0a90719130bdee3a17b1e75629e2e2c7b6f9ebfb7b6814d60a3a66846,spot,train,train,False,masks/spot/e50cf7afb03445585e421db6.png,pending,nonempty,416
SAM3_auto,brillo112,False,spot:154_spot_jpg,416,9ace8931060ea5a1c98d2406,spot_source,/content/drive/MyDrive/LeafData.v1i.yolov11_aug4_20261003_170034/train/images/154_spot_jpg.rf.3687baf2f335c1e2eca193e14663cb82__aug4_brillo112.png,,,pending,missing,train/images/154_spot_jpg.rf.3687baf2f335c1e2eca193e14663cb82.jpg,,train/images/154_spot_jpg.rf.3687baf2f335c1e2eca193e14663cb82__aug4_brillo112.png,,d927d1fe15a313bdbe6d0e497224fc5c9374974db79a1116b5e79bf141bef5ed,spot,train,train,False,masks/spot/9ace8931060ea5a1c98d2406.png,pending,nonempty,416
SAM3_auto,contraste115,False,spot:154_spot_jpg,416,ba1e0ad34a732192890ae03c,spot_source,/content/drive/MyDrive/LeafData.v1i.yolov11_aug4_20261003_170034/train/images/154_spot_jpg.rf.3687baf2f335c1e2eca193e14663cb82__aug4_contraste115.png,,,pending,missing,train/images/154_spot_jpg.rf.3687baf2f335c1e2eca193e14663cb82.jpg,,train/images/154_spot_jpg.rf.3687baf2f335c1e2eca193e14663cb82__aug4_contraste115.png,,e2315e5e3e946d5056e374cce0cb12e795f9c31912ae0276b0cad4ac1ab2aac7,spot,train,train,False,masks/spot/ba1e0ad34a732192890ae03c.png,pending,nonempty,416
SAM3_auto,hflip,False,spot:154_spot_jpg,416,78a385b4cb08545731b8ec62,spot_source,/content/drive/MyDrive/LeafData.v1i.yolov11_aug4_20261003_170034/train/images/154_spot_jpg.rf.3687baf2f335c1e2eca193e14663cb82__aug4_hflip.png,,,pending,missing,train/images/154_spot_jpg.rf.3687baf2f335c1e2eca193e14663cb82.jpg,,train/images/154_spot_jpg.rf.3687baf2f335c1e2eca193e14663cb82__aug4_hflip.png,,8729f617fc82cdbe727659c105cd6912e034c3909a0c4bc7205eb6d324d0c989,spot,train,train,False,masks/spot/78a385b4cb08545731b8ec62.png,pending,nonempty,416
SAM3_auto,vflip,False,spot:154_spot_jpg,416,a00b0a88c8fd774898f77bdc,spot_source,/content/drive/MyDrive/LeafData.v1i.yolov11_aug4_20261003_170034/train/images/154_spot_jpg.rf.3687baf2f335c1e2eca193e14663cb82__aug4_vflip.png,,,pending,missing,train/images/154_spot_jpg.rf.3687baf2f335c1e2eca193e14663cb82.jpg,,train/images/154_spot_jpg.rf.3687baf2f335c1e2eca193e14663cb82__aug4_vflip.png,,35fd9845f318972955d5bc505d0237178c88a3bf5372d821c6a8fe637d623e26,spot,train,train,False,masks/spot/a00b0a88c8fd774898f77bdc.png,pending,nonempty,416
SAM3_auto,original,True,spot:154_spot_jpg,416,e7de02ec32c9fe6b560dc2f8,spot_source,/content/drive/MyDrive/LeafData.v1i.yolov11_aug4_20261003_170034/train/images/154_spot_jpg.rf.69eabb6b7c03296f48cc3d777ef83e75.jpg,,,pending,missing,train/images/154_spot_jpg.rf.69eabb6b7c03296f48cc3d777ef83e75.jpg,,train/images/154_spot_jpg.rf.69eabb6b7c03296f48cc3d777ef83e75.jpg,,13673f2479bdee20b06d457fe0532f045f0dd94e800c074c0e67164d76cd3b1f,spot,train,train,False,masks/spot/e7de02ec32c9fe6b560dc2f8.png,pending,nonempty,416
SAM3_auto,brillo112,False,spot:154_spot_jpg,416,fdcc542fb49ada10a36844de,spot_source,/content/drive/MyDrive/LeafData.v1i.yolov11_aug4_20261003_170034/train/images/154_spot_jpg.rf.69eabb6b7c03296f48cc3d777ef83e75__aug4_brillo112.png,,,pending,missing,train/images/154_spot_jpg.rf.69eabb6b7c03296f48cc3d777ef83e75.jpg,,train/images/154_spot_jpg.rf.69eabb6b7c03296f48cc3d777ef83e75__aug4_brillo112.png,,f545e4ce6d45972241db74bf0ec90c907940815b158a15ffc582c5185824c1f7,spot,train,train,False,masks/spot/fdcc542fb49ada10a36844de.png,pending,nonempty,416
SAM3_auto,contraste115,False,spot:154_spot_jpg,416,5e6b6b46229e850bed42872c,spot_source,/content/drive/MyDrive/LeafData.v1i.yolov11_aug4_20261003_170034/train/images/154_spot_jpg.rf.69eabb6b7c03296f48cc3d777ef83e75__aug4_contraste115.png,,,pending,missing,train/images/154_spot_jpg.rf.69eabb6b7c03296f48cc3d777ef83e75.jpg,,train/images/154_spot_jpg.rf.69eabb6b7c03296f48cc3d777ef83e75__aug4_contraste115.png,,cb29c07420614a6f47a753157eb129a8b3b298a9bfa6eadd86ed3996a6666cea,spot,train,train,False,masks/spot/5e6b6b46229e850bed42872c.png,pending,nonempty,416
SAM3_auto,hflip,False,spot:154_spot_jpg,416,780eaa043dead58eb192d8b6,spot_source,/content/drive/MyDrive/LeafData.v1i.yolov11_aug4_20261003_170034/train/images/154_spot_jpg.rf.69eabb6b7c03296f48cc3d777ef83e75__aug4_hflip.png,,,pending,missing,train/images/154_spot_jpg.rf.69eabb6b7c03296f48cc3d777ef83e75.jpg,,train/images/154_spot_jpg.rf.69eabb6b7c03296f48cc3d777ef83e75__aug4_hflip.png,,364cf0fa6bb1e1c0328ab18a97ff15c0b9a3a486b74de9256cbc36698873f1de,spot,train,train,False,masks/spot/780eaa043dead58eb192d8b6.png,pending,nonempty,416
SAM3_auto,vflip,False,spot:154_spot_jpg,416,1ad04c76262f196770080d68,spot_source,/content/drive/MyDrive/LeafData.v1i.yolov11_aug4_20261003_170034/train/images/154_spot_jpg.rf.69eabb6b7c03296f48cc3d777ef83e75__aug4_vflip.png,,,pending,missing,train/images/154_spot_jpg.rf.69eabb6b7c03296f48cc3d777ef83e75.jpg,,train/images/154_spot_jpg.rf.69eabb6b7c03296f48cc3d777ef83e75__aug4_vflip.png,,0d1b81bfa8835efb8761db7fbd07719ad521e7af8e3c5190b19ef3a1856aeb9e,spot,train,train,False,masks/spot/1ad04c76262f196770080d68.png,pending,nonempty,416
SAM3_auto,original,True,spot:154_spot_jpg,416,08e3a87063f3dbc728c46a65,spot_source,/content/drive/MyDrive/LeafData.v1i.yolov11_aug4_20261003_170034/train/images/154_spot_jpg.rf.c6a02ff5374a14cf357f951ba3bbd2ba.jpg,,,pending,missing,train/images/154_spot_jpg.rf.c6a02ff5374a14cf357f951ba3bbd2ba.jpg,,train/images/154_spot_jpg.rf.c6a02ff5374a14cf357f951ba3bbd2ba.jpg,,5a46f5af685b713035b02eb37944cb765e1c0f3584f5d344405be3a3cc94f978,spot,train,train,False,masks/spot/08e3a87063f3dbc728c46a65.png,pending,nonempty,416
SAM3_auto,brillo112,False,spot:154_spot_jpg,416,dd5e8898a7b4f93cec59bd0b,spot_source,/content/drive/MyDrive/LeafData.v1i.yolov11_aug4_20261003_170034/train/images/154_spot_jpg.rf.c6a02ff5374a14cf357f951ba3bbd2ba__aug4_brillo112.png,,,pending,missing,train/images/154_spot_jpg.rf.c6a02ff5374a14cf357f951ba3bbd2ba.jpg,,train/images/154_spot_jpg.rf.c6a02ff5374a14cf357f951ba3bbd2ba__aug4_brillo112.png,,08032168e972c290c0257e0a25889cfc36a6dbff10c389340b8f2b3ec1e16660,spot,train,train,False,masks/spot/dd5e8898a7b4f93cec59bd0b.png,pending,nonempty,416
SAM3_auto,contraste115,False,spot:154_spot_jpg,416,b9a2922e55fdb573e36fd290,spot_source,/content/drive/MyDrive/LeafData.v1i.yolov11_aug4_20261003_170034/train/images/154_spot_jpg.rf.c6a02ff5374a14cf357f951ba3bbd2ba__aug4_contraste115.png,,,pending,missing,train/images/154_spot_jpg.rf.c6a02ff5374a14cf357f951ba3bbd2ba.jpg,,train/images/154_spot_jpg.rf.c6a02ff5374a14cf357f951ba3bbd2ba__aug4_contraste115.png,,2df333bb3a2f6d756913ce666a26f0ae4f48778929c46e2e1cf3f60999a3fbcf,spot,train,train,False,masks/spot/b9a2922e55fdb573e36fd290.png,pending,nonempty,416
SAM3_auto,hflip,False,spot:154_spot_jpg,416,6a62788c252692ee3bf30ead,spot_source,/content/drive/MyDrive/LeafData.v1i.yolov11_aug4_20261003_170034/train/images/154_spot_jpg.rf.c6a02ff5374a14cf357f951ba3bbd2ba__aug4_hflip.png,,,pending,missing,train/images/154_spot_jpg.rf.c6a02ff5374a14cf357f951ba3bbd2ba.jpg,,train/images/154_spot_jpg.rf.c6a02ff5374a14cf357f951ba3bbd2ba__aug4_hflip.png,,114545c946f60f51c8bc50e1a1ee6d1f46926a90da1b7bc12474773ee548fc1e,spot,train,train,False,masks/spot/6a62788c252692ee3bf30ead.png,pending,nonempty,416
SAM3_auto,vflip,False,spot:154_spot_jpg,416,f8aa7e839f1078a58a1b61e2,spot_source,/content/drive/MyDrive/LeafData.v1i.yolov11_aug4_20261003_170034/train/images/154_spot_jpg.rf.c6a02ff5374a14cf357f951ba3bbd2ba__aug4_vflip.png,,,pending,missing,train/images/154_spot_jpg.rf.c6a02ff5374a14cf357f951ba3bbd2ba.jpg,,train/images/154_spot_jpg.rf.c6a02ff5374a14cf357f951ba3bbd2ba__aug4_vflip.png,,9f8afb2aed164eba1924f94a46440b4c158073879c1038ad08b2c38fc15e5b5a,spot,train,train,False,masks/spot/f8aa7e839f1078a58a1b61e2.png,pending,nonempty,416
SAM3_auto,original,True,spot:158_spot_jpg,416,ee9652714623ebca5a1f5984,spot_source,/content/drive/MyDrive/LeafData.v1i.yolov11_aug4_20261003_170034/train/images/158_spot_jpg.rf.4a18038892b079c8bbff19c36317d4e3.jpg,,,pending,missing,train/images/158_spot_jpg.rf.4a18038892b079c8bbff19c36317d4e3.jpg,,train/images/158_spot_jpg.rf.4a18038892b079c8bbff19c36317d4e3.jpg,,74457b3c215e2f6d3a2991a1294fdf1d82b5dd1f7b1bdd6850a041415fa59d25,spot,train,train,False,masks/spot/ee9652714623ebca5a1f5984.png,pending,nonempty,416
SAM3_auto,brillo112,False,spot:158_spot_jpg,416,f400de9a8ad8fd543813757e,spot_source,/content/drive/MyDrive/LeafData.v1i.yolov11_aug4_20261003_170034/train/images/158_spot_jpg.rf.4a18038892b079c8bbff19c36317d4e3__aug4_brillo112.png,,,pending,missing,train/images/158_spot_jpg.rf.4a18038892b079c8bbff19c36317d4e3.jpg,,train/images/158_spot_jpg.rf.4a18038892b079c8bbff19c36317d4e3__aug4_brillo112.png,,5fd7ddc64db4839f3986bb834e3748be855a08bf82ef666ceb1e1a86ef2abc57,spot,train,train,False,masks/spot/f400de9a8ad8fd543813757e.png,pending,nonempty,416
SAM3_auto,contraste115,False,spot:158_spot_jpg,416,cc868ec4191f373ce0d57050,spot_source,/content/drive/MyDrive/LeafData.v1i.yolov11_aug4_20261003_170034/train/images/158_spot_jpg.rf.4a18038892b079c8bbff19c36317d4e3__aug4_contraste115.png,,,pending,missing,train/images/158_spot_jpg.rf.4a18038892b079c8bbff19c36317d4e3.jpg,,train/images/158_spot_jpg.rf.4a18038892b079c8bbff19c36317d4e3__aug4_contraste115.png,,7505772ad0383ecc5eada95aad6b8a71d10abad21b43725f6f63c0d3cd0f9ceb,spot,train,train,False,masks/spot/cc868ec4191f373ce0d57050.png,pending,nonempty,416
SAM3_auto,hflip,False,spot:158_spot_jpg,416,b7b29c9c53d561e545859810,spot_source,/content/drive/MyDrive/LeafData.v1i.yolov11_aug4_20261003_170034/train/images/158_spot_jpg.rf.4a18038892b079c8bbff19c36317d4e3__aug4_hflip.png,,,pending,missing,train/images/158_spot_jpg.rf.4a18038892b079c8bbff19c36317d4e3.jpg,,train/images/158_spot_jpg.rf.4a18038892b079c8bbff19c36317d4e3__aug4_hflip.png,,e3e702ae1d5918bdf76a82b6c11892a239eabf403a2ee0b732f81f1144c0d269,spot,train,train,False,masks/spot/b7b29c9c53d561e545859810.png,pending,nonempty,416
SAM3_auto,vflip,False,spot:158_spot_jpg,416,17fdce4b4c804b19dae9169a,spot_source,/content/drive/MyDrive/LeafData.v1i.yolov11_aug4_20261003_170034/train/images/158_spot_jpg.rf.4a18038892b079c8bbff19c36317d4e3__aug4_vflip.png,,,pending,missing,train/images/158_spot_jpg.rf.4a18038892b079c8bbff19c36317d4e3.jpg,,train/images/158_spot_jpg.rf.4a18038892b079c8bbff19c36317d4e3__aug4_vflip.png,,ca064064f96460b9fda86b7ba984b16087479a2a3dad4fe37dc2fed1cad98b9a,spot,train,train,False,masks/spot/17fdce4b4c804b19dae9169a.png,pending,nonempty,416
SAM3_auto,original,True,spot:158_spot_jpg,416,f4644f53a89ce08a5fb5c00b,spot_source,/content/drive/MyDrive/LeafData.v1i.yolov11_aug4_20261003_170034/train/images/158_spot_jpg.rf.84a0511ee5200de12405af0037f3321c.jpg,,,pending,missing,train/images/158_spot_jpg.rf.84a0511ee5200de12405af0037f3321c.jpg,,train/images/158_spot_jpg.rf.84a0511ee5200de12405af0037f3321c.jpg,,d7230b5d895f922ec26a40c27ffedceed7ee696d532cd0b1ae1f7f10359faa14,spot,train,train,False,masks/spot/f4644f53a89ce08a5fb5c00b.png,pending,nonempty,416
SAM3_auto,brillo112,False,spot:158_spot_jpg,416,126fd40e76c14c62fea0a2a7,spot_source,/content/drive/MyDrive/LeafData.v1i.yolov11_aug4_20261003_170034/train/images/158_spot_jpg.rf.84a0511ee5200de12405af0037f3321c__aug4_brillo112.png,,,pending,missing,train/images/158_spot_jpg.rf.84a0511ee5200de12405af0037f3321c.jpg,,train/images/158_spot_jpg.rf.84a0511ee5200de12405af0037f3321c__aug4_brillo112.png,,91a3f9e345c7ed373284036d1112e9543ef81c5514cba81260d0698af6925c1e,spot,train,train,False,masks/spot/126fd40e76c14c62fea0a2a7.png,pending,nonempty,416
SAM3_auto,contraste115,False,spot:158_spot_jpg,416,dba803526dcb2591688bd9c5,spot_source,/content/drive/MyDrive/LeafData.v1i.yolov11_aug4_20261003_170034/train/images/158_spot_jpg.rf.84a0511ee5200de12405af0037f3321c__aug4_contraste115.png,,,pending,missing,train/images/158_spot_jpg.rf.84a0511ee5200de12405af0037f3321c.jpg,,train/images/158_spot_jpg.rf.84a0511ee5200de12405af0037f3321c__aug4_contraste115.png,,e05e13cd22b65df81bfe9647eec2d6484a209fb0f593a48a8171a6eddebfe4ea,spot,train,train,False,masks/spot/dba803526dcb2591688bd9c5.png,pending,nonempty,416
SAM3_auto,hflip,False,spot:158_spot_jpg,416,7c87b60c1c7ea755cc5a8c0b,spot_source,/content/drive/MyDrive/LeafData.v1i.yolov11_aug4_20261003_170034/train/images/158_spot_jpg.rf.84a0511ee5200de12405af0037f3321c__aug4_hflip.png,,,pending,missing,train/images/158_spot_jpg.rf.84a0511ee5200de12405af0037f3321c.jpg,,train/images/158_spot_jpg.rf.84a0511ee5200de12405af0037f3321c__aug4_hflip.png,,ed8237bade05ab1f750afd888df89ec96150901910f81127c9208acf534bb1c4,spot,train,train,False,masks/spot/7c87b60c1c7ea755cc5a8c0b.png,pending,nonempty,416
SAM3_auto,vflip,False,spot:158_spot_jpg,416,af7a6bbc897109fc8024fefd,spot_source,/content/drive/MyDrive/LeafData.v1i.yolov11_aug4_20261003_170034/train/images/158_spot_jpg.rf.84a0511ee5200de12405af0037f3321c__aug4_vflip.png,,,pending,missing,train/images/158_spot_jpg.rf.84a0511ee5200de12405af0037f3321c.jpg,,train/images/158_spot_jpg.rf.84a0511ee5200de12405af0037f3321c__aug4_vflip.png,,50ab8ac4c58185551ecd1d324ec7a10d2a61e86503afc9106bfe53be0202878c,spot,train,train,False,masks/spot/af7a6bbc897109fc8024fefd.png,pending,nonempty,416
SAM3_auto,original,True,spot:158_spot_jpg,416,2337a8a4ab40f3cf91289501,spot_source,/content/drive/MyDrive/LeafData.v1i.yolov11_aug4_20261003_170034/train/images/158_spot_jpg.rf.dd8b6d7005c3ddd6b463bd69e8440165.jpg,,,pending,missing,train/images/158_spot_jpg.rf.dd8b6d7005c3ddd6b463bd69e8440165.jpg,,train/images/158_spot_jpg.rf.dd8b6d7005c3ddd6b463bd69e8440165.jpg,,ce128d41cc29005eea8593317eea15c09120eae236a058c5306c7a3d664de112,spot,train,train,False,masks/spot/2337a8a4ab40f3cf91289501.png,pending,nonempty,416
SAM3_auto,brillo112,False,spot:158_spot_jpg,416,37b42514ad2887e46a3c4bfd,spot_source,/content/drive/MyDrive/LeafData.v1i.yolov11_aug4_20261003_170034/train/images/158_spot_jpg.rf.dd8b6d7005c3ddd6b463bd69e8440165__aug4_brillo112.png,,,pending,missing,train/images/158_spot_jpg.rf.dd8b6d7005c3ddd6b463bd69e8440165.jpg,,train/images/158_spot_jpg.rf.dd8b6d7005c3ddd6b463bd69e8440165__aug4_brillo112.png,,35c7a8220e4fd78a429f1d9418fecdca1a39b3dda6d2f5d48aac1a274f1dca45,spot,train,train,False,masks/spot/37b42514ad2887e46a3c4bfd.png,pending,nonempty,416
SAM3_auto,contraste115,False,spot:158_spot_jpg,416,d25e5a9c30090aa2a883ab6d,spot_source,/content/drive/MyDrive/LeafData.v1i.yolov11_aug4_20261003_170034/train/images/158_spot_jpg.rf.dd8b6d7005c3ddd6b463bd69e8440165__aug4_contraste115.png,,,pending,missing,train/images/158_spot_jpg.rf.dd8b6d7005c3ddd6b463bd69e8440165.jpg,,train/images/158_spot_jpg.rf.dd8b6d7005c3ddd6b463bd69e8440165__aug4_contraste115.png,,7aeb63ac79d38772c0ca299ac253299284f801524026d267c055af324f4a9937,spot,train,train,False,masks/spot/d25e5a9c30090aa2a883ab6d.png,pending,nonempty,416
SAM3_auto,hflip,False,spot:158_spot_jpg,416,3cb6f40169333323df28c721,spot_source,/content/drive/MyDrive/LeafData.v1i.yolov11_aug4_20261003_170034/train/images/158_spot_jpg.rf.dd8b6d7005c3ddd6b463bd69e8440165__aug4_hflip.png,,,pending,missing,train/images/158_spot_jpg.rf.dd8b6d7005c3ddd6b463bd69e8440165.jpg,,train/images/158_spot_jpg.rf.dd8b6d7005c3ddd6b463bd69e8440165__aug4_hflip.png,,4a422657ee649b4d7df7e705f174642b7be25079f141131483b29c0f4c216fc5,spot,train,train,False,masks/spot/3cb6f40169333323df28c721.png,pending,nonempty,416
SAM3_auto,vflip,False,spot:158_spot_jpg,416,d67df3f9747385ea5679dd26,spot_source,/content/drive/MyDrive/LeafData.v1i.yolov11_aug4_20261003_170034/train/images/158_spot_jpg.rf.dd8b6d7005c3ddd6b463bd69e8440165__aug4_vflip.png,,,pending,missing,train/images/158_spot_jpg.rf.dd8b6d7005c3ddd6b463bd69e8440165.jpg,,train/images/158_spot_jpg.rf.dd8b6d7005c3ddd6b463bd69e8440165__aug4_vflip.png,,9e1d4527866ed31a1b282ec88b68b0d35adea826a9a22b684de9eeee3117ab7b,spot,train,train,False,masks/spot/d67df3f9747385ea5679dd26.png,pending,nonempty,416
SAM3_auto,original,True,spot:159_spot_jpg,416,521fc574ed1e8af71e5229d7,spot_source,/content/drive/MyDrive/LeafData.v1i.yolov11_aug4_20261003_170034/train/images/159_spot_jpg.rf.917efe2c1e5d178967c74b77e13b9669.jpg,,,pending,missing,train/images/159_spot_jpg.rf.917efe2c1e5d178967c74b77e13b9669.jpg,,train/images/159_spot_jpg.rf.917efe2c1e5d178967c74b77e13b9669.jpg,,a01343394f35b3a6d867b92528e603064ab22e31daf7984f0b0911ee34a4df47,spot,train,train,False,masks/spot/521fc574ed1e8af71e5229d7.png,pending,nonempty,416
SAM3_auto,brillo112,False,spot:159_spot_jpg,416,a9dab748f11c9ae00bba5cac,spot_source,/content/drive/MyDrive/LeafData.v1i.yolov11_aug4_20261003_170034/train/images/159_spot_jpg.rf.917efe2c1e5d178967c74b77e13b9669__aug4_brillo112.png,,,pending,missing,train/images/159_spot_jpg.rf.917efe2c1e5d178967c74b77e13b9669.jpg,,train/images/159_spot_jpg.rf.917efe2c1e5d178967c74b77e13b9669__aug4_brillo112.png,,f401ab72f59dc0d4c6a70115915f5623089d72edc2c65f1068d26b0440d7f21d,spot,train,train,False,masks/spot/a9dab748f11c9ae00bba5cac.png,pending,nonempty,416
SAM3_auto,contraste115,False,spot:159_spot_jpg,416,5f073e4ad4403e4281e90969,spot_source,/content/drive/MyDrive/LeafData.v1i.yolov11_aug4_20261003_170034/train/images/159_spot_jpg.rf.917efe2c1e5d178967c74b77e13b9669__aug4_contraste115.png,,,pending,missing,train/images/159_spot_jpg.rf.917efe2c1e5d178967c74b77e13b9669.jpg,,train/images/159_spot_jpg.rf.917efe2c1e5d178967c74b77e13b9669__aug4_contraste115.png,,2a5b11ec270625373f16fe9a32893006c4a1e19e63f6709af920a632d168bfe0,spot,train,train,False,masks/spot/5f073e4ad4403e4281e90969.png,pending,nonempty,416
SAM3_auto,hflip,False,spot:159_spot_jpg,416,818f5b91c48fe1d9aa013bc4,spot_source,/content/drive/MyDrive/LeafData.v1i.yolov11_aug4_20261003_170034/train/images/159_spot_jpg.rf.917efe2c1e5d178967c74b77e13b9669__aug4_hflip.png,,,pending,missing,train/images/159_spot_jpg.rf.917efe2c1e5d178967c74b77e13b9669.jpg,,train/images/159_spot_jpg.rf.917efe2c1e5d178967c74b77e13b9669__aug4_hflip.png,,578060a8d3c7b8d7d489327d0200e8eb48453e35b4daa0e56c48a297bb559f52,spot,train,train,False,masks/spot/818f5b91c48fe1d9aa013bc4.png,pending,nonempty,416
SAM3_auto,vflip,False,spot:159_spot_jpg,416,0a99ef11334b3f1d321ba42a,spot_source,/content/drive/MyDrive/LeafData.v1i.yolov11_aug4_20261003_170034/train/images/159_spot_jpg.rf.917efe2c1e5d178967c74b77e13b9669__aug4_vflip.png,,,pending,missing,train/images/159_spot_jpg.rf.917efe2c1e5d178967c74b77e13b9669.jpg,,train/images/159_spot_jpg.rf.917efe2c1e5d178967c74b77e13b9669__aug4_vflip.png,,09c5790255055e6ebded9698c44a879fdbc8d530eaf88d902704ca92eb88ed68,spot,train,train,False,masks/spot/0a99ef11334b3f1d321ba42a.png,pending,nonempty,416
SAM3_auto,original,True,spot:159_spot_jpg,416,aef01ae24bf899384941c7fe,spot_source,/content/drive/MyDrive/LeafData.v1i.yolov11_aug4_20261003_170034/train/images/159_spot_jpg.rf.9831057a780d249935c0ab7932d55b05.jpg,,,pending,missing,train/images/159_spot_jpg.rf.9831057a780d249935c0ab7932d55b05.jpg,,train/images/159_spot_jpg.rf.9831057a780d249935c0ab7932d55b05.jpg,,c2ad738f9b12e5a8ae6ba7e31a2bf3ca52e7b42bf2caf259a6698e123bb0840a,spot,train,train,False,masks/spot/aef01ae24bf899384941c7fe.png,pending,nonempty,416
SAM3_auto,brillo112,False,spot:159_spot_jpg,416,bfeefcab782ef869062665b8,spot_source,/content/drive/MyDrive/LeafData.v1i.yolov11_aug4_20261003_170034/train/images/159_spot_jpg.rf.9831057a780d249935c0ab7932d55b05__aug4_brillo112.png,,,pending,missing,train/images/159_spot_jpg.rf.9831057a780d249935c0ab7932d55b05.jpg,,train/images/159_spot_jpg.rf.9831057a780d249935c0ab7932d55b05__aug4_brillo112.png,,1cde1a523d1bf4f2194488cab7450ab465b149a5f109912789d29a8371ef37a2,spot,train,train,False,masks/spot/bfeefcab782ef869062665b8.png,pending,nonempty,416
SAM3_auto,contraste115,False,spot:159_spot_jpg,416,3f6144636367706503c61189,spot_source,/content/drive/MyDrive/LeafData.v1i.yolov11_aug4_20261003_170034/train/images/159_spot_jpg.rf.9831057a780d249935c0ab7932d55b05__aug4_contraste115.png,,,pending,missing,train/images/159_spot_jpg.rf.9831057a780d249935c0ab7932d55b05.jpg,,train/images/159_spot_jpg.rf.9831057a780d249935c0ab7932d55b05__aug4_contraste115.png,,066b638f8d506df3c2449214685394ce7cadca6563cfe0b149009aad1072dd31,spot,train,train,False,masks/spot/3f6144636367706503c61189.png,pending,nonempty,416
SAM3_auto,hflip,False,spot:159_spot_jpg,416,c1d21294776561092cb040e1,spot_source,/content/drive/MyDrive/LeafData.v1i.yolov11_aug4_20261003_170034/train/images/159_spot_jpg.rf.9831057a780d249935c0ab7932d55b05__aug4_hflip.png,,,pending,missing,train/images/159_spot_jpg.rf.9831057a780d249935c0ab7932d55b05.jpg,,train/images/159_spot_jpg.rf.9831057a780d249935c0ab7932d55b05__aug4_hflip.png,,dd53c4e9aabbc2693dd8c2a0a63a35e0838bb436cc13fdfefdc70364f12628cc,spot,train,train,False,masks/spot/c1d21294776561092cb040e1.png,pending,nonempty,416
SAM3_auto,vflip,False,spot:159_spot_jpg,416,027c1e56110af6eabacf26a6,spot_source,/content/drive/MyDrive/LeafData.v1i.yolov11_aug4_20261003_170034/train/images/159_spot_jpg.rf.9831057a780d249935c0ab7932d55b05__aug4_vflip.png,,,pending,missing,train/images/159_spot_jpg.rf.9831057a780d249935c0ab7932d55b05.jpg,,train/images/159_spot_jpg.rf.9831057a780d249935c0ab7932d55b05__aug4_vflip.png,,5b21d3365fc84f5ebfb2f9e148bb4d74de1227dd875d1839deb96ef0f5063bb1,spot,train,train,False,masks/spot/027c1e56110af6eabacf26a6.png,pending,nonempty,416
SAM3_auto,original,True,spot:159_spot_jpg,416,5874b9c35a5adab498b16dec,spot_source,/content/drive/MyDrive/LeafData.v1i.yolov11_aug4_20261003_170034/train/images/159_spot_jpg.rf.b0c7154fb816dd9ea47a38384eb05353.jpg,,,pending,missing,train/images/159_spot_jpg.rf.b0c7154fb816dd9ea47a38384eb05353.jpg,,train/images/159_spot_jpg.rf.b0c7154fb816dd9ea47a38384eb05353.jpg,,1e862a1954425a2bb6f12a24f90815e80c0382c9cafb389137589e1d372c9980,spot,train,train,False,masks/spot/5874b9c35a5adab498b16dec.png,pending,nonempty,416
SAM3_auto,brillo112,False,spot:159_spot_jpg,416,7c805fc00f58852afddfb32b,spot_source,/content/drive/MyDrive/LeafData.v1i.yolov11_aug4_20261003_170034/train/images/159_spot_jpg.rf.b0c7154fb816dd9ea47a38384eb05353__aug4_brillo112.png,,,pending,missing,train/images/159_spot_jpg.rf.b0c7154fb816dd9ea47a38384eb05353.jpg,,train/images/159_spot_jpg.rf.b0c7154fb816dd9ea47a38384eb05353__aug4_brillo112.png,,316ce72a49a3201bbb50f99850d83e8f26fa2c157abf90dcd0d2dd70e5613c1d,spot,train,train,False,masks/spot/7c805fc00f58852afddfb32b.png,pending,nonempty,416
SAM3_auto,contraste115,False,spot:159_spot_jpg,416,f24bd75434911cdca33ae382,spot_source,/content/drive/MyDrive/LeafData.v1i.yolov11_aug4_20261003_170034/train/images/159_spot_jpg.rf.b0c7154fb816dd9ea47a38384eb05353__aug4_contraste115.png,,,pending,missing,train/images/159_spot_jpg.rf.b0c7154fb816dd9ea47a38384eb05353.jpg,,train/images/159_spot_jpg.rf.b0c7154fb816dd9ea47a38384eb05353__aug4_contraste115.png,,640da28858da50649ef1a5acfed838ba4fab395a190e15632e0e30c7d0328a0d,spot,train,train,False,masks/spot/f24bd75434911cdca33ae382.png,pending,nonempty,416
SAM3_auto,hflip,False,spot:159_spot_jpg,416,60fe2bffb807bc7a9dfb2525,spot_source,/content/drive/MyDrive/LeafData.v1i.yolov11_aug4_20261003_170034/train/images/159_spot_jpg.rf.b0c7154fb816dd9ea47a38384eb05353__aug4_hflip.png,,,pending,missing,train/images/159_spot_jpg.rf.b0c7154fb816dd9ea47a38384eb05353.jpg,,train/images/159_spot_jpg.rf.b0c7154fb816dd9ea47a38384eb05353__aug4_hflip.png,,5bf159434ab87699e3d9bf3c8b9e099b40be5332d6a1a1c2d9af8edc8cd06ea3,spot,train,train,False,masks/spot/60fe2bffb807bc7a9dfb2525.png,pending,nonempty,416
SAM3_auto,vflip,False,spot:159_spot_jpg,416,1d28ec53ad8ea71a7ff24ecc,spot_source,/content/drive/MyDrive/LeafData.v1i.yolov11_aug4_20261003_170034/train/images/159_spot_jpg.rf.b0c7154fb816dd9ea47a38384eb05353__aug4_vflip.png,,,pending,missing,train/images/159_spot_jpg.rf.b0c7154fb816dd9ea47a38384eb05353.jpg,,train/images/159_spot_jpg.rf.b0c7154fb816dd9ea47a38384eb05353__aug4_vflip.png,,0114d07c2f32e23221b98be002285d83c9ae5ef82f98242f65e904c321a19dad,spot,train,train,False,masks/spot/1d28ec53ad8ea71a7ff24ecc.png,pending,nonempty,416
SAM3_auto,original,True,spot:160_spot_jpg,416,8de5f8315344529379c1816d,spot_source,/content/drive/MyDrive/LeafData.v1i.yolov11_aug4_20261003_170034/train/images/160_spot_jpg.rf.72a35cf664cdf227403c4318a7b394a6.jpg,,,pending,missing,train/images/160_spot_jpg.rf.72a35cf664cdf227403c4318a7b394a6.jpg,,train/images/160_spot_jpg.rf.72a35cf664cdf227403c4318a7b394a6.jpg,,5f029ea74d558ec2a042e4ac37ccd1155b4f38ec31d1098b840f2ed77d04b9a5,spot,train,train,False,masks/spot/8de5f8315344529379c1816d.png,pending,nonempty,416
SAM3_auto,brillo112,False,spot:160_spot_jpg,416,2cf4a0c31e9b4c266655e6e6,spot_source,/content/drive/MyDrive/LeafData.v1i.yolov11_aug4_20261003_170034/train/images/160_spot_jpg.rf.72a35cf664cdf227403c4318a7b394a6__aug4_brillo112.png,,,pending,missing,train/images/160_spot_jpg.rf.72a35cf664cdf227403c4318a7b394a6.jpg,,train/images/160_spot_jpg.rf.72a35cf664cdf227403c4318a7b394a6__aug4_brillo112.png,,71f28c47e61928fe181a586404acc98a6e56698132d68228974b355fb13c8208,spot,train,train,False,masks/spot/2cf4a0c31e9b4c266655e6e6.png,pending,nonempty,416
SAM3_auto,contraste115,False,spot:160_spot_jpg,416,10c74b472886ed43f0ca67f1,spot_source,/content/drive/MyDrive/LeafData.v1i.yolov11_aug4_20261003_170034/train/images/160_spot_jpg.rf.72a35cf664cdf227403c4318a7b394a6__aug4_contraste115.png,,,pending,missing,train/images/160_spot_jpg.rf.72a35cf664cdf227403c4318a7b394a6.jpg,,train/images/160_spot_jpg.rf.72a35cf664cdf227403c4318a7b394a6__aug4_contraste115.png,,f1c529becaad57a5686fe0336af175e089854647497b4cfbe8bc64b4d8567511,spot,train,train,False,masks/spot/10c74b472886ed43f0ca67f1.png,pending,nonempty,416
SAM3_auto,hflip,False,spot:160_spot_jpg,416,3ba56bf68ebc3559bbc03c64,spot_source,/content/drive/MyDrive/LeafData.v1i.yolov11_aug4_20261003_170034/train/images/160_spot_jpg.rf.72a35cf664cdf227403c4318a7b394a6__aug4_hflip.png,,,pending,missing,train/images/160_spot_jpg.rf.72a35cf664cdf227403c4318a7b394a6.jpg,,train/images/160_spot_jpg.rf.72a35cf664cdf227403c4318a7b394a6__aug4_hflip.png,,47e9855da5b5410655b8a4f86bb0ce5fb4d03c180b1ebfb6611b27a7ffbf3fa7,spot,train,train,False,masks/spot/3ba56bf68ebc3559bbc03c64.png,pending,nonempty,416
SAM3_auto,vflip,False,spot:160_spot_jpg,416,ee63f410c1ef33dc94ce1c1b,spot_source,/content/drive/MyDrive/LeafData.v1i.yolov11_aug4_20261003_170034/train/images/160_spot_jpg.rf.72a35cf664cdf227403c4318a7b394a6__aug4_vflip.png,,,pending,missing,train/images/160_spot_jpg.rf.72a35cf664cdf227403c4318a7b394a6.jpg,,train/images/160_spot_jpg.rf.72a35cf664cdf227403c4318a7b394a6__aug4_vflip.png,,7e5a6b3f87ebd2e82e64274a721c8f5cddcc3d69b5bace3702afa6bd72c90cce,spot,train,train,False,masks/spot/ee63f410c1ef33dc94ce1c1b.png,pending,nonempty,416
SAM3_auto,original,True,spot:160_spot_jpg,416,1c1643fa19d545eb6dad1b21,spot_source,/content/drive/MyDrive/LeafData.v1i.yolov11_aug4_20261003_170034/train/images/160_spot_jpg.rf.8b20120dc3093c8db1b798b483822db0.jpg,,,pending,missing,train/images/160_spot_jpg.rf.8b20120dc3093c8db1b798b483822db0.jpg,,train/images/160_spot_jpg.rf.8b20120dc3093c8db1b798b483822db0.jpg,,5efd5cfb91cf31115391acbc2bdb1757222a5c25433803c28784fb3e60a0ddbf,spot,train,train,False,masks/spot/1c1643fa19d545eb6dad1b21.png,pending,nonempty,416
SAM3_auto,brillo112,False,spot:160_spot_jpg,416,bcfc608078afe1ba42ef8b2b,spot_source,/content/drive/MyDrive/LeafData.v1i.yolov11_aug4_20261003_170034/train/images/160_spot_jpg.rf.8b20120dc3093c8db1b798b483822db0__aug4_brillo112.png,,,pending,missing,train/images/160_spot_jpg.rf.8b20120dc3093c8db1b798b483822db0.jpg,,train/images/160_spot_jpg.rf.8b20120dc3093c8db1b798b483822db0__aug4_brillo112.png,,d3204b0ac8de44aee5f72bb7d748010894049e048b92ab4898b1bd7083aa1d1d,spot,train,train,False,masks/spot/bcfc608078afe1ba42ef8b2b.png,pending,nonempty,416
SAM3_auto,contraste115,False,spot:160_spot_jpg,416,5b46e916380619a099efcbd9,spot_source,/content/drive/MyDrive/LeafData.v1i.yolov11_aug4_20261003_170034/train/images/160_spot_jpg.rf.8b20120dc3093c8db1b798b483822db0__aug4_contraste115.png,,,pending,missing,train/images/160_spot_jpg.rf.8b20120dc3093c8db1b798b483822db0.jpg,,train/images/160_spot_jpg.rf.8b20120dc3093c8db1b798b483822db0__aug4_contraste115.png,,4f80cf7eb5aa97e62d3aef556a04365f4c97f72efd2c9ad60c9e6f4bd5e52eb1,spot,train,train,False,masks/spot/5b46e916380619a099efcbd9.png,pending,nonempty,416
SAM3_auto,hflip,False,spot:160_spot_jpg,416,9a100d394589cb95ff7415d4,spot_source,/content/drive/MyDrive/LeafData.v1i.yolov11_aug4_20261003_170034/train/images/160_spot_jpg.rf.8b20120dc3093c8db1b798b483822db0__aug4_hflip.png,,,pending,missing,train/images/160_spot_jpg.rf.8b20120dc3093c8db1b798b483822db0.jpg,,train/images/160_spot_jpg.rf.8b20120dc3093c8db1b798b483822db0__aug4_hflip.png,,b9b6afcd76a5c00d26945d5a488d3de0637ed4d63359b369e4183743b3fa9ea2,spot,train,train,False,masks/spot/9a100d394589cb95ff7415d4.png,pending,nonempty,416
SAM3_auto,vflip,False,spot:160_spot_jpg,416,4dd9a695818cbcc3251a9e56,spot_source,/content/drive/MyDrive/LeafData.v1i.yolov11_aug4_20261003_170034/train/images/160_spot_jpg.rf.8b20120dc3093c8db1b798b483822db0__aug4_vflip.png,,,pending,missing,train/images/160_spot_jpg.rf.8b20120dc3093c8db1b798b483822db0.jpg,,train/images/160_spot_jpg.rf.8b20120dc3093c8db1b798b483822db0__aug4_vflip.png,,f63e3a5cac24ff0ad7f08cbbe0521b4621d0173bac6c00a071625f233df461a5,spot,train,train,False,masks/spot/4dd9a695818cbcc3251a9e56.png,pending,nonempty,416
SAM3_auto,original,True,spot:160_spot_jpg,416,f501aaf3c8ef62243f584c25,spot_source,/content/drive/MyDrive/LeafData.v1i.yolov11_aug4_20261003_170034/train/images/160_spot_jpg.rf.8ce57ce0d0b7b9ce0ac19b36c498cbbd.jpg,,,pending,missing,train/images/160_spot_jpg.rf.8ce57ce0d0b7b9ce0ac19b36c498cbbd.jpg,,train/images/160_spot_jpg.rf.8ce57ce0d0b7b9ce0ac19b36c498cbbd.jpg,,fb2becf7429d5143b1c3be429b3debbcd15bb68f04faeb7b805eb75f45da8b30,spot,train,train,False,masks/spot/f501aaf3c8ef62243f584c25.png,pending,nonempty,416
SAM3_auto,brillo112,False,spot:160_spot_jpg,416,9cb131bfafcaa230dc91da38,spot_source,/content/drive/MyDrive/LeafData.v1i.yolov11_aug4_20261003_170034/train/images/160_spot_jpg.rf.8ce57ce0d0b7b9ce0ac19b36c498cbbd__aug4_brillo112.png,,,pending,missing,train/images/160_spot_jpg.rf.8ce57ce0d0b7b9ce0ac19b36c498cbbd.jpg,,train/images/160_spot_jpg.rf.8ce57ce0d0b7b9ce0ac19b36c498cbbd__aug4_brillo112.png,,877d3a1f27a9363af18629386fb12a210dcfec178c1e342334376a50188c6266,spot,train,train,False,masks/spot/9cb131bfafcaa230dc91da38.png,pending,nonempty,416
SAM3_auto,contraste115,False,spot:160_spot_jpg,416,fbdc100a07bef3e0e8a8ce26,spot_source,/content/drive/MyDrive/LeafData.v1i.yolov11_aug4_20261003_170034/train/images/160_spot_jpg.rf.8ce57ce0d0b7b9ce0ac19b36c498cbbd__aug4_contraste115.png,,,pending,missing,train/images/160_spot_jpg.rf.8ce57ce0d0b7b9ce0ac19b36c498cbbd.jpg,,train/images/160_spot_jpg.rf.8ce57ce0d0b7b9ce0ac19b36c498cbbd__aug4_contraste115.png,,8183aaacf8953f49ec2a7d53d770b0290c5139b6956f0733a3bccb5380ebd860,spot,train,train,False,masks/spot/fbdc100a07bef3e0e8a8ce26.png,pending,nonempty,416
SAM3_auto,hflip,False,spot:160_spot_jpg,416,8ac92d1dffaf95272306a119,spot_source,/content/drive/MyDrive/LeafData.v1i.yolov11_aug4_20261003_170034/train/images/160_spot_jpg.rf.8ce57ce0d0b7b9ce0ac19b36c498cbbd__aug4_hflip.png,,,pending,missing,train/images/160_spot_jpg.rf.8ce57ce0d0b7b9ce0ac19b36c498cbbd.jpg,,train/images/160_spot_jpg.rf.8ce57ce0d0b7b9ce0ac19b36c498cbbd__aug4_hflip.png,,fef09d9b3b6d2ec86c7af0b64a54aea203bea4fea862079bf10c7a0c8abaa0ec,spot,train,train,False,masks/spot/8ac92d1dffaf95272306a119.png,pending,nonempty,416
SAM3_auto,vflip,False,spot:160_spot_jpg,416,d73b160d7765d22e1001630e,spot_source,/content/drive/MyDrive/LeafData.v1i.yolov11_aug4_20261003_170034/train/images/160_spot_jpg.rf.8ce57ce0d0b7b9ce0ac19b36c498cbbd__aug4_vflip.png,,,pending,missing,train/images/160_spot_jpg.rf.8ce57ce0d0b7b9ce0ac19b36c498cbbd.jpg,,train/images/160_spot_jpg.rf.8ce57ce0d0b7b9ce0ac19b36c498cbbd__aug4_vflip.png,,e3de74e5c819289ad48c152de634b235ff92bbf7b49c4554080380e2abb4e8e8,spot,train,train,False,masks/spot/d73b160d7765d22e1001630e.png,pending,nonempty,416
SAM3_auto,original,True,spot:161_spot_jpg,416,caf9a448ab64c002a66c636b,spot_source,/content/drive/MyDrive/LeafData.v1i.yolov11_aug4_20261003_170034/train/images/161_spot_jpg.rf.3f2c051bc94b616bdfdcb4fa7bec87fc.jpg,,,pending,missing,train/images/161_spot_jpg.rf.3f2c051bc94b616bdfdcb4fa7bec87fc.jpg,,train/images/161_spot_jpg.rf.3f2c051bc94b616bdfdcb4fa7bec87fc.jpg,,4c30046e01769809fd4b979d394c6f57f22038dbdcb7a0c6c2047028f97311e7,spot,train,train,False,masks/spot/caf9a448ab64c002a66c636b.png,pending,nonempty,416
SAM3_auto,brillo112,False,spot:161_spot_jpg,416,172cfaafd50dc99549987fdc,spot_source,/content/drive/MyDrive/LeafData.v1i.yolov11_aug4_20261003_170034/train/images/161_spot_jpg.rf.3f2c051bc94b616bdfdcb4fa7bec87fc__aug4_brillo112.png,,,pending,missing,train/images/161_spot_jpg.rf.3f2c051bc94b616bdfdcb4fa7bec87fc.jpg,,train/images/161_spot_jpg.rf.3f2c051bc94b616bdfdcb4fa7bec87fc__aug4_brillo112.png,,4b77b4d7ba1301cdb88157b8687ee0d6c6d7df4749a042209aac2d7093c84af1,spot,train,train,False,masks/spot/172cfaafd50dc99549987fdc.png,pending,nonempty,416
SAM3_auto,contraste115,False,spot:161_spot_jpg,416,0ca07fe6fd2f37b830b6fe5b,spot_source,/content/drive/MyDrive/LeafData.v1i.yolov11_aug4_20261003_170034/train/images/161_spot_jpg.rf.3f2c051bc94b616bdfdcb4fa7bec87fc__aug4_contraste115.png,,,pending,missing,train/images/161_spot_jpg.rf.3f2c051bc94b616bdfdcb4fa7bec87fc.jpg,,train/images/161_spot_jpg.rf.3f2c051bc94b616bdfdcb4fa7bec87fc__aug4_contraste115.png,,d846ae7abcd9a2875b09a349e8c7e324803cf1f8e2c4b0a14f561a6cc4766d48,spot,train,train,False,masks/spot/0ca07fe6fd2f37b830b6fe5b.png,pending,nonempty,416
SAM3_auto,hflip,False,spot:161_spot_jpg,416,ece304e1832672e78821cd21,spot_source,/content/drive/MyDrive/LeafData.v1i.yolov11_aug4_20261003_170034/train/images/161_spot_jpg.rf.3f2c051bc94b616bdfdcb4fa7bec87fc__aug4_hflip.png,,,pending,missing,train/images/161_spot_jpg.rf.3f2c051bc94b616bdfdcb4fa7bec87fc.jpg,,train/images/161_spot_jpg.rf.3f2c051bc94b616bdfdcb4fa7bec87fc__aug4_hflip.png,,b3a71fc30f070b928d71262aa386ffe2bdc68ae61027352bdb60656ea0037e84,spot,train,train,False,masks/spot/ece304e1832672e78821cd21.png,pending,nonempty,416
SAM3_auto,vflip,False,spot:161_spot_jpg,416,69563adde4cd6c64f059f1b6,spot_source,/content/drive/MyDrive/LeafData.v1i.yolov11_aug4_20261003_170034/train/images/161_spot_jpg.rf.3f2c051bc94b616bdfdcb4fa7bec87fc__aug4_vflip.png,,,pending,missing,train/images/161_spot_jpg.rf.3f2c051bc94b616bdfdcb4fa7bec87fc.jpg,,train/images/161_spot_jpg.rf.3f2c051bc94b616bdfdcb4fa7bec87fc__aug4_vflip.png,,2a4c49ad108ee3e555595a0c7c4f58e04719718a4c5187d8230354e4d41b1c7f,spot,train,train,False,masks/spot/69563adde4cd6c64f059f1b6.png,pending,nonempty,416
SAM3_auto,original,True,spot:161_spot_jpg,416,07302ec34bbcc5a56ebcf7c8,spot_source,/content/drive/MyDrive/LeafData.v1i.yolov11_aug4_20261003_170034/train/images/161_spot_jpg.rf.d26d399f27607108235179d1b98a74c8.jpg,,,pending,missing,train/images/161_spot_jpg.rf.d26d399f27607108235179d1b98a74c8.jpg,,train/images/161_spot_jpg.rf.d26d399f27607108235179d1b98a74c8.jpg,,ea16cba7094bbadcda550b12071853d6b20fc38d5822b0add7d535fefbb39936,spot,train,train,False,masks/spot/07302ec34bbcc5a56ebcf7c8.png,pending,nonempty,416
SAM3_auto,brillo112,False,spot:161_spot_jpg,416,f6174ec296eb5102e89c8791,spot_source,/content/drive/MyDrive/LeafData.v1i.yolov11_aug4_20261003_170034/train/images/161_spot_jpg.rf.d26d399f27607108235179d1b98a74c8__aug4_brillo112.png,,,pending,missing,train/images/161_spot_jpg.rf.d26d399f27607108235179d1b98a74c8.jpg,,train/images/161_spot_jpg.rf.d26d399f27607108235179d1b98a74c8__aug4_brillo112.png,,ec9a88e5cc9545b43c0e6840fd509d41c0bc968638b4269d7d86eb8887475285,spot,train,train,False,masks/spot/f6174ec296eb5102e89c8791.png,pending,nonempty,416
SAM3_auto,contraste115,False,spot:161_spot_jpg,416,02b3cc2372db369aa63de0df,spot_source,/content/drive/MyDrive/LeafData.v1i.yolov11_aug4_20261003_170034/train/images/161_spot_jpg.rf.d26d399f27607108235179d1b98a74c8__aug4_contraste115.png,,,pending,missing,train/images/161_spot_jpg.rf.d26d399f27607108235179d1b98a74c8.jpg,,train/images/161_spot_jpg.rf.d26d399f27607108235179d1b98a74c8__aug4_contraste115.png,,d1ac4e4b789b52fe06cf2d4685f8b86b75e7c93cc8d6671018c295692f620de7,spot,train,train,False,masks/spot/02b3cc2372db369aa63de0df.png,pending,nonempty,416
SAM3_auto,hflip,False,spot:161_spot_jpg,416,5c77f6e56a09325726c5e3f0,spot_source,/content/drive/MyDrive/LeafData.v1i.yolov11_aug4_20261003_170034/train/images/161_spot_jpg.rf.d26d399f27607108235179d1b98a74c8__aug4_hflip.png,,,pending,missing,train/images/161_spot_jpg.rf.d26d399f27607108235179d1b98a74c8.jpg,,train/images/161_spot_jpg.rf.d26d399f27607108235179d1b98a74c8__aug4_hflip.png,,da89fb32a57f64f03f2fafcaf860b48c5c975b9d0763e6a261b84c78b532780f,spot,train,train,False,masks/spot/5c77f6e56a09325726c5e3f0.png,pending,nonempty,416
SAM3_auto,vflip,False,spot:161_spot_jpg,416,c7f69b7d5f7da3fadb8628dc,spot_source,/content/drive/MyDrive/LeafData.v1i.yolov11_aug4_20261003_170034/train/images/161_spot_jpg.rf.d26d399f27607108235179d1b98a74c8__aug4_vflip.png,,,pending,missing,train/images/161_spot_jpg.rf.d26d399f27607108235179d1b98a74c8.jpg,,train/images/161_spot_jpg.rf.d26d399f27607108235179d1b98a74c8__aug4_vflip.png,,40c656dfd608f0eb8f3eeee407a059937576633f614452d07ca1c7ec9cce6e81,spot,train,train,False,masks/spot/c7f69b7d5f7da3fadb8628dc.png,pending,nonempty,416
SAM3_auto,original,True,spot:161_spot_jpg,416,4634b8b5bc97cd0ccc07cc08,spot_source,/content/drive/MyDrive/LeafData.v1i.yolov11_aug4_20261003_170034/train/images/161_spot_jpg.rf.fe7bfa3d381e1471089c3c2bbea73547.jpg,,,pending,missing,train/images/161_spot_jpg.rf.fe7bfa3d381e1471089c3c2bbea73547.jpg,,train/images/161_spot_jpg.rf.fe7bfa3d381e1471089c3c2bbea73547.jpg,,6b9144173ff9bc14971fb5e6814ae3927284c51f8bc4b50b7fbf364f3d064895,spot,train,train,False,masks/spot/4634b8b5bc97cd0ccc07cc08.png,pending,nonempty,416
SAM3_auto,brillo112,False,spot:161_spot_jpg,416,f6291c439f4aaa25847bc32f,spot_source,/content/drive/MyDrive/LeafData.v1i.yolov11_aug4_20261003_170034/train/images/161_spot_jpg.rf.fe7bfa3d381e1471089c3c2bbea73547__aug4_brillo112.png,,,pending,missing,train/images/161_spot_jpg.rf.fe7bfa3d381e1471089c3c2bbea73547.jpg,,train/images/161_spot_jpg.rf.fe7bfa3d381e1471089c3c2bbea73547__aug4_brillo112.png,,faf1465c2136a8f3901ea911efeec00c6841a9978f52223d84e6bb44b9421fce,spot,train,train,False,masks/spot/f6291c439f4aaa25847bc32f.png,pending,nonempty,416
SAM3_auto,contraste115,False,spot:161_spot_jpg,416,9a610a42f2035fb288903265,spot_source,/content/drive/MyDrive/LeafData.v1i.yolov11_aug4_20261003_170034/train/images/161_spot_jpg.rf.fe7bfa3d381e1471089c3c2bbea73547__aug4_contraste115.png,,,pending,missing,train/images/161_spot_jpg.rf.fe7bfa3d381e1471089c3c2bbea73547.jpg,,train/images/161_spot_jpg.rf.fe7bfa3d381e1471089c3c2bbea73547__aug4_contraste115.png,,25cabb27ea09c5c62bd969711980ba99414aa5eeb90f64be218db338e050287a,spot,train,train,False,masks/spot/9a610a42f2035fb288903265.png,pending,nonempty,416
SAM3_auto,hflip,False,spot:161_spot_jpg,416,44d606ebefd14d61082e1f10,spot_source,/content/drive/MyDrive/LeafData.v1i.yolov11_aug4_20261003_170034/train/images/161_spot_jpg.rf.fe7bfa3d381e1471089c3c2bbea73547__aug4_hflip.png,,,pending,missing,train/images/161_spot_jpg.rf.fe7bfa3d381e1471089c3c2bbea73547.jpg,,train/images/161_spot_jpg.rf.fe7bfa3d381e1471089c3c2bbea73547__aug4_hflip.png,,457578f28ebefc1ddd1c260c0a1dd3c7cf5a0b12025c9e9d518e357327081d07,spot,train,train,False,masks/spot/44d606ebefd14d61082e1f10.png,pending,nonempty,416
SAM3_auto,vflip,False,spot:161_spot_jpg,416,c58ab2d62838e5195b426f3b,spot_source,/content/drive/MyDrive/LeafData.v1i.yolov11_aug4_20261003_170034/train/images/161_spot_jpg.rf.fe7bfa3d381e1471089c3c2bbea73547__aug4_vflip.png,,,pending,missing,train/images/161_spot_jpg.rf.fe7bfa3d381e1471089c3c2bbea73547.jpg,,train/images/161_spot_jpg.rf.fe7bfa3d381e1471089c3c2bbea73547__aug4_vflip.png,,6c5fd20c4f7b23450d8aa6d5718ad893159c1c59baa25596f65ae7150d5212ff,spot,train,train,False,masks/spot/c58ab2d62838e5195b426f3b.png,pending,nonempty,416
SAM3_auto,original,True,spot:162_spot_jpg,416,b6f9db4ffda7eac8d2d4b907,spot_source,/content/drive/MyDrive/LeafData.v1i.yolov11_aug4_20261003_170034/train/images/162_spot_jpg.rf.06da5252db589edb1b4b2daa9730d639.jpg,,,pending,missing,train/images/162_spot_jpg.rf.06da5252db589edb1b4b2daa9730d639.jpg,,train/images/162_spot_jpg.rf.06da5252db589edb1b4b2daa9730d639.jpg,,558790007efddca7632e1fbc03ab109af32e3878a98ac4a70beee042ebba3c90,spot,train,train,False,masks/spot/b6f9db4ffda7eac8d2d4b907.png,pending,nonempty,416
SAM3_auto,brillo112,False,spot:162_spot_jpg,416,bc78223847abf544ebb83bfa,spot_source,/content/drive/MyDrive/LeafData.v1i.yolov11_aug4_20261003_170034/train/images/162_spot_jpg.rf.06da5252db589edb1b4b2daa9730d639__aug4_brillo112.png,,,pending,missing,train/images/162_spot_jpg.rf.06da5252db589edb1b4b2daa9730d639.jpg,,train/images/162_spot_jpg.rf.06da5252db589edb1b4b2daa9730d639__aug4_brillo112.png,,bf0aac6827f58d476f2c57dcc008206feafd111523880ccb501658b8b4e6e951,spot,train,train,False,masks/spot/bc78223847abf544ebb83bfa.png,pending,nonempty,416
SAM3_auto,contraste115,False,spot:162_spot_jpg,416,d08ffb70dc13dbe691d78bb0,spot_source,/content/drive/MyDrive/LeafData.v1i.yolov11_aug4_20261003_170034/train/images/162_spot_jpg.rf.06da5252db589edb1b4b2daa9730d639__aug4_contraste115.png,,,pending,missing,train/images/162_spot_jpg.rf.06da5252db589edb1b4b2daa9730d639.jpg,,train/images/162_spot_jpg.rf.06da5252db589edb1b4b2daa9730d639__aug4_contraste115.png,,e8e28c9c80c8ad59e78830c9c48c23d1e6203c8fd09eab867fa836ce10e0b941,spot,train,train,False,masks/spot/d08ffb70dc13dbe691d78bb0.png,pending,nonempty,416
SAM3_auto,hflip,False,spot:162_spot_jpg,416,c6a496c7e9ba91baa4970238,spot_source,/content/drive/MyDrive/LeafData.v1i.yolov11_aug4_20261003_170034/train/images/162_spot_jpg.rf.06da5252db589edb1b4b2daa9730d639__aug4_hflip.png,,,pending,missing,train/images/162_spot_jpg.rf.06da5252db589edb1b4b2daa9730d639.jpg,,train/images/162_spot_jpg.rf.06da5252db589edb1b4b2daa9730d639__aug4_hflip.png,,18ad9dddf1e391f4c5ee3a7c4e8a53a16c199a9413503b97c9d4240aa65b73c5,spot,train,train,False,masks/spot/c6a496c7e9ba91baa4970238.png,pending,nonempty,416
SAM3_auto,vflip,False,spot:162_spot_jpg,416,75701276e0ba1bdb24d194bc,spot_source,/content/drive/MyDrive/LeafData.v1i.yolov11_aug4_20261003_170034/train/images/162_spot_jpg.rf.06da5252db589edb1b4b2daa9730d639__aug4_vflip.png,,,pending,missing,train/images/162_spot_jpg.rf.06da5252db589edb1b4b2daa9730d639.jpg,,train/images/162_spot_jpg.rf.06da5252db589edb1b4b2daa9730d639__aug4_vflip.png,,a8cc74f4cdfcd1eb98bd785db880d4db74215f344bdfc58df15e31346c3c2458,spot,train,train,False,masks/spot/75701276e0ba1bdb24d194bc.png,pending,nonempty,416
SAM3_auto,original,True,spot:162_spot_jpg,416,3979431dd2401bd833829113,spot_source,/content/drive/MyDrive/LeafData.v1i.yolov11_aug4_20261003_170034/train/images/162_spot_jpg.rf.6664b7c5f1d05fff51966a6e518cd2b9.jpg,,,pending,missing,train/images/162_spot_jpg.rf.6664b7c5f1d05fff51966a6e518cd2b9.jpg,,train/images/162_spot_jpg.rf.6664b7c5f1d05fff51966a6e518cd2b9.jpg,,d035363f6570eed689157ef0234d95c72ea5ff06294f1b0ef1d7c2037a46d938,spot,train,train,False,masks/spot/3979431dd2401bd833829113.png,pending,nonempty,416
SAM3_auto,brillo112,False,spot:162_spot_jpg,416,5dc830c5691b886576b47bc4,spot_source,/content/drive/MyDrive/LeafData.v1i.yolov11_aug4_20261003_170034/train/images/162_spot_jpg.rf.6664b7c5f1d05fff51966a6e518cd2b9__aug4_brillo112.png,,,pending,missing,train/images/162_spot_jpg.rf.6664b7c5f1d05fff51966a6e518cd2b9.jpg,,train/images/162_spot_jpg.rf.6664b7c5f1d05fff51966a6e518cd2b9__aug4_brillo112.png,,d0f40c1e6e68861912d56cf8fd240c565a2da7f492e193c02da89b3b13da867c,spot,train,train,False,masks/spot/5dc830c5691b886576b47bc4.png,pending,nonempty,416
SAM3_auto,contraste115,False,spot:162_spot_jpg,416,b6f3ab2e5d8d6f7f2c6270a6,spot_source,/content/drive/MyDrive/LeafData.v1i.yolov11_aug4_20261003_170034/train/images/162_spot_jpg.rf.6664b7c5f1d05fff51966a6e518cd2b9__aug4_contraste115.png,,,pending,missing,train/images/162_spot_jpg.rf.6664b7c5f1d05fff51966a6e518cd2b9.jpg,,train/images/162_spot_jpg.rf.6664b7c5f1d05fff51966a6e518cd2b9__aug4_contraste115.png,,a0c538cce8c0754082a7b8921a8f60e9c1edff5c3e948eb88c81c304f1a87af9,spot,train,train,False,masks/spot/b6f3ab2e5d8d6f7f2c6270a6.png,pending,nonempty,416
SAM3_auto,hflip,False,spot:162_spot_jpg,416,c44d7e2005c024da06e435c1,spot_source,/content/drive/MyDrive/LeafData.v1i.yolov11_aug4_20261003_170034/train/images/162_spot_jpg.rf.6664b7c5f1d05fff51966a6e518cd2b9__aug4_hflip.png,,,pending,missing,train/images/162_spot_jpg.rf.6664b7c5f1d05fff51966a6e518cd2b9.jpg,,train/images/162_spot_jpg.rf.6664b7c5f1d05fff51966a6e518cd2b9__aug4_hflip.png,,1257794713423d64783713668b9abd7ed6252ff94151f593f42d4f1abc999652,spot,train,train,False,masks/spot/c44d7e2005c024da06e435c1.png,pending,nonempty,416
SAM3_auto,vflip,False,spot:162_spot_jpg,416,2bbf9796e617d064f20eb073,spot_source,/content/drive/MyDrive/LeafData.v1i.yolov11_aug4_20261003_170034/train/images/162_spot_jpg.rf.6664b7c5f1d05fff51966a6e518cd2b9__aug4_vflip.png,,,pending,missing,train/images/162_spot_jpg.rf.6664b7c5f1d05fff51966a6e518cd2b9.jpg,,train/images/162_spot_jpg.rf.6664b7c5f1d05fff51966a6e518cd2b9__aug4_vflip.png,,b91ec1f8cc3d2fa5c62183cfc40a4ca0fb1183e0b80075572cb11b2027998671,spot,train,train,False,masks/spot/2bbf9796e617d064f20eb073.png,pending,nonempty,416
SAM3_auto,original,True,spot:162_spot_jpg,416,57144315dc64e03fc31f9029,spot_source,/content/drive/MyDrive/LeafData.v1i.yolov11_aug4_20261003_170034/train/images/162_spot_jpg.rf.8eece3a41c7cc8217f517c273a14cc73.jpg,,,pending,missing,train/images/162_spot_jpg.rf.8eece3a41c7cc8217f517c273a14cc73.jpg,,train/images/162_spot_jpg.rf.8eece3a41c7cc8217f517c273a14cc73.jpg,,a8debd4a5f3f3fd4370651a4c393c87c16c00f4322622ae571d61c86469a13ee,spot,train,train,False,masks/spot/57144315dc64e03fc31f9029.png,pending,nonempty,416
SAM3_auto,brillo112,False,spot:162_spot_jpg,416,61a5ad08fe0d96b86753fd4c,spot_source,/content/drive/MyDrive/LeafData.v1i.yolov11_aug4_20261003_170034/train/images/162_spot_jpg.rf.8eece3a41c7cc8217f517c273a14cc73__aug4_brillo112.png,,,pending,missing,train/images/162_spot_jpg.rf.8eece3a41c7cc8217f517c273a14cc73.jpg,,train/images/162_spot_jpg.rf.8eece3a41c7cc8217f517c273a14cc73__aug4_brillo112.png,,1681400bff8696517373a4173037776dde98901feb8edb01c75fe71558a16500,spot,train,train,False,masks/spot/61a5ad08fe0d96b86753fd4c.png,pending,nonempty,416
SAM3_auto,contraste115,False,spot:162_spot_jpg,416,f503770ca8babff87f0798e2,spot_source,/content/drive/MyDrive/LeafData.v1i.yolov11_aug4_20261003_170034/train/images/162_spot_jpg.rf.8eece3a41c7cc8217f517c273a14cc73__aug4_contraste115.png,,,pending,missing,train/images/162_spot_jpg.rf.8eece3a41c7cc8217f517c273a14cc73.jpg,,train/images/162_spot_jpg.rf.8eece3a41c7cc8217f517c273a14cc73__aug4_contraste115.png,,c57c9e5d44828aa4de021c16c6e223c0df3db1c6a13b67ff9d3834627bdfcd45,spot,train,train,False,masks/spot/f503770ca8babff87f0798e2.png,pending,nonempty,416
SAM3_auto,hflip,False,spot:162_spot_jpg,416,cc2cb2a88aba9519744baca6,spot_source,/content/drive/MyDrive/LeafData.v1i.yolov11_aug4_20261003_170034/train/images/162_spot_jpg.rf.8eece3a41c7cc8217f517c273a14cc73__aug4_hflip.png,,,pending,missing,train/images/162_spot_jpg.rf.8eece3a41c7cc8217f517c273a14cc73.jpg,,train/images/162_spot_jpg.rf.8eece3a41c7cc8217f517c273a14cc73__aug4_hflip.png,,65ddb555c4f17aa562cfbe0561f5172b9989f444e809b3a63d822cdd3232c12e,spot,train,train,False,masks/spot/cc2cb2a88aba9519744baca6.png,pending,nonempty,416
SAM3_auto,vflip,False,spot:162_spot_jpg,416,a28d3d03719a2729318bdb2a,spot_source,/content/drive/MyDrive/LeafData.v1i.yolov11_aug4_20261003_170034/train/images/162_spot_jpg.rf.8eece3a41c7cc8217f517c273a14cc73__aug4_vflip.png,,,pending,missing,train/images/162_spot_jpg.rf.8eece3a41c7cc8217f517c273a14cc73.jpg,,train/images/162_spot_jpg.rf.8eece3a41c7cc8217f517c273a14cc73__aug4_vflip.png,,092142f74f62d11b9b084fbfc212e3f48c0d967fae171f60f083b581803fb40f,spot,train,train,False,masks/spot/a28d3d03719a2729318bdb2a.png,pending,nonempty,416
SAM3_auto,original,True,spot:163_spot_jpg,416,f75b2b49f14cdd3027e5db2c,spot_source,/content/drive/MyDrive/LeafData.v1i.yolov11_aug4_20261003_170034/train/images/163_spot_jpg.rf.135a1a663376a8a024860bd7251f3436.jpg,,,pending,missing,train/images/163_spot_jpg.rf.135a1a663376a8a024860bd7251f3436.jpg,,train/images/163_spot_jpg.rf.135a1a663376a8a024860bd7251f3436.jpg,,dbf82cd0bcecbf85ffcbcd9a4ad3f9fa42f30bca1bf515143da7fd74ab774c87,spot,train,train,False,masks/spot/f75b2b49f14cdd3027e5db2c.png,pending,nonempty,416
SAM3_auto,brillo112,False,spot:163_spot_jpg,416,889b9730a7fac2cada6e0f7a,spot_source,/content/drive/MyDrive/LeafData.v1i.yolov11_aug4_20261003_170034/train/images/163_spot_jpg.rf.135a1a663376a8a024860bd7251f3436__aug4_brillo112.png,,,pending,missing,train/images/163_spot_jpg.rf.135a1a663376a8a024860bd7251f3436.jpg,,train/images/163_spot_jpg.rf.135a1a663376a8a024860bd7251f3436__aug4_brillo112.png,,d59cda285461c9cdc810ecf299c7e74dc8dad44010e0ccf3dc272b21a1891f24,spot,train,train,False,masks/spot/889b9730a7fac2cada6e0f7a.png,pending,nonempty,416
SAM3_auto,contraste115,False,spot:163_spot_jpg,416,24646fb2f5ef6600c9c676a4,spot_source,/content/drive/MyDrive/LeafData.v1i.yolov11_aug4_20261003_170034/train/images/163_spot_jpg.rf.135a1a663376a8a024860bd7251f3436__aug4_contraste115.png,,,pending,missing,train/images/163_spot_jpg.rf.135a1a663376a8a024860bd7251f3436.jpg,,train/images/163_spot_jpg.rf.135a1a663376a8a024860bd7251f3436__aug4_contraste115.png,,e91488eb386c9ab1651ef802a4ac2017747997308371cec64411e6f0bbb1c938,spot,train,train,False,masks/spot/24646fb2f5ef6600c9c676a4.png,pending,nonempty,416
SAM3_auto,hflip,False,spot:163_spot_jpg,416,15533240c4dba27a4f33b0a5,spot_source,/content/drive/MyDrive/LeafData.v1i.yolov11_aug4_20261003_170034/train/images/163_spot_jpg.rf.135a1a663376a8a024860bd7251f3436__aug4_hflip.png,,,pending,missing,train/images/163_spot_jpg.rf.135a1a663376a8a024860bd7251f3436.jpg,,train/images/163_spot_jpg.rf.135a1a663376a8a024860bd7251f3436__aug4_hflip.png,,1f66fb90bfd9e0152e91586260d32a5353329d1f996bd7918eea6f835366d7f6,spot,train,train,False,masks/spot/15533240c4dba27a4f33b0a5.png,pending,nonempty,416
SAM3_auto,vflip,False,spot:163_spot_jpg,416,9e0fb25648c454348093d7dd,spot_source,/content/drive/MyDrive/LeafData.v1i.yolov11_aug4_20261003_170034/train/images/163_spot_jpg.rf.135a1a663376a8a024860bd7251f3436__aug4_vflip.png,,,pending,missing,train/images/163_spot_jpg.rf.135a1a663376a8a024860bd7251f3436.jpg,,train/images/163_spot_jpg.rf.135a1a663376a8a024860bd7251f3436__aug4_vflip.png,,7dad62ea4d33c7d6234dcf60d03689636ddbb55aa844f8dfbf05b200d60dc36b,spot,train,train,False,masks/spot/9e0fb25648c454348093d7dd.png,pending,nonempty,416
SAM3_auto,original,True,spot:163_spot_jpg,416,bf2d5022e5be7e2f2010653f,spot_source,/content/drive/MyDrive/LeafData.v1i.yolov11_aug4_20261003_170034/train/images/163_spot_jpg.rf.cf045a7b4d357fce275a80f8337493fc.jpg,,,pending,missing,train/images/163_spot_jpg.rf.cf045a7b4d357fce275a80f8337493fc.jpg,,train/images/163_spot_jpg.rf.cf045a7b4d357fce275a80f8337493fc.jpg,,9f586dae4286d2d4f14c85540ecacde449e5bbfbab2c5cabe665b7cb8090c8fd,spot,train,train,False,masks/spot/bf2d5022e5be7e2f2010653f.png,pending,nonempty,416
SAM3_auto,brillo112,False,spot:163_spot_jpg,416,7e97e69e0759ba3154e0b08d,spot_source,/content/drive/MyDrive/LeafData.v1i.yolov11_aug4_20261003_170034/train/images/163_spot_jpg.rf.cf045a7b4d357fce275a80f8337493fc__aug4_brillo112.png,,,pending,missing,train/images/163_spot_jpg.rf.cf045a7b4d357fce275a80f8337493fc.jpg,,train/images/163_spot_jpg.rf.cf045a7b4d357fce275a80f8337493fc__aug4_brillo112.png,,5a9df870034c3decf434405c876cc2649888ad2d13a01e4f6ee44cb32c32d473,spot,train,train,False,masks/spot/7e97e69e0759ba3154e0b08d.png,pending,nonempty,416
SAM3_auto,contraste115,False,spot:163_spot_jpg,416,b6671648242651ccc3b74ae0,spot_source,/content/drive/MyDrive/LeafData.v1i.yolov11_aug4_20261003_170034/train/images/163_spot_jpg.rf.cf045a7b4d357fce275a80f8337493fc__aug4_contraste115.png,,,pending,missing,train/images/163_spot_jpg.rf.cf045a7b4d357fce275a80f8337493fc.jpg,,train/images/163_spot_jpg.rf.cf045a7b4d357fce275a80f8337493fc__aug4_contraste115.png,,484f5e59b1959cac3155e69828ddd37c04ae228468e7d4ec019fc28a0439f172,spot,train,train,False,masks/spot/b6671648242651ccc3b74ae0.png,pending,nonempty,416
SAM3_auto,hflip,False,spot:163_spot_jpg,416,ba6bf3d73171214cd8f33367,spot_source,/content/drive/MyDrive/LeafData.v1i.yolov11_aug4_20261003_170034/train/images/163_spot_jpg.rf.cf045a7b4d357fce275a80f8337493fc__aug4_hflip.png,,,pending,missing,train/images/163_spot_jpg.rf.cf045a7b4d357fce275a80f8337493fc.jpg,,train/images/163_spot_jpg.rf.cf045a7b4d357fce275a80f8337493fc__aug4_hflip.png,,4f8754aaa79423bc186bb9b70d388387a6dbff7c11cfd133d0332dbfbe8972bd,spot,train,train,False,masks/spot/ba6bf3d73171214cd8f33367.png,pending,nonempty,416
SAM3_auto,vflip,False,spot:163_spot_jpg,416,d9b44f6b9fc8d4cecb4d1733,spot_source,/content/drive/MyDrive/LeafData.v1i.yolov11_aug4_20261003_170034/train/images/163_spot_jpg.rf.cf045a7b4d357fce275a80f8337493fc__aug4_vflip.png,,,pending,missing,train/images/163_spot_jpg.rf.cf045a7b4d357fce275a80f8337493fc.jpg,,train/images/163_spot_jpg.rf.cf045a7b4d357fce275a80f8337493fc__aug4_vflip.png,,3def77a08d0f1603e72373d53323b957316d18f4fd46d2da5f63cdea2c76d623,spot,train,train,False,masks/spot/d9b44f6b9fc8d4cecb4d1733.png,pending,nonempty,416
SAM3_auto,original,True,spot:163_spot_jpg,416,c414b1dd7596f0464e7bf433,spot_source,/content/drive/MyDrive/LeafData.v1i.yolov11_aug4_20261003_170034/train/images/163_spot_jpg.rf.fe16f89b2516c88d67124a825f36aa2a.jpg,,,pending,missing,train/images/163_spot_jpg.rf.fe16f89b2516c88d67124a825f36aa2a.jpg,,train/images/163_spot_jpg.rf.fe16f89b2516c88d67124a825f36aa2a.jpg,,a23670109819634faa89fd97f4ec34d6f1ef0bdc55eb451732329a387892a794,spot,train,train,False,masks/spot/c414b1dd7596f0464e7bf433.png,pending,nonempty,416
SAM3_auto,brillo112,False,spot:163_spot_jpg,416,1b0174587123d3e68dafe1b4,spot_source,/content/drive/MyDrive/LeafData.v1i.yolov11_aug4_20261003_170034/train/images/163_spot_jpg.rf.fe16f89b2516c88d67124a825f36aa2a__aug4_brillo112.png,,,pending,missing,train/images/163_spot_jpg.rf.fe16f89b2516c88d67124a825f36aa2a.jpg,,train/images/163_spot_jpg.rf.fe16f89b2516c88d67124a825f36aa2a__aug4_brillo112.png,,26d670fa086908643c00027605802e7857471cb3e875871aede521a3fcc4044f,spot,train,train,False,masks/spot/1b0174587123d3e68dafe1b4.png,pending,nonempty,416
SAM3_auto,contraste115,False,spot:163_spot_jpg,416,d66e4dab76ad08bdce576dbb,spot_source,/content/drive/MyDrive/LeafData.v1i.yolov11_aug4_20261003_170034/train/images/163_spot_jpg.rf.fe16f89b2516c88d67124a825f36aa2a__aug4_contraste115.png,,,pending,missing,train/images/163_spot_jpg.rf.fe16f89b2516c88d67124a825f36aa2a.jpg,,train/images/163_spot_jpg.rf.fe16f89b2516c88d67124a825f36aa2a__aug4_contraste115.png,,a0ba6037394789b323cbbe6a1748eae14ed2c0ff3c0c28c586d5bade48993cd9,spot,train,train,False,masks/spot/d66e4dab76ad08bdce576dbb.png,pending,nonempty,416
SAM3_auto,hflip,False,spot:163_spot_jpg,416,671a873214982bf3185885c6,spot_source,/content/drive/MyDrive/LeafData.v1i.yolov11_aug4_20261003_170034/train/images/163_spot_jpg.rf.fe16f89b2516c88d67124a825f36aa2a__aug4_hflip.png,,,pending,missing,train/images/163_spot_jpg.rf.fe16f89b2516c88d67124a825f36aa2a.jpg,,train/images/163_spot_jpg.rf.fe16f89b2516c88d67124a825f36aa2a__aug4_hflip.png,,541c744f9cbb3e003f85ad88f428788f5931c19546bfbb34e3118cc7c7d1237f,spot,train,train,False,masks/spot/671a873214982bf3185885c6.png,pending,nonempty,416
SAM3_auto,vflip,False,spot:163_spot_jpg,416,0285e4d0edd2be22ebd7ca80,spot_source,/content/drive/MyDrive/LeafData.v1i.yolov11_aug4_20261003_170034/train/images/163_spot_jpg.rf.fe16f89b2516c88d67124a825f36aa2a__aug4_vflip.png,,,pending,missing,train/images/163_spot_jpg.rf.fe16f89b2516c88d67124a825f36aa2a.jpg,,train/images/163_spot_jpg.rf.fe16f89b2516c88d67124a825f36aa2a__aug4_vflip.png,,18ed931db28d41eecbdc919530774b0e54054e50d37bec8c5ea560d9739c290f,spot,train,train,False,masks/spot/0285e4d0edd2be22ebd7ca80.png,pending,nonempty,416
SAM3_auto,original,True,spot:164_spot_jpg,416,caa955eb97ce9ffea22a1d84,spot_source,/content/drive/MyDrive/LeafData.v1i.yolov11_aug4_20261003_170034/train/images/164_spot_jpg.rf.a5093ae1b69f84cfb3b099223fcf9336.jpg,,,pending,missing,train/images/164_spot_jpg.rf.a5093ae1b69f84cfb3b099223fcf9336.jpg,,train/images/164_spot_jpg.rf.a5093ae1b69f84cfb3b099223fcf9336.jpg,,213fc515a76debe0f6d70c1b971ba095f0612d338dcedc56d1964166d189ef92,spot,train,train,False,masks/spot/caa955eb97ce9ffea22a1d84.png,pending,nonempty,416
SAM3_auto,brillo112,False,spot:164_spot_jpg,416,52cb39f5125cb37484a82f12,spot_source,/content/drive/MyDrive/LeafData.v1i.yolov11_aug4_20261003_170034/train/images/164_spot_jpg.rf.a5093ae1b69f84cfb3b099223fcf9336__aug4_brillo112.png,,,pending,missing,train/images/164_spot_jpg.rf.a5093ae1b69f84cfb3b099223fcf9336.jpg,,train/images/164_spot_jpg.rf.a5093ae1b69f84cfb3b099223fcf9336__aug4_brillo112.png,,3d02223bab53d7a73111cf695319316e39af49a8ccac00f7bae69a7f9baa0727,spot,train,train,False,masks/spot/52cb39f5125cb37484a82f12.png,pending,nonempty,416
SAM3_auto,contraste115,False,spot:164_spot_jpg,416,3166aa87c620f441553161d8,spot_source,/content/drive/MyDrive/LeafData.v1i.yolov11_aug4_20261003_170034/train/images/164_spot_jpg.rf.a5093ae1b69f84cfb3b099223fcf9336__aug4_contraste115.png,,,pending,missing,train/images/164_spot_jpg.rf.a5093ae1b69f84cfb3b099223fcf9336.jpg,,train/images/164_spot_jpg.rf.a5093ae1b69f84cfb3b099223fcf9336__aug4_contraste115.png,,6ce6b413e8baf4d7fb11b37852fe896f898a513adbb070175eb50832c48d4d5e,spot,train,train,False,masks/spot/3166aa87c620f441553161d8.png,pending,nonempty,416
SAM3_auto,hflip,False,spot:164_spot_jpg,416,356690d96285dde5402bde51,spot_source,/content/drive/MyDrive/LeafData.v1i.yolov11_aug4_20261003_170034/train/images/164_spot_jpg.rf.a5093ae1b69f84cfb3b099223fcf9336__aug4_hflip.png,,,pending,missing,train/images/164_spot_jpg.rf.a5093ae1b69f84cfb3b099223fcf9336.jpg,,train/images/164_spot_jpg.rf.a5093ae1b69f84cfb3b099223fcf9336__aug4_hflip.png,,b8e508192fd115231d78175cb33fb6769730770ef25d768d73d86f550335a0cf,spot,train,train,False,masks/spot/356690d96285dde5402bde51.png,pending,nonempty,416
SAM3_auto,vflip,False,spot:164_spot_jpg,416,74762dad282bd84818d4a2dd,spot_source,/content/drive/MyDrive/LeafData.v1i.yolov11_aug4_20261003_170034/train/images/164_spot_jpg.rf.a5093ae1b69f84cfb3b099223fcf9336__aug4_vflip.png,,,pending,missing,train/images/164_spot_jpg.rf.a5093ae1b69f84cfb3b099223fcf9336.jpg,,train/images/164_spot_jpg.rf.a5093ae1b69f84cfb3b099223fcf9336__aug4_vflip.png,,f643af921342d193f5c0356f32214b32cfbaa952a72e01a5446c9ea96bf81abe,spot,train,train,False,masks/spot/74762dad282bd84818d4a2dd.png,pending,nonempty,416
SAM3_auto,original,True,spot:164_spot_jpg,416,97048b1a91a9355ede3c6844,spot_source,/content/drive/MyDrive/LeafData.v1i.yolov11_aug4_20261003_170034/train/images/164_spot_jpg.rf.c8e7e5981248aba4c082167458f307bb.jpg,,,pending,missing,train/images/164_spot_jpg.rf.c8e7e5981248aba4c082167458f307bb.jpg,,train/images/164_spot_jpg.rf.c8e7e5981248aba4c082167458f307bb.jpg,,bcb51456a7dbb2bf9bde740308e2fd66d20b9c96d679b60e849be80cccc0d7a2,spot,train,train,False,masks/spot/97048b1a91a9355ede3c6844.png,pending,nonempty,416
SAM3_auto,brillo112,False,spot:164_spot_jpg,416,b66b3925aa82ec8822923f43,spot_source,/content/drive/MyDrive/LeafData.v1i.yolov11_aug4_20261003_170034/train/images/164_spot_jpg.rf.c8e7e5981248aba4c082167458f307bb__aug4_brillo112.png,,,pending,missing,train/images/164_spot_jpg.rf.c8e7e5981248aba4c082167458f307bb.jpg,,train/images/164_spot_jpg.rf.c8e7e5981248aba4c082167458f307bb__aug4_brillo112.png,,1324096f7e2919f137e74840a176c4db6993b2e084885a84fdf7412585fdda8f,spot,train,train,False,masks/spot/b66b3925aa82ec8822923f43.png,pending,nonempty,416
SAM3_auto,contraste115,False,spot:164_spot_jpg,416,cf19f10167e30d0e27fdcb92,spot_source,/content/drive/MyDrive/LeafData.v1i.yolov11_aug4_20261003_170034/train/images/164_spot_jpg.rf.c8e7e5981248aba4c082167458f307bb__aug4_contraste115.png,,,pending,missing,train/images/164_spot_jpg.rf.c8e7e5981248aba4c082167458f307bb.jpg,,train/images/164_spot_jpg.rf.c8e7e5981248aba4c082167458f307bb__aug4_contraste115.png,,3337547b049bd1e1302031a35c84e8bba0e0aded8da1ff27959b87fd53592f39,spot,train,train,False,masks/spot/cf19f10167e30d0e27fdcb92.png,pending,nonempty,416
SAM3_auto,hflip,False,spot:164_spot_jpg,416,42dde198e9e85d276eef8243,spot_source,/content/drive/MyDrive/LeafData.v1i.yolov11_aug4_20261003_170034/train/images/164_spot_jpg.rf.c8e7e5981248aba4c082167458f307bb__aug4_hflip.png,,,pending,missing,train/images/164_spot_jpg.rf.c8e7e5981248aba4c082167458f307bb.jpg,,train/images/164_spot_jpg.rf.c8e7e5981248aba4c082167458f307bb__aug4_hflip.png,,30c9d178dd4c6302cbe22139f29b978fc92dc401ff814f2f3fa83ecf00b5f959,spot,train,train,False,masks/spot/42dde198e9e85d276eef8243.png,pending,nonempty,416
SAM3_auto,vflip,False,spot:164_spot_jpg,416,2d33f9543df871c7f05f5f3d,spot_source,/content/drive/MyDrive/LeafData.v1i.yolov11_aug4_20261003_170034/train/images/164_spot_jpg.rf.c8e7e5981248aba4c082167458f307bb__aug4_vflip.png,,,pending,missing,train/images/164_spot_jpg.rf.c8e7e5981248aba4c082167458f307bb.jpg,,train/images/164_spot_jpg.rf.c8e7e5981248aba4c082167458f307bb__aug4_vflip.png,,daf4938a80f35b1457c88266b48944cc8ff4bdb98ea64965db1bd58f00c51c2f,spot,train,train,False,masks/spot/2d33f9543df871c7f05f5f3d.png,pending,nonempty,416
SAM3_auto,original,True,spot:164_spot_jpg,416,5a15be61e1d8bdb8205c7257,spot_source,/content/drive/MyDrive/LeafData.v1i.yolov11_aug4_20261003_170034/train/images/164_spot_jpg.rf.ea224a270f209a509681c31841ddf21a.jpg,,,pending,missing,train/images/164_spot_jpg.rf.ea224a270f209a509681c31841ddf21a.jpg,,train/images/164_spot_jpg.rf.ea224a270f209a509681c31841ddf21a.jpg,,1067cf6c7b23a880f5c05b2941a77af7d55b5d1abbad105b897108fade0dbf7f,spot,train,train,False,masks/spot/5a15be61e1d8bdb8205c7257.png,pending,nonempty,416
SAM3_auto,brillo112,False,spot:164_spot_jpg,416,f0a66c9b37b5cf3c05b50036,spot_source,/content/drive/MyDrive/LeafData.v1i.yolov11_aug4_20261003_170034/train/images/164_spot_jpg.rf.ea224a270f209a509681c31841ddf21a__aug4_brillo112.png,,,pending,missing,train/images/164_spot_jpg.rf.ea224a270f209a509681c31841ddf21a.jpg,,train/images/164_spot_jpg.rf.ea224a270f209a509681c31841ddf21a__aug4_brillo112.png,,562c8d67159588bf911c295a3ab2e917fdcabe560b1d82b0436a017072d87619,spot,train,train,False,masks/spot/f0a66c9b37b5cf3c05b50036.png,pending,nonempty,416
SAM3_auto,contraste115,False,spot:164_spot_jpg,416,029c41c4962226ba5c802368,spot_source,/content/drive/MyDrive/LeafData.v1i.yolov11_aug4_20261003_170034/train/images/164_spot_jpg.rf.ea224a270f209a509681c31841ddf21a__aug4_contraste115.png,,,pending,missing,train/images/164_spot_jpg.rf.ea224a270f209a509681c31841ddf21a.jpg,,train/images/164_spot_jpg.rf.ea224a270f209a509681c31841ddf21a__aug4_contraste115.png,,164b2567d2e82146fb3cbb9153cb74ee459486df7a45cd5d464e3e40577a61cd,spot,train,train,False,masks/spot/029c41c4962226ba5c802368.png,pending,nonempty,416
SAM3_auto,hflip,False,spot:164_spot_jpg,416,a885e5b4566e8f855d72da5b,spot_source,/content/drive/MyDrive/LeafData.v1i.yolov11_aug4_20261003_170034/train/images/164_spot_jpg.rf.ea224a270f209a509681c31841ddf21a__aug4_hflip.png,,,pending,missing,train/images/164_spot_jpg.rf.ea224a270f209a509681c31841ddf21a.jpg,,train/images/164_spot_jpg.rf.ea224a270f209a509681c31841ddf21a__aug4_hflip.png,,36e45b057d2eade08dc61a1f8485f622693a5450038863c910850523e60a123b,spot,train,train,False,masks/spot/a885e5b4566e8f855d72da5b.png,pending,nonempty,416
SAM3_auto,vflip,False,spot:164_spot_jpg,416,9e2ad7f7c43066172dcfe785,spot_source,/content/drive/MyDrive/LeafData.v1i.yolov11_aug4_20261003_170034/train/images/164_spot_jpg.rf.ea224a270f209a509681c31841ddf21a__aug4_vflip.png,,,pending,missing,train/images/164_spot_jpg.rf.ea224a270f209a509681c31841ddf21a.jpg,,train/images/164_spot_jpg.rf.ea224a270f209a509681c31841ddf21a__aug4_vflip.png,,3b19e33619f47fa5cd7003df126e8ce5cfa9edf0ed1bfd5a479b13a2c579b99b,spot,train,train,False,masks/spot/9e2ad7f7c43066172dcfe785.png,pending,nonempty,416
SAM3_auto,original,True,spot:169_spot_jpg,416,771a1b9148eacb0209638334,spot_source,/content/drive/MyDrive/LeafData.v1i.yolov11_aug4_20261003_170034/train/images/169_spot_jpg.rf.21696ed5634e8883cb81116b5ae7bc1f.jpg,,,pending,missing,train/images/169_spot_jpg.rf.21696ed5634e8883cb81116b5ae7bc1f.jpg,,train/images/169_spot_jpg.rf.21696ed5634e8883cb81116b5ae7bc1f.jpg,,c7af06f8ac1b2f128b71dc61f426e2548e5d7b5360e5c9d8789bb36c4e41f456,spot,train,train,False,masks/spot/771a1b9148eacb0209638334.png,pending,nonempty,416
SAM3_auto,brillo112,False,spot:169_spot_jpg,416,ee3f8f83dbfa334d74904b35,spot_source,/content/drive/MyDrive/LeafData.v1i.yolov11_aug4_20261003_170034/train/images/169_spot_jpg.rf.21696ed5634e8883cb81116b5ae7bc1f__aug4_brillo112.png,,,pending,missing,train/images/169_spot_jpg.rf.21696ed5634e8883cb81116b5ae7bc1f.jpg,,train/images/169_spot_jpg.rf.21696ed5634e8883cb81116b5ae7bc1f__aug4_brillo112.png,,90a6ad9cbee7acc2b692ea8a53bf1532c85f92fcebe1eb746eb5b24b55c2b83c,spot,train,train,False,masks/spot/ee3f8f83dbfa334d74904b35.png,pending,nonempty,416
SAM3_auto,contraste115,False,spot:169_spot_jpg,416,1bbdcc2f42de3a60d8e03c29,spot_source,/content/drive/MyDrive/LeafData.v1i.yolov11_aug4_20261003_170034/train/images/169_spot_jpg.rf.21696ed5634e8883cb81116b5ae7bc1f__aug4_contraste115.png,,,pending,missing,train/images/169_spot_jpg.rf.21696ed5634e8883cb81116b5ae7bc1f.jpg,,train/images/169_spot_jpg.rf.21696ed5634e8883cb81116b5ae7bc1f__aug4_contraste115.png,,a0ff5324ffea6382b664c265d13e45b6123c3cba482f0a9e4951bb710f319988,spot,train,train,False,masks/spot/1bbdcc2f42de3a60d8e03c29.png,pending,nonempty,416
SAM3_auto,hflip,False,spot:169_spot_jpg,416,620302f79ff7e8c35112c64b,spot_source,/content/drive/MyDrive/LeafData.v1i.yolov11_aug4_20261003_170034/train/images/169_spot_jpg.rf.21696ed5634e8883cb81116b5ae7bc1f__aug4_hflip.png,,,pending,missing,train/images/169_spot_jpg.rf.21696ed5634e8883cb81116b5ae7bc1f.jpg,,train/images/169_spot_jpg.rf.21696ed5634e8883cb81116b5ae7bc1f__aug4_hflip.png,,8a415c5b669802695d8006d4881766df529ebb05e9cb222d1f94bbd42048f72a,spot,train,train,False,masks/spot/620302f79ff7e8c35112c64b.png,pending,nonempty,416
SAM3_auto,vflip,False,spot:169_spot_jpg,416,7d8e4d3a1cb9e19731ce4093,spot_source,/content/drive/MyDrive/LeafData.v1i.yolov11_aug4_20261003_170034/train/images/169_spot_jpg.rf.21696ed5634e8883cb81116b5ae7bc1f__aug4_vflip.png,,,pending,missing,train/images/169_spot_jpg.rf.21696ed5634e8883cb81116b5ae7bc1f.jpg,,train/images/169_spot_jpg.rf.21696ed5634e8883cb81116b5ae7bc1f__aug4_vflip.png,,2dcc78ea426ace0ba3363304622013afe6c4644b1f6c3f9c2eeec2b34072a86c,spot,train,train,False,masks/spot/7d8e4d3a1cb9e19731ce4093.png,pending,nonempty,416
SAM3_auto,original,True,spot:169_spot_jpg,416,e58a0c21a35a956d3a247248,spot_source,/content/drive/MyDrive/LeafData.v1i.yolov11_aug4_20261003_170034/train/images/169_spot_jpg.rf.9fccdf5b1632a53e606783ab7551e754.jpg,,,pending,missing,train/images/169_spot_jpg.rf.9fccdf5b1632a53e606783ab7551e754.jpg,,train/images/169_spot_jpg.rf.9fccdf5b1632a53e606783ab7551e754.jpg,,ad23357bc239458e3c2d08df4128fe4c4eef0960d97c5399c41c83383a7ed7e3,spot,train,train,False,masks/spot/e58a0c21a35a956d3a247248.png,pending,nonempty,416
SAM3_auto,brillo112,False,spot:169_spot_jpg,416,ec29711f5786176e58e88857,spot_source,/content/drive/MyDrive/LeafData.v1i.yolov11_aug4_20261003_170034/train/images/169_spot_jpg.rf.9fccdf5b1632a53e606783ab7551e754__aug4_brillo112.png,,,pending,missing,train/images/169_spot_jpg.rf.9fccdf5b1632a53e606783ab7551e754.jpg,,train/images/169_spot_jpg.rf.9fccdf5b1632a53e606783ab7551e754__aug4_brillo112.png,,b878f3bee3e56f6fe48924bb2baf17aaccc60c94d8438859d8454ed5bf10264d,spot,train,train,False,masks/spot/ec29711f5786176e58e88857.png,pending,nonempty,416
SAM3_auto,contraste115,False,spot:169_spot_jpg,416,6527c2fc81fe7eaca3b8d800,spot_source,/content/drive/MyDrive/LeafData.v1i.yolov11_aug4_20261003_170034/train/images/169_spot_jpg.rf.9fccdf5b1632a53e606783ab7551e754__aug4_contraste115.png,,,pending,missing,train/images/169_spot_jpg.rf.9fccdf5b1632a53e606783ab7551e754.jpg,,train/images/169_spot_jpg.rf.9fccdf5b1632a53e606783ab7551e754__aug4_contraste115.png,,626f6f9b58af5e0a6cfabac805bd34f0576b4cdcf970ef302ab2d007279c15eb,spot,train,train,False,masks/spot/6527c2fc81fe7eaca3b8d800.png,pending,nonempty,416
SAM3_auto,hflip,False,spot:169_spot_jpg,416,17059d262b54fcd0ec787b6b,spot_source,/content/drive/MyDrive/LeafData.v1i.yolov11_aug4_20261003_170034/train/images/169_spot_jpg.rf.9fccdf5b1632a53e606783ab7551e754__aug4_hflip.png,,,pending,missing,train/images/169_spot_jpg.rf.9fccdf5b1632a53e606783ab7551e754.jpg,,train/images/169_spot_jpg.rf.9fccdf5b1632a53e606783ab7551e754__aug4_hflip.png,,55b85996e8043e30886874f822202ec2b73e29510756475f21c6e8ed2a1cf563,spot,train,train,False,masks/spot/17059d262b54fcd0ec787b6b.png,pending,nonempty,416
SAM3_auto,vflip,False,spot:169_spot_jpg,416,66d0a5de5fa383bed8842fd2,spot_source,/content/drive/MyDrive/LeafData.v1i.yolov11_aug4_20261003_170034/train/images/169_spot_jpg.rf.9fccdf5b1632a53e606783ab7551e754__aug4_vflip.png,,,pending,missing,train/images/169_spot_jpg.rf.9fccdf5b1632a53e606783ab7551e754.jpg,,train/images/169_spot_jpg.rf.9fccdf5b1632a53e606783ab7551e754__aug4_vflip.png,,ef8752f9278492397bf2ffc9d13083ec51fb39afe12a9a361e9101c5464c16ed,spot,train,train,False,masks/spot/66d0a5de5fa383bed8842fd2.png,pending,nonempty,416
SAM3_auto,original,True,spot:169_spot_jpg,416,5956dc3ec2ac24aadc2c71b0,spot_source,/content/drive/MyDrive/LeafData.v1i.yolov11_aug4_20261003_170034/train/images/169_spot_jpg.rf.a02c08e370b60d294cc8a7af84b66f72.jpg,,,pending,missing,train/images/169_spot_jpg.rf.a02c08e370b60d294cc8a7af84b66f72.jpg,,train/images/169_spot_jpg.rf.a02c08e370b60d294cc8a7af84b66f72.jpg,,0d7e719a9e1ea4f070730c39368afac5e0ab49ae1442ae76d12eb5f9c4f9310d,spot,train,train,False,masks/spot/5956dc3ec2ac24aadc2c71b0.png,pending,nonempty,416
SAM3_auto,brillo112,False,spot:169_spot_jpg,416,e3a130413fe5a32fab371aef,spot_source,/content/drive/MyDrive/LeafData.v1i.yolov11_aug4_20261003_170034/train/images/169_spot_jpg.rf.a02c08e370b60d294cc8a7af84b66f72__aug4_brillo112.png,,,pending,missing,train/images/169_spot_jpg.rf.a02c08e370b60d294cc8a7af84b66f72.jpg,,train/images/169_spot_jpg.rf.a02c08e370b60d294cc8a7af84b66f72__aug4_brillo112.png,,39aae1381b7db229b46a6b5cce5b02d769f72864399748df1b1ca114e624219b,spot,train,train,False,masks/spot/e3a130413fe5a32fab371aef.png,pending,nonempty,416
SAM3_auto,contraste115,False,spot:169_spot_jpg,416,ebe9c4f979641aeaad16c81d,spot_source,/content/drive/MyDrive/LeafData.v1i.yolov11_aug4_20261003_170034/train/images/169_spot_jpg.rf.a02c08e370b60d294cc8a7af84b66f72__aug4_contraste115.png,,,pending,missing,train/images/169_spot_jpg.rf.a02c08e370b60d294cc8a7af84b66f72.jpg,,train/images/169_spot_jpg.rf.a02c08e370b60d294cc8a7af84b66f72__aug4_contraste115.png,,5934ad42892cf73ff7d4ca5978f48198bcf31e09e610b2141e6ea3289ad83239,spot,train,train,False,masks/spot/ebe9c4f979641aeaad16c81d.png,pending,nonempty,416
SAM3_auto,hflip,False,spot:169_spot_jpg,416,3bf63c5484c9da7b03103880,spot_source,/content/drive/MyDrive/LeafData.v1i.yolov11_aug4_20261003_170034/train/images/169_spot_jpg.rf.a02c08e370b60d294cc8a7af84b66f72__aug4_hflip.png,,,pending,missing,train/images/169_spot_jpg.rf.a02c08e370b60d294cc8a7af84b66f72.jpg,,train/images/169_spot_jpg.rf.a02c08e370b60d294cc8a7af84b66f72__aug4_hflip.png,,bc41f00e82a10b5a5318fcab5e8ee2ccb3466f8d9f7744b027c6a2a00d2ead0e,spot,train,train,False,masks/spot/3bf63c5484c9da7b03103880.png,pending,nonempty,416
SAM3_auto,vflip,False,spot:169_spot_jpg,416,09c412a94ffd72ffc2c638cc,spot_source,/content/drive/MyDrive/LeafData.v1i.yolov11_aug4_20261003_170034/train/images/169_spot_jpg.rf.a02c08e370b60d294cc8a7af84b66f72__aug4_vflip.png,,,pending,missing,train/images/169_spot_jpg.rf.a02c08e370b60d294cc8a7af84b66f72.jpg,,train/images/169_spot_jpg.rf.a02c08e370b60d294cc8a7af84b66f72__aug4_vflip.png,,fca727ec2ad312c4b304fe4ce488c583926d90f12d05f860754bafdaad27307f,spot,train,train,False,masks/spot/09c412a94ffd72ffc2c638cc.png,pending,nonempty,416
SAM3_auto,original,True,spot:16_spot_jpg,416,c3708237cf0e82803949ef86,spot_source,/content/drive/MyDrive/LeafData.v1i.yolov11_aug4_20261003_170034/train/images/16_spot_jpg.rf.2fc94e5a52d90f5621443c95f2e3702a.jpg,,,pending,missing,train/images/16_spot_jpg.rf.2fc94e5a52d90f5621443c95f2e3702a.jpg,,train/images/16_spot_jpg.rf.2fc94e5a52d90f5621443c95f2e3702a.jpg,,db468213934ec34190516c6e91accbde53a518db2eab99a59e65c7ee51468b5f,spot,train,train,False,masks/spot/c3708237cf0e82803949ef86.png,pending,nonempty,416
SAM3_auto,brillo112,False,spot:16_spot_jpg,416,5b2738f98549c890116450c6,spot_source,/content/drive/MyDrive/LeafData.v1i.yolov11_aug4_20261003_170034/train/images/16_spot_jpg.rf.2fc94e5a52d90f5621443c95f2e3702a__aug4_brillo112.png,,,pending,missing,train/images/16_spot_jpg.rf.2fc94e5a52d90f5621443c95f2e3702a.jpg,,train/images/16_spot_jpg.rf.2fc94e5a52d90f5621443c95f2e3702a__aug4_brillo112.png,,db5803a0c15482d843349685c86bfec304449bcd65e31d00880d539e25624889,spot,train,train,False,masks/spot/5b2738f98549c890116450c6.png,pending,nonempty,416
SAM3_auto,contraste115,False,spot:16_spot_jpg,416,490c9325f3595a1a84991604,spot_source,/content/drive/MyDrive/LeafData.v1i.yolov11_aug4_20261003_170034/train/images/16_spot_jpg.rf.2fc94e5a52d90f5621443c95f2e3702a__aug4_contraste115.png,,,pending,missing,train/images/16_spot_jpg.rf.2fc94e5a52d90f5621443c95f2e3702a.jpg,,train/images/16_spot_jpg.rf.2fc94e5a52d90f5621443c95f2e3702a__aug4_contraste115.png,,1633e47f6cf311ca1636575380dbc8fe62aa2830ec8c68b93ffa7c5891dc2fa6,spot,train,train,False,masks/spot/490c9325f3595a1a84991604.png,pending,nonempty,416
SAM3_auto,hflip,False,spot:16_spot_jpg,416,b0ba97e3865672309b54e886,spot_source,/content/drive/MyDrive/LeafData.v1i.yolov11_aug4_20261003_170034/train/images/16_spot_jpg.rf.2fc94e5a52d90f5621443c95f2e3702a__aug4_hflip.png,,,pending,missing,train/images/16_spot_jpg.rf.2fc94e5a52d90f5621443c95f2e3702a.jpg,,train/images/16_spot_jpg.rf.2fc94e5a52d90f5621443c95f2e3702a__aug4_hflip.png,,1287352b0a51d01a603a3f0ba7b331d6eda162f0705cd87b0dcefdb258b11610,spot,train,train,False,masks/spot/b0ba97e3865672309b54e886.png,pending,nonempty,416
SAM3_auto,vflip,False,spot:16_spot_jpg,416,b68ac1cbcb833f3f1ac90d4e,spot_source,/content/drive/MyDrive/LeafData.v1i.yolov11_aug4_20261003_170034/train/images/16_spot_jpg.rf.2fc94e5a52d90f5621443c95f2e3702a__aug4_vflip.png,,,pending,missing,train/images/16_spot_jpg.rf.2fc94e5a52d90f5621443c95f2e3702a.jpg,,train/images/16_spot_jpg.rf.2fc94e5a52d90f5621443c95f2e3702a__aug4_vflip.png,,77cebe8499bdf8e3b96b7458e84477cb51d363664b787b0cba3437ad91632c55,spot,train,train,False,masks/spot/b68ac1cbcb833f3f1ac90d4e.png,pending,nonempty,416
SAM3_auto,original,True,spot:16_spot_jpg,416,22ed2ff63fab477c30f5b4d3,spot_source,/content/drive/MyDrive/LeafData.v1i.yolov11_aug4_20261003_170034/train/images/16_spot_jpg.rf.994aafc7d88871dbe08bb9c7c3501ef4.jpg,,,pending,missing,train/images/16_spot_jpg.rf.994aafc7d88871dbe08bb9c7c3501ef4.jpg,,train/images/16_spot_jpg.rf.994aafc7d88871dbe08bb9c7c3501ef4.jpg,,f5b8a9c0db1756704c6679956ad7d8bbcdab19897c8f0ce2193235c2eef64070,spot,train,train,False,masks/spot/22ed2ff63fab477c30f5b4d3.png,pending,nonempty,416
SAM3_auto,brillo112,False,spot:16_spot_jpg,416,2b370eaaa133e08903a8233f,spot_source,/content/drive/MyDrive/LeafData.v1i.yolov11_aug4_20261003_170034/train/images/16_spot_jpg.rf.994aafc7d88871dbe08bb9c7c3501ef4__aug4_brillo112.png,,,pending,missing,train/images/16_spot_jpg.rf.994aafc7d88871dbe08bb9c7c3501ef4.jpg,,train/images/16_spot_jpg.rf.994aafc7d88871dbe08bb9c7c3501ef4__aug4_brillo112.png,,6b3c6cf0ab8140d225bba204a5e16972cf2473478a6526a0aca64ced6b4d9c2c,spot,train,train,False,masks/spot/2b370eaaa133e08903a8233f.png,pending,nonempty,416
SAM3_auto,contraste115,False,spot:16_spot_jpg,416,a0e8befd967dd749b99a2e86,spot_source,/content/drive/MyDrive/LeafData.v1i.yolov11_aug4_20261003_170034/train/images/16_spot_jpg.rf.994aafc7d88871dbe08bb9c7c3501ef4__aug4_contraste115.png,,,pending,missing,train/images/16_spot_jpg.rf.994aafc7d88871dbe08bb9c7c3501ef4.jpg,,train/images/16_spot_jpg.rf.994aafc7d88871dbe08bb9c7c3501ef4__aug4_contraste115.png,,72777bcf642194673e4384e4b9b50f60465056d88eef23b748be0f3662941b67,spot,train,train,False,masks/spot/a0e8befd967dd749b99a2e86.png,pending,nonempty,416
SAM3_auto,hflip,False,spot:16_spot_jpg,416,2201871cb85d6fddf6667482,spot_source,/content/drive/MyDrive/LeafData.v1i.yolov11_aug4_20261003_170034/train/images/16_spot_jpg.rf.994aafc7d88871dbe08bb9c7c3501ef4__aug4_hflip.png,,,pending,missing,train/images/16_spot_jpg.rf.994aafc7d88871dbe08bb9c7c3501ef4.jpg,,train/images/16_spot_jpg.rf.994aafc7d88871dbe08bb9c7c3501ef4__aug4_hflip.png,,0264ead21e215ac64172c18c6119b0ade222b2ac486a14c7b43c965f7354a137,spot,train,train,False,masks/spot/2201871cb85d6fddf6667482.png,pending,nonempty,416
SAM3_auto,vflip,False,spot:16_spot_jpg,416,03f24dd3042d3be96ca5d96b,spot_source,/content/drive/MyDrive/LeafData.v1i.yolov11_aug4_20261003_170034/train/images/16_spot_jpg.rf.994aafc7d88871dbe08bb9c7c3501ef4__aug4_vflip.png,,,pending,missing,train/images/16_spot_jpg.rf.994aafc7d88871dbe08bb9c7c3501ef4.jpg,,train/images/16_spot_jpg.rf.994aafc7d88871dbe08bb9c7c3501ef4__aug4_vflip.png,,1c00c36dc7e3f984af4939f331e0772e01663857eaf95a5051cc984abe512456,spot,train,train,False,masks/spot/03f24dd3042d3be96ca5d96b.png,pending,nonempty,416
SAM3_auto,original,True,spot:16_spot_jpg,416,5ff62d9e27a9d57dba9a1d5b,spot_source,/content/drive/MyDrive/LeafData.v1i.yolov11_aug4_20261003_170034/train/images/16_spot_jpg.rf.a4d25904ce402ee935b23f89c7c648ef.jpg,,,pending,missing,train/images/16_spot_jpg.rf.a4d25904ce402ee935b23f89c7c648ef.jpg,,train/images/16_spot_jpg.rf.a4d25904ce402ee935b23f89c7c648ef.jpg,,18cca9a3ef46706c31d6cbdca224ba8504f70562d00f230490838fa7edfcfa50,spot,train,train,False,masks/spot/5ff62d9e27a9d57dba9a1d5b.png,pending,nonempty,416
SAM3_auto,brillo112,False,spot:16_spot_jpg,416,81cc9be4e8f93c390016a62a,spot_source,/content/drive/MyDrive/LeafData.v1i.yolov11_aug4_20261003_170034/train/images/16_spot_jpg.rf.a4d25904ce402ee935b23f89c7c648ef__aug4_brillo112.png,,,pending,missing,train/images/16_spot_jpg.rf.a4d25904ce402ee935b23f89c7c648ef.jpg,,train/images/16_spot_jpg.rf.a4d25904ce402ee935b23f89c7c648ef__aug4_brillo112.png,,6370dea75d735ecdd18562eaf5982e9c9552dc66fb8a8063ed632300abfc3413,spot,train,train,False,masks/spot/81cc9be4e8f93c390016a62a.png,pending,nonempty,416
SAM3_auto,contraste115,False,spot:16_spot_jpg,416,cb3a65972b6a65a8252b4395,spot_source,/content/drive/MyDrive/LeafData.v1i.yolov11_aug4_20261003_170034/train/images/16_spot_jpg.rf.a4d25904ce402ee935b23f89c7c648ef__aug4_contraste115.png,,,pending,missing,train/images/16_spot_jpg.rf.a4d25904ce402ee935b23f89c7c648ef.jpg,,train/images/16_spot_jpg.rf.a4d25904ce402ee935b23f89c7c648ef__aug4_contraste115.png,,0daa5a1ac98452c21c13ba3a1d366551c363fbaf8e365772111b79b009141dd3,spot,train,train,False,masks/spot/cb3a65972b6a65a8252b4395.png,pending,nonempty,416
SAM3_auto,hflip,False,spot:16_spot_jpg,416,99fb0ea8b13cba78561987e4,spot_source,/content/drive/MyDrive/LeafData.v1i.yolov11_aug4_20261003_170034/train/images/16_spot_jpg.rf.a4d25904ce402ee935b23f89c7c648ef__aug4_hflip.png,,,pending,missing,train/images/16_spot_jpg.rf.a4d25904ce402ee935b23f89c7c648ef.jpg,,train/images/16_spot_jpg.rf.a4d25904ce402ee935b23f89c7c648ef__aug4_hflip.png,,6527f7dfa6a9d8c50b1d7fca79a576b8ecca6749b66b206d17a90d854d064d74,spot,train,train,False,masks/spot/99fb0ea8b13cba78561987e4.png,pending,nonempty,416
SAM3_auto,vflip,False,spot:16_spot_jpg,416,96c99e8da19a964fdf366735,spot_source,/content/drive/MyDrive/LeafData.v1i.yolov11_aug4_20261003_170034/train/images/16_spot_jpg.rf.a4d25904ce402ee935b23f89c7c648ef__aug4_vflip.png,,,pending,missing,train/images/16_spot_jpg.rf.a4d25904ce402ee935b23f89c7c648ef.jpg,,train/images/16_spot_jpg.rf.a4d25904ce402ee935b23f89c7c648ef__aug4_vflip.png,,06cde869c61a5447582ccc5e8e116bf9a8971a39d0708304bfea444587da9932,spot,train,train,False,masks/spot/96c99e8da19a964fdf366735.png,pending,nonempty,416
SAM3_auto,original,True,spot:171_spot_jpg,416,18459f6f350973cb8607a9a1,spot_source,/content/drive/MyDrive/LeafData.v1i.yolov11_aug4_20261003_170034/train/images/171_spot_jpg.rf.0cd5689568f6ceb450738cb94121a5d2.jpg,,,pending,missing,train/images/171_spot_jpg.rf.0cd5689568f6ceb450738cb94121a5d2.jpg,,train/images/171_spot_jpg.rf.0cd5689568f6ceb450738cb94121a5d2.jpg,,2a692abde6656bb739e9e6aae41aa11011b4d9d05818e9eaf8a8c53b9da55b05,spot,train,train,False,masks/spot/18459f6f350973cb8607a9a1.png,pending,nonempty,416
SAM3_auto,brillo112,False,spot:171_spot_jpg,416,a51241fae5bce4d37e862883,spot_source,/content/drive/MyDrive/LeafData.v1i.yolov11_aug4_20261003_170034/train/images/171_spot_jpg.rf.0cd5689568f6ceb450738cb94121a5d2__aug4_brillo112.png,,,pending,missing,train/images/171_spot_jpg.rf.0cd5689568f6ceb450738cb94121a5d2.jpg,,train/images/171_spot_jpg.rf.0cd5689568f6ceb450738cb94121a5d2__aug4_brillo112.png,,6f4619ed9a37f4d075772d1716832cbbc502dbb22482a8f1e9174f4ae1a709ed,spot,train,train,False,masks/spot/a51241fae5bce4d37e862883.png,pending,nonempty,416
SAM3_auto,contraste115,False,spot:171_spot_jpg,416,109973f01379789950b34a6d,spot_source,/content/drive/MyDrive/LeafData.v1i.yolov11_aug4_20261003_170034/train/images/171_spot_jpg.rf.0cd5689568f6ceb450738cb94121a5d2__aug4_contraste115.png,,,pending,missing,train/images/171_spot_jpg.rf.0cd5689568f6ceb450738cb94121a5d2.jpg,,train/images/171_spot_jpg.rf.0cd5689568f6ceb450738cb94121a5d2__aug4_contraste115.png,,7041b3435dfa8c0bea89d2d27df897e328e9ec775ae586f6eec799bc629f7a21,spot,train,train,False,masks/spot/109973f01379789950b34a6d.png,pending,nonempty,416
SAM3_auto,hflip,False,spot:171_spot_jpg,416,3fd0c882c846c362aec0053a,spot_source,/content/drive/MyDrive/LeafData.v1i.yolov11_aug4_20261003_170034/train/images/171_spot_jpg.rf.0cd5689568f6ceb450738cb94121a5d2__aug4_hflip.png,,,pending,missing,train/images/171_spot_jpg.rf.0cd5689568f6ceb450738cb94121a5d2.jpg,,train/images/171_spot_jpg.rf.0cd5689568f6ceb450738cb94121a5d2__aug4_hflip.png,,7c43e5df7b5dbde77373022b9feee95bbce0e6fce9fc17895bea399a5bdbc2ad,spot,train,train,False,masks/spot/3fd0c882c846c362aec0053a.png,pending,nonempty,416
SAM3_auto,vflip,False,spot:171_spot_jpg,416,1426104d2f10086069c47a1f,spot_source,/content/drive/MyDrive/LeafData.v1i.yolov11_aug4_20261003_170034/train/images/171_spot_jpg.rf.0cd5689568f6ceb450738cb94121a5d2__aug4_vflip.png,,,pending,missing,train/images/171_spot_jpg.rf.0cd5689568f6ceb450738cb94121a5d2.jpg,,train/images/171_spot_jpg.rf.0cd5689568f6ceb450738cb94121a5d2__aug4_vflip.png,,8b1a6b5aba519e967949b0e8390e1f1f6ef2567c7db944ef53cc5186d74a2b9a,spot,train,train,False,masks/spot/1426104d2f10086069c47a1f.png,pending,nonempty,416
SAM3_auto,original,True,spot:171_spot_jpg,416,c2c4eb6c97a8babe3fdb1266,spot_source,/content/drive/MyDrive/LeafData.v1i.yolov11_aug4_20261003_170034/train/images/171_spot_jpg.rf.43152c4136792eae5e00cf0093a602b3.jpg,,,pending,missing,train/images/171_spot_jpg.rf.43152c4136792eae5e00cf0093a602b3.jpg,,train/images/171_spot_jpg.rf.43152c4136792eae5e00cf0093a602b3.jpg,,77526db4f96ea572a536c27ccf325944dbb152d43af4870b352f8f113164cf4d,spot,train,train,False,masks/spot/c2c4eb6c97a8babe3fdb1266.png,pending,nonempty,416
SAM3_auto,brillo112,False,spot:171_spot_jpg,416,07be0d4315b063180429295e,spot_source,/content/drive/MyDrive/LeafData.v1i.yolov11_aug4_20261003_170034/train/images/171_spot_jpg.rf.43152c4136792eae5e00cf0093a602b3__aug4_brillo112.png,,,pending,missing,train/images/171_spot_jpg.rf.43152c4136792eae5e00cf0093a602b3.jpg,,train/images/171_spot_jpg.rf.43152c4136792eae5e00cf0093a602b3__aug4_brillo112.png,,35f78e0b4e152f2520f20df76458f4c3a4223e0dcbb0c2a894264b40ec5fc481,spot,train,train,False,masks/spot/07be0d4315b063180429295e.png,pending,nonempty,416
SAM3_auto,contraste115,False,spot:171_spot_jpg,416,78299ec53cad964bba742d88,spot_source,/content/drive/MyDrive/LeafData.v1i.yolov11_aug4_20261003_170034/train/images/171_spot_jpg.rf.43152c4136792eae5e00cf0093a602b3__aug4_contraste115.png,,,pending,missing,train/images/171_spot_jpg.rf.43152c4136792eae5e00cf0093a602b3.jpg,,train/images/171_spot_jpg.rf.43152c4136792eae5e00cf0093a602b3__aug4_contraste115.png,,ba4040e8b20cc3842855546b1e2f0663d588d1086a6822df237f2f11ff3a5779,spot,train,train,False,masks/spot/78299ec53cad964bba742d88.png,pending,nonempty,416
SAM3_auto,hflip,False,spot:171_spot_jpg,416,0693eb1b7c6f18b7ef8e62e5,spot_source,/content/drive/MyDrive/LeafData.v1i.yolov11_aug4_20261003_170034/train/images/171_spot_jpg.rf.43152c4136792eae5e00cf0093a602b3__aug4_hflip.png,,,pending,missing,train/images/171_spot_jpg.rf.43152c4136792eae5e00cf0093a602b3.jpg,,train/images/171_spot_jpg.rf.43152c4136792eae5e00cf0093a602b3__aug4_hflip.png,,bdff0a2399c752e38fd8896426e3de3965b197542a0e744d3c3734b091332b0b,spot,train,train,False,masks/spot/0693eb1b7c6f18b7ef8e62e5.png,pending,nonempty,416
SAM3_auto,vflip,False,spot:171_spot_jpg,416,752f3aab90817136578cf2f5,spot_source,/content/drive/MyDrive/LeafData.v1i.yolov11_aug4_20261003_170034/train/images/171_spot_jpg.rf.43152c4136792eae5e00cf0093a602b3__aug4_vflip.png,,,pending,missing,train/images/171_spot_jpg.rf.43152c4136792eae5e00cf0093a602b3.jpg,,train/images/171_spot_jpg.rf.43152c4136792eae5e00cf0093a602b3__aug4_vflip.png,,ccedbf3e886872d11b2901ad82c21a51a8b0287d320d8da9e4d497e1652d8df4,spot,train,train,False,masks/spot/752f3aab90817136578cf2f5.png,pending,nonempty,416
SAM3_auto,original,True,spot:171_spot_jpg,416,01268f5d6f6ccd0ebbf3048a,spot_source,/content/drive/MyDrive/LeafData.v1i.yolov11_aug4_20261003_170034/train/images/171_spot_jpg.rf.4906858d5b2764c771df373015e03cea.jpg,,,pending,missing,train/images/171_spot_jpg.rf.4906858d5b2764c771df373015e03cea.jpg,,train/images/171_spot_jpg.rf.4906858d5b2764c771df373015e03cea.jpg,,5c7bc8ee7da50975b38f0cf944ce7c29d5c8487b4a3a99aca2ee781d7278c6d2,spot,train,train,False,masks/spot/01268f5d6f6ccd0ebbf3048a.png,pending,nonempty,416
SAM3_auto,brillo112,False,spot:171_spot_jpg,416,97a715f439b8d7a9bee43377,spot_source,/content/drive/MyDrive/LeafData.v1i.yolov11_aug4_20261003_170034/train/images/171_spot_jpg.rf.4906858d5b2764c771df373015e03cea__aug4_brillo112.png,,,pending,missing,train/images/171_spot_jpg.rf.4906858d5b2764c771df373015e03cea.jpg,,train/images/171_spot_jpg.rf.4906858d5b2764c771df373015e03cea__aug4_brillo112.png,,9ac6f4d098d61ac5193052622901b848b38785bd1dfc0981fa1292a9fd3f63c9,spot,train,train,False,masks/spot/97a715f439b8d7a9bee43377.png,pending,nonempty,416
SAM3_auto,contraste115,False,spot:171_spot_jpg,416,96fee63e9d3e1a7239fb49f1,spot_source,/content/drive/MyDrive/LeafData.v1i.yolov11_aug4_20261003_170034/train/images/171_spot_jpg.rf.4906858d5b2764c771df373015e03cea__aug4_contraste115.png,,,pending,missing,train/images/171_spot_jpg.rf.4906858d5b2764c771df373015e03cea.jpg,,train/images/171_spot_jpg.rf.4906858d5b2764c771df373015e03cea__aug4_contraste115.png,,8d0253fc8d783fdcf42b09a7c34f5fe6e2816df88173e0298d0817ec9d2b376e,spot,train,train,False,masks/spot/96fee63e9d3e1a7239fb49f1.png,pending,nonempty,416
SAM3_auto,hflip,False,spot:171_spot_jpg,416,d398ca6534e532b9d4da1c57,spot_source,/content/drive/MyDrive/LeafData.v1i.yolov11_aug4_20261003_170034/train/images/171_spot_jpg.rf.4906858d5b2764c771df373015e03cea__aug4_hflip.png,,,pending,missing,train/images/171_spot_jpg.rf.4906858d5b2764c771df373015e03cea.jpg,,train/images/171_spot_jpg.rf.4906858d5b2764c771df373015e03cea__aug4_hflip.png,,7cd89321d8529e96953fc9e714d271d4feff9905d52fe1ec9ae6f22ff402f3a2,spot,train,train,False,masks/spot/d398ca6534e532b9d4da1c57.png,pending,nonempty,416
SAM3_auto,vflip,False,spot:171_spot_jpg,416,28cba6e98e60c736bca8cd34,spot_source,/content/drive/MyDrive/LeafData.v1i.yolov11_aug4_20261003_170034/train/images/171_spot_jpg.rf.4906858d5b2764c771df373015e03cea__aug4_vflip.png,,,pending,missing,train/images/171_spot_jpg.rf.4906858d5b2764c771df373015e03cea.jpg,,train/images/171_spot_jpg.rf.4906858d5b2764c771df373015e03cea__aug4_vflip.png,,acd07af987be861bc134f8dbc8a08709bf3e47da00f0f4c3299c7a8369f8a584,spot,train,train,False,masks/spot/28cba6e98e60c736bca8cd34.png,pending,nonempty,416
SAM3_auto,original,True,spot:173_spot_jpg,416,21c9a1724ff19e819d0508bc,spot_source,/content/drive/MyDrive/LeafData.v1i.yolov11_aug4_20261003_170034/train/images/173_spot_jpg.rf.1082cbc0524f68b1b9e64183cb2ead2d.jpg,,,pending,missing,train/images/173_spot_jpg.rf.1082cbc0524f68b1b9e64183cb2ead2d.jpg,,train/images/173_spot_jpg.rf.1082cbc0524f68b1b9e64183cb2ead2d.jpg,,a4e7aca35bcb05d7d406f5c2d901b95ecfb9dfad6f97db7b00f00407994c0445,spot,train,train,False,masks/spot/21c9a1724ff19e819d0508bc.png,pending,nonempty,416
SAM3_auto,brillo112,False,spot:173_spot_jpg,416,df4bcf78c91ab043c30710db,spot_source,/content/drive/MyDrive/LeafData.v1i.yolov11_aug4_20261003_170034/train/images/173_spot_jpg.rf.1082cbc0524f68b1b9e64183cb2ead2d__aug4_brillo112.png,,,pending,missing,train/images/173_spot_jpg.rf.1082cbc0524f68b1b9e64183cb2ead2d.jpg,,train/images/173_spot_jpg.rf.1082cbc0524f68b1b9e64183cb2ead2d__aug4_brillo112.png,,681cf8c3f955a3451d839274bfc88f4fd84bdfe0a800f30bbb6b2488228f306d,spot,train,train,False,masks/spot/df4bcf78c91ab043c30710db.png,pending,nonempty,416
SAM3_auto,contraste115,False,spot:173_spot_jpg,416,cc1f1fd0c7407e980614bcf2,spot_source,/content/drive/MyDrive/LeafData.v1i.yolov11_aug4_20261003_170034/train/images/173_spot_jpg.rf.1082cbc0524f68b1b9e64183cb2ead2d__aug4_contraste115.png,,,pending,missing,train/images/173_spot_jpg.rf.1082cbc0524f68b1b9e64183cb2ead2d.jpg,,train/images/173_spot_jpg.rf.1082cbc0524f68b1b9e64183cb2ead2d__aug4_contraste115.png,,b3206c5ac5029463620bf3407c70ced2364aa827197ac30d8aa87bfc8ec36d8f,spot,train,train,False,masks/spot/cc1f1fd0c7407e980614bcf2.png,pending,nonempty,416
SAM3_auto,hflip,False,spot:173_spot_jpg,416,689bbe0dbd781d9142d14a84,spot_source,/content/drive/MyDrive/LeafData.v1i.yolov11_aug4_20261003_170034/train/images/173_spot_jpg.rf.1082cbc0524f68b1b9e64183cb2ead2d__aug4_hflip.png,,,pending,missing,train/images/173_spot_jpg.rf.1082cbc0524f68b1b9e64183cb2ead2d.jpg,,train/images/173_spot_jpg.rf.1082cbc0524f68b1b9e64183cb2ead2d__aug4_hflip.png,,a0db81576c293260d57bff37c03a3db5c8d3a3925533c4f475fdd79daaa134dd,spot,train,train,False,masks/spot/689bbe0dbd781d9142d14a84.png,pending,nonempty,416
SAM3_auto,vflip,False,spot:173_spot_jpg,416,0760dae6bcfaec75c8780e8c,spot_source,/content/drive/MyDrive/LeafData.v1i.yolov11_aug4_20261003_170034/train/images/173_spot_jpg.rf.1082cbc0524f68b1b9e64183cb2ead2d__aug4_vflip.png,,,pending,missing,train/images/173_spot_jpg.rf.1082cbc0524f68b1b9e64183cb2ead2d.jpg,,train/images/173_spot_jpg.rf.1082cbc0524f68b1b9e64183cb2ead2d__aug4_vflip.png,,d9a8c74c7a599de9f3d163ff050f566fb478734235005e9aa790a04471d10471,spot,train,train,False,masks/spot/0760dae6bcfaec75c8780e8c.png,pending,nonempty,416
SAM3_auto,original,True,spot:173_spot_jpg,416,4e995073d4d2d633ca1241b7,spot_source,/content/drive/MyDrive/LeafData.v1i.yolov11_aug4_20261003_170034/train/images/173_spot_jpg.rf.757a8b1379ba036f22f2b88eced452fc.jpg,,,pending,missing,train/images/173_spot_jpg.rf.757a8b1379ba036f22f2b88eced452fc.jpg,,train/images/173_spot_jpg.rf.757a8b1379ba036f22f2b88eced452fc.jpg,,5bfdf9fc732ad7f076da9e8e8550b73423b19e9c1abeef4751fc314d430240b9,spot,train,train,False,masks/spot/4e995073d4d2d633ca1241b7.png,pending,nonempty,416
SAM3_auto,brillo112,False,spot:173_spot_jpg,416,861c88de8fbf0c64b0135971,spot_source,/content/drive/MyDrive/LeafData.v1i.yolov11_aug4_20261003_170034/train/images/173_spot_jpg.rf.757a8b1379ba036f22f2b88eced452fc__aug4_brillo112.png,,,pending,missing,train/images/173_spot_jpg.rf.757a8b1379ba036f22f2b88eced452fc.jpg,,train/images/173_spot_jpg.rf.757a8b1379ba036f22f2b88eced452fc__aug4_brillo112.png,,e203f8a71f7f0163be333787f239fc3bf5c182e644bdca9ee1679d3fc7b41ab7,spot,train,train,False,masks/spot/861c88de8fbf0c64b0135971.png,pending,nonempty,416
SAM3_auto,contraste115,False,spot:173_spot_jpg,416,1e8b131bce71f38096229005,spot_source,/content/drive/MyDrive/LeafData.v1i.yolov11_aug4_20261003_170034/train/images/173_spot_jpg.rf.757a8b1379ba036f22f2b88eced452fc__aug4_contraste115.png,,,pending,missing,train/images/173_spot_jpg.rf.757a8b1379ba036f22f2b88eced452fc.jpg,,train/images/173_spot_jpg.rf.757a8b1379ba036f22f2b88eced452fc__aug4_contraste115.png,,3fbadaafbf3424af8bcd8daea3c6931dca5d9c1b837800699c7cfc1fb84d7e58,spot,train,train,False,masks/spot/1e8b131bce71f38096229005.png,pending,nonempty,416
SAM3_auto,hflip,False,spot:173_spot_jpg,416,7e75f1351b4ee1483f036d61,spot_source,/content/drive/MyDrive/LeafData.v1i.yolov11_aug4_20261003_170034/train/images/173_spot_jpg.rf.757a8b1379ba036f22f2b88eced452fc__aug4_hflip.png,,,pending,missing,train/images/173_spot_jpg.rf.757a8b1379ba036f22f2b88eced452fc.jpg,,train/images/173_spot_jpg.rf.757a8b1379ba036f22f2b88eced452fc__aug4_hflip.png,,c15057ab73c035646e80642009a38211923399c658420d58ab9906fb357dce4a,spot,train,train,False,masks/spot/7e75f1351b4ee1483f036d61.png,pending,nonempty,416
SAM3_auto,vflip,False,spot:173_spot_jpg,416,898b48db604bb58d95de8372,spot_source,/content/drive/MyDrive/LeafData.v1i.yolov11_aug4_20261003_170034/train/images/173_spot_jpg.rf.757a8b1379ba036f22f2b88eced452fc__aug4_vflip.png,,,pending,missing,train/images/173_spot_jpg.rf.757a8b1379ba036f22f2b88eced452fc.jpg,,train/images/173_spot_jpg.rf.757a8b1379ba036f22f2b88eced452fc__aug4_vflip.png,,ffd1299f75c60ff694886a40adcc8a75a76009620e8948b306ca642b947f751a,spot,train,train,False,masks/spot/898b48db604bb58d95de8372.png,pending,nonempty,416
SAM3_auto,original,True,spot:173_spot_jpg,416,ea0fd1da09c54a05ecac6677,spot_source,/content/drive/MyDrive/LeafData.v1i.yolov11_aug4_20261003_170034/train/images/173_spot_jpg.rf.7ab73bdd02e728efeaff9689805fdade.jpg,,,pending,missing,train/images/173_spot_jpg.rf.7ab73bdd02e728efeaff9689805fdade.jpg,,train/images/173_spot_jpg.rf.7ab73bdd02e728efeaff9689805fdade.jpg,,f1ea7e04adc57d14139da19d60e06fb22ebfa4a70bec6cce93f772e8e0561c91,spot,train,train,False,masks/spot/ea0fd1da09c54a05ecac6677.png,pending,nonempty,416
SAM3_auto,brillo112,False,spot:173_spot_jpg,416,b5fea333fab4c68b3c14fa61,spot_source,/content/drive/MyDrive/LeafData.v1i.yolov11_aug4_20261003_170034/train/images/173_spot_jpg.rf.7ab73bdd02e728efeaff9689805fdade__aug4_brillo112.png,,,pending,missing,train/images/173_spot_jpg.rf.7ab73bdd02e728efeaff9689805fdade.jpg,,train/images/173_spot_jpg.rf.7ab73bdd02e728efeaff9689805fdade__aug4_brillo112.png,,bc2d340feecfc7ba05207863d09588286d3ee332b806d62c5a441c7d79c0058c,spot,train,train,False,masks/spot/b5fea333fab4c68b3c14fa61.png,pending,nonempty,416
SAM3_auto,contraste115,False,spot:173_spot_jpg,416,43c3fd462507123596a5d76a,spot_source,/content/drive/MyDrive/LeafData.v1i.yolov11_aug4_20261003_170034/train/images/173_spot_jpg.rf.7ab73bdd02e728efeaff9689805fdade__aug4_contraste115.png,,,pending,missing,train/images/173_spot_jpg.rf.7ab73bdd02e728efeaff9689805fdade.jpg,,train/images/173_spot_jpg.rf.7ab73bdd02e728efeaff9689805fdade__aug4_contraste115.png,,c88c1fee461afec8aaf5087f7c27a2d495e9e700c0843acb23fa9ca52c73d3b8,spot,train,train,False,masks/spot/43c3fd462507123596a5d76a.png,pending,nonempty,416
SAM3_auto,hflip,False,spot:173_spot_jpg,416,6d2b30d579d0d97c75ddc302,spot_source,/content/drive/MyDrive/LeafData.v1i.yolov11_aug4_20261003_170034/train/images/173_spot_jpg.rf.7ab73bdd02e728efeaff9689805fdade__aug4_hflip.png,,,pending,missing,train/images/173_spot_jpg.rf.7ab73bdd02e728efeaff9689805fdade.jpg,,train/images/173_spot_jpg.rf.7ab73bdd02e728efeaff9689805fdade__aug4_hflip.png,,5a3e910a65530b62940ef3bd13a857cd06e3cd39187f67118df063c193d57594,spot,train,train,False,masks/spot/6d2b30d579d0d97c75ddc302.png,pending,nonempty,416
SAM3_auto,vflip,False,spot:173_spot_jpg,416,3abc5ac06c550939bbfb0a32,spot_source,/content/drive/MyDrive/LeafData.v1i.yolov11_aug4_20261003_170034/train/images/173_spot_jpg.rf.7ab73bdd02e728efeaff9689805fdade__aug4_vflip.png,,,pending,missing,train/images/173_spot_jpg.rf.7ab73bdd02e728efeaff9689805fdade.jpg,,train/images/173_spot_jpg.rf.7ab73bdd02e728efeaff9689805fdade__aug4_vflip.png,,4d474cefc667ccce6e5213e1ec1ef4fe79adf1d8428a1ad61915ef8a4e3b38df,spot,train,train,False,masks/spot/3abc5ac06c550939bbfb0a32.png,pending,nonempty,416
SAM3_auto,original,True,spot:174_spot_jpg,416,4cfc414b245008fb2e13499f,spot_source,/content/drive/MyDrive/LeafData.v1i.yolov11_aug4_20261003_170034/train/images/174_spot_jpg.rf.2206480c03ed42a5f34ed7676aa0f5ef.jpg,,,pending,missing,train/images/174_spot_jpg.rf.2206480c03ed42a5f34ed7676aa0f5ef.jpg,,train/images/174_spot_jpg.rf.2206480c03ed42a5f34ed7676aa0f5ef.jpg,,cd94654927255ae5521d23687a3a638b0edef54813fc9b19e04f5c28db54d9be,spot,train,train,False,masks/spot/4cfc414b245008fb2e13499f.png,pending,nonempty,416
SAM3_auto,brillo112,False,spot:174_spot_jpg,416,53aa66bc93eae621d06fd3e1,spot_source,/content/drive/MyDrive/LeafData.v1i.yolov11_aug4_20261003_170034/train/images/174_spot_jpg.rf.2206480c03ed42a5f34ed7676aa0f5ef__aug4_brillo112.png,,,pending,missing,train/images/174_spot_jpg.rf.2206480c03ed42a5f34ed7676aa0f5ef.jpg,,train/images/174_spot_jpg.rf.2206480c03ed42a5f34ed7676aa0f5ef__aug4_brillo112.png,,f75fb98bfc1f19c153a497c2a58403c5b695f39d53e93da73376e2e406fb49ce,spot,train,train,False,masks/spot/53aa66bc93eae621d06fd3e1.png,pending,nonempty,416
SAM3_auto,contraste115,False,spot:174_spot_jpg,416,e4d74fbe81f06ac9a1b22ef7,spot_source,/content/drive/MyDrive/LeafData.v1i.yolov11_aug4_20261003_170034/train/images/174_spot_jpg.rf.2206480c03ed42a5f34ed7676aa0f5ef__aug4_contraste115.png,,,pending,missing,train/images/174_spot_jpg.rf.2206480c03ed42a5f34ed7676aa0f5ef.jpg,,train/images/174_spot_jpg.rf.2206480c03ed42a5f34ed7676aa0f5ef__aug4_contraste115.png,,84965e356767e7bc691e328ca4f782245f71d68832316bf99d48916f8a60bb42,spot,train,train,False,masks/spot/e4d74fbe81f06ac9a1b22ef7.png,pending,nonempty,416
SAM3_auto,hflip,False,spot:174_spot_jpg,416,3dd7891a972596729b90d18e,spot_source,/content/drive/MyDrive/LeafData.v1i.yolov11_aug4_20261003_170034/train/images/174_spot_jpg.rf.2206480c03ed42a5f34ed7676aa0f5ef__aug4_hflip.png,,,pending,missing,train/images/174_spot_jpg.rf.2206480c03ed42a5f34ed7676aa0f5ef.jpg,,train/images/174_spot_jpg.rf.2206480c03ed42a5f34ed7676aa0f5ef__aug4_hflip.png,,8cd496e8f1ba2ce44d6b4bb3c8e3b85fe525049ab35a09909c062551323242a9,spot,train,train,False,masks/spot/3dd7891a972596729b90d18e.png,pending,nonempty,416
SAM3_auto,vflip,False,spot:174_spot_jpg,416,9fc5b61c40513750a3619915,spot_source,/content/drive/MyDrive/LeafData.v1i.yolov11_aug4_20261003_170034/train/images/174_spot_jpg.rf.2206480c03ed42a5f34ed7676aa0f5ef__aug4_vflip.png,,,pending,missing,train/images/174_spot_jpg.rf.2206480c03ed42a5f34ed7676aa0f5ef.jpg,,train/images/174_spot_jpg.rf.2206480c03ed42a5f34ed7676aa0f5ef__aug4_vflip.png,,33e27989bb038a170a78f1c47ceda4bc0904bda83db85f8cf7d116ec033dd20c,spot,train,train,False,masks/spot/9fc5b61c40513750a3619915.png,pending,nonempty,416
SAM3_auto,original,True,spot:174_spot_jpg,416,a1b95d06dbcb1950cadf06a8,spot_source,/content/drive/MyDrive/LeafData.v1i.yolov11_aug4_20261003_170034/train/images/174_spot_jpg.rf.95825b1c027e655e7eeb58f718bd9e41.jpg,,,pending,missing,train/images/174_spot_jpg.rf.95825b1c027e655e7eeb58f718bd9e41.jpg,,train/images/174_spot_jpg.rf.95825b1c027e655e7eeb58f718bd9e41.jpg,,44770c29ae910a98163cdbf984de6dc945899b4a2518a5243b186421d7c3d6d5,spot,train,train,False,masks/spot/a1b95d06dbcb1950cadf06a8.png,pending,nonempty,416
SAM3_auto,brillo112,False,spot:174_spot_jpg,416,75133274a227607dc47c4c42,spot_source,/content/drive/MyDrive/LeafData.v1i.yolov11_aug4_20261003_170034/train/images/174_spot_jpg.rf.95825b1c027e655e7eeb58f718bd9e41__aug4_brillo112.png,,,pending,missing,train/images/174_spot_jpg.rf.95825b1c027e655e7eeb58f718bd9e41.jpg,,train/images/174_spot_jpg.rf.95825b1c027e655e7eeb58f718bd9e41__aug4_brillo112.png,,eb4926fe8434a67c8dd63a89280300851563d35113ecfdcc96159859b12d45bc,spot,train,train,False,masks/spot/75133274a227607dc47c4c42.png,pending,nonempty,416
SAM3_auto,contraste115,False,spot:174_spot_jpg,416,1df8122597951d49c30db3cb,spot_source,/content/drive/MyDrive/LeafData.v1i.yolov11_aug4_20261003_170034/train/images/174_spot_jpg.rf.95825b1c027e655e7eeb58f718bd9e41__aug4_contraste115.png,,,pending,missing,train/images/174_spot_jpg.rf.95825b1c027e655e7eeb58f718bd9e41.jpg,,train/images/174_spot_jpg.rf.95825b1c027e655e7eeb58f718bd9e41__aug4_contraste115.png,,2dcbc9af0764e82a2c835bfc24397f69b32683f21b8f0de64108ca3750e4c0d3,spot,train,train,False,masks/spot/1df8122597951d49c30db3cb.png,pending,nonempty,416
SAM3_auto,hflip,False,spot:174_spot_jpg,416,c9501098a22fbeb34399f03a,spot_source,/content/drive/MyDrive/LeafData.v1i.yolov11_aug4_20261003_170034/train/images/174_spot_jpg.rf.95825b1c027e655e7eeb58f718bd9e41__aug4_hflip.png,,,pending,missing,train/images/174_spot_jpg.rf.95825b1c027e655e7eeb58f718bd9e41.jpg,,train/images/174_spot_jpg.rf.95825b1c027e655e7eeb58f718bd9e41__aug4_hflip.png,,374e23de371ed37dc836a97797220b9057b983b514abfdcda63da8026680d797,spot,train,train,False,masks/spot/c9501098a22fbeb34399f03a.png,pending,nonempty,416
SAM3_auto,vflip,False,spot:174_spot_jpg,416,aad07e99615d3980b0fd3dc3,spot_source,/content/drive/MyDrive/LeafData.v1i.yolov11_aug4_20261003_170034/train/images/174_spot_jpg.rf.95825b1c027e655e7eeb58f718bd9e41__aug4_vflip.png,,,pending,missing,train/images/174_spot_jpg.rf.95825b1c027e655e7eeb58f718bd9e41.jpg,,train/images/174_spot_jpg.rf.95825b1c027e655e7eeb58f718bd9e41__aug4_vflip.png,,b96cdc92f5848db4d7c2c20694cf2687dcfb67033d962455da705c2a0e619e23,spot,train,train,False,masks/spot/aad07e99615d3980b0fd3dc3.png,pending,nonempty,416
SAM3_auto,original,True,spot:174_spot_jpg,416,e535f0f3db9b851da2fe5e49,spot_source,/content/drive/MyDrive/LeafData.v1i.yolov11_aug4_20261003_170034/train/images/174_spot_jpg.rf.a24da48287161bd2d3de3bb94b663e5b.jpg,,,pending,missing,train/images/174_spot_jpg.rf.a24da48287161bd2d3de3bb94b663e5b.jpg,,train/images/174_spot_jpg.rf.a24da48287161bd2d3de3bb94b663e5b.jpg,,d138b3f6b34ee1ed91c3caef8f63b0ce68450a37f443c20ea4a37996271851d7,spot,train,train,False,masks/spot/e535f0f3db9b851da2fe5e49.png,pending,nonempty,416
SAM3_auto,brillo112,False,spot:174_spot_jpg,416,3e70d0bc2acf51fa475f326a,spot_source,/content/drive/MyDrive/LeafData.v1i.yolov11_aug4_20261003_170034/train/images/174_spot_jpg.rf.a24da48287161bd2d3de3bb94b663e5b__aug4_brillo112.png,,,pending,missing,train/images/174_spot_jpg.rf.a24da48287161bd2d3de3bb94b663e5b.jpg,,train/images/174_spot_jpg.rf.a24da48287161bd2d3de3bb94b663e5b__aug4_brillo112.png,,b3c950f358579dc56d53a9417badc9aed3b553937f1105252ece4eae3131c7d0,spot,train,train,False,masks/spot/3e70d0bc2acf51fa475f326a.png,pending,nonempty,416
SAM3_auto,contraste115,False,spot:174_spot_jpg,416,75f8d7b72b4fae92e82468ff,spot_source,/content/drive/MyDrive/LeafData.v1i.yolov11_aug4_20261003_170034/train/images/174_spot_jpg.rf.a24da48287161bd2d3de3bb94b663e5b__aug4_contraste115.png,,,pending,missing,train/images/174_spot_jpg.rf.a24da48287161bd2d3de3bb94b663e5b.jpg,,train/images/174_spot_jpg.rf.a24da48287161bd2d3de3bb94b663e5b__aug4_contraste115.png,,b07a26224215c12950cbb76e5d837d907362a5945041f2390d6cbe9b915800b3,spot,train,train,False,masks/spot/75f8d7b72b4fae92e82468ff.png,pending,nonempty,416
SAM3_auto,hflip,False,spot:174_spot_jpg,416,ec0dc3ed5d357ea235c2f4f4,spot_source,/content/drive/MyDrive/LeafData.v1i.yolov11_aug4_20261003_170034/train/images/174_spot_jpg.rf.a24da48287161bd2d3de3bb94b663e5b__aug4_hflip.png,,,pending,missing,train/images/174_spot_jpg.rf.a24da48287161bd2d3de3bb94b663e5b.jpg,,train/images/174_spot_jpg.rf.a24da48287161bd2d3de3bb94b663e5b__aug4_hflip.png,,9a6cdc036a76c5a72e342d2eee468e7f2df4c78f4eda201d5288663af1a96595,spot,train,train,False,masks/spot/ec0dc3ed5d357ea235c2f4f4.png,pending,nonempty,416
SAM3_auto,vflip,False,spot:174_spot_jpg,416,60654f9a0bc608fa1784bdb9,spot_source,/content/drive/MyDrive/LeafData.v1i.yolov11_aug4_20261003_170034/train/images/174_spot_jpg.rf.a24da48287161bd2d3de3bb94b663e5b__aug4_vflip.png,,,pending,missing,train/images/174_spot_jpg.rf.a24da48287161bd2d3de3bb94b663e5b.jpg,,train/images/174_spot_jpg.rf.a24da48287161bd2d3de3bb94b663e5b__aug4_vflip.png,,a2d73cb9f1f0f085155710767d8defad7b8a73fa404faa8b6fb8cad62c5c496f,spot,train,train,False,masks/spot/60654f9a0bc608fa1784bdb9.png,pending,nonempty,416
SAM3_auto,original,True,spot:176_spot_jpg,416,9ddab2c569c68caac02cc5f4,spot_source,/content/drive/MyDrive/LeafData.v1i.yolov11_aug4_20261003_170034/train/images/176_spot_jpg.rf.47bc88b7dc8bb51c486a27bea5669113.jpg,,,pending,missing,train/images/176_spot_jpg.rf.47bc88b7dc8bb51c486a27bea5669113.jpg,,train/images/176_spot_jpg.rf.47bc88b7dc8bb51c486a27bea5669113.jpg,,9b531fe5a1c1fa1e1fa7661686845f5c667cdee77cb6e2967789e7bf7d8c5732,spot,train,train,False,masks/spot/9ddab2c569c68caac02cc5f4.png,pending,nonempty,416
SAM3_auto,brillo112,False,spot:176_spot_jpg,416,f1fd90b5bc49d41c9bc6ce27,spot_source,/content/drive/MyDrive/LeafData.v1i.yolov11_aug4_20261003_170034/train/images/176_spot_jpg.rf.47bc88b7dc8bb51c486a27bea5669113__aug4_brillo112.png,,,pending,missing,train/images/176_spot_jpg.rf.47bc88b7dc8bb51c486a27bea5669113.jpg,,train/images/176_spot_jpg.rf.47bc88b7dc8bb51c486a27bea5669113__aug4_brillo112.png,,fb39d6fafd0b0622523e90ce3440047271b4304f373a4e8c1bfa383f2d13221e,spot,train,train,False,masks/spot/f1fd90b5bc49d41c9bc6ce27.png,pending,nonempty,416
SAM3_auto,contraste115,False,spot:176_spot_jpg,416,c4e9cf54be37fdfdd9063be5,spot_source,/content/drive/MyDrive/LeafData.v1i.yolov11_aug4_20261003_170034/train/images/176_spot_jpg.rf.47bc88b7dc8bb51c486a27bea5669113__aug4_contraste115.png,,,pending,missing,train/images/176_spot_jpg.rf.47bc88b7dc8bb51c486a27bea5669113.jpg,,train/images/176_spot_jpg.rf.47bc88b7dc8bb51c486a27bea5669113__aug4_contraste115.png,,42900b1feb327257b2269566e797020bbc1ade08aedaef530d97a901a4d28dfd,spot,train,train,False,masks/spot/c4e9cf54be37fdfdd9063be5.png,pending,nonempty,416
SAM3_auto,hflip,False,spot:176_spot_jpg,416,e7ac2b6307125b2eb3505d9a,spot_source,/content/drive/MyDrive/LeafData.v1i.yolov11_aug4_20261003_170034/train/images/176_spot_jpg.rf.47bc88b7dc8bb51c486a27bea5669113__aug4_hflip.png,,,pending,missing,train/images/176_spot_jpg.rf.47bc88b7dc8bb51c486a27bea5669113.jpg,,train/images/176_spot_jpg.rf.47bc88b7dc8bb51c486a27bea5669113__aug4_hflip.png,,b9f3c8c088f57c8200d706ee8f43d7dc6c50a3cfea0ecfc722bdee731bacd780,spot,train,train,False,masks/spot/e7ac2b6307125b2eb3505d9a.png,pending,nonempty,416
SAM3_auto,vflip,False,spot:176_spot_jpg,416,f7e9948208c8c0642e40ffad,spot_source,/content/drive/MyDrive/LeafData.v1i.yolov11_aug4_20261003_170034/train/images/176_spot_jpg.rf.47bc88b7dc8bb51c486a27bea5669113__aug4_vflip.png,,,pending,missing,train/images/176_spot_jpg.rf.47bc88b7dc8bb51c486a27bea5669113.jpg,,train/images/176_spot_jpg.rf.47bc88b7dc8bb51c486a27bea5669113__aug4_vflip.png,,6d02a82779a9a3da60754744ef20bfb3c91d6d4c7a8e254ce8bf06a79cda7e78,spot,train,train,False,masks/spot/f7e9948208c8c0642e40ffad.png,pending,nonempty,416
SAM3_auto,original,True,spot:176_spot_jpg,416,920db2c25c66fcd424995d94,spot_source,/content/drive/MyDrive/LeafData.v1i.yolov11_aug4_20261003_170034/train/images/176_spot_jpg.rf.71c66695bfa2b6e83519bc2eb2e0f822.jpg,,,pending,missing,train/images/176_spot_jpg.rf.71c66695bfa2b6e83519bc2eb2e0f822.jpg,,train/images/176_spot_jpg.rf.71c66695bfa2b6e83519bc2eb2e0f822.jpg,,fd337a84cecb1628412950eaa71ba6a1a810e7577035d45ea83f5707e3bda96b,spot,train,train,False,masks/spot/920db2c25c66fcd424995d94.png,pending,nonempty,416
SAM3_auto,brillo112,False,spot:176_spot_jpg,416,4efa23e9483bd2708c2dcf75,spot_source,/content/drive/MyDrive/LeafData.v1i.yolov11_aug4_20261003_170034/train/images/176_spot_jpg.rf.71c66695bfa2b6e83519bc2eb2e0f822__aug4_brillo112.png,,,pending,missing,train/images/176_spot_jpg.rf.71c66695bfa2b6e83519bc2eb2e0f822.jpg,,train/images/176_spot_jpg.rf.71c66695bfa2b6e83519bc2eb2e0f822__aug4_brillo112.png,,9d2692dabadfb0cc409c9ead86faff05bcc01a990e0599ba3fd1a42469526387,spot,train,train,False,masks/spot/4efa23e9483bd2708c2dcf75.png,pending,nonempty,416
SAM3_auto,contraste115,False,spot:176_spot_jpg,416,925b698380f3992cf4e7c8e2,spot_source,/content/drive/MyDrive/LeafData.v1i.yolov11_aug4_20261003_170034/train/images/176_spot_jpg.rf.71c66695bfa2b6e83519bc2eb2e0f822__aug4_contraste115.png,,,pending,missing,train/images/176_spot_jpg.rf.71c66695bfa2b6e83519bc2eb2e0f822.jpg,,train/images/176_spot_jpg.rf.71c66695bfa2b6e83519bc2eb2e0f822__aug4_contraste115.png,,f45199571960c50ca6ea20a9f7817b9d51d4d159d48f95b22c0c0d347c35d9bb,spot,train,train,False,masks/spot/925b698380f3992cf4e7c8e2.png,pending,nonempty,416
SAM3_auto,hflip,False,spot:176_spot_jpg,416,3dfa6dbeb5e13cb014bbd1e8,spot_source,/content/drive/MyDrive/LeafData.v1i.yolov11_aug4_20261003_170034/train/images/176_spot_jpg.rf.71c66695bfa2b6e83519bc2eb2e0f822__aug4_hflip.png,,,pending,missing,train/images/176_spot_jpg.rf.71c66695bfa2b6e83519bc2eb2e0f822.jpg,,train/images/176_spot_jpg.rf.71c66695bfa2b6e83519bc2eb2e0f822__aug4_hflip.png,,e318b3ef7a3c7cb3c1170621111d368c30015e1e2ea7a2c14d09da37712b6e9f,spot,train,train,False,masks/spot/3dfa6dbeb5e13cb014bbd1e8.png,pending,nonempty,416
SAM3_auto,vflip,False,spot:176_spot_jpg,416,ed311475e17f5fc98ecc26b2,spot_source,/content/drive/MyDrive/LeafData.v1i.yolov11_aug4_20261003_170034/train/images/176_spot_jpg.rf.71c66695bfa2b6e83519bc2eb2e0f822__aug4_vflip.png,,,pending,missing,train/images/176_spot_jpg.rf.71c66695bfa2b6e83519bc2eb2e0f822.jpg,,train/images/176_spot_jpg.rf.71c66695bfa2b6e83519bc2eb2e0f822__aug4_vflip.png,,3b2ee5eaab3cccd3508554be9ed7b6926743d1983525b6103d6b7e5cfa4287c6,spot,train,train,False,masks/spot/ed311475e17f5fc98ecc26b2.png,pending,nonempty,416
SAM3_auto,original,True,spot:176_spot_jpg,416,7614de29e05fc5e56ffda213,spot_source,/content/drive/MyDrive/LeafData.v1i.yolov11_aug4_20261003_170034/train/images/176_spot_jpg.rf.d6edd373e742d0fdca296be2624343b2.jpg,,,pending,missing,train/images/176_spot_jpg.rf.d6edd373e742d0fdca296be2624343b2.jpg,,train/images/176_spot_jpg.rf.d6edd373e742d0fdca296be2624343b2.jpg,,e777089440da47c796368122548e46d4143bd1c36b80f19dfc45c70e76bf45a1,spot,train,train,False,masks/spot/7614de29e05fc5e56ffda213.png,pending,nonempty,416
SAM3_auto,brillo112,False,spot:176_spot_jpg,416,d9c8fd5af1362472f1b117e0,spot_source,/content/drive/MyDrive/LeafData.v1i.yolov11_aug4_20261003_170034/train/images/176_spot_jpg.rf.d6edd373e742d0fdca296be2624343b2__aug4_brillo112.png,,,pending,missing,train/images/176_spot_jpg.rf.d6edd373e742d0fdca296be2624343b2.jpg,,train/images/176_spot_jpg.rf.d6edd373e742d0fdca296be2624343b2__aug4_brillo112.png,,f118f025c27ba4546f4f9e89f22e4519558dd5310604c5e5d3ecd996e0d818ee,spot,train,train,False,masks/spot/d9c8fd5af1362472f1b117e0.png,pending,nonempty,416
SAM3_auto,contraste115,False,spot:176_spot_jpg,416,d3392114669173528ec928d6,spot_source,/content/drive/MyDrive/LeafData.v1i.yolov11_aug4_20261003_170034/train/images/176_spot_jpg.rf.d6edd373e742d0fdca296be2624343b2__aug4_contraste115.png,,,pending,missing,train/images/176_spot_jpg.rf.d6edd373e742d0fdca296be2624343b2.jpg,,train/images/176_spot_jpg.rf.d6edd373e742d0fdca296be2624343b2__aug4_contraste115.png,,1b610d53197f1e9cb37a3d869336027b19a8e4eb9d251047c7dd1a02bf3c8a4d,spot,train,train,False,masks/spot/d3392114669173528ec928d6.png,pending,nonempty,416
SAM3_auto,hflip,False,spot:176_spot_jpg,416,e2e13b3ce95da72d132d2be3,spot_source,/content/drive/MyDrive/LeafData.v1i.yolov11_aug4_20261003_170034/train/images/176_spot_jpg.rf.d6edd373e742d0fdca296be2624343b2__aug4_hflip.png,,,pending,missing,train/images/176_spot_jpg.rf.d6edd373e742d0fdca296be2624343b2.jpg,,train/images/176_spot_jpg.rf.d6edd373e742d0fdca296be2624343b2__aug4_hflip.png,,28822ba88d422408cf2540bcca0b92712f5b574d91948fe5457caeedbdd4da99,spot,train,train,False,masks/spot/e2e13b3ce95da72d132d2be3.png,pending,nonempty,416
SAM3_auto,vflip,False,spot:176_spot_jpg,416,7f1749fa97defdf6fad4b8d5,spot_source,/content/drive/MyDrive/LeafData.v1i.yolov11_aug4_20261003_170034/train/images/176_spot_jpg.rf.d6edd373e742d0fdca296be2624343b2__aug4_vflip.png,,,pending,missing,train/images/176_spot_jpg.rf.d6edd373e742d0fdca296be2624343b2.jpg,,train/images/176_spot_jpg.rf.d6edd373e742d0fdca296be2624343b2__aug4_vflip.png,,5150dbd2957f0e9aff683bb18cde7fc1b3a03010580686a4cec1862d63759eb5,spot,train,train,False,masks/spot/7f1749fa97defdf6fad4b8d5.png,pending,nonempty,416
SAM3_auto,original,True,spot:177_spot_jpg,416,f1225c31b972f64e35b59b20,spot_source,/content/drive/MyDrive/LeafData.v1i.yolov11_aug4_20261003_170034/train/images/177_spot_jpg.rf.30622939bab3806c56a82813ee72ae03.jpg,,,pending,missing,train/images/177_spot_jpg.rf.30622939bab3806c56a82813ee72ae03.jpg,,train/images/177_spot_jpg.rf.30622939bab3806c56a82813ee72ae03.jpg,,b3f113990de18ab0b11377e2eeda58af3c5034da0d463013db3fe1688931263a,spot,train,train,False,masks/spot/f1225c31b972f64e35b59b20.png,pending,nonempty,416
SAM3_auto,brillo112,False,spot:177_spot_jpg,416,8876aa36c369ae59ec74aba1,spot_source,/content/drive/MyDrive/LeafData.v1i.yolov11_aug4_20261003_170034/train/images/177_spot_jpg.rf.30622939bab3806c56a82813ee72ae03__aug4_brillo112.png,,,pending,missing,train/images/177_spot_jpg.rf.30622939bab3806c56a82813ee72ae03.jpg,,train/images/177_spot_jpg.rf.30622939bab3806c56a82813ee72ae03__aug4_brillo112.png,,ebc3835ae91ca8ded9dcdb038c6e6a990008949dd077429dcf9e3fe4edacfaf3,spot,train,train,False,masks/spot/8876aa36c369ae59ec74aba1.png,pending,nonempty,416
SAM3_auto,contraste115,False,spot:177_spot_jpg,416,b7f94da5cf357740c3e01af8,spot_source,/content/drive/MyDrive/LeafData.v1i.yolov11_aug4_20261003_170034/train/images/177_spot_jpg.rf.30622939bab3806c56a82813ee72ae03__aug4_contraste115.png,,,pending,missing,train/images/177_spot_jpg.rf.30622939bab3806c56a82813ee72ae03.jpg,,train/images/177_spot_jpg.rf.30622939bab3806c56a82813ee72ae03__aug4_contraste115.png,,ac09eab7f0318bf3ea6ea8514e37266e77e0c6f88f027207f93a3af945089827,spot,train,train,False,masks/spot/b7f94da5cf357740c3e01af8.png,pending,nonempty,416
SAM3_auto,hflip,False,spot:177_spot_jpg,416,03f9b2100a904b40835b76b8,spot_source,/content/drive/MyDrive/LeafData.v1i.yolov11_aug4_20261003_170034/train/images/177_spot_jpg.rf.30622939bab3806c56a82813ee72ae03__aug4_hflip.png,,,pending,missing,train/images/177_spot_jpg.rf.30622939bab3806c56a82813ee72ae03.jpg,,train/images/177_spot_jpg.rf.30622939bab3806c56a82813ee72ae03__aug4_hflip.png,,7e26f3069fa36cda6e7d09f65433909e3b5e00bec0b409c1bc6633796c8b42be,spot,train,train,False,masks/spot/03f9b2100a904b40835b76b8.png,pending,nonempty,416
SAM3_auto,vflip,False,spot:177_spot_jpg,416,19197c0cf0537293e285305b,spot_source,/content/drive/MyDrive/LeafData.v1i.yolov11_aug4_20261003_170034/train/images/177_spot_jpg.rf.30622939bab3806c56a82813ee72ae03__aug4_vflip.png,,,pending,missing,train/images/177_spot_jpg.rf.30622939bab3806c56a82813ee72ae03.jpg,,train/images/177_spot_jpg.rf.30622939bab3806c56a82813ee72ae03__aug4_vflip.png,,f5c8dcbf50784e477281df6f4d17e4ab6eabba3152bb82abb20e71f746aa7a5b,spot,train,train,False,masks/spot/19197c0cf0537293e285305b.png,pending,nonempty,416
SAM3_auto,original,True,spot:177_spot_jpg,416,4e5ebca8ac87a0e1d64c4bd1,spot_source,/content/drive/MyDrive/LeafData.v1i.yolov11_aug4_20261003_170034/train/images/177_spot_jpg.rf.944c390a91381c0ce0009c0f7e96625a.jpg,,,pending,missing,train/images/177_spot_jpg.rf.944c390a91381c0ce0009c0f7e96625a.jpg,,train/images/177_spot_jpg.rf.944c390a91381c0ce0009c0f7e96625a.jpg,,899036d2f01e0e132df0cd79ffbb616b24c3419c6f3ceb8e3bc9e427e9f071ef,spot,train,train,False,masks/spot/4e5ebca8ac87a0e1d64c4bd1.png,pending,nonempty,416
SAM3_auto,brillo112,False,spot:177_spot_jpg,416,d657e44a643105ce36fdf07e,spot_source,/content/drive/MyDrive/LeafData.v1i.yolov11_aug4_20261003_170034/train/images/177_spot_jpg.rf.944c390a91381c0ce0009c0f7e96625a__aug4_brillo112.png,,,pending,missing,train/images/177_spot_jpg.rf.944c390a91381c0ce0009c0f7e96625a.jpg,,train/images/177_spot_jpg.rf.944c390a91381c0ce0009c0f7e96625a__aug4_brillo112.png,,ea65c326a5f0b5e2f4b5220c2d4959ad9a0191564120e6818a050455637b4487,spot,train,train,False,masks/spot/d657e44a643105ce36fdf07e.png,pending,nonempty,416
SAM3_auto,contraste115,False,spot:177_spot_jpg,416,a97855656cbf36f6c3231d2e,spot_source,/content/drive/MyDrive/LeafData.v1i.yolov11_aug4_20261003_170034/train/images/177_spot_jpg.rf.944c390a91381c0ce0009c0f7e96625a__aug4_contraste115.png,,,pending,missing,train/images/177_spot_jpg.rf.944c390a91381c0ce0009c0f7e96625a.jpg,,train/images/177_spot_jpg.rf.944c390a91381c0ce0009c0f7e96625a__aug4_contraste115.png,,3222dff3b96d8318319a653424b1c8d70cd8d60cdd51110dc6cd534d4c77c7ba,spot,train,train,False,masks/spot/a97855656cbf36f6c3231d2e.png,pending,nonempty,416
SAM3_auto,hflip,False,spot:177_spot_jpg,416,e1254a1ca0bcbefd913fa983,spot_source,/content/drive/MyDrive/LeafData.v1i.yolov11_aug4_20261003_170034/train/images/177_spot_jpg.rf.944c390a91381c0ce0009c0f7e96625a__aug4_hflip.png,,,pending,missing,train/images/177_spot_jpg.rf.944c390a91381c0ce0009c0f7e96625a.jpg,,train/images/177_spot_jpg.rf.944c390a91381c0ce0009c0f7e96625a__aug4_hflip.png,,e427697578e9933c262045d8c3c107d2a309236250e9bd016214a61023aeafa7,spot,train,train,False,masks/spot/e1254a1ca0bcbefd913fa983.png,pending,nonempty,416
SAM3_auto,vflip,False,spot:177_spot_jpg,416,c2e7bfa11e0b26c27650922e,spot_source,/content/drive/MyDrive/LeafData.v1i.yolov11_aug4_20261003_170034/train/images/177_spot_jpg.rf.944c390a91381c0ce0009c0f7e96625a__aug4_vflip.png,,,pending,missing,train/images/177_spot_jpg.rf.944c390a91381c0ce0009c0f7e96625a.jpg,,train/images/177_spot_jpg.rf.944c390a91381c0ce0009c0f7e96625a__aug4_vflip.png,,9520c8d1f73a07dd739d1bb386f92431ef44f47d82fc6a8b72b774cb428c59c9,spot,train,train,False,masks/spot/c2e7bfa11e0b26c27650922e.png,pending,nonempty,416
SAM3_auto,original,True,spot:177_spot_jpg,416,eeb9bc936dbcf624821abe60,spot_source,/content/drive/MyDrive/LeafData.v1i.yolov11_aug4_20261003_170034/train/images/177_spot_jpg.rf.e3248feb254b94b53071a7aebb56eb6c.jpg,,,pending,missing,train/images/177_spot_jpg.rf.e3248feb254b94b53071a7aebb56eb6c.jpg,,train/images/177_spot_jpg.rf.e3248feb254b94b53071a7aebb56eb6c.jpg,,2289bb75b964782e70486818841c1a882e2417a1d21b425e6abfd8b61b45c298,spot,train,train,False,masks/spot/eeb9bc936dbcf624821abe60.png,pending,nonempty,416
SAM3_auto,brillo112,False,spot:177_spot_jpg,416,6174c303075d638d42672f6e,spot_source,/content/drive/MyDrive/LeafData.v1i.yolov11_aug4_20261003_170034/train/images/177_spot_jpg.rf.e3248feb254b94b53071a7aebb56eb6c__aug4_brillo112.png,,,pending,missing,train/images/177_spot_jpg.rf.e3248feb254b94b53071a7aebb56eb6c.jpg,,train/images/177_spot_jpg.rf.e3248feb254b94b53071a7aebb56eb6c__aug4_brillo112.png,,b3bde2a8ad74ec09156c78926db42eaa799de36f8630e6234c0f9738c613ee4f,spot,train,train,False,masks/spot/6174c303075d638d42672f6e.png,pending,nonempty,416
SAM3_auto,contraste115,False,spot:177_spot_jpg,416,4f5420549826eebebeb5a5d3,spot_source,/content/drive/MyDrive/LeafData.v1i.yolov11_aug4_20261003_170034/train/images/177_spot_jpg.rf.e3248feb254b94b53071a7aebb56eb6c__aug4_contraste115.png,,,pending,missing,train/images/177_spot_jpg.rf.e3248feb254b94b53071a7aebb56eb6c.jpg,,train/images/177_spot_jpg.rf.e3248feb254b94b53071a7aebb56eb6c__aug4_contraste115.png,,22e40c1b326ab32511d2e26c1ebdbf2d47bb697c61bf6e1b156ebe85db28181a,spot,train,train,False,masks/spot/4f5420549826eebebeb5a5d3.png,pending,nonempty,416
SAM3_auto,hflip,False,spot:177_spot_jpg,416,4fcc9964e322e4d72c8c5487,spot_source,/content/drive/MyDrive/LeafData.v1i.yolov11_aug4_20261003_170034/train/images/177_spot_jpg.rf.e3248feb254b94b53071a7aebb56eb6c__aug4_hflip.png,,,pending,missing,train/images/177_spot_jpg.rf.e3248feb254b94b53071a7aebb56eb6c.jpg,,train/images/177_spot_jpg.rf.e3248feb254b94b53071a7aebb56eb6c__aug4_hflip.png,,c1cce73dacd28ad090faaf21d99282e256a8de6544fdfda4b9debbb3bf08dcd0,spot,train,train,False,masks/spot/4fcc9964e322e4d72c8c5487.png,pending,nonempty,416
SAM3_auto,vflip,False,spot:177_spot_jpg,416,3357f7edb4f6323f82da2f73,spot_source,/content/drive/MyDrive/LeafData.v1i.yolov11_aug4_20261003_170034/train/images/177_spot_jpg.rf.e3248feb254b94b53071a7aebb56eb6c__aug4_vflip.png,,,pending,missing,train/images/177_spot_jpg.rf.e3248feb254b94b53071a7aebb56eb6c.jpg,,train/images/177_spot_jpg.rf.e3248feb254b94b53071a7aebb56eb6c__aug4_vflip.png,,57523e299b052ff89629ae95c0539b7ff0068b8eb8ffa223baa3d7b58fd80565,spot,train,train,False,masks/spot/3357f7edb4f6323f82da2f73.png,pending,nonempty,416
SAM3_auto,original,True,spot:179_spot_jpg,416,d505b2ea438182a7c388df98,spot_source,/content/drive/MyDrive/LeafData.v1i.yolov11_aug4_20261003_170034/train/images/179_spot_jpg.rf.649eeea3f5b95dc9b124498fb4dd45f7.jpg,,,pending,missing,train/images/179_spot_jpg.rf.649eeea3f5b95dc9b124498fb4dd45f7.jpg,,train/images/179_spot_jpg.rf.649eeea3f5b95dc9b124498fb4dd45f7.jpg,,15d803553afec2722e7a307401321ea670a4a6abfb7518c25e8937d74881ddb6,spot,train,train,False,masks/spot/d505b2ea438182a7c388df98.png,pending,nonempty,416
SAM3_auto,brillo112,False,spot:179_spot_jpg,416,fd45b20812fb0246a1bc912d,spot_source,/content/drive/MyDrive/LeafData.v1i.yolov11_aug4_20261003_170034/train/images/179_spot_jpg.rf.649eeea3f5b95dc9b124498fb4dd45f7__aug4_brillo112.png,,,pending,missing,train/images/179_spot_jpg.rf.649eeea3f5b95dc9b124498fb4dd45f7.jpg,,train/images/179_spot_jpg.rf.649eeea3f5b95dc9b124498fb4dd45f7__aug4_brillo112.png,,a4b8b29009a1008f9a21633821af670b0216ba350085fa7ac4de6e9ccb59d5e1,spot,train,train,False,masks/spot/fd45b20812fb0246a1bc912d.png,pending,nonempty,416
SAM3_auto,contraste115,False,spot:179_spot_jpg,416,03de0ea05bf7b797a40819e4,spot_source,/content/drive/MyDrive/LeafData.v1i.yolov11_aug4_20261003_170034/train/images/179_spot_jpg.rf.649eeea3f5b95dc9b124498fb4dd45f7__aug4_contraste115.png,,,pending,missing,train/images/179_spot_jpg.rf.649eeea3f5b95dc9b124498fb4dd45f7.jpg,,train/images/179_spot_jpg.rf.649eeea3f5b95dc9b124498fb4dd45f7__aug4_contraste115.png,,28bd4b33024c43bff4b0f04dd722321a50224dd76f5a8af8e57ce55442213d9d,spot,train,train,False,masks/spot/03de0ea05bf7b797a40819e4.png,pending,nonempty,416
SAM3_auto,hflip,False,spot:179_spot_jpg,416,9dca90c40a642003adadc05b,spot_source,/content/drive/MyDrive/LeafData.v1i.yolov11_aug4_20261003_170034/train/images/179_spot_jpg.rf.649eeea3f5b95dc9b124498fb4dd45f7__aug4_hflip.png,,,pending,missing,train/images/179_spot_jpg.rf.649eeea3f5b95dc9b124498fb4dd45f7.jpg,,train/images/179_spot_jpg.rf.649eeea3f5b95dc9b124498fb4dd45f7__aug4_hflip.png,,033595addd64cd0c3e17a371c97b2412bd2e7ae1073815b925a40ced5bf35e1d,spot,train,train,False,masks/spot/9dca90c40a642003adadc05b.png,pending,nonempty,416
SAM3_auto,vflip,False,spot:179_spot_jpg,416,d98ec4e6e542ee993154f8e7,spot_source,/content/drive/MyDrive/LeafData.v1i.yolov11_aug4_20261003_170034/train/images/179_spot_jpg.rf.649eeea3f5b95dc9b124498fb4dd45f7__aug4_vflip.png,,,pending,missing,train/images/179_spot_jpg.rf.649eeea3f5b95dc9b124498fb4dd45f7.jpg,,train/images/179_spot_jpg.rf.649eeea3f5b95dc9b124498fb4dd45f7__aug4_vflip.png,,9eb4bfa162072aa7821c887c30dfb30bf6096ec232df1e65a48a138889a2581f,spot,train,train,False,masks/spot/d98ec4e6e542ee993154f8e7.png,pending,nonempty,416
SAM3_auto,original,True,spot:179_spot_jpg,416,e8bd70aa00ea051d1710d232,spot_source,/content/drive/MyDrive/LeafData.v1i.yolov11_aug4_20261003_170034/train/images/179_spot_jpg.rf.6b812fddc44c37461ff29b4129e5d99e.jpg,,,pending,missing,train/images/179_spot_jpg.rf.6b812fddc44c37461ff29b4129e5d99e.jpg,,train/images/179_spot_jpg.rf.6b812fddc44c37461ff29b4129e5d99e.jpg,,466f97087d07f6c727c3bef769c8128304105e090bf1300b37932f7b0dfb7f4f,spot,train,train,False,masks/spot/e8bd70aa00ea051d1710d232.png,pending,nonempty,416
SAM3_auto,brillo112,False,spot:179_spot_jpg,416,f52c56ee1e4bb3de39edf47f,spot_source,/content/drive/MyDrive/LeafData.v1i.yolov11_aug4_20261003_170034/train/images/179_spot_jpg.rf.6b812fddc44c37461ff29b4129e5d99e__aug4_brillo112.png,,,pending,missing,train/images/179_spot_jpg.rf.6b812fddc44c37461ff29b4129e5d99e.jpg,,train/images/179_spot_jpg.rf.6b812fddc44c37461ff29b4129e5d99e__aug4_brillo112.png,,5ab75c538b7e7e09ea0a4a818ac79476661073c3c3dffc034184f035fd6e8327,spot,train,train,False,masks/spot/f52c56ee1e4bb3de39edf47f.png,pending,nonempty,416
SAM3_auto,contraste115,False,spot:179_spot_jpg,416,5ffcac7bddaf508b024c8f5c,spot_source,/content/drive/MyDrive/LeafData.v1i.yolov11_aug4_20261003_170034/train/images/179_spot_jpg.rf.6b812fddc44c37461ff29b4129e5d99e__aug4_contraste115.png,,,pending,missing,train/images/179_spot_jpg.rf.6b812fddc44c37461ff29b4129e5d99e.jpg,,train/images/179_spot_jpg.rf.6b812fddc44c37461ff29b4129e5d99e__aug4_contraste115.png,,0692b209961a1e70b4f0fe08595b39d7a99f58f3506d6efa99608a93425b4071,spot,train,train,False,masks/spot/5ffcac7bddaf508b024c8f5c.png,pending,nonempty,416
SAM3_auto,hflip,False,spot:179_spot_jpg,416,e7b2c1c656bc04dd4e183913,spot_source,/content/drive/MyDrive/LeafData.v1i.yolov11_aug4_20261003_170034/train/images/179_spot_jpg.rf.6b812fddc44c37461ff29b4129e5d99e__aug4_hflip.png,,,pending,missing,train/images/179_spot_jpg.rf.6b812fddc44c37461ff29b4129e5d99e.jpg,,train/images/179_spot_jpg.rf.6b812fddc44c37461ff29b4129e5d99e__aug4_hflip.png,,8bc2cf52e8215dae9f0e71ebc36e6a25b5a1dab2eceb5102e68502d32c8255c2,spot,train,train,False,masks/spot/e7b2c1c656bc04dd4e183913.png,pending,nonempty,416
SAM3_auto,vflip,False,spot:179_spot_jpg,416,d4d20fe34e7e4e3520536bc1,spot_source,/content/drive/MyDrive/LeafData.v1i.yolov11_aug4_20261003_170034/train/images/179_spot_jpg.rf.6b812fddc44c37461ff29b4129e5d99e__aug4_vflip.png,,,pending,missing,train/images/179_spot_jpg.rf.6b812fddc44c37461ff29b4129e5d99e.jpg,,train/images/179_spot_jpg.rf.6b812fddc44c37461ff29b4129e5d99e__aug4_vflip.png,,dfc3d32eb2ba54ee11c57ac2f77804e8060ef7b53bdadabb5562a53e313831e8,spot,train,train,False,masks/spot/d4d20fe34e7e4e3520536bc1.png,pending,nonempty,416
SAM3_auto,original,True,spot:179_spot_jpg,416,cf0bf8e10222ec891161b85b,spot_source,/content/drive/MyDrive/LeafData.v1i.yolov11_aug4_20261003_170034/train/images/179_spot_jpg.rf.7f3983ec8da10b533ff0b8b81583e2a2.jpg,,,pending,missing,train/images/179_spot_jpg.rf.7f3983ec8da10b533ff0b8b81583e2a2.jpg,,train/images/179_spot_jpg.rf.7f3983ec8da10b533ff0b8b81583e2a2.jpg,,b97d33ed24929d7c71395753b13e0716ab9f22fcaa31e2b8e322400867686ee9,spot,train,train,False,masks/spot/cf0bf8e10222ec891161b85b.png,pending,nonempty,416
SAM3_auto,brillo112,False,spot:179_spot_jpg,416,3cc4d1be6210b52b4c1986f7,spot_source,/content/drive/MyDrive/LeafData.v1i.yolov11_aug4_20261003_170034/train/images/179_spot_jpg.rf.7f3983ec8da10b533ff0b8b81583e2a2__aug4_brillo112.png,,,pending,missing,train/images/179_spot_jpg.rf.7f3983ec8da10b533ff0b8b81583e2a2.jpg,,train/images/179_spot_jpg.rf.7f3983ec8da10b533ff0b8b81583e2a2__aug4_brillo112.png,,611915366fb9da21c5f94f6cd6b62f9b89d94820763267af77eb5e7f9ca51a97,spot,train,train,False,masks/spot/3cc4d1be6210b52b4c1986f7.png,pending,nonempty,416
SAM3_auto,contraste115,False,spot:179_spot_jpg,416,e68194bbe45ec7fb2f9d4eb0,spot_source,/content/drive/MyDrive/LeafData.v1i.yolov11_aug4_20261003_170034/train/images/179_spot_jpg.rf.7f3983ec8da10b533ff0b8b81583e2a2__aug4_contraste115.png,,,pending,missing,train/images/179_spot_jpg.rf.7f3983ec8da10b533ff0b8b81583e2a2.jpg,,train/images/179_spot_jpg.rf.7f3983ec8da10b533ff0b8b81583e2a2__aug4_contraste115.png,,ac12ec64421ffa393751ee78c0a59ed6834a7665d11b451cd2778bf0d838f772,spot,train,train,False,masks/spot/e68194bbe45ec7fb2f9d4eb0.png,pending,nonempty,416
SAM3_auto,hflip,False,spot:179_spot_jpg,416,3e67e96da0fc5ffe2b8e68ae,spot_source,/content/drive/MyDrive/LeafData.v1i.yolov11_aug4_20261003_170034/train/images/179_spot_jpg.rf.7f3983ec8da10b533ff0b8b81583e2a2__aug4_hflip.png,,,pending,missing,train/images/179_spot_jpg.rf.7f3983ec8da10b533ff0b8b81583e2a2.jpg,,train/images/179_spot_jpg.rf.7f3983ec8da10b533ff0b8b81583e2a2__aug4_hflip.png,,1a53a6d271e08a26617e1fd4954735306941f3d3a2864f0526fcbdfaa6a54ce4,spot,train,train,False,masks/spot/3e67e96da0fc5ffe2b8e68ae.png,pending,nonempty,416
SAM3_auto,vflip,False,spot:179_spot_jpg,416,e5c80a37ce37b1f4556dc91b,spot_source,/content/drive/MyDrive/LeafData.v1i.yolov11_aug4_20261003_170034/train/images/179_spot_jpg.rf.7f3983ec8da10b533ff0b8b81583e2a2__aug4_vflip.png,,,pending,missing,train/images/179_spot_jpg.rf.7f3983ec8da10b533ff0b8b81583e2a2.jpg,,train/images/179_spot_jpg.rf.7f3983ec8da10b533ff0b8b81583e2a2__aug4_vflip.png,,c7e0367065db142ff4e89ae1c2979770ee39fd0dffde00147ec77a961d75f56b,spot,train,train,False,masks/spot/e5c80a37ce37b1f4556dc91b.png,pending,nonempty,416
SAM3_auto,original,True,spot:17_spot_jpg,416,786535179f7dc46f2dabb7d3,spot_source,/content/drive/MyDrive/LeafData.v1i.yolov11_aug4_20261003_170034/train/images/17_spot_jpg.rf.9a52d8c119bbd544e29df9ec43611587.jpg,,,pending,missing,train/images/17_spot_jpg.rf.9a52d8c119bbd544e29df9ec43611587.jpg,,train/images/17_spot_jpg.rf.9a52d8c119bbd544e29df9ec43611587.jpg,,9c9937aba1925666fb667be889341c47ecdeed507c50180e9fa781f457e195d4,spot,train,train,False,masks/spot/786535179f7dc46f2dabb7d3.png,pending,nonempty,416
SAM3_auto,brillo112,False,spot:17_spot_jpg,416,0b873ccd89f5e6b27f3d1296,spot_source,/content/drive/MyDrive/LeafData.v1i.yolov11_aug4_20261003_170034/train/images/17_spot_jpg.rf.9a52d8c119bbd544e29df9ec43611587__aug4_brillo112.png,,,pending,missing,train/images/17_spot_jpg.rf.9a52d8c119bbd544e29df9ec43611587.jpg,,train/images/17_spot_jpg.rf.9a52d8c119bbd544e29df9ec43611587__aug4_brillo112.png,,c14b66b44f75281ed5e7e0871570fa1bfa638dbe08ddd6a7b061b72ce992639b,spot,train,train,False,masks/spot/0b873ccd89f5e6b27f3d1296.png,pending,nonempty,416
SAM3_auto,contraste115,False,spot:17_spot_jpg,416,634faa26296d6c09bacd2674,spot_source,/content/drive/MyDrive/LeafData.v1i.yolov11_aug4_20261003_170034/train/images/17_spot_jpg.rf.9a52d8c119bbd544e29df9ec43611587__aug4_contraste115.png,,,pending,missing,train/images/17_spot_jpg.rf.9a52d8c119bbd544e29df9ec43611587.jpg,,train/images/17_spot_jpg.rf.9a52d8c119bbd544e29df9ec43611587__aug4_contraste115.png,,51073bcde45c54759b3c0b4f7ca07e025c5635a8bd22669b48379047bfe3ab95,spot,train,train,False,masks/spot/634faa26296d6c09bacd2674.png,pending,nonempty,416
SAM3_auto,hflip,False,spot:17_spot_jpg,416,180351f983206987f00b6c70,spot_source,/content/drive/MyDrive/LeafData.v1i.yolov11_aug4_20261003_170034/train/images/17_spot_jpg.rf.9a52d8c119bbd544e29df9ec43611587__aug4_hflip.png,,,pending,missing,train/images/17_spot_jpg.rf.9a52d8c119bbd544e29df9ec43611587.jpg,,train/images/17_spot_jpg.rf.9a52d8c119bbd544e29df9ec43611587__aug4_hflip.png,,186756bf50a96b7b90030711e9e517ef4d671e9cdde4aadc8ad43e7640eef61d,spot,train,train,False,masks/spot/180351f983206987f00b6c70.png,pending,nonempty,416
SAM3_auto,vflip,False,spot:17_spot_jpg,416,c19e0ac4dc8b033eb3357714,spot_source,/content/drive/MyDrive/LeafData.v1i.yolov11_aug4_20261003_170034/train/images/17_spot_jpg.rf.9a52d8c119bbd544e29df9ec43611587__aug4_vflip.png,,,pending,missing,train/images/17_spot_jpg.rf.9a52d8c119bbd544e29df9ec43611587.jpg,,train/images/17_spot_jpg.rf.9a52d8c119bbd544e29df9ec43611587__aug4_vflip.png,,f2973a7961b7b039cde7655676c977e2bcf1f75d217f9dcc482ccd0e2c0a87a4,spot,train,train,False,masks/spot/c19e0ac4dc8b033eb3357714.png,pending,nonempty,416
SAM3_auto,original,True,spot:17_spot_jpg,416,dd33fa96cfcb1c73a016636d,spot_source,/content/drive/MyDrive/LeafData.v1i.yolov11_aug4_20261003_170034/train/images/17_spot_jpg.rf.b757cdb3c17b338f4fbfcb9c6ff11b23.jpg,,,pending,missing,train/images/17_spot_jpg.rf.b757cdb3c17b338f4fbfcb9c6ff11b23.jpg,,train/images/17_spot_jpg.rf.b757cdb3c17b338f4fbfcb9c6ff11b23.jpg,,7ccb065c6bc349dc2e78e23b57dea7fb58e863c79fe0731a120c8ac8512a1b57,spot,train,train,False,masks/spot/dd33fa96cfcb1c73a016636d.png,pending,nonempty,416
SAM3_auto,brillo112,False,spot:17_spot_jpg,416,0e21fb01a57bd4468e3b3d91,spot_source,/content/drive/MyDrive/LeafData.v1i.yolov11_aug4_20261003_170034/train/images/17_spot_jpg.rf.b757cdb3c17b338f4fbfcb9c6ff11b23__aug4_brillo112.png,,,pending,missing,train/images/17_spot_jpg.rf.b757cdb3c17b338f4fbfcb9c6ff11b23.jpg,,train/images/17_spot_jpg.rf.b757cdb3c17b338f4fbfcb9c6ff11b23__aug4_brillo112.png,,5b09496ee0022c4a199b853ca6b3e2dd5357331ff6aeee90b3f7a98f847b6d6d,spot,train,train,False,masks/spot/0e21fb01a57bd4468e3b3d91.png,pending,nonempty,416
SAM3_auto,contraste115,False,spot:17_spot_jpg,416,bba329fb5d71343db302a890,spot_source,/content/drive/MyDrive/LeafData.v1i.yolov11_aug4_20261003_170034/train/images/17_spot_jpg.rf.b757cdb3c17b338f4fbfcb9c6ff11b23__aug4_contraste115.png,,,pending,missing,train/images/17_spot_jpg.rf.b757cdb3c17b338f4fbfcb9c6ff11b23.jpg,,train/images/17_spot_jpg.rf.b757cdb3c17b338f4fbfcb9c6ff11b23__aug4_contraste115.png,,97e4f589f362eeea955876fed0cd76544aedfd5f172350700ac4823cf6156288,spot,train,train,False,masks/spot/bba329fb5d71343db302a890.png,pending,nonempty,416
SAM3_auto,hflip,False,spot:17_spot_jpg,416,94da15fffdd7043820f7d6af,spot_source,/content/drive/MyDrive/LeafData.v1i.yolov11_aug4_20261003_170034/train/images/17_spot_jpg.rf.b757cdb3c17b338f4fbfcb9c6ff11b23__aug4_hflip.png,,,pending,missing,train/images/17_spot_jpg.rf.b757cdb3c17b338f4fbfcb9c6ff11b23.jpg,,train/images/17_spot_jpg.rf.b757cdb3c17b338f4fbfcb9c6ff11b23__aug4_hflip.png,,b61aa39ec0dbf4f0d73168d13e1f5ac06d04b4b9a70755e35b86ebd55e9324e4,spot,train,train,False,masks/spot/94da15fffdd7043820f7d6af.png,pending,nonempty,416
SAM3_auto,vflip,False,spot:17_spot_jpg,416,dc301fc71e8177ef3c7070fd,spot_source,/content/drive/MyDrive/LeafData.v1i.yolov11_aug4_20261003_170034/train/images/17_spot_jpg.rf.b757cdb3c17b338f4fbfcb9c6ff11b23__aug4_vflip.png,,,pending,missing,train/images/17_spot_jpg.rf.b757cdb3c17b338f4fbfcb9c6ff11b23.jpg,,train/images/17_spot_jpg.rf.b757cdb3c17b338f4fbfcb9c6ff11b23__aug4_vflip.png,,a78d52b4ede6b66ee92ef1589291e5fb2d0b2d38beb482d37f52c71cfc34c35b,spot,train,train,False,masks/spot/dc301fc71e8177ef3c7070fd.png,pending,nonempty,416
SAM3_auto,original,True,spot:17_spot_jpg,416,f806b00447e6efdcfa9fcda1,spot_source,/content/drive/MyDrive/LeafData.v1i.yolov11_aug4_20261003_170034/train/images/17_spot_jpg.rf.b81b2e668d7809e773269852f0c16553.jpg,,,pending,missing,train/images/17_spot_jpg.rf.b81b2e668d7809e773269852f0c16553.jpg,,train/images/17_spot_jpg.rf.b81b2e668d7809e773269852f0c16553.jpg,,40587b63b10d46f01c906d7afc404d7584733f121ee30252741df6dda18eaebb,spot,train,train,False,masks/spot/f806b00447e6efdcfa9fcda1.png,pending,nonempty,416
SAM3_auto,brillo112,False,spot:17_spot_jpg,416,be77243132d74187e08254db,spot_source,/content/drive/MyDrive/LeafData.v1i.yolov11_aug4_20261003_170034/train/images/17_spot_jpg.rf.b81b2e668d7809e773269852f0c16553__aug4_brillo112.png,,,pending,missing,train/images/17_spot_jpg.rf.b81b2e668d7809e773269852f0c16553.jpg,,train/images/17_spot_jpg.rf.b81b2e668d7809e773269852f0c16553__aug4_brillo112.png,,c7ac5202da26250fb4f5e8ad3e7fd3f529ffb7f01594477c1f5e6bbf56d5edf6,spot,train,train,False,masks/spot/be77243132d74187e08254db.png,pending,nonempty,416
SAM3_auto,contraste115,False,spot:17_spot_jpg,416,2279800abfa0e4f1b9f9ee65,spot_source,/content/drive/MyDrive/LeafData.v1i.yolov11_aug4_20261003_170034/train/images/17_spot_jpg.rf.b81b2e668d7809e773269852f0c16553__aug4_contraste115.png,,,pending,missing,train/images/17_spot_jpg.rf.b81b2e668d7809e773269852f0c16553.jpg,,train/images/17_spot_jpg.rf.b81b2e668d7809e773269852f0c16553__aug4_contraste115.png,,1e4a34167435cfe520a0c992b7690251abba8ef63b09ca21d6ba5a79b4428991,spot,train,train,False,masks/spot/2279800abfa0e4f1b9f9ee65.png,pending,nonempty,416
SAM3_auto,hflip,False,spot:17_spot_jpg,416,d4c27e9c8a94d8fc23dc6f68,spot_source,/content/drive/MyDrive/LeafData.v1i.yolov11_aug4_20261003_170034/train/images/17_spot_jpg.rf.b81b2e668d7809e773269852f0c16553__aug4_hflip.png,,,pending,missing,train/images/17_spot_jpg.rf.b81b2e668d7809e773269852f0c16553.jpg,,train/images/17_spot_jpg.rf.b81b2e668d7809e773269852f0c16553__aug4_hflip.png,,efa40633a94e5bc7e1048df24ef0ce1b30702a13f20dcc35a0f2377d0697c828,spot,train,train,False,masks/spot/d4c27e9c8a94d8fc23dc6f68.png,pending,nonempty,416
SAM3_auto,vflip,False,spot:17_spot_jpg,416,faed02138eb11a8dd158c602,spot_source,/content/drive/MyDrive/LeafData.v1i.yolov11_aug4_20261003_170034/train/images/17_spot_jpg.rf.b81b2e668d7809e773269852f0c16553__aug4_vflip.png,,,pending,missing,train/images/17_spot_jpg.rf.b81b2e668d7809e773269852f0c16553.jpg,,train/images/17_spot_jpg.rf.b81b2e668d7809e773269852f0c16553__aug4_vflip.png,,33657d2b25d83d45e07c9c0de18f27107d6ee92e56748b4fc306a3085055ad95,spot,train,train,False,masks/spot/faed02138eb11a8dd158c602.png,pending,nonempty,416
SAM3_auto,original,True,spot:180_spot_jpg,416,27138454d1e8aa13ff884656,spot_source,/content/drive/MyDrive/LeafData.v1i.yolov11_aug4_20261003_170034/train/images/180_spot_jpg.rf.5185ffbe3f0c4ab9466eda902de1d762.jpg,,,pending,missing,train/images/180_spot_jpg.rf.5185ffbe3f0c4ab9466eda902de1d762.jpg,,train/images/180_spot_jpg.rf.5185ffbe3f0c4ab9466eda902de1d762.jpg,,a600e7426448c6314210dcfad5b01f7b5d3d3f0684c83bb629e2f316d74758fd,spot,train,train,False,masks/spot/27138454d1e8aa13ff884656.png,pending,nonempty,416
SAM3_auto,brillo112,False,spot:180_spot_jpg,416,535d8f3ad37ce98dd685f323,spot_source,/content/drive/MyDrive/LeafData.v1i.yolov11_aug4_20261003_170034/train/images/180_spot_jpg.rf.5185ffbe3f0c4ab9466eda902de1d762__aug4_brillo112.png,,,pending,missing,train/images/180_spot_jpg.rf.5185ffbe3f0c4ab9466eda902de1d762.jpg,,train/images/180_spot_jpg.rf.5185ffbe3f0c4ab9466eda902de1d762__aug4_brillo112.png,,9ff622c0bb28d17f325f73909f3bfcc2d46ec55bef5fb147b84e8bd047ee21db,spot,train,train,False,masks/spot/535d8f3ad37ce98dd685f323.png,pending,nonempty,416
SAM3_auto,contraste115,False,spot:180_spot_jpg,416,4c27ed5e805f2e308ef590b8,spot_source,/content/drive/MyDrive/LeafData.v1i.yolov11_aug4_20261003_170034/train/images/180_spot_jpg.rf.5185ffbe3f0c4ab9466eda902de1d762__aug4_contraste115.png,,,pending,missing,train/images/180_spot_jpg.rf.5185ffbe3f0c4ab9466eda902de1d762.jpg,,train/images/180_spot_jpg.rf.5185ffbe3f0c4ab9466eda902de1d762__aug4_contraste115.png,,0946b6739f2f26b24ca5a5a107f9138c1118991079a3f58a19343b3f249b785b,spot,train,train,False,masks/spot/4c27ed5e805f2e308ef590b8.png,pending,nonempty,416
SAM3_auto,hflip,False,spot:180_spot_jpg,416,56faa271fe205888c1fc106b,spot_source,/content/drive/MyDrive/LeafData.v1i.yolov11_aug4_20261003_170034/train/images/180_spot_jpg.rf.5185ffbe3f0c4ab9466eda902de1d762__aug4_hflip.png,,,pending,missing,train/images/180_spot_jpg.rf.5185ffbe3f0c4ab9466eda902de1d762.jpg,,train/images/180_spot_jpg.rf.5185ffbe3f0c4ab9466eda902de1d762__aug4_hflip.png,,b23c10187a6d7e44b57c4052002187fcbfa7f6a68756827958799d7f004fa2ec,spot,train,train,False,masks/spot/56faa271fe205888c1fc106b.png,pending,nonempty,416
SAM3_auto,vflip,False,spot:180_spot_jpg,416,0fdb94cc06bfe4db4d4cc0c9,spot_source,/content/drive/MyDrive/LeafData.v1i.yolov11_aug4_20261003_170034/train/images/180_spot_jpg.rf.5185ffbe3f0c4ab9466eda902de1d762__aug4_vflip.png,,,pending,missing,train/images/180_spot_jpg.rf.5185ffbe3f0c4ab9466eda902de1d762.jpg,,train/images/180_spot_jpg.rf.5185ffbe3f0c4ab9466eda902de1d762__aug4_vflip.png,,1849090f20a9d494589e1340e1185966447c1be1a609eabea7ea3e6bc4b13d2b,spot,train,train,False,masks/spot/0fdb94cc06bfe4db4d4cc0c9.png,pending,nonempty,416
SAM3_auto,original,True,spot:180_spot_jpg,416,5af76ba5a460614cb6b769b6,spot_source,/content/drive/MyDrive/LeafData.v1i.yolov11_aug4_20261003_170034/train/images/180_spot_jpg.rf.8dfb1895b62c4880a8587afd382f05b7.jpg,,,pending,missing,train/images/180_spot_jpg.rf.8dfb1895b62c4880a8587afd382f05b7.jpg,,train/images/180_spot_jpg.rf.8dfb1895b62c4880a8587afd382f05b7.jpg,,fa4774055caba7b97bfc04a87a039e6020ba0f075f0074b8c6f2e18287a6e96a,spot,train,train,False,masks/spot/5af76ba5a460614cb6b769b6.png,pending,nonempty,416
SAM3_auto,brillo112,False,spot:180_spot_jpg,416,0f0760351f06974cffc01601,spot_source,/content/drive/MyDrive/LeafData.v1i.yolov11_aug4_20261003_170034/train/images/180_spot_jpg.rf.8dfb1895b62c4880a8587afd382f05b7__aug4_brillo112.png,,,pending,missing,train/images/180_spot_jpg.rf.8dfb1895b62c4880a8587afd382f05b7.jpg,,train/images/180_spot_jpg.rf.8dfb1895b62c4880a8587afd382f05b7__aug4_brillo112.png,,91ea528e553db43b4b7adc85eabae14126e214cd3434c7fa1ee0403e8a3f1bfd,spot,train,train,False,masks/spot/0f0760351f06974cffc01601.png,pending,nonempty,416
SAM3_auto,contraste115,False,spot:180_spot_jpg,416,dd992ff33e5e11a9df6c6c85,spot_source,/content/drive/MyDrive/LeafData.v1i.yolov11_aug4_20261003_170034/train/images/180_spot_jpg.rf.8dfb1895b62c4880a8587afd382f05b7__aug4_contraste115.png,,,pending,missing,train/images/180_spot_jpg.rf.8dfb1895b62c4880a8587afd382f05b7.jpg,,train/images/180_spot_jpg.rf.8dfb1895b62c4880a8587afd382f05b7__aug4_contraste115.png,,b86ee0ac582d0d3d92c226c3592b2736a620a358eba3ee5678f2b886b3581cbe,spot,train,train,False,masks/spot/dd992ff33e5e11a9df6c6c85.png,pending,nonempty,416
SAM3_auto,hflip,False,spot:180_spot_jpg,416,8613d71a4871330afe162d49,spot_source,/content/drive/MyDrive/LeafData.v1i.yolov11_aug4_20261003_170034/train/images/180_spot_jpg.rf.8dfb1895b62c4880a8587afd382f05b7__aug4_hflip.png,,,pending,missing,train/images/180_spot_jpg.rf.8dfb1895b62c4880a8587afd382f05b7.jpg,,train/images/180_spot_jpg.rf.8dfb1895b62c4880a8587afd382f05b7__aug4_hflip.png,,1bacf5fe121232d72d18a7183606ff40bf050c41ff521145c1cef185c44df4aa,spot,train,train,False,masks/spot/8613d71a4871330afe162d49.png,pending,nonempty,416
SAM3_auto,vflip,False,spot:180_spot_jpg,416,8cdba64854b41434c2614942,spot_source,/content/drive/MyDrive/LeafData.v1i.yolov11_aug4_20261003_170034/train/images/180_spot_jpg.rf.8dfb1895b62c4880a8587afd382f05b7__aug4_vflip.png,,,pending,missing,train/images/180_spot_jpg.rf.8dfb1895b62c4880a8587afd382f05b7.jpg,,train/images/180_spot_jpg.rf.8dfb1895b62c4880a8587afd382f05b7__aug4_vflip.png,,3d32be8f040639eb254ae851c400e72be8d81f7961200689728a619c5676bbd0,spot,train,train,False,masks/spot/8cdba64854b41434c2614942.png,pending,nonempty,416
SAM3_auto,original,True,spot:180_spot_jpg,416,ec577a787ce705db2476100b,spot_source,/content/drive/MyDrive/LeafData.v1i.yolov11_aug4_20261003_170034/train/images/180_spot_jpg.rf.a7cc539959d1165d6dfc2443e207e82e.jpg,,,pending,missing,train/images/180_spot_jpg.rf.a7cc539959d1165d6dfc2443e207e82e.jpg,,train/images/180_spot_jpg.rf.a7cc539959d1165d6dfc2443e207e82e.jpg,,49eb3e27bc08b7274dfb3cb327ae30ebddd9a2053be23c8339367d25dad2efb0,spot,train,train,False,masks/spot/ec577a787ce705db2476100b.png,pending,nonempty,416
SAM3_auto,brillo112,False,spot:180_spot_jpg,416,c99a96e8503f262d7f856b63,spot_source,/content/drive/MyDrive/LeafData.v1i.yolov11_aug4_20261003_170034/train/images/180_spot_jpg.rf.a7cc539959d1165d6dfc2443e207e82e__aug4_brillo112.png,,,pending,missing,train/images/180_spot_jpg.rf.a7cc539959d1165d6dfc2443e207e82e.jpg,,train/images/180_spot_jpg.rf.a7cc539959d1165d6dfc2443e207e82e__aug4_brillo112.png,,7d396231a9e498d3320d7978c6e3af6d1b31809ea7be043afa02f93e4d581400,spot,train,train,False,masks/spot/c99a96e8503f262d7f856b63.png,pending,nonempty,416
SAM3_auto,contraste115,False,spot:180_spot_jpg,416,c50994d112d625f8cffc6730,spot_source,/content/drive/MyDrive/LeafData.v1i.yolov11_aug4_20261003_170034/train/images/180_spot_jpg.rf.a7cc539959d1165d6dfc2443e207e82e__aug4_contraste115.png,,,pending,missing,train/images/180_spot_jpg.rf.a7cc539959d1165d6dfc2443e207e82e.jpg,,train/images/180_spot_jpg.rf.a7cc539959d1165d6dfc2443e207e82e__aug4_contraste115.png,,f76bc0e4f1b5386323bcf81bf5010ee3a8d0dd3427b0a72dd63394a337f4d168,spot,train,train,False,masks/spot/c50994d112d625f8cffc6730.png,pending,nonempty,416
SAM3_auto,hflip,False,spot:180_spot_jpg,416,309ca9a1ebb7141fe40053a4,spot_source,/content/drive/MyDrive/LeafData.v1i.yolov11_aug4_20261003_170034/train/images/180_spot_jpg.rf.a7cc539959d1165d6dfc2443e207e82e__aug4_hflip.png,,,pending,missing,train/images/180_spot_jpg.rf.a7cc539959d1165d6dfc2443e207e82e.jpg,,train/images/180_spot_jpg.rf.a7cc539959d1165d6dfc2443e207e82e__aug4_hflip.png,,b0aeac946710f88cf22cbb5bb43dd6aedfed51ecbc32c0c8f5be513e1a2bb5d5,spot,train,train,False,masks/spot/309ca9a1ebb7141fe40053a4.png,pending,nonempty,416
SAM3_auto,vflip,False,spot:180_spot_jpg,416,2b76c71406b93529c2b0fa66,spot_source,/content/drive/MyDrive/LeafData.v1i.yolov11_aug4_20261003_170034/train/images/180_spot_jpg.rf.a7cc539959d1165d6dfc2443e207e82e__aug4_vflip.png,,,pending,missing,train/images/180_spot_jpg.rf.a7cc539959d1165d6dfc2443e207e82e.jpg,,train/images/180_spot_jpg.rf.a7cc539959d1165d6dfc2443e207e82e__aug4_vflip.png,,c9df1dad14dd7e29d68e456d3f1f518adcb47d24b350c96ae66607a47c9cb80c,spot,train,train,False,masks/spot/2b76c71406b93529c2b0fa66.png,pending,nonempty,416
SAM3_auto,original,True,spot:19_spot_jpg,416,1943443076fa403bd9599190,spot_source,/content/drive/MyDrive/LeafData.v1i.yolov11_aug4_20261003_170034/train/images/19_spot_jpg.rf.8a3ae274ea30a96eb737e4e5f30175db.jpg,,,pending,missing,train/images/19_spot_jpg.rf.8a3ae274ea30a96eb737e4e5f30175db.jpg,,train/images/19_spot_jpg.rf.8a3ae274ea30a96eb737e4e5f30175db.jpg,,a71289c1cd91dde57818509e58d2c9dc77c991102d03404badd05bf3bc35854d,spot,train,train,False,masks/spot/1943443076fa403bd9599190.png,pending,nonempty,416
SAM3_auto,brillo112,False,spot:19_spot_jpg,416,0c598d5f43e74aa1682f473e,spot_source,/content/drive/MyDrive/LeafData.v1i.yolov11_aug4_20261003_170034/train/images/19_spot_jpg.rf.8a3ae274ea30a96eb737e4e5f30175db__aug4_brillo112.png,,,pending,missing,train/images/19_spot_jpg.rf.8a3ae274ea30a96eb737e4e5f30175db.jpg,,train/images/19_spot_jpg.rf.8a3ae274ea30a96eb737e4e5f30175db__aug4_brillo112.png,,9f1990f92b00c250622ad9cde517507f2cd203ef7219436164416e6b84a36278,spot,train,train,False,masks/spot/0c598d5f43e74aa1682f473e.png,pending,nonempty,416
SAM3_auto,contraste115,False,spot:19_spot_jpg,416,5f171a982c4bb15fc2af2f78,spot_source,/content/drive/MyDrive/LeafData.v1i.yolov11_aug4_20261003_170034/train/images/19_spot_jpg.rf.8a3ae274ea30a96eb737e4e5f30175db__aug4_contraste115.png,,,pending,missing,train/images/19_spot_jpg.rf.8a3ae274ea30a96eb737e4e5f30175db.jpg,,train/images/19_spot_jpg.rf.8a3ae274ea30a96eb737e4e5f30175db__aug4_contraste115.png,,871101546e9a3d286c6e1d4753cf06a80781ca222005a90082ab528e04e5ee6a,spot,train,train,False,masks/spot/5f171a982c4bb15fc2af2f78.png,pending,nonempty,416
SAM3_auto,hflip,False,spot:19_spot_jpg,416,c8b4d8b3f92dff9ff68a19ec,spot_source,/content/drive/MyDrive/LeafData.v1i.yolov11_aug4_20261003_170034/train/images/19_spot_jpg.rf.8a3ae274ea30a96eb737e4e5f30175db__aug4_hflip.png,,,pending,missing,train/images/19_spot_jpg.rf.8a3ae274ea30a96eb737e4e5f30175db.jpg,,train/images/19_spot_jpg.rf.8a3ae274ea30a96eb737e4e5f30175db__aug4_hflip.png,,3c428a8aca849b30c492b0edb263591024a153b324792fe33bd64a5867011e84,spot,train,train,False,masks/spot/c8b4d8b3f92dff9ff68a19ec.png,pending,nonempty,416
SAM3_auto,vflip,False,spot:19_spot_jpg,416,97dc16b421b820a05d2f7eee,spot_source,/content/drive/MyDrive/LeafData.v1i.yolov11_aug4_20261003_170034/train/images/19_spot_jpg.rf.8a3ae274ea30a96eb737e4e5f30175db__aug4_vflip.png,,,pending,missing,train/images/19_spot_jpg.rf.8a3ae274ea30a96eb737e4e5f30175db.jpg,,train/images/19_spot_jpg.rf.8a3ae274ea30a96eb737e4e5f30175db__aug4_vflip.png,,8dedd220ad26531f9d9b96b582067c94b29758c688182f3044888d3bc8cdfc5e,spot,train,train,False,masks/spot/97dc16b421b820a05d2f7eee.png,pending,nonempty,416
SAM3_auto,original,True,spot:19_spot_jpg,416,358a833e01a5114501cfd302,spot_source,/content/drive/MyDrive/LeafData.v1i.yolov11_aug4_20261003_170034/train/images/19_spot_jpg.rf.aa7cdf425e27d6d4648ee28e0e8a9c3b.jpg,,,pending,missing,train/images/19_spot_jpg.rf.aa7cdf425e27d6d4648ee28e0e8a9c3b.jpg,,train/images/19_spot_jpg.rf.aa7cdf425e27d6d4648ee28e0e8a9c3b.jpg,,d948c25dc6722413a9db530959dbbaa848df6df8969d075ec4deac93c806698b,spot,train,train,False,masks/spot/358a833e01a5114501cfd302.png,pending,nonempty,416
SAM3_auto,brillo112,False,spot:19_spot_jpg,416,610a9849bdf957bda4a9bc45,spot_source,/content/drive/MyDrive/LeafData.v1i.yolov11_aug4_20261003_170034/train/images/19_spot_jpg.rf.aa7cdf425e27d6d4648ee28e0e8a9c3b__aug4_brillo112.png,,,pending,missing,train/images/19_spot_jpg.rf.aa7cdf425e27d6d4648ee28e0e8a9c3b.jpg,,train/images/19_spot_jpg.rf.aa7cdf425e27d6d4648ee28e0e8a9c3b__aug4_brillo112.png,,e382b198b1a31d1b4270ff38a03c4e6a9eb5ed26cdfd4c3399eb7cf02711b447,spot,train,train,False,masks/spot/610a9849bdf957bda4a9bc45.png,pending,nonempty,416
SAM3_auto,contraste115,False,spot:19_spot_jpg,416,6d80f316171b4c7cee0b3ebe,spot_source,/content/drive/MyDrive/LeafData.v1i.yolov11_aug4_20261003_170034/train/images/19_spot_jpg.rf.aa7cdf425e27d6d4648ee28e0e8a9c3b__aug4_contraste115.png,,,pending,missing,train/images/19_spot_jpg.rf.aa7cdf425e27d6d4648ee28e0e8a9c3b.jpg,,train/images/19_spot_jpg.rf.aa7cdf425e27d6d4648ee28e0e8a9c3b__aug4_contraste115.png,,441ad6b2995f556ad18c1c9f5a6325bc010d4f53f6bd9a13720d636576cd1682,spot,train,train,False,masks/spot/6d80f316171b4c7cee0b3ebe.png,pending,nonempty,416
SAM3_auto,hflip,False,spot:19_spot_jpg,416,762ba0267792a0a3486aa0f8,spot_source,/content/drive/MyDrive/LeafData.v1i.yolov11_aug4_20261003_170034/train/images/19_spot_jpg.rf.aa7cdf425e27d6d4648ee28e0e8a9c3b__aug4_hflip.png,,,pending,missing,train/images/19_spot_jpg.rf.aa7cdf425e27d6d4648ee28e0e8a9c3b.jpg,,train/images/19_spot_jpg.rf.aa7cdf425e27d6d4648ee28e0e8a9c3b__aug4_hflip.png,,650b763efb31c951907fae83d1936fe9b40667512cde4f754f21d7bde9610112,spot,train,train,False,masks/spot/762ba0267792a0a3486aa0f8.png,pending,nonempty,416
SAM3_auto,vflip,False,spot:19_spot_jpg,416,ddad7764d96943eae67cbbfc,spot_source,/content/drive/MyDrive/LeafData.v1i.yolov11_aug4_20261003_170034/train/images/19_spot_jpg.rf.aa7cdf425e27d6d4648ee28e0e8a9c3b__aug4_vflip.png,,,pending,missing,train/images/19_spot_jpg.rf.aa7cdf425e27d6d4648ee28e0e8a9c3b.jpg,,train/images/19_spot_jpg.rf.aa7cdf425e27d6d4648ee28e0e8a9c3b__aug4_vflip.png,,84040c1647c681b874f630f62e8a509bea046fa9bbce8f88b6c26cb1d071c283,spot,train,train,False,masks/spot/ddad7764d96943eae67cbbfc.png,pending,nonempty,416
SAM3_auto,original,True,spot:19_spot_jpg,416,ca5ccc12f308c932c918dbf3,spot_source,/content/drive/MyDrive/LeafData.v1i.yolov11_aug4_20261003_170034/train/images/19_spot_jpg.rf.d4d745abbfaac8c5c3fe93b3cecefd43.jpg,,,pending,missing,train/images/19_spot_jpg.rf.d4d745abbfaac8c5c3fe93b3cecefd43.jpg,,train/images/19_spot_jpg.rf.d4d745abbfaac8c5c3fe93b3cecefd43.jpg,,b48c49d5f526c760537016d33ee6a859ae604cc8b305b1b94177d10ff0b2a229,spot,train,train,False,masks/spot/ca5ccc12f308c932c918dbf3.png,pending,nonempty,416
SAM3_auto,brillo112,False,spot:19_spot_jpg,416,810be26ba725bf3bcab39891,spot_source,/content/drive/MyDrive/LeafData.v1i.yolov11_aug4_20261003_170034/train/images/19_spot_jpg.rf.d4d745abbfaac8c5c3fe93b3cecefd43__aug4_brillo112.png,,,pending,missing,train/images/19_spot_jpg.rf.d4d745abbfaac8c5c3fe93b3cecefd43.jpg,,train/images/19_spot_jpg.rf.d4d745abbfaac8c5c3fe93b3cecefd43__aug4_brillo112.png,,95d3ab9bd9370718dd8d22f3ea2fcbb8a12b5746bcfe8eebc45ccf79f6bd39e1,spot,train,train,False,masks/spot/810be26ba725bf3bcab39891.png,pending,nonempty,416
SAM3_auto,contraste115,False,spot:19_spot_jpg,416,27857b44e06c399cd2b6290c,spot_source,/content/drive/MyDrive/LeafData.v1i.yolov11_aug4_20261003_170034/train/images/19_spot_jpg.rf.d4d745abbfaac8c5c3fe93b3cecefd43__aug4_contraste115.png,,,pending,missing,train/images/19_spot_jpg.rf.d4d745abbfaac8c5c3fe93b3cecefd43.jpg,,train/images/19_spot_jpg.rf.d4d745abbfaac8c5c3fe93b3cecefd43__aug4_contraste115.png,,e26b4d8927741a27647a64539d22d260d96bd2cc0cf09260cd4cd925b6bf9c48,spot,train,train,False,masks/spot/27857b44e06c399cd2b6290c.png,pending,nonempty,416
SAM3_auto,hflip,False,spot:19_spot_jpg,416,97036f1094ee06334fa12f8e,spot_source,/content/drive/MyDrive/LeafData.v1i.yolov11_aug4_20261003_170034/train/images/19_spot_jpg.rf.d4d745abbfaac8c5c3fe93b3cecefd43__aug4_hflip.png,,,pending,missing,train/images/19_spot_jpg.rf.d4d745abbfaac8c5c3fe93b3cecefd43.jpg,,train/images/19_spot_jpg.rf.d4d745abbfaac8c5c3fe93b3cecefd43__aug4_hflip.png,,d27ed87e008825ad84c79f12d1e3e89badb4bf4c434e558ee80682eb6edc3d93,spot,train,train,False,masks/spot/97036f1094ee06334fa12f8e.png,pending,nonempty,416
SAM3_auto,vflip,False,spot:19_spot_jpg,416,ce43689f5ddfd5979bfee8ee,spot_source,/content/drive/MyDrive/LeafData.v1i.yolov11_aug4_20261003_170034/train/images/19_spot_jpg.rf.d4d745abbfaac8c5c3fe93b3cecefd43__aug4_vflip.png,,,pending,missing,train/images/19_spot_jpg.rf.d4d745abbfaac8c5c3fe93b3cecefd43.jpg,,train/images/19_spot_jpg.rf.d4d745abbfaac8c5c3fe93b3cecefd43__aug4_vflip.png,,1c7939f0550b2ffb946a7806aa366ef7a6508cc631a8131071ba2f2a8013cb51,spot,train,train,False,masks/spot/ce43689f5ddfd5979bfee8ee.png,pending,nonempty,416
SAM3_auto,original,True,spot:1_spot_jpg,416,498327695877960ed4c3b844,spot_source,/content/drive/MyDrive/LeafData.v1i.yolov11_aug4_20261003_170034/train/images/1_spot_jpg.rf.5aec202f3ed28f98f769ed96381ccdf5.jpg,,,pending,missing,train/images/1_spot_jpg.rf.5aec202f3ed28f98f769ed96381ccdf5.jpg,,train/images/1_spot_jpg.rf.5aec202f3ed28f98f769ed96381ccdf5.jpg,,d85eeb1faed2fd37fb57d21831af0a3ffd602fa86a4eb76453fe03e1f42fb4a9,spot,train,train,False,masks/spot/498327695877960ed4c3b844.png,pending,nonempty,416
SAM3_auto,brillo112,False,spot:1_spot_jpg,416,a9483a88d8e51c5254a697c2,spot_source,/content/drive/MyDrive/LeafData.v1i.yolov11_aug4_20261003_170034/train/images/1_spot_jpg.rf.5aec202f3ed28f98f769ed96381ccdf5__aug4_brillo112.png,,,pending,missing,train/images/1_spot_jpg.rf.5aec202f3ed28f98f769ed96381ccdf5.jpg,,train/images/1_spot_jpg.rf.5aec202f3ed28f98f769ed96381ccdf5__aug4_brillo112.png,,36a1e0874b83387c2545fe67ae8be3d265e531c80eadb964b77f4b933d9f56f1,spot,train,train,False,masks/spot/a9483a88d8e51c5254a697c2.png,pending,nonempty,416
SAM3_auto,contraste115,False,spot:1_spot_jpg,416,5179f337f7ca651f5c12f2e2,spot_source,/content/drive/MyDrive/LeafData.v1i.yolov11_aug4_20261003_170034/train/images/1_spot_jpg.rf.5aec202f3ed28f98f769ed96381ccdf5__aug4_contraste115.png,,,pending,missing,train/images/1_spot_jpg.rf.5aec202f3ed28f98f769ed96381ccdf5.jpg,,train/images/1_spot_jpg.rf.5aec202f3ed28f98f769ed96381ccdf5__aug4_contraste115.png,,487ac580d796813f0b92ce77c888a2f2747ba8add3588016d431f6dd540717e6,spot,train,train,False,masks/spot/5179f337f7ca651f5c12f2e2.png,pending,nonempty,416
SAM3_auto,hflip,False,spot:1_spot_jpg,416,df1d86997df5c48087137d02,spot_source,/content/drive/MyDrive/LeafData.v1i.yolov11_aug4_20261003_170034/train/images/1_spot_jpg.rf.5aec202f3ed28f98f769ed96381ccdf5__aug4_hflip.png,,,pending,missing,train/images/1_spot_jpg.rf.5aec202f3ed28f98f769ed96381ccdf5.jpg,,train/images/1_spot_jpg.rf.5aec202f3ed28f98f769ed96381ccdf5__aug4_hflip.png,,c2d13816c30cac54cb70fba9a917be6316ffaded014cdd00e8c237e443960892,spot,train,train,False,masks/spot/df1d86997df5c48087137d02.png,pending,nonempty,416
SAM3_auto,vflip,False,spot:1_spot_jpg,416,e602c70ab7424ad6c156034e,spot_source,/content/drive/MyDrive/LeafData.v1i.yolov11_aug4_20261003_170034/train/images/1_spot_jpg.rf.5aec202f3ed28f98f769ed96381ccdf5__aug4_vflip.png,,,pending,missing,train/images/1_spot_jpg.rf.5aec202f3ed28f98f769ed96381ccdf5.jpg,,train/images/1_spot_jpg.rf.5aec202f3ed28f98f769ed96381ccdf5__aug4_vflip.png,,62a618e771832270a862fe15a8bf8b847c7429c1d7a95e756cd2d228e0d34cdf,spot,train,train,False,masks/spot/e602c70ab7424ad6c156034e.png,pending,nonempty,416
SAM3_auto,original,True,spot:1_spot_jpg,416,4daf456300a29c2c53475ff5,spot_source,/content/drive/MyDrive/LeafData.v1i.yolov11_aug4_20261003_170034/train/images/1_spot_jpg.rf.c7802176ec58b3b58f4b45b005aec7e7.jpg,,,pending,missing,train/images/1_spot_jpg.rf.c7802176ec58b3b58f4b45b005aec7e7.jpg,,train/images/1_spot_jpg.rf.c7802176ec58b3b58f4b45b005aec7e7.jpg,,8ef5545de978deaf1a21491879e4567afd01aac92a4b4250582c28a342dace88,spot,train,train,False,masks/spot/4daf456300a29c2c53475ff5.png,pending,nonempty,416
SAM3_auto,brillo112,False,spot:1_spot_jpg,416,ceff4210c790c17a2e2ad997,spot_source,/content/drive/MyDrive/LeafData.v1i.yolov11_aug4_20261003_170034/train/images/1_spot_jpg.rf.c7802176ec58b3b58f4b45b005aec7e7__aug4_brillo112.png,,,pending,missing,train/images/1_spot_jpg.rf.c7802176ec58b3b58f4b45b005aec7e7.jpg,,train/images/1_spot_jpg.rf.c7802176ec58b3b58f4b45b005aec7e7__aug4_brillo112.png,,2149c049096242fb638a2f9307c75df33cd44c61c107676c0ca9e3f0001c6cab,spot,train,train,False,masks/spot/ceff4210c790c17a2e2ad997.png,pending,nonempty,416
SAM3_auto,contraste115,False,spot:1_spot_jpg,416,e86c1e1de69c3779c8e8f610,spot_source,/content/drive/MyDrive/LeafData.v1i.yolov11_aug4_20261003_170034/train/images/1_spot_jpg.rf.c7802176ec58b3b58f4b45b005aec7e7__aug4_contraste115.png,,,pending,missing,train/images/1_spot_jpg.rf.c7802176ec58b3b58f4b45b005aec7e7.jpg,,train/images/1_spot_jpg.rf.c7802176ec58b3b58f4b45b005aec7e7__aug4_contraste115.png,,dcd0ff351aa9c84b15076fc62b4f94c7efb9234912ecb3715f6dc0026aa980c0,spot,train,train,False,masks/spot/e86c1e1de69c3779c8e8f610.png,pending,nonempty,416
SAM3_auto,hflip,False,spot:1_spot_jpg,416,204ea9fd35a545f8797dd500,spot_source,/content/drive/MyDrive/LeafData.v1i.yolov11_aug4_20261003_170034/train/images/1_spot_jpg.rf.c7802176ec58b3b58f4b45b005aec7e7__aug4_hflip.png,,,pending,missing,train/images/1_spot_jpg.rf.c7802176ec58b3b58f4b45b005aec7e7.jpg,,train/images/1_spot_jpg.rf.c7802176ec58b3b58f4b45b005aec7e7__aug4_hflip.png,,5cd30bd6e52b9c4ec894b5da31fa77d56b13f675a71231d15644cc3dbc95e662,spot,train,train,False,masks/spot/204ea9fd35a545f8797dd500.png,pending,nonempty,416
SAM3_auto,vflip,False,spot:1_spot_jpg,416,b70615dddb717f5f48b15097,spot_source,/content/drive/MyDrive/LeafData.v1i.yolov11_aug4_20261003_170034/train/images/1_spot_jpg.rf.c7802176ec58b3b58f4b45b005aec7e7__aug4_vflip.png,,,pending,missing,train/images/1_spot_jpg.rf.c7802176ec58b3b58f4b45b005aec7e7.jpg,,train/images/1_spot_jpg.rf.c7802176ec58b3b58f4b45b005aec7e7__aug4_vflip.png,,07bb6095b94352d83f15cca3eb3fa479c6ba2db33e1f2f58d46de236fa897d41,spot,train,train,False,masks/spot/b70615dddb717f5f48b15097.png,pending,nonempty,416
SAM3_auto,original,True,spot:1_spot_jpg,416,e780e05fc29a0633c53fb846,spot_source,/content/drive/MyDrive/LeafData.v1i.yolov11_aug4_20261003_170034/train/images/1_spot_jpg.rf.edd31c2f3811de81262bf7cb913b3c4f.jpg,,,pending,missing,train/images/1_spot_jpg.rf.edd31c2f3811de81262bf7cb913b3c4f.jpg,,train/images/1_spot_jpg.rf.edd31c2f3811de81262bf7cb913b3c4f.jpg,,324b3c8ae261d703d55e477f162c9a0a5d055edc1c175007b243fc581a679939,spot,train,train,False,masks/spot/e780e05fc29a0633c53fb846.png,pending,nonempty,416
SAM3_auto,brillo112,False,spot:1_spot_jpg,416,52e5add3f53e2a14bde73075,spot_source,/content/drive/MyDrive/LeafData.v1i.yolov11_aug4_20261003_170034/train/images/1_spot_jpg.rf.edd31c2f3811de81262bf7cb913b3c4f__aug4_brillo112.png,,,pending,missing,train/images/1_spot_jpg.rf.edd31c2f3811de81262bf7cb913b3c4f.jpg,,train/images/1_spot_jpg.rf.edd31c2f3811de81262bf7cb913b3c4f__aug4_brillo112.png,,17d4d216e0da441d544e91a424dfdb8627dd08544cbdeb02b48e4386f15b0fee,spot,train,train,False,masks/spot/52e5add3f53e2a14bde73075.png,pending,nonempty,416
SAM3_auto,contraste115,False,spot:1_spot_jpg,416,37e1081888f5cdbd8714be62,spot_source,/content/drive/MyDrive/LeafData.v1i.yolov11_aug4_20261003_170034/train/images/1_spot_jpg.rf.edd31c2f3811de81262bf7cb913b3c4f__aug4_contraste115.png,,,pending,missing,train/images/1_spot_jpg.rf.edd31c2f3811de81262bf7cb913b3c4f.jpg,,train/images/1_spot_jpg.rf.edd31c2f3811de81262bf7cb913b3c4f__aug4_contraste115.png,,702d43fb01bbae4cbb83342ec73daa9482889774706c6cfd7eca4826dd766089,spot,train,train,False,masks/spot/37e1081888f5cdbd8714be62.png,pending,nonempty,416
SAM3_auto,hflip,False,spot:1_spot_jpg,416,83db85e595909f6b98e9e87b,spot_source,/content/drive/MyDrive/LeafData.v1i.yolov11_aug4_20261003_170034/train/images/1_spot_jpg.rf.edd31c2f3811de81262bf7cb913b3c4f__aug4_hflip.png,,,pending,missing,train/images/1_spot_jpg.rf.edd31c2f3811de81262bf7cb913b3c4f.jpg,,train/images/1_spot_jpg.rf.edd31c2f3811de81262bf7cb913b3c4f__aug4_hflip.png,,854228b8eeebdfdbc2518afe19b4407d25ca8a4fac42091c0697c8498de8913c,spot,train,train,False,masks/spot/83db85e595909f6b98e9e87b.png,pending,nonempty,416
SAM3_auto,vflip,False,spot:1_spot_jpg,416,b1d4ce5b582b3a9464ac9f94,spot_source,/content/drive/MyDrive/LeafData.v1i.yolov11_aug4_20261003_170034/train/images/1_spot_jpg.rf.edd31c2f3811de81262bf7cb913b3c4f__aug4_vflip.png,,,pending,missing,train/images/1_spot_jpg.rf.edd31c2f3811de81262bf7cb913b3c4f.jpg,,train/images/1_spot_jpg.rf.edd31c2f3811de81262bf7cb913b3c4f__aug4_vflip.png,,a9d1ee1d0b5e46dbbb3eb2302e26d2b8a604a696ef3c0e32f5a205a1cc8d4635,spot,train,train,False,masks/spot/b1d4ce5b582b3a9464ac9f94.png,pending,nonempty,416
SAM3_auto,original,True,spot:21_spot_jpg,416,19d7854295b4b44a04efce0b,spot_source,/content/drive/MyDrive/LeafData.v1i.yolov11_aug4_20261003_170034/train/images/21_spot_jpg.rf.b22117c1312fb3ac374d08ecbf3a8153.jpg,,,pending,missing,train/images/21_spot_jpg.rf.b22117c1312fb3ac374d08ecbf3a8153.jpg,,train/images/21_spot_jpg.rf.b22117c1312fb3ac374d08ecbf3a8153.jpg,,0e83060516fdaf9d949bd6ea69a75e8aa72427a910a12d457f192017d3749424,spot,train,train,False,masks/spot/19d7854295b4b44a04efce0b.png,pending,nonempty,416
SAM3_auto,brillo112,False,spot:21_spot_jpg,416,72aa10317f4510abae2fca66,spot_source,/content/drive/MyDrive/LeafData.v1i.yolov11_aug4_20261003_170034/train/images/21_spot_jpg.rf.b22117c1312fb3ac374d08ecbf3a8153__aug4_brillo112.png,,,pending,missing,train/images/21_spot_jpg.rf.b22117c1312fb3ac374d08ecbf3a8153.jpg,,train/images/21_spot_jpg.rf.b22117c1312fb3ac374d08ecbf3a8153__aug4_brillo112.png,,5bf1a825cd2e3e56821ec21b99ae8530a53dbd08a292760bdc6a37333761dd4b,spot,train,train,False,masks/spot/72aa10317f4510abae2fca66.png,pending,nonempty,416
SAM3_auto,contraste115,False,spot:21_spot_jpg,416,a714c0ed972a051054742934,spot_source,/content/drive/MyDrive/LeafData.v1i.yolov11_aug4_20261003_170034/train/images/21_spot_jpg.rf.b22117c1312fb3ac374d08ecbf3a8153__aug4_contraste115.png,,,pending,missing,train/images/21_spot_jpg.rf.b22117c1312fb3ac374d08ecbf3a8153.jpg,,train/images/21_spot_jpg.rf.b22117c1312fb3ac374d08ecbf3a8153__aug4_contraste115.png,,0adf3336610ae567fe82ee8fd3e6043283d5ee966316ca3519621f121003f3ef,spot,train,train,False,masks/spot/a714c0ed972a051054742934.png,pending,nonempty,416
SAM3_auto,hflip,False,spot:21_spot_jpg,416,8ba3f4ca1de554316deff6b4,spot_source,/content/drive/MyDrive/LeafData.v1i.yolov11_aug4_20261003_170034/train/images/21_spot_jpg.rf.b22117c1312fb3ac374d08ecbf3a8153__aug4_hflip.png,,,pending,missing,train/images/21_spot_jpg.rf.b22117c1312fb3ac374d08ecbf3a8153.jpg,,train/images/21_spot_jpg.rf.b22117c1312fb3ac374d08ecbf3a8153__aug4_hflip.png,,60c7f5d771fd4e547cdbc1d1d032531d82fa6ad458c1f251a5ccfd60167bdf19,spot,train,train,False,masks/spot/8ba3f4ca1de554316deff6b4.png,pending,nonempty,416
SAM3_auto,vflip,False,spot:21_spot_jpg,416,44db5a9ca64ca07cfbcf1c41,spot_source,/content/drive/MyDrive/LeafData.v1i.yolov11_aug4_20261003_170034/train/images/21_spot_jpg.rf.b22117c1312fb3ac374d08ecbf3a8153__aug4_vflip.png,,,pending,missing,train/images/21_spot_jpg.rf.b22117c1312fb3ac374d08ecbf3a8153.jpg,,train/images/21_spot_jpg.rf.b22117c1312fb3ac374d08ecbf3a8153__aug4_vflip.png,,4a69356c25f58d8436d631830b70d0dc02d6329391bcc2f1cac1463de1523ac5,spot,train,train,False,masks/spot/44db5a9ca64ca07cfbcf1c41.png,pending,nonempty,416
SAM3_auto,original,True,spot:21_spot_jpg,416,1ec32d0b8e590ad82d25d7a1,spot_source,/content/drive/MyDrive/LeafData.v1i.yolov11_aug4_20261003_170034/train/images/21_spot_jpg.rf.c94e8e471d546817c5d00852b1392d3d.jpg,,,pending,missing,train/images/21_spot_jpg.rf.c94e8e471d546817c5d00852b1392d3d.jpg,,train/images/21_spot_jpg.rf.c94e8e471d546817c5d00852b1392d3d.jpg,,5d08b21e40d83a79e9b7adf3e5f7ecee7d00f6a86c8d304886d11f9b84723773,spot,train,train,False,masks/spot/1ec32d0b8e590ad82d25d7a1.png,pending,nonempty,416
SAM3_auto,brillo112,False,spot:21_spot_jpg,416,52470e4126a538aea721d74c,spot_source,/content/drive/MyDrive/LeafData.v1i.yolov11_aug4_20261003_170034/train/images/21_spot_jpg.rf.c94e8e471d546817c5d00852b1392d3d__aug4_brillo112.png,,,pending,missing,train/images/21_spot_jpg.rf.c94e8e471d546817c5d00852b1392d3d.jpg,,train/images/21_spot_jpg.rf.c94e8e471d546817c5d00852b1392d3d__aug4_brillo112.png,,e37fe8c73695ba17aac8af4575275fb303e8932bb9312483c92bfbc86a7d4669,spot,train,train,False,masks/spot/52470e4126a538aea721d74c.png,pending,nonempty,416
SAM3_auto,contraste115,False,spot:21_spot_jpg,416,5f172300515235246b9f79bf,spot_source,/content/drive/MyDrive/LeafData.v1i.yolov11_aug4_20261003_170034/train/images/21_spot_jpg.rf.c94e8e471d546817c5d00852b1392d3d__aug4_contraste115.png,,,pending,missing,train/images/21_spot_jpg.rf.c94e8e471d546817c5d00852b1392d3d.jpg,,train/images/21_spot_jpg.rf.c94e8e471d546817c5d00852b1392d3d__aug4_contraste115.png,,10cadb3713a89a562e33b3753daa359431307f0be1973c9779f97f58b99df147,spot,train,train,False,masks/spot/5f172300515235246b9f79bf.png,pending,nonempty,416
SAM3_auto,hflip,False,spot:21_spot_jpg,416,b732dd293832b4e5be78e2be,spot_source,/content/drive/MyDrive/LeafData.v1i.yolov11_aug4_20261003_170034/train/images/21_spot_jpg.rf.c94e8e471d546817c5d00852b1392d3d__aug4_hflip.png,,,pending,missing,train/images/21_spot_jpg.rf.c94e8e471d546817c5d00852b1392d3d.jpg,,train/images/21_spot_jpg.rf.c94e8e471d546817c5d00852b1392d3d__aug4_hflip.png,,b47f047afaf6ac004835f60e1ba8afbd7a0e0bd1d4d1b1eefb1b40ebc1b60ca2,spot,train,train,False,masks/spot/b732dd293832b4e5be78e2be.png,pending,nonempty,416
SAM3_auto,vflip,False,spot:21_spot_jpg,416,fc057aeae2666db974b0ec25,spot_source,/content/drive/MyDrive/LeafData.v1i.yolov11_aug4_20261003_170034/train/images/21_spot_jpg.rf.c94e8e471d546817c5d00852b1392d3d__aug4_vflip.png,,,pending,missing,train/images/21_spot_jpg.rf.c94e8e471d546817c5d00852b1392d3d.jpg,,train/images/21_spot_jpg.rf.c94e8e471d546817c5d00852b1392d3d__aug4_vflip.png,,f2f4269c870ebf4d017583174c18614d4e5556f9d72e1debda885886c451be6b,spot,train,train,False,masks/spot/fc057aeae2666db974b0ec25.png,pending,nonempty,416
SAM3_auto,original,True,spot:21_spot_jpg,416,4896aa9d3f186d78989db7b6,spot_source,/content/drive/MyDrive/LeafData.v1i.yolov11_aug4_20261003_170034/train/images/21_spot_jpg.rf.fa162539997d82ac9c1a65b71b51c65f.jpg,,,pending,missing,train/images/21_spot_jpg.rf.fa162539997d82ac9c1a65b71b51c65f.jpg,,train/images/21_spot_jpg.rf.fa162539997d82ac9c1a65b71b51c65f.jpg,,30882a4169a0d9f677f329353eb90c84f5e6a66b2f0a5513e282ce7afb65f2f2,spot,train,train,False,masks/spot/4896aa9d3f186d78989db7b6.png,pending,nonempty,416
SAM3_auto,brillo112,False,spot:21_spot_jpg,416,0a440e4c33831922dc17528d,spot_source,/content/drive/MyDrive/LeafData.v1i.yolov11_aug4_20261003_170034/train/images/21_spot_jpg.rf.fa162539997d82ac9c1a65b71b51c65f__aug4_brillo112.png,,,pending,missing,train/images/21_spot_jpg.rf.fa162539997d82ac9c1a65b71b51c65f.jpg,,train/images/21_spot_jpg.rf.fa162539997d82ac9c1a65b71b51c65f__aug4_brillo112.png,,064afd368cde3e4e5a0be91a9e85f427405ba77b3d6d69c0bc3514692e614c95,spot,train,train,False,masks/spot/0a440e4c33831922dc17528d.png,pending,nonempty,416
SAM3_auto,contraste115,False,spot:21_spot_jpg,416,3a35b206774dce0a254ffe0c,spot_source,/content/drive/MyDrive/LeafData.v1i.yolov11_aug4_20261003_170034/train/images/21_spot_jpg.rf.fa162539997d82ac9c1a65b71b51c65f__aug4_contraste115.png,,,pending,missing,train/images/21_spot_jpg.rf.fa162539997d82ac9c1a65b71b51c65f.jpg,,train/images/21_spot_jpg.rf.fa162539997d82ac9c1a65b71b51c65f__aug4_contraste115.png,,96750ad568f13d22ec09a4ca306ace693f9f2363466800a1ea139c261458617e,spot,train,train,False,masks/spot/3a35b206774dce0a254ffe0c.png,pending,nonempty,416
SAM3_auto,hflip,False,spot:21_spot_jpg,416,93a3ba78d693652d4fbe5005,spot_source,/content/drive/MyDrive/LeafData.v1i.yolov11_aug4_20261003_170034/train/images/21_spot_jpg.rf.fa162539997d82ac9c1a65b71b51c65f__aug4_hflip.png,,,pending,missing,train/images/21_spot_jpg.rf.fa162539997d82ac9c1a65b71b51c65f.jpg,,train/images/21_spot_jpg.rf.fa162539997d82ac9c1a65b71b51c65f__aug4_hflip.png,,7a3007aaca3af902ad7d76332b6cfa251c0631d076bc9bc6e77af410f28d6b2e,spot,train,train,False,masks/spot/93a3ba78d693652d4fbe5005.png,pending,nonempty,416
SAM3_auto,vflip,False,spot:21_spot_jpg,416,6f81e5af87c694b98eb35150,spot_source,/content/drive/MyDrive/LeafData.v1i.yolov11_aug4_20261003_170034/train/images/21_spot_jpg.rf.fa162539997d82ac9c1a65b71b51c65f__aug4_vflip.png,,,pending,missing,train/images/21_spot_jpg.rf.fa162539997d82ac9c1a65b71b51c65f.jpg,,train/images/21_spot_jpg.rf.fa162539997d82ac9c1a65b71b51c65f__aug4_vflip.png,,2d6b7361bb3f3e0de93686f958d229335420d9e45f0f7193ee261e4ffd112076,spot,train,train,False,masks/spot/6f81e5af87c694b98eb35150.png,pending,nonempty,416
SAM3_auto,original,True,spot:23_spot_jpg,416,f14c4865ae7fffbee2ed30d5,spot_source,/content/drive/MyDrive/LeafData.v1i.yolov11_aug4_20261003_170034/train/images/23_spot_jpg.rf.47fd5d74f5c82a2dbacc324a4c5a643e.jpg,,,pending,missing,train/images/23_spot_jpg.rf.47fd5d74f5c82a2dbacc324a4c5a643e.jpg,,train/images/23_spot_jpg.rf.47fd5d74f5c82a2dbacc324a4c5a643e.jpg,,e7553364913bc67a29c2d545e92d8109e7247be74b091a0e03336e4bdac0ac95,spot,train,train,False,masks/spot/f14c4865ae7fffbee2ed30d5.png,pending,nonempty,416
SAM3_auto,brillo112,False,spot:23_spot_jpg,416,2817b0d500a1dbfb4bd8396d,spot_source,/content/drive/MyDrive/LeafData.v1i.yolov11_aug4_20261003_170034/train/images/23_spot_jpg.rf.47fd5d74f5c82a2dbacc324a4c5a643e__aug4_brillo112.png,,,pending,missing,train/images/23_spot_jpg.rf.47fd5d74f5c82a2dbacc324a4c5a643e.jpg,,train/images/23_spot_jpg.rf.47fd5d74f5c82a2dbacc324a4c5a643e__aug4_brillo112.png,,ca2c6e598c81f11c3291c29fa85e63d481b5576ad94f0178c24637fd5524ba60,spot,train,train,False,masks/spot/2817b0d500a1dbfb4bd8396d.png,pending,nonempty,416
SAM3_auto,contraste115,False,spot:23_spot_jpg,416,eb18a3d7b8c60ea6278a629d,spot_source,/content/drive/MyDrive/LeafData.v1i.yolov11_aug4_20261003_170034/train/images/23_spot_jpg.rf.47fd5d74f5c82a2dbacc324a4c5a643e__aug4_contraste115.png,,,pending,missing,train/images/23_spot_jpg.rf.47fd5d74f5c82a2dbacc324a4c5a643e.jpg,,train/images/23_spot_jpg.rf.47fd5d74f5c82a2dbacc324a4c5a643e__aug4_contraste115.png,,1ecd6ed9c22f35e36499ffb331784a189ec32e0161811b0e11f94469be4f9209,spot,train,train,False,masks/spot/eb18a3d7b8c60ea6278a629d.png,pending,nonempty,416
SAM3_auto,hflip,False,spot:23_spot_jpg,416,636a59574a3c65fba33f58f9,spot_source,/content/drive/MyDrive/LeafData.v1i.yolov11_aug4_20261003_170034/train/images/23_spot_jpg.rf.47fd5d74f5c82a2dbacc324a4c5a643e__aug4_hflip.png,,,pending,missing,train/images/23_spot_jpg.rf.47fd5d74f5c82a2dbacc324a4c5a643e.jpg,,train/images/23_spot_jpg.rf.47fd5d74f5c82a2dbacc324a4c5a643e__aug4_hflip.png,,73a6f08301b00864aa8f31e906a350da0f370f10238105d5b42fd6f6429cf000,spot,train,train,False,masks/spot/636a59574a3c65fba33f58f9.png,pending,nonempty,416
SAM3_auto,vflip,False,spot:23_spot_jpg,416,c0c8d45ade55eeaa8090bac4,spot_source,/content/drive/MyDrive/LeafData.v1i.yolov11_aug4_20261003_170034/train/images/23_spot_jpg.rf.47fd5d74f5c82a2dbacc324a4c5a643e__aug4_vflip.png,,,pending,missing,train/images/23_spot_jpg.rf.47fd5d74f5c82a2dbacc324a4c5a643e.jpg,,train/images/23_spot_jpg.rf.47fd5d74f5c82a2dbacc324a4c5a643e__aug4_vflip.png,,62f81dc8d9915c7d9e8756eec6399120f227948115930ccb8afc437c6a3ea02e,spot,train,train,False,masks/spot/c0c8d45ade55eeaa8090bac4.png,pending,nonempty,416
SAM3_auto,original,True,spot:23_spot_jpg,416,e9c0ebf2d086c73ded7da7d9,spot_source,/content/drive/MyDrive/LeafData.v1i.yolov11_aug4_20261003_170034/train/images/23_spot_jpg.rf.6f868ef997edfe41d59d7505c28f47d4.jpg,,,pending,missing,train/images/23_spot_jpg.rf.6f868ef997edfe41d59d7505c28f47d4.jpg,,train/images/23_spot_jpg.rf.6f868ef997edfe41d59d7505c28f47d4.jpg,,7fa2fc169a645d651be82426e9783ad1dc1973c003f7d3d55a1406d11a8a641c,spot,train,train,False,masks/spot/e9c0ebf2d086c73ded7da7d9.png,pending,nonempty,416
SAM3_auto,brillo112,False,spot:23_spot_jpg,416,ad638cc9fe0d925e4435d7e1,spot_source,/content/drive/MyDrive/LeafData.v1i.yolov11_aug4_20261003_170034/train/images/23_spot_jpg.rf.6f868ef997edfe41d59d7505c28f47d4__aug4_brillo112.png,,,pending,missing,train/images/23_spot_jpg.rf.6f868ef997edfe41d59d7505c28f47d4.jpg,,train/images/23_spot_jpg.rf.6f868ef997edfe41d59d7505c28f47d4__aug4_brillo112.png,,f26756d1c11d6c1071505df42fbb5a94f0af746b12e4c4cfe3e10cfcbab56dcf,spot,train,train,False,masks/spot/ad638cc9fe0d925e4435d7e1.png,pending,nonempty,416
SAM3_auto,contraste115,False,spot:23_spot_jpg,416,8e6ce9f2e672e2f912062a5f,spot_source,/content/drive/MyDrive/LeafData.v1i.yolov11_aug4_20261003_170034/train/images/23_spot_jpg.rf.6f868ef997edfe41d59d7505c28f47d4__aug4_contraste115.png,,,pending,missing,train/images/23_spot_jpg.rf.6f868ef997edfe41d59d7505c28f47d4.jpg,,train/images/23_spot_jpg.rf.6f868ef997edfe41d59d7505c28f47d4__aug4_contraste115.png,,0326e07b3240098d083d40dbe14f7959ba70d4410276f25043a225a946a65c40,spot,train,train,False,masks/spot/8e6ce9f2e672e2f912062a5f.png,pending,nonempty,416
SAM3_auto,hflip,False,spot:23_spot_jpg,416,7ae5abd88f6958fbc099c908,spot_source,/content/drive/MyDrive/LeafData.v1i.yolov11_aug4_20261003_170034/train/images/23_spot_jpg.rf.6f868ef997edfe41d59d7505c28f47d4__aug4_hflip.png,,,pending,missing,train/images/23_spot_jpg.rf.6f868ef997edfe41d59d7505c28f47d4.jpg,,train/images/23_spot_jpg.rf.6f868ef997edfe41d59d7505c28f47d4__aug4_hflip.png,,f90055e7b102bb957003f275aec66f92591c1690d334001a978b599502f49b40,spot,train,train,False,masks/spot/7ae5abd88f6958fbc099c908.png,pending,nonempty,416
SAM3_auto,vflip,False,spot:23_spot_jpg,416,8da0a1c7bb0a217e200c4ebe,spot_source,/content/drive/MyDrive/LeafData.v1i.yolov11_aug4_20261003_170034/train/images/23_spot_jpg.rf.6f868ef997edfe41d59d7505c28f47d4__aug4_vflip.png,,,pending,missing,train/images/23_spot_jpg.rf.6f868ef997edfe41d59d7505c28f47d4.jpg,,train/images/23_spot_jpg.rf.6f868ef997edfe41d59d7505c28f47d4__aug4_vflip.png,,c49285c388845c891c0d9cb6d412f554adbf2169f76f2724547a62fd6baec381,spot,train,train,False,masks/spot/8da0a1c7bb0a217e200c4ebe.png,pending,nonempty,416
SAM3_auto,original,True,spot:23_spot_jpg,416,e79e14aad57b4a57eb69833a,spot_source,/content/drive/MyDrive/LeafData.v1i.yolov11_aug4_20261003_170034/train/images/23_spot_jpg.rf.a96be5fe5a202bcb9e9f31c54692003c.jpg,,,pending,missing,train/images/23_spot_jpg.rf.a96be5fe5a202bcb9e9f31c54692003c.jpg,,train/images/23_spot_jpg.rf.a96be5fe5a202bcb9e9f31c54692003c.jpg,,0bebb09b681431afb9ce2898db8c8421f471a10bbf5e5fd2cc0e339482ac10fd,spot,train,train,False,masks/spot/e79e14aad57b4a57eb69833a.png,pending,nonempty,416
SAM3_auto,brillo112,False,spot:23_spot_jpg,416,09acea0e3bbf8db270de0c9a,spot_source,/content/drive/MyDrive/LeafData.v1i.yolov11_aug4_20261003_170034/train/images/23_spot_jpg.rf.a96be5fe5a202bcb9e9f31c54692003c__aug4_brillo112.png,,,pending,missing,train/images/23_spot_jpg.rf.a96be5fe5a202bcb9e9f31c54692003c.jpg,,train/images/23_spot_jpg.rf.a96be5fe5a202bcb9e9f31c54692003c__aug4_brillo112.png,,1179e8d5b4d0dfd84d576669d2aefc6f7fe371afd1c5deeb78e7ca24e7052b4a,spot,train,train,False,masks/spot/09acea0e3bbf8db270de0c9a.png,pending,nonempty,416
SAM3_auto,contraste115,False,spot:23_spot_jpg,416,95a2d75dc2c3d72cd0ca8746,spot_source,/content/drive/MyDrive/LeafData.v1i.yolov11_aug4_20261003_170034/train/images/23_spot_jpg.rf.a96be5fe5a202bcb9e9f31c54692003c__aug4_contraste115.png,,,pending,missing,train/images/23_spot_jpg.rf.a96be5fe5a202bcb9e9f31c54692003c.jpg,,train/images/23_spot_jpg.rf.a96be5fe5a202bcb9e9f31c54692003c__aug4_contraste115.png,,10bf985bc59be230a2947160ab70838e696d1faee33b4b7c5ed35b816f8fd280,spot,train,train,False,masks/spot/95a2d75dc2c3d72cd0ca8746.png,pending,nonempty,416
SAM3_auto,hflip,False,spot:23_spot_jpg,416,45caba963c7dfca9fdb61819,spot_source,/content/drive/MyDrive/LeafData.v1i.yolov11_aug4_20261003_170034/train/images/23_spot_jpg.rf.a96be5fe5a202bcb9e9f31c54692003c__aug4_hflip.png,,,pending,missing,train/images/23_spot_jpg.rf.a96be5fe5a202bcb9e9f31c54692003c.jpg,,train/images/23_spot_jpg.rf.a96be5fe5a202bcb9e9f31c54692003c__aug4_hflip.png,,15ca6bd57c48c8321d162eaace16ef88e6da0ff617f57bcd6a983fed719be55e,spot,train,train,False,masks/spot/45caba963c7dfca9fdb61819.png,pending,nonempty,416
SAM3_auto,vflip,False,spot:23_spot_jpg,416,7e52f0bd96f9276e6f6af6bd,spot_source,/content/drive/MyDrive/LeafData.v1i.yolov11_aug4_20261003_170034/train/images/23_spot_jpg.rf.a96be5fe5a202bcb9e9f31c54692003c__aug4_vflip.png,,,pending,missing,train/images/23_spot_jpg.rf.a96be5fe5a202bcb9e9f31c54692003c.jpg,,train/images/23_spot_jpg.rf.a96be5fe5a202bcb9e9f31c54692003c__aug4_vflip.png,,bab7a2a0b7b175ed6eabbc81efaa0dca0913411070f5ccc46c7bc8cff28b913e,spot,train,train,False,masks/spot/7e52f0bd96f9276e6f6af6bd.png,pending,nonempty,416
SAM3_auto,original,True,spot:24_spot_jpg,416,af488813a92dcc4f7a3f587c,spot_source,/content/drive/MyDrive/LeafData.v1i.yolov11_aug4_20261003_170034/train/images/24_spot_jpg.rf.c2fb225f99eafabceaeaa40dce3dd35f.jpg,,,pending,missing,train/images/24_spot_jpg.rf.c2fb225f99eafabceaeaa40dce3dd35f.jpg,,train/images/24_spot_jpg.rf.c2fb225f99eafabceaeaa40dce3dd35f.jpg,,a741f10eba8b654a339a49ddb4803f464c58dc148542deae65b322412593cfa2,spot,train,train,False,masks/spot/af488813a92dcc4f7a3f587c.png,pending,nonempty,416
SAM3_auto,brillo112,False,spot:24_spot_jpg,416,a8f8cfe593ada03aceec13ab,spot_source,/content/drive/MyDrive/LeafData.v1i.yolov11_aug4_20261003_170034/train/images/24_spot_jpg.rf.c2fb225f99eafabceaeaa40dce3dd35f__aug4_brillo112.png,,,pending,missing,train/images/24_spot_jpg.rf.c2fb225f99eafabceaeaa40dce3dd35f.jpg,,train/images/24_spot_jpg.rf.c2fb225f99eafabceaeaa40dce3dd35f__aug4_brillo112.png,,01a4f7c283e7ff6e1d3f28038d22634e4bae98886282eb7fac3267f319a083b9,spot,train,train,False,masks/spot/a8f8cfe593ada03aceec13ab.png,pending,nonempty,416
SAM3_auto,contraste115,False,spot:24_spot_jpg,416,0411a868bdf87fe5e94fa2eb,spot_source,/content/drive/MyDrive/LeafData.v1i.yolov11_aug4_20261003_170034/train/images/24_spot_jpg.rf.c2fb225f99eafabceaeaa40dce3dd35f__aug4_contraste115.png,,,pending,missing,train/images/24_spot_jpg.rf.c2fb225f99eafabceaeaa40dce3dd35f.jpg,,train/images/24_spot_jpg.rf.c2fb225f99eafabceaeaa40dce3dd35f__aug4_contraste115.png,,965294951d22d61457a0c899011150761a8f3e26acc7dd92f90456f66a16dcb3,spot,train,train,False,masks/spot/0411a868bdf87fe5e94fa2eb.png,pending,nonempty,416
SAM3_auto,hflip,False,spot:24_spot_jpg,416,26c2ca6849d7491ebe6cea89,spot_source,/content/drive/MyDrive/LeafData.v1i.yolov11_aug4_20261003_170034/train/images/24_spot_jpg.rf.c2fb225f99eafabceaeaa40dce3dd35f__aug4_hflip.png,,,pending,missing,train/images/24_spot_jpg.rf.c2fb225f99eafabceaeaa40dce3dd35f.jpg,,train/images/24_spot_jpg.rf.c2fb225f99eafabceaeaa40dce3dd35f__aug4_hflip.png,,79f01877babefb52758a92e44cdb05452cd7b4eb0c6650b5a2ed56d87d5ffb91,spot,train,train,False,masks/spot/26c2ca6849d7491ebe6cea89.png,pending,nonempty,416
SAM3_auto,vflip,False,spot:24_spot_jpg,416,d62ea83e574e4d8ea645d93c,spot_source,/content/drive/MyDrive/LeafData.v1i.yolov11_aug4_20261003_170034/train/images/24_spot_jpg.rf.c2fb225f99eafabceaeaa40dce3dd35f__aug4_vflip.png,,,pending,missing,train/images/24_spot_jpg.rf.c2fb225f99eafabceaeaa40dce3dd35f.jpg,,train/images/24_spot_jpg.rf.c2fb225f99eafabceaeaa40dce3dd35f__aug4_vflip.png,,66f32048b422f391f04e90e455566e5d123a21d9f5c3b9556f481f7f177cf857,spot,train,train,False,masks/spot/d62ea83e574e4d8ea645d93c.png,pending,nonempty,416
SAM3_auto,original,True,spot:24_spot_jpg,416,b858be0b5bf9e5dda955b3b9,spot_source,/content/drive/MyDrive/LeafData.v1i.yolov11_aug4_20261003_170034/train/images/24_spot_jpg.rf.c817a992ab7e7aa39add643e149b05d1.jpg,,,pending,missing,train/images/24_spot_jpg.rf.c817a992ab7e7aa39add643e149b05d1.jpg,,train/images/24_spot_jpg.rf.c817a992ab7e7aa39add643e149b05d1.jpg,,bf2700cfaa9672efb1e1a524953b897ed5f357b8c0816d206817a79b2eda6084,spot,train,train,False,masks/spot/b858be0b5bf9e5dda955b3b9.png,pending,nonempty,416
SAM3_auto,brillo112,False,spot:24_spot_jpg,416,c0fc7db8df1004104ab873d8,spot_source,/content/drive/MyDrive/LeafData.v1i.yolov11_aug4_20261003_170034/train/images/24_spot_jpg.rf.c817a992ab7e7aa39add643e149b05d1__aug4_brillo112.png,,,pending,missing,train/images/24_spot_jpg.rf.c817a992ab7e7aa39add643e149b05d1.jpg,,train/images/24_spot_jpg.rf.c817a992ab7e7aa39add643e149b05d1__aug4_brillo112.png,,5bf34529abed9076fb7c6befbd07e6a7bb1726d0a7b73f0d3bab3e6112718d51,spot,train,train,False,masks/spot/c0fc7db8df1004104ab873d8.png,pending,nonempty,416
SAM3_auto,contraste115,False,spot:24_spot_jpg,416,26cb8cf6294c672f44a2e018,spot_source,/content/drive/MyDrive/LeafData.v1i.yolov11_aug4_20261003_170034/train/images/24_spot_jpg.rf.c817a992ab7e7aa39add643e149b05d1__aug4_contraste115.png,,,pending,missing,train/images/24_spot_jpg.rf.c817a992ab7e7aa39add643e149b05d1.jpg,,train/images/24_spot_jpg.rf.c817a992ab7e7aa39add643e149b05d1__aug4_contraste115.png,,be86d4c0e2ea288a7277d1c26e4802bb0b4cd477ada0e154d0ff4a88d06b4674,spot,train,train,False,masks/spot/26cb8cf6294c672f44a2e018.png,pending,nonempty,416
SAM3_auto,hflip,False,spot:24_spot_jpg,416,64b663071ddfc9dfb28d4459,spot_source,/content/drive/MyDrive/LeafData.v1i.yolov11_aug4_20261003_170034/train/images/24_spot_jpg.rf.c817a992ab7e7aa39add643e149b05d1__aug4_hflip.png,,,pending,missing,train/images/24_spot_jpg.rf.c817a992ab7e7aa39add643e149b05d1.jpg,,train/images/24_spot_jpg.rf.c817a992ab7e7aa39add643e149b05d1__aug4_hflip.png,,a2d4f201a408ed48b58fea77d26659e4e4757592042bd5d9cb413bfe85227b0c,spot,train,train,False,masks/spot/64b663071ddfc9dfb28d4459.png,pending,nonempty,416
SAM3_auto,vflip,False,spot:24_spot_jpg,416,dbb2ec6a4080450d22e8920e,spot_source,/content/drive/MyDrive/LeafData.v1i.yolov11_aug4_20261003_170034/train/images/24_spot_jpg.rf.c817a992ab7e7aa39add643e149b05d1__aug4_vflip.png,,,pending,missing,train/images/24_spot_jpg.rf.c817a992ab7e7aa39add643e149b05d1.jpg,,train/images/24_spot_jpg.rf.c817a992ab7e7aa39add643e149b05d1__aug4_vflip.png,,73e80750386de31ea0f36e74c5282816ecbe39505f83f5c2f83c1cdad99960d6,spot,train,train,False,masks/spot/dbb2ec6a4080450d22e8920e.png,pending,nonempty,416
SAM3_auto,original,True,spot:24_spot_jpg,416,23e0d48c755f905b4f24c813,spot_source,/content/drive/MyDrive/LeafData.v1i.yolov11_aug4_20261003_170034/train/images/24_spot_jpg.rf.e671679bc31b514b40146bc19e76a689.jpg,,,pending,missing,train/images/24_spot_jpg.rf.e671679bc31b514b40146bc19e76a689.jpg,,train/images/24_spot_jpg.rf.e671679bc31b514b40146bc19e76a689.jpg,,912a9b4c77297e5311b470b19e2a14b316e7a62d8dbfd472b63f4d22718fd69a,spot,train,train,False,masks/spot/23e0d48c755f905b4f24c813.png,pending,nonempty,416
SAM3_auto,brillo112,False,spot:24_spot_jpg,416,b158645be0102ecb728e5a98,spot_source,/content/drive/MyDrive/LeafData.v1i.yolov11_aug4_20261003_170034/train/images/24_spot_jpg.rf.e671679bc31b514b40146bc19e76a689__aug4_brillo112.png,,,pending,missing,train/images/24_spot_jpg.rf.e671679bc31b514b40146bc19e76a689.jpg,,train/images/24_spot_jpg.rf.e671679bc31b514b40146bc19e76a689__aug4_brillo112.png,,393765030c799d0055563aa40e1ec2ffce8346547bcfa503482bdd505ff51961,spot,train,train,False,masks/spot/b158645be0102ecb728e5a98.png,pending,nonempty,416
SAM3_auto,contraste115,False,spot:24_spot_jpg,416,e8c0442309c0087695227031,spot_source,/content/drive/MyDrive/LeafData.v1i.yolov11_aug4_20261003_170034/train/images/24_spot_jpg.rf.e671679bc31b514b40146bc19e76a689__aug4_contraste115.png,,,pending,missing,train/images/24_spot_jpg.rf.e671679bc31b514b40146bc19e76a689.jpg,,train/images/24_spot_jpg.rf.e671679bc31b514b40146bc19e76a689__aug4_contraste115.png,,931a2d6390f11289e4cfcaba763f62772a22547d3a96f522c4080d26c3f75d3c,spot,train,train,False,masks/spot/e8c0442309c0087695227031.png,pending,nonempty,416
SAM3_auto,hflip,False,spot:24_spot_jpg,416,89f9c7c32e7a4a930e38bb48,spot_source,/content/drive/MyDrive/LeafData.v1i.yolov11_aug4_20261003_170034/train/images/24_spot_jpg.rf.e671679bc31b514b40146bc19e76a689__aug4_hflip.png,,,pending,missing,train/images/24_spot_jpg.rf.e671679bc31b514b40146bc19e76a689.jpg,,train/images/24_spot_jpg.rf.e671679bc31b514b40146bc19e76a689__aug4_hflip.png,,c980636c6b620c3dd75e8a8560e086d2d4b82e288f5b47f054ebd6dc76212946,spot,train,train,False,masks/spot/89f9c7c32e7a4a930e38bb48.png,pending,nonempty,416
SAM3_auto,vflip,False,spot:24_spot_jpg,416,e6bc13e3ebe1e083295b82f8,spot_source,/content/drive/MyDrive/LeafData.v1i.yolov11_aug4_20261003_170034/train/images/24_spot_jpg.rf.e671679bc31b514b40146bc19e76a689__aug4_vflip.png,,,pending,missing,train/images/24_spot_jpg.rf.e671679bc31b514b40146bc19e76a689.jpg,,train/images/24_spot_jpg.rf.e671679bc31b514b40146bc19e76a689__aug4_vflip.png,,ff41c96421fbb22e03c6bc79fe0de5d90511400cc30ae6a07370c33e411404b8,spot,train,train,False,masks/spot/e6bc13e3ebe1e083295b82f8.png,pending,nonempty,416
SAM3_auto,original,True,spot:25_spot_jpg,416,e6434d4722c65a8c5e024621,spot_source,/content/drive/MyDrive/LeafData.v1i.yolov11_aug4_20261003_170034/train/images/25_spot_jpg.rf.4e21e464ae940ef45c23c0ec7a4f0f0a.jpg,,,pending,missing,train/images/25_spot_jpg.rf.4e21e464ae940ef45c23c0ec7a4f0f0a.jpg,,train/images/25_spot_jpg.rf.4e21e464ae940ef45c23c0ec7a4f0f0a.jpg,,a88d470bd6d9fe61d2fdb8f39ab68de8453283fb999e857cb845c13c2020a2a7,spot,train,train,False,masks/spot/e6434d4722c65a8c5e024621.png,pending,nonempty,416
SAM3_auto,brillo112,False,spot:25_spot_jpg,416,3c1e8e32f69fafc8be26598f,spot_source,/content/drive/MyDrive/LeafData.v1i.yolov11_aug4_20261003_170034/train/images/25_spot_jpg.rf.4e21e464ae940ef45c23c0ec7a4f0f0a__aug4_brillo112.png,,,pending,missing,train/images/25_spot_jpg.rf.4e21e464ae940ef45c23c0ec7a4f0f0a.jpg,,train/images/25_spot_jpg.rf.4e21e464ae940ef45c23c0ec7a4f0f0a__aug4_brillo112.png,,bb887384b3ddf9dbc3690cf6261a0f9275e40ecd479a74c7fe51d542e12300f3,spot,train,train,False,masks/spot/3c1e8e32f69fafc8be26598f.png,pending,nonempty,416
SAM3_auto,contraste115,False,spot:25_spot_jpg,416,7dd1a4f755c79ca09a7d2d4f,spot_source,/content/drive/MyDrive/LeafData.v1i.yolov11_aug4_20261003_170034/train/images/25_spot_jpg.rf.4e21e464ae940ef45c23c0ec7a4f0f0a__aug4_contraste115.png,,,pending,missing,train/images/25_spot_jpg.rf.4e21e464ae940ef45c23c0ec7a4f0f0a.jpg,,train/images/25_spot_jpg.rf.4e21e464ae940ef45c23c0ec7a4f0f0a__aug4_contraste115.png,,9f7ee5fefc755c7581e0800d85e720b3899cd0dda4c02e918b0c594ca5696703,spot,train,train,False,masks/spot/7dd1a4f755c79ca09a7d2d4f.png,pending,nonempty,416
SAM3_auto,hflip,False,spot:25_spot_jpg,416,3453007bc3642148ee1921a0,spot_source,/content/drive/MyDrive/LeafData.v1i.yolov11_aug4_20261003_170034/train/images/25_spot_jpg.rf.4e21e464ae940ef45c23c0ec7a4f0f0a__aug4_hflip.png,,,pending,missing,train/images/25_spot_jpg.rf.4e21e464ae940ef45c23c0ec7a4f0f0a.jpg,,train/images/25_spot_jpg.rf.4e21e464ae940ef45c23c0ec7a4f0f0a__aug4_hflip.png,,d6794666384880354e13f0298fec0e3a83671a2c3b3562c745b77ff57ad733c9,spot,train,train,False,masks/spot/3453007bc3642148ee1921a0.png,pending,nonempty,416
SAM3_auto,vflip,False,spot:25_spot_jpg,416,c0f8a18e5d59c20bde2327dd,spot_source,/content/drive/MyDrive/LeafData.v1i.yolov11_aug4_20261003_170034/train/images/25_spot_jpg.rf.4e21e464ae940ef45c23c0ec7a4f0f0a__aug4_vflip.png,,,pending,missing,train/images/25_spot_jpg.rf.4e21e464ae940ef45c23c0ec7a4f0f0a.jpg,,train/images/25_spot_jpg.rf.4e21e464ae940ef45c23c0ec7a4f0f0a__aug4_vflip.png,,c0d2539fcff0c0c3b279503e4abd3adb7dca0a557ef75d369a04cc7833bdc050,spot,train,train,False,masks/spot/c0f8a18e5d59c20bde2327dd.png,pending,nonempty,416
SAM3_auto,original,True,spot:25_spot_jpg,416,1cfb90c49f9675e729c3017e,spot_source,/content/drive/MyDrive/LeafData.v1i.yolov11_aug4_20261003_170034/train/images/25_spot_jpg.rf.597659f47bfa81dee4fbee4a63b57e69.jpg,,,pending,missing,train/images/25_spot_jpg.rf.597659f47bfa81dee4fbee4a63b57e69.jpg,,train/images/25_spot_jpg.rf.597659f47bfa81dee4fbee4a63b57e69.jpg,,5b6dcb82f509ce582857cc452daa057b444a00047f8ed8a1d549d6a2160eff74,spot,train,train,False,masks/spot/1cfb90c49f9675e729c3017e.png,pending,nonempty,416
SAM3_auto,brillo112,False,spot:25_spot_jpg,416,fbc7af291098afa6f1fc3998,spot_source,/content/drive/MyDrive/LeafData.v1i.yolov11_aug4_20261003_170034/train/images/25_spot_jpg.rf.597659f47bfa81dee4fbee4a63b57e69__aug4_brillo112.png,,,pending,missing,train/images/25_spot_jpg.rf.597659f47bfa81dee4fbee4a63b57e69.jpg,,train/images/25_spot_jpg.rf.597659f47bfa81dee4fbee4a63b57e69__aug4_brillo112.png,,a0846f4c6c152764e8a80747b0df43ab318e133189752f96db56bbe7b8eb6b5c,spot,train,train,False,masks/spot/fbc7af291098afa6f1fc3998.png,pending,nonempty,416
SAM3_auto,contraste115,False,spot:25_spot_jpg,416,61e9e95db77a3506ec0dc63a,spot_source,/content/drive/MyDrive/LeafData.v1i.yolov11_aug4_20261003_170034/train/images/25_spot_jpg.rf.597659f47bfa81dee4fbee4a63b57e69__aug4_contraste115.png,,,pending,missing,train/images/25_spot_jpg.rf.597659f47bfa81dee4fbee4a63b57e69.jpg,,train/images/25_spot_jpg.rf.597659f47bfa81dee4fbee4a63b57e69__aug4_contraste115.png,,99490219a53718a38b01dafa8f45264a7ebeacc481e47149b928e25f89751967,spot,train,train,False,masks/spot/61e9e95db77a3506ec0dc63a.png,pending,nonempty,416
SAM3_auto,hflip,False,spot:25_spot_jpg,416,a48b70572920387e91a20773,spot_source,/content/drive/MyDrive/LeafData.v1i.yolov11_aug4_20261003_170034/train/images/25_spot_jpg.rf.597659f47bfa81dee4fbee4a63b57e69__aug4_hflip.png,,,pending,missing,train/images/25_spot_jpg.rf.597659f47bfa81dee4fbee4a63b57e69.jpg,,train/images/25_spot_jpg.rf.597659f47bfa81dee4fbee4a63b57e69__aug4_hflip.png,,c14dae7439e945684f21bb4d9898b813c0bc8ef6ba27e40f09eeb73c2233f468,spot,train,train,False,masks/spot/a48b70572920387e91a20773.png,pending,nonempty,416
SAM3_auto,vflip,False,spot:25_spot_jpg,416,ca470b447b20ac406c45ce6e,spot_source,/content/drive/MyDrive/LeafData.v1i.yolov11_aug4_20261003_170034/train/images/25_spot_jpg.rf.597659f47bfa81dee4fbee4a63b57e69__aug4_vflip.png,,,pending,missing,train/images/25_spot_jpg.rf.597659f47bfa81dee4fbee4a63b57e69.jpg,,train/images/25_spot_jpg.rf.597659f47bfa81dee4fbee4a63b57e69__aug4_vflip.png,,d8de716607f7cc2e96fca8077d7db944746c0a7a7a8f5ba8b85bf8af36656704,spot,train,train,False,masks/spot/ca470b447b20ac406c45ce6e.png,pending,nonempty,416
SAM3_auto,original,True,spot:25_spot_jpg,416,f6d7487f920e62c1d2b603ca,spot_source,/content/drive/MyDrive/LeafData.v1i.yolov11_aug4_20261003_170034/train/images/25_spot_jpg.rf.9f55d9aaaa1b725d5d4dbc96ae0ba548.jpg,,,pending,missing,train/images/25_spot_jpg.rf.9f55d9aaaa1b725d5d4dbc96ae0ba548.jpg,,train/images/25_spot_jpg.rf.9f55d9aaaa1b725d5d4dbc96ae0ba548.jpg,,68d87410a08c0397adb9663ffaf9e453e58b97cf80c7d772a2e0c38833574a6d,spot,train,train,False,masks/spot/f6d7487f920e62c1d2b603ca.png,pending,nonempty,416
SAM3_auto,brillo112,False,spot:25_spot_jpg,416,684cd4af454678ced0e34e99,spot_source,/content/drive/MyDrive/LeafData.v1i.yolov11_aug4_20261003_170034/train/images/25_spot_jpg.rf.9f55d9aaaa1b725d5d4dbc96ae0ba548__aug4_brillo112.png,,,pending,missing,train/images/25_spot_jpg.rf.9f55d9aaaa1b725d5d4dbc96ae0ba548.jpg,,train/images/25_spot_jpg.rf.9f55d9aaaa1b725d5d4dbc96ae0ba548__aug4_brillo112.png,,1f1f7e9184cf8d1a73356ea7b4e7d99e2519f868337e66b5232158b65b9a1ee8,spot,train,train,False,masks/spot/684cd4af454678ced0e34e99.png,pending,nonempty,416
SAM3_auto,contraste115,False,spot:25_spot_jpg,416,7d21b3eed108ce0fdba510f5,spot_source,/content/drive/MyDrive/LeafData.v1i.yolov11_aug4_20261003_170034/train/images/25_spot_jpg.rf.9f55d9aaaa1b725d5d4dbc96ae0ba548__aug4_contraste115.png,,,pending,missing,train/images/25_spot_jpg.rf.9f55d9aaaa1b725d5d4dbc96ae0ba548.jpg,,train/images/25_spot_jpg.rf.9f55d9aaaa1b725d5d4dbc96ae0ba548__aug4_contraste115.png,,d8b41c030a27fb37fb64be069f0b45e9e72973927d4edcaec00ddc58b1a7420d,spot,train,train,False,masks/spot/7d21b3eed108ce0fdba510f5.png,pending,nonempty,416
SAM3_auto,hflip,False,spot:25_spot_jpg,416,cd2553aff19e802ebe059f41,spot_source,/content/drive/MyDrive/LeafData.v1i.yolov11_aug4_20261003_170034/train/images/25_spot_jpg.rf.9f55d9aaaa1b725d5d4dbc96ae0ba548__aug4_hflip.png,,,pending,missing,train/images/25_spot_jpg.rf.9f55d9aaaa1b725d5d4dbc96ae0ba548.jpg,,train/images/25_spot_jpg.rf.9f55d9aaaa1b725d5d4dbc96ae0ba548__aug4_hflip.png,,86e292e4e5c1b8a8ef8df3bce18c32873f1c3e4466b319cd5b3865e6d7640c06,spot,train,train,False,masks/spot/cd2553aff19e802ebe059f41.png,pending,nonempty,416
SAM3_auto,vflip,False,spot:25_spot_jpg,416,9eca052a820143eac5e1f342,spot_source,/content/drive/MyDrive/LeafData.v1i.yolov11_aug4_20261003_170034/train/images/25_spot_jpg.rf.9f55d9aaaa1b725d5d4dbc96ae0ba548__aug4_vflip.png,,,pending,missing,train/images/25_spot_jpg.rf.9f55d9aaaa1b725d5d4dbc96ae0ba548.jpg,,train/images/25_spot_jpg.rf.9f55d9aaaa1b725d5d4dbc96ae0ba548__aug4_vflip.png,,829c23b8a3715e4095e8888787662e0a38783982040495947090400117dbf05f,spot,train,train,False,masks/spot/9eca052a820143eac5e1f342.png,pending,nonempty,416
SAM3_auto,original,True,spot:26_spot_jpg,416,e3d7742cacea03f4cdd82704,spot_source,/content/drive/MyDrive/LeafData.v1i.yolov11_aug4_20261003_170034/train/images/26_spot_jpg.rf.68a784c6b647729900c6c55bb788e90b.jpg,,,pending,missing,train/images/26_spot_jpg.rf.68a784c6b647729900c6c55bb788e90b.jpg,,train/images/26_spot_jpg.rf.68a784c6b647729900c6c55bb788e90b.jpg,,8ea65c96bcbb1de4e11c65570f8548b31372ff25ab7c90ff2eade32238d84d79,spot,train,train,False,masks/spot/e3d7742cacea03f4cdd82704.png,pending,nonempty,416
SAM3_auto,brillo112,False,spot:26_spot_jpg,416,a6011ac990e31fd80208e90f,spot_source,/content/drive/MyDrive/LeafData.v1i.yolov11_aug4_20261003_170034/train/images/26_spot_jpg.rf.68a784c6b647729900c6c55bb788e90b__aug4_brillo112.png,,,pending,missing,train/images/26_spot_jpg.rf.68a784c6b647729900c6c55bb788e90b.jpg,,train/images/26_spot_jpg.rf.68a784c6b647729900c6c55bb788e90b__aug4_brillo112.png,,ed8b0679f4157c0a5a03f13d468fc2d3d82619f463720f495f77c55a9285ad8b,spot,train,train,False,masks/spot/a6011ac990e31fd80208e90f.png,pending,nonempty,416
SAM3_auto,contraste115,False,spot:26_spot_jpg,416,7b618c142b033b00aa479483,spot_source,/content/drive/MyDrive/LeafData.v1i.yolov11_aug4_20261003_170034/train/images/26_spot_jpg.rf.68a784c6b647729900c6c55bb788e90b__aug4_contraste115.png,,,pending,missing,train/images/26_spot_jpg.rf.68a784c6b647729900c6c55bb788e90b.jpg,,train/images/26_spot_jpg.rf.68a784c6b647729900c6c55bb788e90b__aug4_contraste115.png,,6d1d8de84b3b960cb2a06f948df8253f20c568d63f0c3e76fc4baff606eead2c,spot,train,train,False,masks/spot/7b618c142b033b00aa479483.png,pending,nonempty,416
SAM3_auto,hflip,False,spot:26_spot_jpg,416,4be21fbc88cfccd7e301e73f,spot_source,/content/drive/MyDrive/LeafData.v1i.yolov11_aug4_20261003_170034/train/images/26_spot_jpg.rf.68a784c6b647729900c6c55bb788e90b__aug4_hflip.png,,,pending,missing,train/images/26_spot_jpg.rf.68a784c6b647729900c6c55bb788e90b.jpg,,train/images/26_spot_jpg.rf.68a784c6b647729900c6c55bb788e90b__aug4_hflip.png,,2a6a943af24a98f701fd92839257afcd3d9d1afaf58f5403ac48ed3307eeb64d,spot,train,train,False,masks/spot/4be21fbc88cfccd7e301e73f.png,pending,nonempty,416
SAM3_auto,vflip,False,spot:26_spot_jpg,416,11ca752bfba43050c96cba91,spot_source,/content/drive/MyDrive/LeafData.v1i.yolov11_aug4_20261003_170034/train/images/26_spot_jpg.rf.68a784c6b647729900c6c55bb788e90b__aug4_vflip.png,,,pending,missing,train/images/26_spot_jpg.rf.68a784c6b647729900c6c55bb788e90b.jpg,,train/images/26_spot_jpg.rf.68a784c6b647729900c6c55bb788e90b__aug4_vflip.png,,c156229f1fb0685a228df9c0cf7a0a438dada5678ded77df1b04b2f4d603c4cb,spot,train,train,False,masks/spot/11ca752bfba43050c96cba91.png,pending,nonempty,416
SAM3_auto,original,True,spot:26_spot_jpg,416,8ac36fd0fbd93c64318c9144,spot_source,/content/drive/MyDrive/LeafData.v1i.yolov11_aug4_20261003_170034/train/images/26_spot_jpg.rf.c68b823afcb1fe15e7491b130e9fc805.jpg,,,pending,missing,train/images/26_spot_jpg.rf.c68b823afcb1fe15e7491b130e9fc805.jpg,,train/images/26_spot_jpg.rf.c68b823afcb1fe15e7491b130e9fc805.jpg,,f8a378a9f7bbf266e26ef9d7295c08e18ab69989f0f1437b7e8d79f3952a90bd,spot,train,train,False,masks/spot/8ac36fd0fbd93c64318c9144.png,pending,nonempty,416
SAM3_auto,brillo112,False,spot:26_spot_jpg,416,2879cce4178ee80b5e964021,spot_source,/content/drive/MyDrive/LeafData.v1i.yolov11_aug4_20261003_170034/train/images/26_spot_jpg.rf.c68b823afcb1fe15e7491b130e9fc805__aug4_brillo112.png,,,pending,missing,train/images/26_spot_jpg.rf.c68b823afcb1fe15e7491b130e9fc805.jpg,,train/images/26_spot_jpg.rf.c68b823afcb1fe15e7491b130e9fc805__aug4_brillo112.png,,1f7a2e964ada9ddc21903398450865d18915f008d709fd803844b1e84ea64f29,spot,train,train,False,masks/spot/2879cce4178ee80b5e964021.png,pending,nonempty,416
SAM3_auto,contraste115,False,spot:26_spot_jpg,416,cf904fd5d9b12439b6447e6f,spot_source,/content/drive/MyDrive/LeafData.v1i.yolov11_aug4_20261003_170034/train/images/26_spot_jpg.rf.c68b823afcb1fe15e7491b130e9fc805__aug4_contraste115.png,,,pending,missing,train/images/26_spot_jpg.rf.c68b823afcb1fe15e7491b130e9fc805.jpg,,train/images/26_spot_jpg.rf.c68b823afcb1fe15e7491b130e9fc805__aug4_contraste115.png,,aec13ccb3a52c75fe519dd5348c2edafeb6f6b9462c75c30a2d2c2732dcea857,spot,train,train,False,masks/spot/cf904fd5d9b12439b6447e6f.png,pending,nonempty,416
SAM3_auto,hflip,False,spot:26_spot_jpg,416,69eb158959c023c9fdf38c63,spot_source,/content/drive/MyDrive/LeafData.v1i.yolov11_aug4_20261003_170034/train/images/26_spot_jpg.rf.c68b823afcb1fe15e7491b130e9fc805__aug4_hflip.png,,,pending,missing,train/images/26_spot_jpg.rf.c68b823afcb1fe15e7491b130e9fc805.jpg,,train/images/26_spot_jpg.rf.c68b823afcb1fe15e7491b130e9fc805__aug4_hflip.png,,845c4f9196a75786d21fba3115f017446c4a8ec7a732cd98bea5515a222f1ce7,spot,train,train,False,masks/spot/69eb158959c023c9fdf38c63.png,pending,nonempty,416
SAM3_auto,vflip,False,spot:26_spot_jpg,416,98adeaa4119dad97a95868d1,spot_source,/content/drive/MyDrive/LeafData.v1i.yolov11_aug4_20261003_170034/train/images/26_spot_jpg.rf.c68b823afcb1fe15e7491b130e9fc805__aug4_vflip.png,,,pending,missing,train/images/26_spot_jpg.rf.c68b823afcb1fe15e7491b130e9fc805.jpg,,train/images/26_spot_jpg.rf.c68b823afcb1fe15e7491b130e9fc805__aug4_vflip.png,,769b6d313fd3b79ef42a07705d26deda1762c0c0a658831907c56b1229fff6b7,spot,train,train,False,masks/spot/98adeaa4119dad97a95868d1.png,pending,nonempty,416
SAM3_auto,original,True,spot:26_spot_jpg,416,3a6b49a9691f0d3bd58742d9,spot_source,/content/drive/MyDrive/LeafData.v1i.yolov11_aug4_20261003_170034/train/images/26_spot_jpg.rf.f041554c5122d5cc3566e9d067924ad5.jpg,,,pending,missing,train/images/26_spot_jpg.rf.f041554c5122d5cc3566e9d067924ad5.jpg,,train/images/26_spot_jpg.rf.f041554c5122d5cc3566e9d067924ad5.jpg,,dd3eb493a26c062d4d1e59b9f82ef1a8a7a555dcc1830c5454261fd7941b4f4e,spot,train,train,False,masks/spot/3a6b49a9691f0d3bd58742d9.png,pending,nonempty,416
SAM3_auto,brillo112,False,spot:26_spot_jpg,416,028803faa9a1c0e13355e53b,spot_source,/content/drive/MyDrive/LeafData.v1i.yolov11_aug4_20261003_170034/train/images/26_spot_jpg.rf.f041554c5122d5cc3566e9d067924ad5__aug4_brillo112.png,,,pending,missing,train/images/26_spot_jpg.rf.f041554c5122d5cc3566e9d067924ad5.jpg,,train/images/26_spot_jpg.rf.f041554c5122d5cc3566e9d067924ad5__aug4_brillo112.png,,aa8fe76b628c31885c3e64c11e4fd647b8541b4c37c72549a5b3bec5a0df3b77,spot,train,train,False,masks/spot/028803faa9a1c0e13355e53b.png,pending,nonempty,416
SAM3_auto,contraste115,False,spot:26_spot_jpg,416,ee3ff93a8c0191198c4314e8,spot_source,/content/drive/MyDrive/LeafData.v1i.yolov11_aug4_20261003_170034/train/images/26_spot_jpg.rf.f041554c5122d5cc3566e9d067924ad5__aug4_contraste115.png,,,pending,missing,train/images/26_spot_jpg.rf.f041554c5122d5cc3566e9d067924ad5.jpg,,train/images/26_spot_jpg.rf.f041554c5122d5cc3566e9d067924ad5__aug4_contraste115.png,,2b570342828702f0972ec4fa75b1996c1b313fa408bfaf8044110e333877396f,spot,train,train,False,masks/spot/ee3ff93a8c0191198c4314e8.png,pending,nonempty,416
SAM3_auto,hflip,False,spot:26_spot_jpg,416,ab9ded19b07fe0455fb4ddc2,spot_source,/content/drive/MyDrive/LeafData.v1i.yolov11_aug4_20261003_170034/train/images/26_spot_jpg.rf.f041554c5122d5cc3566e9d067924ad5__aug4_hflip.png,,,pending,missing,train/images/26_spot_jpg.rf.f041554c5122d5cc3566e9d067924ad5.jpg,,train/images/26_spot_jpg.rf.f041554c5122d5cc3566e9d067924ad5__aug4_hflip.png,,7826cb03a92153d3a0c043de269018a11f725295bd6be0c2621da6a071fb7355,spot,train,train,False,masks/spot/ab9ded19b07fe0455fb4ddc2.png,pending,nonempty,416
SAM3_auto,vflip,False,spot:26_spot_jpg,416,6b667ceb3baa321040f7e518,spot_source,/content/drive/MyDrive/LeafData.v1i.yolov11_aug4_20261003_170034/train/images/26_spot_jpg.rf.f041554c5122d5cc3566e9d067924ad5__aug4_vflip.png,,,pending,missing,train/images/26_spot_jpg.rf.f041554c5122d5cc3566e9d067924ad5.jpg,,train/images/26_spot_jpg.rf.f041554c5122d5cc3566e9d067924ad5__aug4_vflip.png,,c08111dceb8a70f89a550225f87bdf0dc175a5191dd9b29de21e4898254b4e68,spot,train,train,False,masks/spot/6b667ceb3baa321040f7e518.png,pending,nonempty,416
SAM3_auto,original,True,spot:27_spot_jpg,416,c6c86020e47d3050d570db32,spot_source,/content/drive/MyDrive/LeafData.v1i.yolov11_aug4_20261003_170034/train/images/27_spot_jpg.rf.0d03a3c29c3d2172f676c885e43bf8f0.jpg,,,pending,missing,train/images/27_spot_jpg.rf.0d03a3c29c3d2172f676c885e43bf8f0.jpg,,train/images/27_spot_jpg.rf.0d03a3c29c3d2172f676c885e43bf8f0.jpg,,1b9dcd86a8bedf7df48ce420a9b2eaa1501e77ba90e6fd37d942570f5bd478d5,spot,train,train,False,masks/spot/c6c86020e47d3050d570db32.png,pending,nonempty,416
SAM3_auto,brillo112,False,spot:27_spot_jpg,416,cc49272192c20714aee15080,spot_source,/content/drive/MyDrive/LeafData.v1i.yolov11_aug4_20261003_170034/train/images/27_spot_jpg.rf.0d03a3c29c3d2172f676c885e43bf8f0__aug4_brillo112.png,,,pending,missing,train/images/27_spot_jpg.rf.0d03a3c29c3d2172f676c885e43bf8f0.jpg,,train/images/27_spot_jpg.rf.0d03a3c29c3d2172f676c885e43bf8f0__aug4_brillo112.png,,b89dfc70676e1d140d6a9dbb8a6d07484f4e1ad8f6343315e6bcff6fcf3e062a,spot,train,train,False,masks/spot/cc49272192c20714aee15080.png,pending,nonempty,416
SAM3_auto,contraste115,False,spot:27_spot_jpg,416,b9326cb3c6ef1d446a5116c4,spot_source,/content/drive/MyDrive/LeafData.v1i.yolov11_aug4_20261003_170034/train/images/27_spot_jpg.rf.0d03a3c29c3d2172f676c885e43bf8f0__aug4_contraste115.png,,,pending,missing,train/images/27_spot_jpg.rf.0d03a3c29c3d2172f676c885e43bf8f0.jpg,,train/images/27_spot_jpg.rf.0d03a3c29c3d2172f676c885e43bf8f0__aug4_contraste115.png,,c3082d0ccfc6fcd515316ac60cdd1952b7ddeba509d83c767935c006a528abe5,spot,train,train,False,masks/spot/b9326cb3c6ef1d446a5116c4.png,pending,nonempty,416
SAM3_auto,hflip,False,spot:27_spot_jpg,416,82b81c227aded37447071382,spot_source,/content/drive/MyDrive/LeafData.v1i.yolov11_aug4_20261003_170034/train/images/27_spot_jpg.rf.0d03a3c29c3d2172f676c885e43bf8f0__aug4_hflip.png,,,pending,missing,train/images/27_spot_jpg.rf.0d03a3c29c3d2172f676c885e43bf8f0.jpg,,train/images/27_spot_jpg.rf.0d03a3c29c3d2172f676c885e43bf8f0__aug4_hflip.png,,24a32edea7f9c02fed57ae58fdc4ed9e5ad27c449bfd837fc2fc141ff16b95f0,spot,train,train,False,masks/spot/82b81c227aded37447071382.png,pending,nonempty,416
SAM3_auto,vflip,False,spot:27_spot_jpg,416,5d68a49a996cdeaafd96f607,spot_source,/content/drive/MyDrive/LeafData.v1i.yolov11_aug4_20261003_170034/train/images/27_spot_jpg.rf.0d03a3c29c3d2172f676c885e43bf8f0__aug4_vflip.png,,,pending,missing,train/images/27_spot_jpg.rf.0d03a3c29c3d2172f676c885e43bf8f0.jpg,,train/images/27_spot_jpg.rf.0d03a3c29c3d2172f676c885e43bf8f0__aug4_vflip.png,,a9119cb7d3962ac740c660ee0f876d6218de8f1fb7f66dea65f3abc7e78405a9,spot,train,train,False,masks/spot/5d68a49a996cdeaafd96f607.png,pending,nonempty,416
SAM3_auto,original,True,spot:27_spot_jpg,416,a7efcda7b56c4f640d903507,spot_source,/content/drive/MyDrive/LeafData.v1i.yolov11_aug4_20261003_170034/train/images/27_spot_jpg.rf.560c328b99011d7ed295184c31ee1a11.jpg,,,pending,missing,train/images/27_spot_jpg.rf.560c328b99011d7ed295184c31ee1a11.jpg,,train/images/27_spot_jpg.rf.560c328b99011d7ed295184c31ee1a11.jpg,,04bdfc8c014813ee8a18e998f2a589380f794bd11321250b7a20f748bb8b3124,spot,train,train,False,masks/spot/a7efcda7b56c4f640d903507.png,pending,nonempty,416
SAM3_auto,brillo112,False,spot:27_spot_jpg,416,6fbb2b10e8b255e0879d9f9d,spot_source,/content/drive/MyDrive/LeafData.v1i.yolov11_aug4_20261003_170034/train/images/27_spot_jpg.rf.560c328b99011d7ed295184c31ee1a11__aug4_brillo112.png,,,pending,missing,train/images/27_spot_jpg.rf.560c328b99011d7ed295184c31ee1a11.jpg,,train/images/27_spot_jpg.rf.560c328b99011d7ed295184c31ee1a11__aug4_brillo112.png,,4c10298564823b1885df8f01048f6a665f9aae9c23c127fad8503d41edca9a27,spot,train,train,False,masks/spot/6fbb2b10e8b255e0879d9f9d.png,pending,nonempty,416
SAM3_auto,contraste115,False,spot:27_spot_jpg,416,c69fef146873206cca066531,spot_source,/content/drive/MyDrive/LeafData.v1i.yolov11_aug4_20261003_170034/train/images/27_spot_jpg.rf.560c328b99011d7ed295184c31ee1a11__aug4_contraste115.png,,,pending,missing,train/images/27_spot_jpg.rf.560c328b99011d7ed295184c31ee1a11.jpg,,train/images/27_spot_jpg.rf.560c328b99011d7ed295184c31ee1a11__aug4_contraste115.png,,5df228e6ed5d093df4d905c4049ec3ef4ba13f37e060eab5544066b764f8d3bf,spot,train,train,False,masks/spot/c69fef146873206cca066531.png,pending,nonempty,416
SAM3_auto,hflip,False,spot:27_spot_jpg,416,37877fbf9c9f31d7af5963d1,spot_source,/content/drive/MyDrive/LeafData.v1i.yolov11_aug4_20261003_170034/train/images/27_spot_jpg.rf.560c328b99011d7ed295184c31ee1a11__aug4_hflip.png,,,pending,missing,train/images/27_spot_jpg.rf.560c328b99011d7ed295184c31ee1a11.jpg,,train/images/27_spot_jpg.rf.560c328b99011d7ed295184c31ee1a11__aug4_hflip.png,,5aef7a91b0662020292bd6de373192fbdedeaca139fb46eeee00cc1ec20ec416,spot,train,train,False,masks/spot/37877fbf9c9f31d7af5963d1.png,pending,nonempty,416
SAM3_auto,vflip,False,spot:27_spot_jpg,416,d33ed8bdc568b6d56d985d97,spot_source,/content/drive/MyDrive/LeafData.v1i.yolov11_aug4_20261003_170034/train/images/27_spot_jpg.rf.560c328b99011d7ed295184c31ee1a11__aug4_vflip.png,,,pending,missing,train/images/27_spot_jpg.rf.560c328b99011d7ed295184c31ee1a11.jpg,,train/images/27_spot_jpg.rf.560c328b99011d7ed295184c31ee1a11__aug4_vflip.png,,dbbbb70eb5d24b33947b0fb70ae0c23201a5226040a1db127cdc1eaa8ba4c190,spot,train,train,False,masks/spot/d33ed8bdc568b6d56d985d97.png,pending,nonempty,416
SAM3_auto,original,True,spot:27_spot_jpg,416,0266619325c36a046137f9e4,spot_source,/content/drive/MyDrive/LeafData.v1i.yolov11_aug4_20261003_170034/train/images/27_spot_jpg.rf.9b580e0bb56f5239c82719267f826a66.jpg,,,pending,missing,train/images/27_spot_jpg.rf.9b580e0bb56f5239c82719267f826a66.jpg,,train/images/27_spot_jpg.rf.9b580e0bb56f5239c82719267f826a66.jpg,,1f3a13722401cb8d95cdc02ae6d76840f7d7d2aeef23ed53143218d2e9e129b5,spot,train,train,False,masks/spot/0266619325c36a046137f9e4.png,pending,nonempty,416
SAM3_auto,brillo112,False,spot:27_spot_jpg,416,8f00d93edc47fec5bea83fcf,spot_source,/content/drive/MyDrive/LeafData.v1i.yolov11_aug4_20261003_170034/train/images/27_spot_jpg.rf.9b580e0bb56f5239c82719267f826a66__aug4_brillo112.png,,,pending,missing,train/images/27_spot_jpg.rf.9b580e0bb56f5239c82719267f826a66.jpg,,train/images/27_spot_jpg.rf.9b580e0bb56f5239c82719267f826a66__aug4_brillo112.png,,1b73a85e34f3dec148b6151a6dcf4f81455a7c90214679b99fd0c107d22b2128,spot,train,train,False,masks/spot/8f00d93edc47fec5bea83fcf.png,pending,nonempty,416
SAM3_auto,contraste115,False,spot:27_spot_jpg,416,4044af07cef8fc105457ba69,spot_source,/content/drive/MyDrive/LeafData.v1i.yolov11_aug4_20261003_170034/train/images/27_spot_jpg.rf.9b580e0bb56f5239c82719267f826a66__aug4_contraste115.png,,,pending,missing,train/images/27_spot_jpg.rf.9b580e0bb56f5239c82719267f826a66.jpg,,train/images/27_spot_jpg.rf.9b580e0bb56f5239c82719267f826a66__aug4_contraste115.png,,6586093c336eee32affcf348d8843d78ab18dbbe210bc34b54e78f2a8b1cb38b,spot,train,train,False,masks/spot/4044af07cef8fc105457ba69.png,pending,nonempty,416
SAM3_auto,hflip,False,spot:27_spot_jpg,416,42c5d950e96c9503f4822dc2,spot_source,/content/drive/MyDrive/LeafData.v1i.yolov11_aug4_20261003_170034/train/images/27_spot_jpg.rf.9b580e0bb56f5239c82719267f826a66__aug4_hflip.png,,,pending,missing,train/images/27_spot_jpg.rf.9b580e0bb56f5239c82719267f826a66.jpg,,train/images/27_spot_jpg.rf.9b580e0bb56f5239c82719267f826a66__aug4_hflip.png,,324eea9d9dde10633776fd9a13f34d4b448e6b88ec0626485c9db578c080f8c2,spot,train,train,False,masks/spot/42c5d950e96c9503f4822dc2.png,pending,nonempty,416
SAM3_auto,vflip,False,spot:27_spot_jpg,416,696114262e6a55a2610daeb4,spot_source,/content/drive/MyDrive/LeafData.v1i.yolov11_aug4_20261003_170034/train/images/27_spot_jpg.rf.9b580e0bb56f5239c82719267f826a66__aug4_vflip.png,,,pending,missing,train/images/27_spot_jpg.rf.9b580e0bb56f5239c82719267f826a66.jpg,,train/images/27_spot_jpg.rf.9b580e0bb56f5239c82719267f826a66__aug4_vflip.png,,f20acf1209d13fe693e815d40f010eb47ca51aebb3860e43fade2875700ac4fe,spot,train,train,False,masks/spot/696114262e6a55a2610daeb4.png,pending,nonempty,416
SAM3_auto,original,True,spot:29_spot_jpg,416,8837f52ade2e444d848779b8,spot_source,/content/drive/MyDrive/LeafData.v1i.yolov11_aug4_20261003_170034/train/images/29_spot_jpg.rf.2030b7e47e889683a0894a70d2d3726e.jpg,,,pending,missing,train/images/29_spot_jpg.rf.2030b7e47e889683a0894a70d2d3726e.jpg,,train/images/29_spot_jpg.rf.2030b7e47e889683a0894a70d2d3726e.jpg,,49a0abfebbc23dd74304ea1eac3bfa36c61efb681ec13d832ae12e5bfc9a246f,spot,train,train,False,masks/spot/8837f52ade2e444d848779b8.png,pending,nonempty,416
SAM3_auto,brillo112,False,spot:29_spot_jpg,416,5ed7a59e66aaac5179b52661,spot_source,/content/drive/MyDrive/LeafData.v1i.yolov11_aug4_20261003_170034/train/images/29_spot_jpg.rf.2030b7e47e889683a0894a70d2d3726e__aug4_brillo112.png,,,pending,missing,train/images/29_spot_jpg.rf.2030b7e47e889683a0894a70d2d3726e.jpg,,train/images/29_spot_jpg.rf.2030b7e47e889683a0894a70d2d3726e__aug4_brillo112.png,,d7592b63937de7bcda4b34314768192fc9a838a548d53f3cb7d0a0a864989624,spot,train,train,False,masks/spot/5ed7a59e66aaac5179b52661.png,pending,nonempty,416
SAM3_auto,contraste115,False,spot:29_spot_jpg,416,fd0c21ee87527c9eef56e14e,spot_source,/content/drive/MyDrive/LeafData.v1i.yolov11_aug4_20261003_170034/train/images/29_spot_jpg.rf.2030b7e47e889683a0894a70d2d3726e__aug4_contraste115.png,,,pending,missing,train/images/29_spot_jpg.rf.2030b7e47e889683a0894a70d2d3726e.jpg,,train/images/29_spot_jpg.rf.2030b7e47e889683a0894a70d2d3726e__aug4_contraste115.png,,9b193a10d89dbff4c097e88fd539e43c74e867aaf507cacf71934cfc7c8426c3,spot,train,train,False,masks/spot/fd0c21ee87527c9eef56e14e.png,pending,nonempty,416
SAM3_auto,hflip,False,spot:29_spot_jpg,416,aadd122c43b33c9df21f435a,spot_source,/content/drive/MyDrive/LeafData.v1i.yolov11_aug4_20261003_170034/train/images/29_spot_jpg.rf.2030b7e47e889683a0894a70d2d3726e__aug4_hflip.png,,,pending,missing,train/images/29_spot_jpg.rf.2030b7e47e889683a0894a70d2d3726e.jpg,,train/images/29_spot_jpg.rf.2030b7e47e889683a0894a70d2d3726e__aug4_hflip.png,,7d5ac51fff1f1dc9d497d1d6df5f3812504271c59b0419b91c021ab81b266b9e,spot,train,train,False,masks/spot/aadd122c43b33c9df21f435a.png,pending,nonempty,416
SAM3_auto,vflip,False,spot:29_spot_jpg,416,9af74b8751b80cd67d02c2ab,spot_source,/content/drive/MyDrive/LeafData.v1i.yolov11_aug4_20261003_170034/train/images/29_spot_jpg.rf.2030b7e47e889683a0894a70d2d3726e__aug4_vflip.png,,,pending,missing,train/images/29_spot_jpg.rf.2030b7e47e889683a0894a70d2d3726e.jpg,,train/images/29_spot_jpg.rf.2030b7e47e889683a0894a70d2d3726e__aug4_vflip.png,,0f750c132ab7ced7a0b8b92c65051cdbaeeb4da73ad2b6136471e85f15188b4b,spot,train,train,False,masks/spot/9af74b8751b80cd67d02c2ab.png,pending,nonempty,416
SAM3_auto,original,True,spot:29_spot_jpg,416,107a77b28686b61faf938587,spot_source,/content/drive/MyDrive/LeafData.v1i.yolov11_aug4_20261003_170034/train/images/29_spot_jpg.rf.3042b59572b90444a0e5513f64de6ec5.jpg,,,pending,missing,train/images/29_spot_jpg.rf.3042b59572b90444a0e5513f64de6ec5.jpg,,train/images/29_spot_jpg.rf.3042b59572b90444a0e5513f64de6ec5.jpg,,95b8dd39299ad200c2d752334987a29291e9d36a2118560da0d3f7021d444420,spot,train,train,False,masks/spot/107a77b28686b61faf938587.png,pending,nonempty,416
SAM3_auto,brillo112,False,spot:29_spot_jpg,416,96cd046d3ece45a46580178c,spot_source,/content/drive/MyDrive/LeafData.v1i.yolov11_aug4_20261003_170034/train/images/29_spot_jpg.rf.3042b59572b90444a0e5513f64de6ec5__aug4_brillo112.png,,,pending,missing,train/images/29_spot_jpg.rf.3042b59572b90444a0e5513f64de6ec5.jpg,,train/images/29_spot_jpg.rf.3042b59572b90444a0e5513f64de6ec5__aug4_brillo112.png,,9a1e03f84b6743d740b02f402ea86a2fc93a9bede16bcd4f2a53da1f5dc79ea9,spot,train,train,False,masks/spot/96cd046d3ece45a46580178c.png,pending,nonempty,416
SAM3_auto,contraste115,False,spot:29_spot_jpg,416,b0c745da0efd2dd987144f50,spot_source,/content/drive/MyDrive/LeafData.v1i.yolov11_aug4_20261003_170034/train/images/29_spot_jpg.rf.3042b59572b90444a0e5513f64de6ec5__aug4_contraste115.png,,,pending,missing,train/images/29_spot_jpg.rf.3042b59572b90444a0e5513f64de6ec5.jpg,,train/images/29_spot_jpg.rf.3042b59572b90444a0e5513f64de6ec5__aug4_contraste115.png,,735f347efe6ae7a398aee13d0e7cd29757b6960fb1c5ced8d7a17c0b930872d4,spot,train,train,False,masks/spot/b0c745da0efd2dd987144f50.png,pending,nonempty,416
SAM3_auto,hflip,False,spot:29_spot_jpg,416,3fd0469d9eeb6ce6f96f6c21,spot_source,/content/drive/MyDrive/LeafData.v1i.yolov11_aug4_20261003_170034/train/images/29_spot_jpg.rf.3042b59572b90444a0e5513f64de6ec5__aug4_hflip.png,,,pending,missing,train/images/29_spot_jpg.rf.3042b59572b90444a0e5513f64de6ec5.jpg,,train/images/29_spot_jpg.rf.3042b59572b90444a0e5513f64de6ec5__aug4_hflip.png,,75168ce747e648f8ba5cbcf8f2615cb79b37213be17b2a750034ff6b2fa05bcc,spot,train,train,False,masks/spot/3fd0469d9eeb6ce6f96f6c21.png,pending,nonempty,416
SAM3_auto,vflip,False,spot:29_spot_jpg,416,2f0a4d0589eeae558ce92908,spot_source,/content/drive/MyDrive/LeafData.v1i.yolov11_aug4_20261003_170034/train/images/29_spot_jpg.rf.3042b59572b90444a0e5513f64de6ec5__aug4_vflip.png,,,pending,missing,train/images/29_spot_jpg.rf.3042b59572b90444a0e5513f64de6ec5.jpg,,train/images/29_spot_jpg.rf.3042b59572b90444a0e5513f64de6ec5__aug4_vflip.png,,bda974268eb4afd3db3693d35b3f26158f6d64ec371e07d31a4b1148fe8ea38f,spot,train,train,False,masks/spot/2f0a4d0589eeae558ce92908.png,pending,nonempty,416
SAM3_auto,original,True,spot:29_spot_jpg,416,d7692f301ac9b30248ebcae6,spot_source,/content/drive/MyDrive/LeafData.v1i.yolov11_aug4_20261003_170034/train/images/29_spot_jpg.rf.48de2945702e1928a4c099f43b7be059.jpg,,,pending,missing,train/images/29_spot_jpg.rf.48de2945702e1928a4c099f43b7be059.jpg,,train/images/29_spot_jpg.rf.48de2945702e1928a4c099f43b7be059.jpg,,e115a2bd93cf2ddf65d98548246a9a595fcc1744049416b6f3034aa80096cc08,spot,train,train,False,masks/spot/d7692f301ac9b30248ebcae6.png,pending,nonempty,416
SAM3_auto,brillo112,False,spot:29_spot_jpg,416,3c64536b563302be362c7c74,spot_source,/content/drive/MyDrive/LeafData.v1i.yolov11_aug4_20261003_170034/train/images/29_spot_jpg.rf.48de2945702e1928a4c099f43b7be059__aug4_brillo112.png,,,pending,missing,train/images/29_spot_jpg.rf.48de2945702e1928a4c099f43b7be059.jpg,,train/images/29_spot_jpg.rf.48de2945702e1928a4c099f43b7be059__aug4_brillo112.png,,1a83b0700bb02f4c6c01d220c0f1bc3db95bacbcfe10f2d27ebf92175d615420,spot,train,train,False,masks/spot/3c64536b563302be362c7c74.png,pending,nonempty,416
SAM3_auto,contraste115,False,spot:29_spot_jpg,416,ad88910f4e8f612b60713aea,spot_source,/content/drive/MyDrive/LeafData.v1i.yolov11_aug4_20261003_170034/train/images/29_spot_jpg.rf.48de2945702e1928a4c099f43b7be059__aug4_contraste115.png,,,pending,missing,train/images/29_spot_jpg.rf.48de2945702e1928a4c099f43b7be059.jpg,,train/images/29_spot_jpg.rf.48de2945702e1928a4c099f43b7be059__aug4_contraste115.png,,eb0f19aa9565b7d50e12e6bf0a00298b79efb20e23c780ea25fc539c4c3518ac,spot,train,train,False,masks/spot/ad88910f4e8f612b60713aea.png,pending,nonempty,416
SAM3_auto,hflip,False,spot:29_spot_jpg,416,c9fec42824f7f7ece48b2e2d,spot_source,/content/drive/MyDrive/LeafData.v1i.yolov11_aug4_20261003_170034/train/images/29_spot_jpg.rf.48de2945702e1928a4c099f43b7be059__aug4_hflip.png,,,pending,missing,train/images/29_spot_jpg.rf.48de2945702e1928a4c099f43b7be059.jpg,,train/images/29_spot_jpg.rf.48de2945702e1928a4c099f43b7be059__aug4_hflip.png,,d39dfb5e207704edc4a325e935f0f8df1ae7898f0b5a388f86a8464c50fb79c5,spot,train,train,False,masks/spot/c9fec42824f7f7ece48b2e2d.png,pending,nonempty,416
SAM3_auto,vflip,False,spot:29_spot_jpg,416,90264961159e1fc3eb4aec75,spot_source,/content/drive/MyDrive/LeafData.v1i.yolov11_aug4_20261003_170034/train/images/29_spot_jpg.rf.48de2945702e1928a4c099f43b7be059__aug4_vflip.png,,,pending,missing,train/images/29_spot_jpg.rf.48de2945702e1928a4c099f43b7be059.jpg,,train/images/29_spot_jpg.rf.48de2945702e1928a4c099f43b7be059__aug4_vflip.png,,f3ce72bb500c6ae8d206f655e762d921574418ffad363cd613de63fb4e4b0b46,spot,train,train,False,masks/spot/90264961159e1fc3eb4aec75.png,pending,nonempty,416
SAM3_auto,original,True,spot:2_spot_jpg,416,a0a8de72874ea4ad0add6dd4,spot_source,/content/drive/MyDrive/LeafData.v1i.yolov11_aug4_20261003_170034/train/images/2_spot_jpg.rf.1f3f62652743781d40d1a38c44594055.jpg,,,pending,missing,train/images/2_spot_jpg.rf.1f3f62652743781d40d1a38c44594055.jpg,,train/images/2_spot_jpg.rf.1f3f62652743781d40d1a38c44594055.jpg,,3421eea54a22dba695a6ea10171dd4f4a2b9e09773c3a83e0a4fd3892daeb5e4,spot,train,train,False,masks/spot/a0a8de72874ea4ad0add6dd4.png,pending,nonempty,416
SAM3_auto,brillo112,False,spot:2_spot_jpg,416,b5e7873754a908ca95718c84,spot_source,/content/drive/MyDrive/LeafData.v1i.yolov11_aug4_20261003_170034/train/images/2_spot_jpg.rf.1f3f62652743781d40d1a38c44594055__aug4_brillo112.png,,,pending,missing,train/images/2_spot_jpg.rf.1f3f62652743781d40d1a38c44594055.jpg,,train/images/2_spot_jpg.rf.1f3f62652743781d40d1a38c44594055__aug4_brillo112.png,,d7e2d542669636ab86646f49069d4d9e182a578f4f49574c2188776a242a55a4,spot,train,train,False,masks/spot/b5e7873754a908ca95718c84.png,pending,nonempty,416
SAM3_auto,contraste115,False,spot:2_spot_jpg,416,a7120a92f77fef0b2ee4e310,spot_source,/content/drive/MyDrive/LeafData.v1i.yolov11_aug4_20261003_170034/train/images/2_spot_jpg.rf.1f3f62652743781d40d1a38c44594055__aug4_contraste115.png,,,pending,missing,train/images/2_spot_jpg.rf.1f3f62652743781d40d1a38c44594055.jpg,,train/images/2_spot_jpg.rf.1f3f62652743781d40d1a38c44594055__aug4_contraste115.png,,290b40d951dab81c7268bcea108a4fbe5942923194b0e714dbe81e73153afe1f,spot,train,train,False,masks/spot/a7120a92f77fef0b2ee4e310.png,pending,nonempty,416
SAM3_auto,hflip,False,spot:2_spot_jpg,416,bf059ddef60cf04e6cb21b72,spot_source,/content/drive/MyDrive/LeafData.v1i.yolov11_aug4_20261003_170034/train/images/2_spot_jpg.rf.1f3f62652743781d40d1a38c44594055__aug4_hflip.png,,,pending,missing,train/images/2_spot_jpg.rf.1f3f62652743781d40d1a38c44594055.jpg,,train/images/2_spot_jpg.rf.1f3f62652743781d40d1a38c44594055__aug4_hflip.png,,b7c023832ac3f32f008bb71add10041f8e5a2322e42ea549cd24812f52d91ade,spot,train,train,False,masks/spot/bf059ddef60cf04e6cb21b72.png,pending,nonempty,416
SAM3_auto,vflip,False,spot:2_spot_jpg,416,45d32f87f546f8de9958bb4c,spot_source,/content/drive/MyDrive/LeafData.v1i.yolov11_aug4_20261003_170034/train/images/2_spot_jpg.rf.1f3f62652743781d40d1a38c44594055__aug4_vflip.png,,,pending,missing,train/images/2_spot_jpg.rf.1f3f62652743781d40d1a38c44594055.jpg,,train/images/2_spot_jpg.rf.1f3f62652743781d40d1a38c44594055__aug4_vflip.png,,7e5cfc19024013c9265fd384e9d740eb9b8669115be8a4182a944e9a290d9ee5,spot,train,train,False,masks/spot/45d32f87f546f8de9958bb4c.png,pending,nonempty,416
SAM3_auto,original,True,spot:2_spot_jpg,416,5fe5e7ad16da8dc6e47f18ad,spot_source,/content/drive/MyDrive/LeafData.v1i.yolov11_aug4_20261003_170034/train/images/2_spot_jpg.rf.bb00e856a66e72b2c46e7cecddac8313.jpg,,,pending,missing,train/images/2_spot_jpg.rf.bb00e856a66e72b2c46e7cecddac8313.jpg,,train/images/2_spot_jpg.rf.bb00e856a66e72b2c46e7cecddac8313.jpg,,682aa5140d8616486594ae53157b36e546e900d3bd90c784915d0b8b22da8ca3,spot,train,train,False,masks/spot/5fe5e7ad16da8dc6e47f18ad.png,pending,nonempty,416
SAM3_auto,brillo112,False,spot:2_spot_jpg,416,d844fa8498731d1c4fc6a3ea,spot_source,/content/drive/MyDrive/LeafData.v1i.yolov11_aug4_20261003_170034/train/images/2_spot_jpg.rf.bb00e856a66e72b2c46e7cecddac8313__aug4_brillo112.png,,,pending,missing,train/images/2_spot_jpg.rf.bb00e856a66e72b2c46e7cecddac8313.jpg,,train/images/2_spot_jpg.rf.bb00e856a66e72b2c46e7cecddac8313__aug4_brillo112.png,,16ab81741948cdfa7601ea7676cfd061f1700d669630b18cbe40bbb52a197afe,spot,train,train,False,masks/spot/d844fa8498731d1c4fc6a3ea.png,pending,nonempty,416
SAM3_auto,contraste115,False,spot:2_spot_jpg,416,14c9fd0a8e6091d43d5f7a0b,spot_source,/content/drive/MyDrive/LeafData.v1i.yolov11_aug4_20261003_170034/train/images/2_spot_jpg.rf.bb00e856a66e72b2c46e7cecddac8313__aug4_contraste115.png,,,pending,missing,train/images/2_spot_jpg.rf.bb00e856a66e72b2c46e7cecddac8313.jpg,,train/images/2_spot_jpg.rf.bb00e856a66e72b2c46e7cecddac8313__aug4_contraste115.png,,45e0d734079e6cf5c764a955ed7d517421049331a83b38c2a2825494925595c4,spot,train,train,False,masks/spot/14c9fd0a8e6091d43d5f7a0b.png,pending,nonempty,416
SAM3_auto,hflip,False,spot:2_spot_jpg,416,fadc1fc42b99f15ebadaf6cf,spot_source,/content/drive/MyDrive/LeafData.v1i.yolov11_aug4_20261003_170034/train/images/2_spot_jpg.rf.bb00e856a66e72b2c46e7cecddac8313__aug4_hflip.png,,,pending,missing,train/images/2_spot_jpg.rf.bb00e856a66e72b2c46e7cecddac8313.jpg,,train/images/2_spot_jpg.rf.bb00e856a66e72b2c46e7cecddac8313__aug4_hflip.png,,8c006c0fe31d88580f02e9d20c40a958372f9ac6f784311b0ed2c87bb8317dfa,spot,train,train,False,masks/spot/fadc1fc42b99f15ebadaf6cf.png,pending,nonempty,416
SAM3_auto,vflip,False,spot:2_spot_jpg,416,c006718f0d9ed083bd47f81b,spot_source,/content/drive/MyDrive/LeafData.v1i.yolov11_aug4_20261003_170034/train/images/2_spot_jpg.rf.bb00e856a66e72b2c46e7cecddac8313__aug4_vflip.png,,,pending,missing,train/images/2_spot_jpg.rf.bb00e856a66e72b2c46e7cecddac8313.jpg,,train/images/2_spot_jpg.rf.bb00e856a66e72b2c46e7cecddac8313__aug4_vflip.png,,0dc130ce0cb437dd6cbddd3cf44c8bf4ea81cd91b1c2d525e13cd42cbb561442,spot,train,train,False,masks/spot/c006718f0d9ed083bd47f81b.png,pending,nonempty,416
SAM3_auto,original,True,spot:2_spot_jpg,416,b6f574767a242d90f3eee083,spot_source,/content/drive/MyDrive/LeafData.v1i.yolov11_aug4_20261003_170034/train/images/2_spot_jpg.rf.f3bd4e6b8fb85a53b3399008c45a730d.jpg,,,pending,missing,train/images/2_spot_jpg.rf.f3bd4e6b8fb85a53b3399008c45a730d.jpg,,train/images/2_spot_jpg.rf.f3bd4e6b8fb85a53b3399008c45a730d.jpg,,a29bf665904e41865ed377fbfcda11064b5bb5d629ebcba7cdd0172ca587782e,spot,train,train,False,masks/spot/b6f574767a242d90f3eee083.png,pending,nonempty,416
SAM3_auto,brillo112,False,spot:2_spot_jpg,416,37564f185161352c4d0ff413,spot_source,/content/drive/MyDrive/LeafData.v1i.yolov11_aug4_20261003_170034/train/images/2_spot_jpg.rf.f3bd4e6b8fb85a53b3399008c45a730d__aug4_brillo112.png,,,pending,missing,train/images/2_spot_jpg.rf.f3bd4e6b8fb85a53b3399008c45a730d.jpg,,train/images/2_spot_jpg.rf.f3bd4e6b8fb85a53b3399008c45a730d__aug4_brillo112.png,,2d57c04e72274523fea8735d01546058c6f8d295481d3ad09804940b9f014c9b,spot,train,train,False,masks/spot/37564f185161352c4d0ff413.png,pending,nonempty,416
SAM3_auto,contraste115,False,spot:2_spot_jpg,416,e9de86686846d99ee21770c7,spot_source,/content/drive/MyDrive/LeafData.v1i.yolov11_aug4_20261003_170034/train/images/2_spot_jpg.rf.f3bd4e6b8fb85a53b3399008c45a730d__aug4_contraste115.png,,,pending,missing,train/images/2_spot_jpg.rf.f3bd4e6b8fb85a53b3399008c45a730d.jpg,,train/images/2_spot_jpg.rf.f3bd4e6b8fb85a53b3399008c45a730d__aug4_contraste115.png,,033ac0115f5ff437e05eba78ead8485bc53f4f498495bd258976323c4b0018af,spot,train,train,False,masks/spot/e9de86686846d99ee21770c7.png,pending,nonempty,416
SAM3_auto,hflip,False,spot:2_spot_jpg,416,2147391b7b8fbbc8ce2a3701,spot_source,/content/drive/MyDrive/LeafData.v1i.yolov11_aug4_20261003_170034/train/images/2_spot_jpg.rf.f3bd4e6b8fb85a53b3399008c45a730d__aug4_hflip.png,,,pending,missing,train/images/2_spot_jpg.rf.f3bd4e6b8fb85a53b3399008c45a730d.jpg,,train/images/2_spot_jpg.rf.f3bd4e6b8fb85a53b3399008c45a730d__aug4_hflip.png,,0cc523a2784fb1c79bcbe67d3be246fd77b60a1c955622056c41cc685c917b83,spot,train,train,False,masks/spot/2147391b7b8fbbc8ce2a3701.png,pending,nonempty,416
SAM3_auto,vflip,False,spot:2_spot_jpg,416,05689026dfdf7120550a22db,spot_source,/content/drive/MyDrive/LeafData.v1i.yolov11_aug4_20261003_170034/train/images/2_spot_jpg.rf.f3bd4e6b8fb85a53b3399008c45a730d__aug4_vflip.png,,,pending,missing,train/images/2_spot_jpg.rf.f3bd4e6b8fb85a53b3399008c45a730d.jpg,,train/images/2_spot_jpg.rf.f3bd4e6b8fb85a53b3399008c45a730d__aug4_vflip.png,,3c7ec2b928c34c042c4cb8676ab8b1299f19f30702e06b4398f551456b6c74a7,spot,train,train,False,masks/spot/05689026dfdf7120550a22db.png,pending,nonempty,416
SAM3_auto,original,True,spot:30_spot_jpg,416,823f8fd003baa9272c627f2d,spot_source,/content/drive/MyDrive/LeafData.v1i.yolov11_aug4_20261003_170034/train/images/30_spot_jpg.rf.4db7bab4e766dd74c27dcdb1e09f5e28.jpg,,,pending,missing,train/images/30_spot_jpg.rf.4db7bab4e766dd74c27dcdb1e09f5e28.jpg,,train/images/30_spot_jpg.rf.4db7bab4e766dd74c27dcdb1e09f5e28.jpg,,6dfe8bb1fbf747a58e9dfda1c0aec03c760146247104e034f231b4d723206708,spot,train,train,False,masks/spot/823f8fd003baa9272c627f2d.png,pending,nonempty,416
SAM3_auto,brillo112,False,spot:30_spot_jpg,416,a5fb59f4850662da298c7dbb,spot_source,/content/drive/MyDrive/LeafData.v1i.yolov11_aug4_20261003_170034/train/images/30_spot_jpg.rf.4db7bab4e766dd74c27dcdb1e09f5e28__aug4_brillo112.png,,,pending,missing,train/images/30_spot_jpg.rf.4db7bab4e766dd74c27dcdb1e09f5e28.jpg,,train/images/30_spot_jpg.rf.4db7bab4e766dd74c27dcdb1e09f5e28__aug4_brillo112.png,,c4303c10b40b88a3d5c32e89576baf002cb1374f7e0928545d2515bf4563043e,spot,train,train,False,masks/spot/a5fb59f4850662da298c7dbb.png,pending,nonempty,416
SAM3_auto,contraste115,False,spot:30_spot_jpg,416,b1d0b2a344dab82b58f6ef71,spot_source,/content/drive/MyDrive/LeafData.v1i.yolov11_aug4_20261003_170034/train/images/30_spot_jpg.rf.4db7bab4e766dd74c27dcdb1e09f5e28__aug4_contraste115.png,,,pending,missing,train/images/30_spot_jpg.rf.4db7bab4e766dd74c27dcdb1e09f5e28.jpg,,train/images/30_spot_jpg.rf.4db7bab4e766dd74c27dcdb1e09f5e28__aug4_contraste115.png,,1c40030b5ec42d9fc786cc47ad5f66d3e6372a4caa3d51567419ba16fba3c0c5,spot,train,train,False,masks/spot/b1d0b2a344dab82b58f6ef71.png,pending,nonempty,416
SAM3_auto,hflip,False,spot:30_spot_jpg,416,dda02c620d49e7c29e5c23c6,spot_source,/content/drive/MyDrive/LeafData.v1i.yolov11_aug4_20261003_170034/train/images/30_spot_jpg.rf.4db7bab4e766dd74c27dcdb1e09f5e28__aug4_hflip.png,,,pending,missing,train/images/30_spot_jpg.rf.4db7bab4e766dd74c27dcdb1e09f5e28.jpg,,train/images/30_spot_jpg.rf.4db7bab4e766dd74c27dcdb1e09f5e28__aug4_hflip.png,,456b6a90ae15f90ef48d8720125fc61d4c31e400e27230366c34d72748bd8860,spot,train,train,False,masks/spot/dda02c620d49e7c29e5c23c6.png,pending,nonempty,416
SAM3_auto,vflip,False,spot:30_spot_jpg,416,9ba092478159c029c370a3ba,spot_source,/content/drive/MyDrive/LeafData.v1i.yolov11_aug4_20261003_170034/train/images/30_spot_jpg.rf.4db7bab4e766dd74c27dcdb1e09f5e28__aug4_vflip.png,,,pending,missing,train/images/30_spot_jpg.rf.4db7bab4e766dd74c27dcdb1e09f5e28.jpg,,train/images/30_spot_jpg.rf.4db7bab4e766dd74c27dcdb1e09f5e28__aug4_vflip.png,,536c8a117d02334eab236ce35ebf719a1e22cd9ee5f9d649e7cb4753573928b5,spot,train,train,False,masks/spot/9ba092478159c029c370a3ba.png,pending,nonempty,416
SAM3_auto,original,True,spot:30_spot_jpg,416,787d7eacf908dd5da1fa026f,spot_source,/content/drive/MyDrive/LeafData.v1i.yolov11_aug4_20261003_170034/train/images/30_spot_jpg.rf.6bc27d2df0c8568760d63d1542df1407.jpg,,,pending,missing,train/images/30_spot_jpg.rf.6bc27d2df0c8568760d63d1542df1407.jpg,,train/images/30_spot_jpg.rf.6bc27d2df0c8568760d63d1542df1407.jpg,,278c5e9da203a7a050ca77e703196e6527fcca59b28a772f3f9bef615eb7bd82,spot,train,train,False,masks/spot/787d7eacf908dd5da1fa026f.png,pending,nonempty,416
SAM3_auto,brillo112,False,spot:30_spot_jpg,416,6e57da104b8d440cb8ef3e64,spot_source,/content/drive/MyDrive/LeafData.v1i.yolov11_aug4_20261003_170034/train/images/30_spot_jpg.rf.6bc27d2df0c8568760d63d1542df1407__aug4_brillo112.png,,,pending,missing,train/images/30_spot_jpg.rf.6bc27d2df0c8568760d63d1542df1407.jpg,,train/images/30_spot_jpg.rf.6bc27d2df0c8568760d63d1542df1407__aug4_brillo112.png,,65391cf63d294bb22e1b9e8b2bfdbd3658a8df0562b95c152b369d56453e9803,spot,train,train,False,masks/spot/6e57da104b8d440cb8ef3e64.png,pending,nonempty,416
SAM3_auto,contraste115,False,spot:30_spot_jpg,416,fe42f7261f9c7c0bd08be1dc,spot_source,/content/drive/MyDrive/LeafData.v1i.yolov11_aug4_20261003_170034/train/images/30_spot_jpg.rf.6bc27d2df0c8568760d63d1542df1407__aug4_contraste115.png,,,pending,missing,train/images/30_spot_jpg.rf.6bc27d2df0c8568760d63d1542df1407.jpg,,train/images/30_spot_jpg.rf.6bc27d2df0c8568760d63d1542df1407__aug4_contraste115.png,,b2adea1c0e7b40c165299020fef7d6a48a5cbb24356e3db4ba604bd4252d2c2c,spot,train,train,False,masks/spot/fe42f7261f9c7c0bd08be1dc.png,pending,nonempty,416
SAM3_auto,hflip,False,spot:30_spot_jpg,416,25826da05a2d0cf1634f6288,spot_source,/content/drive/MyDrive/LeafData.v1i.yolov11_aug4_20261003_170034/train/images/30_spot_jpg.rf.6bc27d2df0c8568760d63d1542df1407__aug4_hflip.png,,,pending,missing,train/images/30_spot_jpg.rf.6bc27d2df0c8568760d63d1542df1407.jpg,,train/images/30_spot_jpg.rf.6bc27d2df0c8568760d63d1542df1407__aug4_hflip.png,,c32f5def9e731e95dd8ee6bd6c63d7e65ffaa8f585b1d3dc318e7d63b284f96b,spot,train,train,False,masks/spot/25826da05a2d0cf1634f6288.png,pending,nonempty,416
SAM3_auto,vflip,False,spot:30_spot_jpg,416,2cc25ef3970eb836995eb6fc,spot_source,/content/drive/MyDrive/LeafData.v1i.yolov11_aug4_20261003_170034/train/images/30_spot_jpg.rf.6bc27d2df0c8568760d63d1542df1407__aug4_vflip.png,,,pending,missing,train/images/30_spot_jpg.rf.6bc27d2df0c8568760d63d1542df1407.jpg,,train/images/30_spot_jpg.rf.6bc27d2df0c8568760d63d1542df1407__aug4_vflip.png,,be5349c37fbcea0166a2110d385496db814587a2993ea827b0a4b08cd53b18f2,spot,train,train,False,masks/spot/2cc25ef3970eb836995eb6fc.png,pending,nonempty,416
SAM3_auto,original,True,spot:30_spot_jpg,416,f8db98421a1d109872416d5d,spot_source,/content/drive/MyDrive/LeafData.v1i.yolov11_aug4_20261003_170034/train/images/30_spot_jpg.rf.87be178f0cbc4d5692358753723e0424.jpg,,,pending,missing,train/images/30_spot_jpg.rf.87be178f0cbc4d5692358753723e0424.jpg,,train/images/30_spot_jpg.rf.87be178f0cbc4d5692358753723e0424.jpg,,ae3937175e5469d9da5b6603c3abceb15440383bc71fb6564db1715b4566b37b,spot,train,train,False,masks/spot/f8db98421a1d109872416d5d.png,pending,nonempty,416
SAM3_auto,brillo112,False,spot:30_spot_jpg,416,bcd4dfc5c04f86de10365c7b,spot_source,/content/drive/MyDrive/LeafData.v1i.yolov11_aug4_20261003_170034/train/images/30_spot_jpg.rf.87be178f0cbc4d5692358753723e0424__aug4_brillo112.png,,,pending,missing,train/images/30_spot_jpg.rf.87be178f0cbc4d5692358753723e0424.jpg,,train/images/30_spot_jpg.rf.87be178f0cbc4d5692358753723e0424__aug4_brillo112.png,,206a13c30d536594583873e84355543dc7378456e9aeb35b106c1d30ecfea449,spot,train,train,False,masks/spot/bcd4dfc5c04f86de10365c7b.png,pending,nonempty,416
SAM3_auto,contraste115,False,spot:30_spot_jpg,416,475dad5d035968bf44103a2c,spot_source,/content/drive/MyDrive/LeafData.v1i.yolov11_aug4_20261003_170034/train/images/30_spot_jpg.rf.87be178f0cbc4d5692358753723e0424__aug4_contraste115.png,,,pending,missing,train/images/30_spot_jpg.rf.87be178f0cbc4d5692358753723e0424.jpg,,train/images/30_spot_jpg.rf.87be178f0cbc4d5692358753723e0424__aug4_contraste115.png,,49de79528c794a9c1783159e058a3e0dcff9554b21bc9bfae43283be1ce25802,spot,train,train,False,masks/spot/475dad5d035968bf44103a2c.png,pending,nonempty,416
SAM3_auto,hflip,False,spot:30_spot_jpg,416,a4d0e2136eac9695dcc1840a,spot_source,/content/drive/MyDrive/LeafData.v1i.yolov11_aug4_20261003_170034/train/images/30_spot_jpg.rf.87be178f0cbc4d5692358753723e0424__aug4_hflip.png,,,pending,missing,train/images/30_spot_jpg.rf.87be178f0cbc4d5692358753723e0424.jpg,,train/images/30_spot_jpg.rf.87be178f0cbc4d5692358753723e0424__aug4_hflip.png,,c88f7f0e87a20a813d838f5d462207684daf84594b9412fd2fc0dfccadb0eb07,spot,train,train,False,masks/spot/a4d0e2136eac9695dcc1840a.png,pending,nonempty,416
SAM3_auto,vflip,False,spot:30_spot_jpg,416,2797509efee243bf8cdce3a4,spot_source,/content/drive/MyDrive/LeafData.v1i.yolov11_aug4_20261003_170034/train/images/30_spot_jpg.rf.87be178f0cbc4d5692358753723e0424__aug4_vflip.png,,,pending,missing,train/images/30_spot_jpg.rf.87be178f0cbc4d5692358753723e0424.jpg,,train/images/30_spot_jpg.rf.87be178f0cbc4d5692358753723e0424__aug4_vflip.png,,03276042631d1fedabc31676893e2c6c64b856867862d5747cb4802400f7d6fc,spot,train,train,False,masks/spot/2797509efee243bf8cdce3a4.png,pending,nonempty,416
SAM3_auto,original,True,spot:33_spot_jpg,416,e4ca345d65a93cc570176e65,spot_source,/content/drive/MyDrive/LeafData.v1i.yolov11_aug4_20261003_170034/train/images/33_spot_jpg.rf.1ae873725f8f357dd96876983c273e6b.jpg,,,pending,missing,train/images/33_spot_jpg.rf.1ae873725f8f357dd96876983c273e6b.jpg,,train/images/33_spot_jpg.rf.1ae873725f8f357dd96876983c273e6b.jpg,,b7d27f84cd6c02cc21f0d57dd2cfe5e838f9e8cf65dbfff3b68b871eb13d367b,spot,train,train,False,masks/spot/e4ca345d65a93cc570176e65.png,pending,nonempty,416
SAM3_auto,brillo112,False,spot:33_spot_jpg,416,fc6082521080b60dcd221293,spot_source,/content/drive/MyDrive/LeafData.v1i.yolov11_aug4_20261003_170034/train/images/33_spot_jpg.rf.1ae873725f8f357dd96876983c273e6b__aug4_brillo112.png,,,pending,missing,train/images/33_spot_jpg.rf.1ae873725f8f357dd96876983c273e6b.jpg,,train/images/33_spot_jpg.rf.1ae873725f8f357dd96876983c273e6b__aug4_brillo112.png,,7dc81db83a055d9db250c3f188de3f65b971ad60c190e981bf4bf258cbb71e93,spot,train,train,False,masks/spot/fc6082521080b60dcd221293.png,pending,nonempty,416
SAM3_auto,contraste115,False,spot:33_spot_jpg,416,0b0a4afa6a10affc1fc93e27,spot_source,/content/drive/MyDrive/LeafData.v1i.yolov11_aug4_20261003_170034/train/images/33_spot_jpg.rf.1ae873725f8f357dd96876983c273e6b__aug4_contraste115.png,,,pending,missing,train/images/33_spot_jpg.rf.1ae873725f8f357dd96876983c273e6b.jpg,,train/images/33_spot_jpg.rf.1ae873725f8f357dd96876983c273e6b__aug4_contraste115.png,,e6c8effd700b59c6d078ce294d441fecd746081bfd10362304619743931d17d6,spot,train,train,False,masks/spot/0b0a4afa6a10affc1fc93e27.png,pending,nonempty,416
SAM3_auto,hflip,False,spot:33_spot_jpg,416,a519acecdfa923ed49eb5550,spot_source,/content/drive/MyDrive/LeafData.v1i.yolov11_aug4_20261003_170034/train/images/33_spot_jpg.rf.1ae873725f8f357dd96876983c273e6b__aug4_hflip.png,,,pending,missing,train/images/33_spot_jpg.rf.1ae873725f8f357dd96876983c273e6b.jpg,,train/images/33_spot_jpg.rf.1ae873725f8f357dd96876983c273e6b__aug4_hflip.png,,5ba74a33852bc06a06593b91db4a7c7866e3bfdd4099354841f0ab50d22654e9,spot,train,train,False,masks/spot/a519acecdfa923ed49eb5550.png,pending,nonempty,416
SAM3_auto,vflip,False,spot:33_spot_jpg,416,1a5d52fc35c17f66b92fc5e6,spot_source,/content/drive/MyDrive/LeafData.v1i.yolov11_aug4_20261003_170034/train/images/33_spot_jpg.rf.1ae873725f8f357dd96876983c273e6b__aug4_vflip.png,,,pending,missing,train/images/33_spot_jpg.rf.1ae873725f8f357dd96876983c273e6b.jpg,,train/images/33_spot_jpg.rf.1ae873725f8f357dd96876983c273e6b__aug4_vflip.png,,6124143679b9f068fb385ccf74ce8f8bb150d7f0371615a7db14056d95079fd0,spot,train,train,False,masks/spot/1a5d52fc35c17f66b92fc5e6.png,pending,nonempty,416
SAM3_auto,original,True,spot:33_spot_jpg,416,f506a8ea19dba3f72f6dba46,spot_source,/content/drive/MyDrive/LeafData.v1i.yolov11_aug4_20261003_170034/train/images/33_spot_jpg.rf.2800ba69acdc26f9b5a814e228b309d9.jpg,,,pending,missing,train/images/33_spot_jpg.rf.2800ba69acdc26f9b5a814e228b309d9.jpg,,train/images/33_spot_jpg.rf.2800ba69acdc26f9b5a814e228b309d9.jpg,,54a3846e01d91a83230d9968769775034a2ea7f59f937a7d1b18b7f2af9caa4d,spot,train,train,False,masks/spot/f506a8ea19dba3f72f6dba46.png,pending,nonempty,416
SAM3_auto,brillo112,False,spot:33_spot_jpg,416,ddb57e44c5a4b3dd74b0544e,spot_source,/content/drive/MyDrive/LeafData.v1i.yolov11_aug4_20261003_170034/train/images/33_spot_jpg.rf.2800ba69acdc26f9b5a814e228b309d9__aug4_brillo112.png,,,pending,missing,train/images/33_spot_jpg.rf.2800ba69acdc26f9b5a814e228b309d9.jpg,,train/images/33_spot_jpg.rf.2800ba69acdc26f9b5a814e228b309d9__aug4_brillo112.png,,98753500839c85d52f2a4540c9b37746f546bf6abd5e689e941903bd3660063d,spot,train,train,False,masks/spot/ddb57e44c5a4b3dd74b0544e.png,pending,nonempty,416
SAM3_auto,contraste115,False,spot:33_spot_jpg,416,355143f4be3cfc2dd5ea917c,spot_source,/content/drive/MyDrive/LeafData.v1i.yolov11_aug4_20261003_170034/train/images/33_spot_jpg.rf.2800ba69acdc26f9b5a814e228b309d9__aug4_contraste115.png,,,pending,missing,train/images/33_spot_jpg.rf.2800ba69acdc26f9b5a814e228b309d9.jpg,,train/images/33_spot_jpg.rf.2800ba69acdc26f9b5a814e228b309d9__aug4_contraste115.png,,1ac5fff88e3eeff329e54be33dee6607ae840c8cd71f22d977c66069acf5a065,spot,train,train,False,masks/spot/355143f4be3cfc2dd5ea917c.png,pending,nonempty,416
SAM3_auto,hflip,False,spot:33_spot_jpg,416,3c11f98c766eb41115e8afd0,spot_source,/content/drive/MyDrive/LeafData.v1i.yolov11_aug4_20261003_170034/train/images/33_spot_jpg.rf.2800ba69acdc26f9b5a814e228b309d9__aug4_hflip.png,,,pending,missing,train/images/33_spot_jpg.rf.2800ba69acdc26f9b5a814e228b309d9.jpg,,train/images/33_spot_jpg.rf.2800ba69acdc26f9b5a814e228b309d9__aug4_hflip.png,,c878b053a623c57fbac966f6a6d3885c2a13b8ca13d6326e049a6f9fc56cc50c,spot,train,train,False,masks/spot/3c11f98c766eb41115e8afd0.png,pending,nonempty,416
SAM3_auto,vflip,False,spot:33_spot_jpg,416,7491918f7605090bbc3a76c3,spot_source,/content/drive/MyDrive/LeafData.v1i.yolov11_aug4_20261003_170034/train/images/33_spot_jpg.rf.2800ba69acdc26f9b5a814e228b309d9__aug4_vflip.png,,,pending,missing,train/images/33_spot_jpg.rf.2800ba69acdc26f9b5a814e228b309d9.jpg,,train/images/33_spot_jpg.rf.2800ba69acdc26f9b5a814e228b309d9__aug4_vflip.png,,32f38b51b273085769db469811c78405481fc71290b5b59266db90149321d0f6,spot,train,train,False,masks/spot/7491918f7605090bbc3a76c3.png,pending,nonempty,416
SAM3_auto,original,True,spot:33_spot_jpg,416,f85430ff4f67e8400b6de994,spot_source,/content/drive/MyDrive/LeafData.v1i.yolov11_aug4_20261003_170034/train/images/33_spot_jpg.rf.b4093aa7f4e698150ea68da0ba993b29.jpg,,,pending,missing,train/images/33_spot_jpg.rf.b4093aa7f4e698150ea68da0ba993b29.jpg,,train/images/33_spot_jpg.rf.b4093aa7f4e698150ea68da0ba993b29.jpg,,e5bac7fac3facd420da437b6ac8af9e9da899b1b9d9e57e33331db18a65d5161,spot,train,train,False,masks/spot/f85430ff4f67e8400b6de994.png,pending,nonempty,416
SAM3_auto,brillo112,False,spot:33_spot_jpg,416,4b1492837062baa9a6b8a03f,spot_source,/content/drive/MyDrive/LeafData.v1i.yolov11_aug4_20261003_170034/train/images/33_spot_jpg.rf.b4093aa7f4e698150ea68da0ba993b29__aug4_brillo112.png,,,pending,missing,train/images/33_spot_jpg.rf.b4093aa7f4e698150ea68da0ba993b29.jpg,,train/images/33_spot_jpg.rf.b4093aa7f4e698150ea68da0ba993b29__aug4_brillo112.png,,d78a486127ba9992cda00b61161efbdba0a70ea4cb13437a7d12e6580d9323be,spot,train,train,False,masks/spot/4b1492837062baa9a6b8a03f.png,pending,nonempty,416
SAM3_auto,contraste115,False,spot:33_spot_jpg,416,61dd2afa78d0d8c6a72deea0,spot_source,/content/drive/MyDrive/LeafData.v1i.yolov11_aug4_20261003_170034/train/images/33_spot_jpg.rf.b4093aa7f4e698150ea68da0ba993b29__aug4_contraste115.png,,,pending,missing,train/images/33_spot_jpg.rf.b4093aa7f4e698150ea68da0ba993b29.jpg,,train/images/33_spot_jpg.rf.b4093aa7f4e698150ea68da0ba993b29__aug4_contraste115.png,,6e23e4db0d3f0f768a1b6335a9ec0ca7d266f0c4547fbc666cb508a6a532ba4d,spot,train,train,False,masks/spot/61dd2afa78d0d8c6a72deea0.png,pending,nonempty,416
SAM3_auto,hflip,False,spot:33_spot_jpg,416,0d823e54059b531efb8e46b8,spot_source,/content/drive/MyDrive/LeafData.v1i.yolov11_aug4_20261003_170034/train/images/33_spot_jpg.rf.b4093aa7f4e698150ea68da0ba993b29__aug4_hflip.png,,,pending,missing,train/images/33_spot_jpg.rf.b4093aa7f4e698150ea68da0ba993b29.jpg,,train/images/33_spot_jpg.rf.b4093aa7f4e698150ea68da0ba993b29__aug4_hflip.png,,72f5677578b4ab09fe00b1c1c7b3e291ef0e31a7f8bc03d6e393a3259046e38e,spot,train,train,False,masks/spot/0d823e54059b531efb8e46b8.png,pending,nonempty,416
SAM3_auto,vflip,False,spot:33_spot_jpg,416,6a43c18b33302e6185f162c8,spot_source,/content/drive/MyDrive/LeafData.v1i.yolov11_aug4_20261003_170034/train/images/33_spot_jpg.rf.b4093aa7f4e698150ea68da0ba993b29__aug4_vflip.png,,,pending,missing,train/images/33_spot_jpg.rf.b4093aa7f4e698150ea68da0ba993b29.jpg,,train/images/33_spot_jpg.rf.b4093aa7f4e698150ea68da0ba993b29__aug4_vflip.png,,99ba45b41e376c4dbf53d920646166352ad70ab87a80a15a2e91540c5f074540,spot,train,train,False,masks/spot/6a43c18b33302e6185f162c8.png,pending,nonempty,416
SAM3_auto,original,True,spot:36_spot_jpg,416,aaa652d6dc76942e647f7380,spot_source,/content/drive/MyDrive/LeafData.v1i.yolov11_aug4_20261003_170034/train/images/36_spot_jpg.rf.96f343cac538fb7baae8b521a63c8ddf.jpg,,,pending,missing,train/images/36_spot_jpg.rf.96f343cac538fb7baae8b521a63c8ddf.jpg,,train/images/36_spot_jpg.rf.96f343cac538fb7baae8b521a63c8ddf.jpg,,15a975a080efdfcce80d95b0ade33b8dc74ff4e056b34e5207190fae529a74c5,spot,train,train,False,masks/spot/aaa652d6dc76942e647f7380.png,pending,nonempty,416
SAM3_auto,brillo112,False,spot:36_spot_jpg,416,766c7b677e3e928c66774e3e,spot_source,/content/drive/MyDrive/LeafData.v1i.yolov11_aug4_20261003_170034/train/images/36_spot_jpg.rf.96f343cac538fb7baae8b521a63c8ddf__aug4_brillo112.png,,,pending,missing,train/images/36_spot_jpg.rf.96f343cac538fb7baae8b521a63c8ddf.jpg,,train/images/36_spot_jpg.rf.96f343cac538fb7baae8b521a63c8ddf__aug4_brillo112.png,,dede3f35a2f25d45da515a546452cbdf88b60d3147afa7742c543b48023fdb1c,spot,train,train,False,masks/spot/766c7b677e3e928c66774e3e.png,pending,nonempty,416
SAM3_auto,contraste115,False,spot:36_spot_jpg,416,dccd7b529a8d785283099da2,spot_source,/content/drive/MyDrive/LeafData.v1i.yolov11_aug4_20261003_170034/train/images/36_spot_jpg.rf.96f343cac538fb7baae8b521a63c8ddf__aug4_contraste115.png,,,pending,missing,train/images/36_spot_jpg.rf.96f343cac538fb7baae8b521a63c8ddf.jpg,,train/images/36_spot_jpg.rf.96f343cac538fb7baae8b521a63c8ddf__aug4_contraste115.png,,bd7ecf31d3a580357df516d03cdfe3b8f8559305b05404e2ad3247b67d091be9,spot,train,train,False,masks/spot/dccd7b529a8d785283099da2.png,pending,nonempty,416
SAM3_auto,hflip,False,spot:36_spot_jpg,416,297a5e3ed07a2b9302fde126,spot_source,/content/drive/MyDrive/LeafData.v1i.yolov11_aug4_20261003_170034/train/images/36_spot_jpg.rf.96f343cac538fb7baae8b521a63c8ddf__aug4_hflip.png,,,pending,missing,train/images/36_spot_jpg.rf.96f343cac538fb7baae8b521a63c8ddf.jpg,,train/images/36_spot_jpg.rf.96f343cac538fb7baae8b521a63c8ddf__aug4_hflip.png,,a2e7e88123a263aa282dd287337d7a9e3b9ca83cf62ceee8334aaaf4250de15c,spot,train,train,False,masks/spot/297a5e3ed07a2b9302fde126.png,pending,nonempty,416
SAM3_auto,vflip,False,spot:36_spot_jpg,416,9ae8d45ead427ae81bd89185,spot_source,/content/drive/MyDrive/LeafData.v1i.yolov11_aug4_20261003_170034/train/images/36_spot_jpg.rf.96f343cac538fb7baae8b521a63c8ddf__aug4_vflip.png,,,pending,missing,train/images/36_spot_jpg.rf.96f343cac538fb7baae8b521a63c8ddf.jpg,,train/images/36_spot_jpg.rf.96f343cac538fb7baae8b521a63c8ddf__aug4_vflip.png,,30ada59bc08a862601db6f6b15a15ee85618646e75ac348eb2c83183365ac881,spot,train,train,False,masks/spot/9ae8d45ead427ae81bd89185.png,pending,nonempty,416
SAM3_auto,original,True,spot:36_spot_jpg,416,3ee67ae013340d24523f587f,spot_source,/content/drive/MyDrive/LeafData.v1i.yolov11_aug4_20261003_170034/train/images/36_spot_jpg.rf.a68448d5eeb9fc9f9ed32ce857d72964.jpg,,,pending,missing,train/images/36_spot_jpg.rf.a68448d5eeb9fc9f9ed32ce857d72964.jpg,,train/images/36_spot_jpg.rf.a68448d5eeb9fc9f9ed32ce857d72964.jpg,,2c9f301ef2f2597227ad8b05330cf0492b306282af37280f7f75d10c8b1fda52,spot,train,train,False,masks/spot/3ee67ae013340d24523f587f.png,pending,nonempty,416
SAM3_auto,brillo112,False,spot:36_spot_jpg,416,18149f7038cb434373a93add,spot_source,/content/drive/MyDrive/LeafData.v1i.yolov11_aug4_20261003_170034/train/images/36_spot_jpg.rf.a68448d5eeb9fc9f9ed32ce857d72964__aug4_brillo112.png,,,pending,missing,train/images/36_spot_jpg.rf.a68448d5eeb9fc9f9ed32ce857d72964.jpg,,train/images/36_spot_jpg.rf.a68448d5eeb9fc9f9ed32ce857d72964__aug4_brillo112.png,,4c10811d4ae49bcc33b0ab5fceea9eae8871e4ea78d3653341cf30feacdc4ae9,spot,train,train,False,masks/spot/18149f7038cb434373a93add.png,pending,nonempty,416
SAM3_auto,contraste115,False,spot:36_spot_jpg,416,675b0e5ce79d2639dc012a0c,spot_source,/content/drive/MyDrive/LeafData.v1i.yolov11_aug4_20261003_170034/train/images/36_spot_jpg.rf.a68448d5eeb9fc9f9ed32ce857d72964__aug4_contraste115.png,,,pending,missing,train/images/36_spot_jpg.rf.a68448d5eeb9fc9f9ed32ce857d72964.jpg,,train/images/36_spot_jpg.rf.a68448d5eeb9fc9f9ed32ce857d72964__aug4_contraste115.png,,24d84361542a9d30de8641ca032cd7dce38730d7c2f85706a9306e026f46dba2,spot,train,train,False,masks/spot/675b0e5ce79d2639dc012a0c.png,pending,nonempty,416
SAM3_auto,hflip,False,spot:36_spot_jpg,416,93f2638f5f100301a26fd0fb,spot_source,/content/drive/MyDrive/LeafData.v1i.yolov11_aug4_20261003_170034/train/images/36_spot_jpg.rf.a68448d5eeb9fc9f9ed32ce857d72964__aug4_hflip.png,,,pending,missing,train/images/36_spot_jpg.rf.a68448d5eeb9fc9f9ed32ce857d72964.jpg,,train/images/36_spot_jpg.rf.a68448d5eeb9fc9f9ed32ce857d72964__aug4_hflip.png,,1593fc6093807b59c78332d73fa63092c8f52d85cf16853e8b4e61c22a3bdc7c,spot,train,train,False,masks/spot/93f2638f5f100301a26fd0fb.png,pending,nonempty,416
SAM3_auto,vflip,False,spot:36_spot_jpg,416,b70f41e5295f7c2556f2e9f1,spot_source,/content/drive/MyDrive/LeafData.v1i.yolov11_aug4_20261003_170034/train/images/36_spot_jpg.rf.a68448d5eeb9fc9f9ed32ce857d72964__aug4_vflip.png,,,pending,missing,train/images/36_spot_jpg.rf.a68448d5eeb9fc9f9ed32ce857d72964.jpg,,train/images/36_spot_jpg.rf.a68448d5eeb9fc9f9ed32ce857d72964__aug4_vflip.png,,57a2d075a346983acaf2d2c1c30fc99a54bcf83c0580750a7b2858a2cda903b9,spot,train,train,False,masks/spot/b70f41e5295f7c2556f2e9f1.png,pending,nonempty,416
SAM3_auto,original,True,spot:36_spot_jpg,416,ea322e3f567d9d68dc77a3bc,spot_source,/content/drive/MyDrive/LeafData.v1i.yolov11_aug4_20261003_170034/train/images/36_spot_jpg.rf.dea740bb5470211eaaba1f3e30fd70d1.jpg,,,pending,missing,train/images/36_spot_jpg.rf.dea740bb5470211eaaba1f3e30fd70d1.jpg,,train/images/36_spot_jpg.rf.dea740bb5470211eaaba1f3e30fd70d1.jpg,,8f6b0c4d8f63213ed1011bd39eb90a2d346c9f2e3c0534307a9ab32ec01f62ff,spot,train,train,False,masks/spot/ea322e3f567d9d68dc77a3bc.png,pending,nonempty,416
SAM3_auto,brillo112,False,spot:36_spot_jpg,416,c883bed0afe74b4dc0bd0f8a,spot_source,/content/drive/MyDrive/LeafData.v1i.yolov11_aug4_20261003_170034/train/images/36_spot_jpg.rf.dea740bb5470211eaaba1f3e30fd70d1__aug4_brillo112.png,,,pending,missing,train/images/36_spot_jpg.rf.dea740bb5470211eaaba1f3e30fd70d1.jpg,,train/images/36_spot_jpg.rf.dea740bb5470211eaaba1f3e30fd70d1__aug4_brillo112.png,,a972ba2cd4d0d96ea1f32218137aa3af114867c4e5f6f841f9e272f4e7cc4450,spot,train,train,False,masks/spot/c883bed0afe74b4dc0bd0f8a.png,pending,nonempty,416
SAM3_auto,contraste115,False,spot:36_spot_jpg,416,9ab3dda676e9c86b4d3c73c4,spot_source,/content/drive/MyDrive/LeafData.v1i.yolov11_aug4_20261003_170034/train/images/36_spot_jpg.rf.dea740bb5470211eaaba1f3e30fd70d1__aug4_contraste115.png,,,pending,missing,train/images/36_spot_jpg.rf.dea740bb5470211eaaba1f3e30fd70d1.jpg,,train/images/36_spot_jpg.rf.dea740bb5470211eaaba1f3e30fd70d1__aug4_contraste115.png,,7bc969f74f9b45241c28396ed6de6c85eca9cb75d929a3917b0e10cb06be2cf6,spot,train,train,False,masks/spot/9ab3dda676e9c86b4d3c73c4.png,pending,nonempty,416
SAM3_auto,hflip,False,spot:36_spot_jpg,416,95b9d7f91890dcdef2086c94,spot_source,/content/drive/MyDrive/LeafData.v1i.yolov11_aug4_20261003_170034/train/images/36_spot_jpg.rf.dea740bb5470211eaaba1f3e30fd70d1__aug4_hflip.png,,,pending,missing,train/images/36_spot_jpg.rf.dea740bb5470211eaaba1f3e30fd70d1.jpg,,train/images/36_spot_jpg.rf.dea740bb5470211eaaba1f3e30fd70d1__aug4_hflip.png,,7725be25b19139b0aea9cfd4c5801d4d9e1efc1d1967a287c35301c14332ccdd,spot,train,train,False,masks/spot/95b9d7f91890dcdef2086c94.png,pending,nonempty,416
SAM3_auto,vflip,False,spot:36_spot_jpg,416,c46d87d6ce80e15b31822680,spot_source,/content/drive/MyDrive/LeafData.v1i.yolov11_aug4_20261003_170034/train/images/36_spot_jpg.rf.dea740bb5470211eaaba1f3e30fd70d1__aug4_vflip.png,,,pending,missing,train/images/36_spot_jpg.rf.dea740bb5470211eaaba1f3e30fd70d1.jpg,,train/images/36_spot_jpg.rf.dea740bb5470211eaaba1f3e30fd70d1__aug4_vflip.png,,74109f8f129cfc7005f52eb0ea114525b5d78ec4825410fb956a39d5fc991d90,spot,train,train,False,masks/spot/c46d87d6ce80e15b31822680.png,pending,nonempty,416
SAM3_auto,original,True,spot:38_spot_jpg,416,a4aa8e3740756fa6e441f7ff,spot_source,/content/drive/MyDrive/LeafData.v1i.yolov11_aug4_20261003_170034/train/images/38_spot_jpg.rf.4ba7b744420a52f93622a7f90307441f.jpg,,,pending,missing,train/images/38_spot_jpg.rf.4ba7b744420a52f93622a7f90307441f.jpg,,train/images/38_spot_jpg.rf.4ba7b744420a52f93622a7f90307441f.jpg,,52fd437dbd4c8ab9b2d447ce5d8e0356aea94fa00e1196467e11888de6d16dec,spot,train,train,False,masks/spot/a4aa8e3740756fa6e441f7ff.png,pending,nonempty,416
SAM3_auto,brillo112,False,spot:38_spot_jpg,416,d6058581059e46955e55e543,spot_source,/content/drive/MyDrive/LeafData.v1i.yolov11_aug4_20261003_170034/train/images/38_spot_jpg.rf.4ba7b744420a52f93622a7f90307441f__aug4_brillo112.png,,,pending,missing,train/images/38_spot_jpg.rf.4ba7b744420a52f93622a7f90307441f.jpg,,train/images/38_spot_jpg.rf.4ba7b744420a52f93622a7f90307441f__aug4_brillo112.png,,cabf009bfd8d1f643954c23ab3bee3f87ad10087513f622cd965299ebfcd0fb9,spot,train,train,False,masks/spot/d6058581059e46955e55e543.png,pending,nonempty,416
SAM3_auto,contraste115,False,spot:38_spot_jpg,416,ce0c55af39700e94b8da3d2f,spot_source,/content/drive/MyDrive/LeafData.v1i.yolov11_aug4_20261003_170034/train/images/38_spot_jpg.rf.4ba7b744420a52f93622a7f90307441f__aug4_contraste115.png,,,pending,missing,train/images/38_spot_jpg.rf.4ba7b744420a52f93622a7f90307441f.jpg,,train/images/38_spot_jpg.rf.4ba7b744420a52f93622a7f90307441f__aug4_contraste115.png,,eabfc2a6ee75ef3f5204c95840ee91107559236c454bcc8f135bd96d55a0a060,spot,train,train,False,masks/spot/ce0c55af39700e94b8da3d2f.png,pending,nonempty,416
SAM3_auto,hflip,False,spot:38_spot_jpg,416,c9adc719bb0f50707a62f9fc,spot_source,/content/drive/MyDrive/LeafData.v1i.yolov11_aug4_20261003_170034/train/images/38_spot_jpg.rf.4ba7b744420a52f93622a7f90307441f__aug4_hflip.png,,,pending,missing,train/images/38_spot_jpg.rf.4ba7b744420a52f93622a7f90307441f.jpg,,train/images/38_spot_jpg.rf.4ba7b744420a52f93622a7f90307441f__aug4_hflip.png,,717999673ecdba133e6c11fba2b5bbf2ad61cf3799c1ba7e99194b23791d8bb7,spot,train,train,False,masks/spot/c9adc719bb0f50707a62f9fc.png,pending,nonempty,416
SAM3_auto,vflip,False,spot:38_spot_jpg,416,6c63709a67de1e494f2f460c,spot_source,/content/drive/MyDrive/LeafData.v1i.yolov11_aug4_20261003_170034/train/images/38_spot_jpg.rf.4ba7b744420a52f93622a7f90307441f__aug4_vflip.png,,,pending,missing,train/images/38_spot_jpg.rf.4ba7b744420a52f93622a7f90307441f.jpg,,train/images/38_spot_jpg.rf.4ba7b744420a52f93622a7f90307441f__aug4_vflip.png,,cf479c304feb8aa7aa933c0a9a2e1bf801283081fd0affa3448e85ed27274d53,spot,train,train,False,masks/spot/6c63709a67de1e494f2f460c.png,pending,nonempty,416
SAM3_auto,original,True,spot:38_spot_jpg,416,74251553162b621af575fe7d,spot_source,/content/drive/MyDrive/LeafData.v1i.yolov11_aug4_20261003_170034/train/images/38_spot_jpg.rf.73e15025eeb71c555b61578fd6fbac80.jpg,,,pending,missing,train/images/38_spot_jpg.rf.73e15025eeb71c555b61578fd6fbac80.jpg,,train/images/38_spot_jpg.rf.73e15025eeb71c555b61578fd6fbac80.jpg,,861c0d3d217dcb94e0580cb343198d9fe769fcf14c6c3cc4ff46f3f94667d784,spot,train,train,False,masks/spot/74251553162b621af575fe7d.png,pending,nonempty,416
SAM3_auto,brillo112,False,spot:38_spot_jpg,416,76378f29659bbf862db250cb,spot_source,/content/drive/MyDrive/LeafData.v1i.yolov11_aug4_20261003_170034/train/images/38_spot_jpg.rf.73e15025eeb71c555b61578fd6fbac80__aug4_brillo112.png,,,pending,missing,train/images/38_spot_jpg.rf.73e15025eeb71c555b61578fd6fbac80.jpg,,train/images/38_spot_jpg.rf.73e15025eeb71c555b61578fd6fbac80__aug4_brillo112.png,,5901e72725122740e6ed45a617bcc6a5d5bb7147ac81ca815eb54ff37b5172b1,spot,train,train,False,masks/spot/76378f29659bbf862db250cb.png,pending,nonempty,416
SAM3_auto,contraste115,False,spot:38_spot_jpg,416,147dbcd179982c29ed29c981,spot_source,/content/drive/MyDrive/LeafData.v1i.yolov11_aug4_20261003_170034/train/images/38_spot_jpg.rf.73e15025eeb71c555b61578fd6fbac80__aug4_contraste115.png,,,pending,missing,train/images/38_spot_jpg.rf.73e15025eeb71c555b61578fd6fbac80.jpg,,train/images/38_spot_jpg.rf.73e15025eeb71c555b61578fd6fbac80__aug4_contraste115.png,,5829536d79ff023755cae11462cb55a36345bfd36b1ca993d59d0444aac1bea8,spot,train,train,False,masks/spot/147dbcd179982c29ed29c981.png,pending,nonempty,416
SAM3_auto,hflip,False,spot:38_spot_jpg,416,294d43113e04f98362dbf24f,spot_source,/content/drive/MyDrive/LeafData.v1i.yolov11_aug4_20261003_170034/train/images/38_spot_jpg.rf.73e15025eeb71c555b61578fd6fbac80__aug4_hflip.png,,,pending,missing,train/images/38_spot_jpg.rf.73e15025eeb71c555b61578fd6fbac80.jpg,,train/images/38_spot_jpg.rf.73e15025eeb71c555b61578fd6fbac80__aug4_hflip.png,,b5056dcd82e474249aaa8c92439fc9b2b67b8c999d2431bb2634560ebac5fdc0,spot,train,train,False,masks/spot/294d43113e04f98362dbf24f.png,pending,nonempty,416
SAM3_auto,vflip,False,spot:38_spot_jpg,416,5c59b441b2f163f15066089e,spot_source,/content/drive/MyDrive/LeafData.v1i.yolov11_aug4_20261003_170034/train/images/38_spot_jpg.rf.73e15025eeb71c555b61578fd6fbac80__aug4_vflip.png,,,pending,missing,train/images/38_spot_jpg.rf.73e15025eeb71c555b61578fd6fbac80.jpg,,train/images/38_spot_jpg.rf.73e15025eeb71c555b61578fd6fbac80__aug4_vflip.png,,231cff3cc890f5303ebed09426d7e00f42940f9da50242f997d99ed213dfc432,spot,train,train,False,masks/spot/5c59b441b2f163f15066089e.png,pending,nonempty,416
SAM3_auto,original,True,spot:38_spot_jpg,416,84c315eeea9229ab2d43b426,spot_source,/content/drive/MyDrive/LeafData.v1i.yolov11_aug4_20261003_170034/train/images/38_spot_jpg.rf.b8729c782b519826f45314f9249f1071.jpg,,,pending,missing,train/images/38_spot_jpg.rf.b8729c782b519826f45314f9249f1071.jpg,,train/images/38_spot_jpg.rf.b8729c782b519826f45314f9249f1071.jpg,,ab1cf58443f5c77e91d1e1c6ad07a7536abae51cf55fa056e0889c64a3f1ead1,spot,train,train,False,masks/spot/84c315eeea9229ab2d43b426.png,pending,nonempty,416
SAM3_auto,brillo112,False,spot:38_spot_jpg,416,bd6a5e13db2de454ebc97ff4,spot_source,/content/drive/MyDrive/LeafData.v1i.yolov11_aug4_20261003_170034/train/images/38_spot_jpg.rf.b8729c782b519826f45314f9249f1071__aug4_brillo112.png,,,pending,missing,train/images/38_spot_jpg.rf.b8729c782b519826f45314f9249f1071.jpg,,train/images/38_spot_jpg.rf.b8729c782b519826f45314f9249f1071__aug4_brillo112.png,,d2d79f1ffeff14ca7a18335443b6bd8c631cdfcaa3e3ecb031519d12d3a06f79,spot,train,train,False,masks/spot/bd6a5e13db2de454ebc97ff4.png,pending,nonempty,416
SAM3_auto,contraste115,False,spot:38_spot_jpg,416,72c2f4effcca1f58b65963a4,spot_source,/content/drive/MyDrive/LeafData.v1i.yolov11_aug4_20261003_170034/train/images/38_spot_jpg.rf.b8729c782b519826f45314f9249f1071__aug4_contraste115.png,,,pending,missing,train/images/38_spot_jpg.rf.b8729c782b519826f45314f9249f1071.jpg,,train/images/38_spot_jpg.rf.b8729c782b519826f45314f9249f1071__aug4_contraste115.png,,baa5320b302340619a5a97b7b0744b3447408674f89ee96b6427ca9703325e3f,spot,train,train,False,masks/spot/72c2f4effcca1f58b65963a4.png,pending,nonempty,416
SAM3_auto,hflip,False,spot:38_spot_jpg,416,3591af82024b5ff1f56ee600,spot_source,/content/drive/MyDrive/LeafData.v1i.yolov11_aug4_20261003_170034/train/images/38_spot_jpg.rf.b8729c782b519826f45314f9249f1071__aug4_hflip.png,,,pending,missing,train/images/38_spot_jpg.rf.b8729c782b519826f45314f9249f1071.jpg,,train/images/38_spot_jpg.rf.b8729c782b519826f45314f9249f1071__aug4_hflip.png,,14f05f507375f53e29211d09b7073fa77ffa5b8812024e0e1ac9da23f3b05ccf,spot,train,train,False,masks/spot/3591af82024b5ff1f56ee600.png,pending,nonempty,416
SAM3_auto,vflip,False,spot:38_spot_jpg,416,010377a6904476470be85376,spot_source,/content/drive/MyDrive/LeafData.v1i.yolov11_aug4_20261003_170034/train/images/38_spot_jpg.rf.b8729c782b519826f45314f9249f1071__aug4_vflip.png,,,pending,missing,train/images/38_spot_jpg.rf.b8729c782b519826f45314f9249f1071.jpg,,train/images/38_spot_jpg.rf.b8729c782b519826f45314f9249f1071__aug4_vflip.png,,9ff84e0855d59dc7c23f880b4a2d6c6e5ad45ac108ba2b7ab0151e15478f3e1d,spot,train,train,False,masks/spot/010377a6904476470be85376.png,pending,nonempty,416
SAM3_auto,original,True,spot:3_spot_jpg,416,12fca7cc5671aee9dd9fc34a,spot_source,/content/drive/MyDrive/LeafData.v1i.yolov11_aug4_20261003_170034/train/images/3_spot_jpg.rf.3fb4ce671eff9e44b28fa9d57062e872.jpg,,,pending,missing,train/images/3_spot_jpg.rf.3fb4ce671eff9e44b28fa9d57062e872.jpg,,train/images/3_spot_jpg.rf.3fb4ce671eff9e44b28fa9d57062e872.jpg,,dcd74bf66c555cf8a15bab5ef4a3b2ab67fea58a9ec8c70b371549447444d05f,spot,train,train,False,masks/spot/12fca7cc5671aee9dd9fc34a.png,pending,nonempty,416
SAM3_auto,brillo112,False,spot:3_spot_jpg,416,7386d32f652e00027a231f9d,spot_source,/content/drive/MyDrive/LeafData.v1i.yolov11_aug4_20261003_170034/train/images/3_spot_jpg.rf.3fb4ce671eff9e44b28fa9d57062e872__aug4_brillo112.png,,,pending,missing,train/images/3_spot_jpg.rf.3fb4ce671eff9e44b28fa9d57062e872.jpg,,train/images/3_spot_jpg.rf.3fb4ce671eff9e44b28fa9d57062e872__aug4_brillo112.png,,ecef7fede6368c1943bc78e880ab8c5b28b14eedf2c083832c295871c5d508c7,spot,train,train,False,masks/spot/7386d32f652e00027a231f9d.png,pending,nonempty,416
SAM3_auto,contraste115,False,spot:3_spot_jpg,416,4b19f580e0dd14433a4e7566,spot_source,/content/drive/MyDrive/LeafData.v1i.yolov11_aug4_20261003_170034/train/images/3_spot_jpg.rf.3fb4ce671eff9e44b28fa9d57062e872__aug4_contraste115.png,,,pending,missing,train/images/3_spot_jpg.rf.3fb4ce671eff9e44b28fa9d57062e872.jpg,,train/images/3_spot_jpg.rf.3fb4ce671eff9e44b28fa9d57062e872__aug4_contraste115.png,,d26f98d3adfa45ae5ae2200b7477e4ea696419648d1976d7fded8a07831a263b,spot,train,train,False,masks/spot/4b19f580e0dd14433a4e7566.png,pending,nonempty,416
SAM3_auto,hflip,False,spot:3_spot_jpg,416,b4d047cdc03e8d8348c25b86,spot_source,/content/drive/MyDrive/LeafData.v1i.yolov11_aug4_20261003_170034/train/images/3_spot_jpg.rf.3fb4ce671eff9e44b28fa9d57062e872__aug4_hflip.png,,,pending,missing,train/images/3_spot_jpg.rf.3fb4ce671eff9e44b28fa9d57062e872.jpg,,train/images/3_spot_jpg.rf.3fb4ce671eff9e44b28fa9d57062e872__aug4_hflip.png,,aa01d128c9faf3f03bf2da7020032843ac60184ad198ebd1b10eb582f74e197d,spot,train,train,False,masks/spot/b4d047cdc03e8d8348c25b86.png,pending,nonempty,416
SAM3_auto,vflip,False,spot:3_spot_jpg,416,b46c1be865ccc1f241760711,spot_source,/content/drive/MyDrive/LeafData.v1i.yolov11_aug4_20261003_170034/train/images/3_spot_jpg.rf.3fb4ce671eff9e44b28fa9d57062e872__aug4_vflip.png,,,pending,missing,train/images/3_spot_jpg.rf.3fb4ce671eff9e44b28fa9d57062e872.jpg,,train/images/3_spot_jpg.rf.3fb4ce671eff9e44b28fa9d57062e872__aug4_vflip.png,,0e27a038e0aa3b1977353054097d6d5b8c6f26b0d6e853d16c00ae1d3204f9ca,spot,train,train,False,masks/spot/b46c1be865ccc1f241760711.png,pending,nonempty,416
SAM3_auto,original,True,spot:3_spot_jpg,416,2a37442e19efa3b7abbd49b9,spot_source,/content/drive/MyDrive/LeafData.v1i.yolov11_aug4_20261003_170034/train/images/3_spot_jpg.rf.4eb0facd60f3b72ec91147082b89a946.jpg,,,pending,missing,train/images/3_spot_jpg.rf.4eb0facd60f3b72ec91147082b89a946.jpg,,train/images/3_spot_jpg.rf.4eb0facd60f3b72ec91147082b89a946.jpg,,0cb0de8739ab1c8089f0bf906c7cf595c0e10fa0d3faab74e705d19940859fa4,spot,train,train,False,masks/spot/2a37442e19efa3b7abbd49b9.png,pending,nonempty,416
SAM3_auto,brillo112,False,spot:3_spot_jpg,416,0b66d0f6bb75e33b86b40bd9,spot_source,/content/drive/MyDrive/LeafData.v1i.yolov11_aug4_20261003_170034/train/images/3_spot_jpg.rf.4eb0facd60f3b72ec91147082b89a946__aug4_brillo112.png,,,pending,missing,train/images/3_spot_jpg.rf.4eb0facd60f3b72ec91147082b89a946.jpg,,train/images/3_spot_jpg.rf.4eb0facd60f3b72ec91147082b89a946__aug4_brillo112.png,,fe356f241eac45a5fc684aea52ed1e45d0bd2ddcd00cffc787051900bd2653d1,spot,train,train,False,masks/spot/0b66d0f6bb75e33b86b40bd9.png,pending,nonempty,416
SAM3_auto,contraste115,False,spot:3_spot_jpg,416,a3c205bf0eb07779f8043205,spot_source,/content/drive/MyDrive/LeafData.v1i.yolov11_aug4_20261003_170034/train/images/3_spot_jpg.rf.4eb0facd60f3b72ec91147082b89a946__aug4_contraste115.png,,,pending,missing,train/images/3_spot_jpg.rf.4eb0facd60f3b72ec91147082b89a946.jpg,,train/images/3_spot_jpg.rf.4eb0facd60f3b72ec91147082b89a946__aug4_contraste115.png,,26b61b51dffa512d5b9b8cc61401e4fa4dbb17386dd884c6f8cc3e4f65cfa6c5,spot,train,train,False,masks/spot/a3c205bf0eb07779f8043205.png,pending,nonempty,416
SAM3_auto,hflip,False,spot:3_spot_jpg,416,8fb8b1e5325d20ec996cfd81,spot_source,/content/drive/MyDrive/LeafData.v1i.yolov11_aug4_20261003_170034/train/images/3_spot_jpg.rf.4eb0facd60f3b72ec91147082b89a946__aug4_hflip.png,,,pending,missing,train/images/3_spot_jpg.rf.4eb0facd60f3b72ec91147082b89a946.jpg,,train/images/3_spot_jpg.rf.4eb0facd60f3b72ec91147082b89a946__aug4_hflip.png,,bdc0f1363e11719fc4ec5103e8921bc1171ca9fed7544a9a5012017c1096c94a,spot,train,train,False,masks/spot/8fb8b1e5325d20ec996cfd81.png,pending,nonempty,416
SAM3_auto,vflip,False,spot:3_spot_jpg,416,e4e10a587d9ac62dc4e30d2d,spot_source,/content/drive/MyDrive/LeafData.v1i.yolov11_aug4_20261003_170034/train/images/3_spot_jpg.rf.4eb0facd60f3b72ec91147082b89a946__aug4_vflip.png,,,pending,missing,train/images/3_spot_jpg.rf.4eb0facd60f3b72ec91147082b89a946.jpg,,train/images/3_spot_jpg.rf.4eb0facd60f3b72ec91147082b89a946__aug4_vflip.png,,a3e1e6af2b34e579fcba0ee42d985c3fe41c348ff700bd72351c9d896bf63cf6,spot,train,train,False,masks/spot/e4e10a587d9ac62dc4e30d2d.png,pending,nonempty,416
SAM3_auto,original,True,spot:3_spot_jpg,416,2d2831e0f3a028d9bd420b41,spot_source,/content/drive/MyDrive/LeafData.v1i.yolov11_aug4_20261003_170034/train/images/3_spot_jpg.rf.ea0a2b16a050332270e79ed792a7b054.jpg,,,pending,missing,train/images/3_spot_jpg.rf.ea0a2b16a050332270e79ed792a7b054.jpg,,train/images/3_spot_jpg.rf.ea0a2b16a050332270e79ed792a7b054.jpg,,65052875b4f758f1203170a2baa395a2080c06be71811251d4eb7e1679aa004f,spot,train,train,False,masks/spot/2d2831e0f3a028d9bd420b41.png,pending,nonempty,416
SAM3_auto,brillo112,False,spot:3_spot_jpg,416,02c80cd6f27e19c8232ff9a5,spot_source,/content/drive/MyDrive/LeafData.v1i.yolov11_aug4_20261003_170034/train/images/3_spot_jpg.rf.ea0a2b16a050332270e79ed792a7b054__aug4_brillo112.png,,,pending,missing,train/images/3_spot_jpg.rf.ea0a2b16a050332270e79ed792a7b054.jpg,,train/images/3_spot_jpg.rf.ea0a2b16a050332270e79ed792a7b054__aug4_brillo112.png,,cc7893f8f00071233f8756031e007c7b8f48ed69a191357067bb77b64cfca682,spot,train,train,False,masks/spot/02c80cd6f27e19c8232ff9a5.png,pending,nonempty,416
SAM3_auto,contraste115,False,spot:3_spot_jpg,416,daf682b1f256d952205b1b89,spot_source,/content/drive/MyDrive/LeafData.v1i.yolov11_aug4_20261003_170034/train/images/3_spot_jpg.rf.ea0a2b16a050332270e79ed792a7b054__aug4_contraste115.png,,,pending,missing,train/images/3_spot_jpg.rf.ea0a2b16a050332270e79ed792a7b054.jpg,,train/images/3_spot_jpg.rf.ea0a2b16a050332270e79ed792a7b054__aug4_contraste115.png,,66abf8cad164174839ac051c4da88a971221f5c5982c75526b91332b806225e0,spot,train,train,False,masks/spot/daf682b1f256d952205b1b89.png,pending,nonempty,416
SAM3_auto,hflip,False,spot:3_spot_jpg,416,19faf65c9661d3ad5d0aa39c,spot_source,/content/drive/MyDrive/LeafData.v1i.yolov11_aug4_20261003_170034/train/images/3_spot_jpg.rf.ea0a2b16a050332270e79ed792a7b054__aug4_hflip.png,,,pending,missing,train/images/3_spot_jpg.rf.ea0a2b16a050332270e79ed792a7b054.jpg,,train/images/3_spot_jpg.rf.ea0a2b16a050332270e79ed792a7b054__aug4_hflip.png,,ad84b7b81c1d7d63982949e748572d3e913091607f96b83157ffd6cef33452a3,spot,train,train,False,masks/spot/19faf65c9661d3ad5d0aa39c.png,pending,nonempty,416
SAM3_auto,vflip,False,spot:3_spot_jpg,416,01cd7aaa03f8dab375c22e2b,spot_source,/content/drive/MyDrive/LeafData.v1i.yolov11_aug4_20261003_170034/train/images/3_spot_jpg.rf.ea0a2b16a050332270e79ed792a7b054__aug4_vflip.png,,,pending,missing,train/images/3_spot_jpg.rf.ea0a2b16a050332270e79ed792a7b054.jpg,,train/images/3_spot_jpg.rf.ea0a2b16a050332270e79ed792a7b054__aug4_vflip.png,,470397750058b95dcaf1147c5dd73f71a1562b05b91a1b2c5c120008721469da,spot,train,train,False,masks/spot/01cd7aaa03f8dab375c22e2b.png,pending,nonempty,416
SAM3_auto,original,True,spot:41_spot_jpg,416,d8acd389d2caa0af501a5ec7,spot_source,/content/drive/MyDrive/LeafData.v1i.yolov11_aug4_20261003_170034/train/images/41_spot_jpg.rf.4e317453d0606747b5259680fdf69d7f.jpg,,,pending,missing,train/images/41_spot_jpg.rf.4e317453d0606747b5259680fdf69d7f.jpg,,train/images/41_spot_jpg.rf.4e317453d0606747b5259680fdf69d7f.jpg,,26eb8f7e80909fe07e4c0fb39b29e8851813f4d515f110a67ccb45a15336c807,spot,train,train,False,masks/spot/d8acd389d2caa0af501a5ec7.png,pending,nonempty,416
SAM3_auto,brillo112,False,spot:41_spot_jpg,416,4c13b538837a176488c070f3,spot_source,/content/drive/MyDrive/LeafData.v1i.yolov11_aug4_20261003_170034/train/images/41_spot_jpg.rf.4e317453d0606747b5259680fdf69d7f__aug4_brillo112.png,,,pending,missing,train/images/41_spot_jpg.rf.4e317453d0606747b5259680fdf69d7f.jpg,,train/images/41_spot_jpg.rf.4e317453d0606747b5259680fdf69d7f__aug4_brillo112.png,,b3e4c58e73a70e0d00c6bf8e2b0f4aceb395a608f08ab4e6ae96f6e181ed6847,spot,train,train,False,masks/spot/4c13b538837a176488c070f3.png,pending,nonempty,416
SAM3_auto,contraste115,False,spot:41_spot_jpg,416,e489f9c66dfcf86d63df2454,spot_source,/content/drive/MyDrive/LeafData.v1i.yolov11_aug4_20261003_170034/train/images/41_spot_jpg.rf.4e317453d0606747b5259680fdf69d7f__aug4_contraste115.png,,,pending,missing,train/images/41_spot_jpg.rf.4e317453d0606747b5259680fdf69d7f.jpg,,train/images/41_spot_jpg.rf.4e317453d0606747b5259680fdf69d7f__aug4_contraste115.png,,e56ea87889280633d911df05b22720572b7d1e0fb3d72ded209f52c7e478c326,spot,train,train,False,masks/spot/e489f9c66dfcf86d63df2454.png,pending,nonempty,416
SAM3_auto,hflip,False,spot:41_spot_jpg,416,b9e766024ac247d443642982,spot_source,/content/drive/MyDrive/LeafData.v1i.yolov11_aug4_20261003_170034/train/images/41_spot_jpg.rf.4e317453d0606747b5259680fdf69d7f__aug4_hflip.png,,,pending,missing,train/images/41_spot_jpg.rf.4e317453d0606747b5259680fdf69d7f.jpg,,train/images/41_spot_jpg.rf.4e317453d0606747b5259680fdf69d7f__aug4_hflip.png,,a55b32a5156c6ec1e74c0773bd4893e1b2dfd0fda3a07cb375e900e461a34658,spot,train,train,False,masks/spot/b9e766024ac247d443642982.png,pending,nonempty,416
SAM3_auto,vflip,False,spot:41_spot_jpg,416,2cff334512af5106fb616093,spot_source,/content/drive/MyDrive/LeafData.v1i.yolov11_aug4_20261003_170034/train/images/41_spot_jpg.rf.4e317453d0606747b5259680fdf69d7f__aug4_vflip.png,,,pending,missing,train/images/41_spot_jpg.rf.4e317453d0606747b5259680fdf69d7f.jpg,,train/images/41_spot_jpg.rf.4e317453d0606747b5259680fdf69d7f__aug4_vflip.png,,9381c744d317720a34f79341c9f112383436f281f6787b386c49a9c3e6526183,spot,train,train,False,masks/spot/2cff334512af5106fb616093.png,pending,nonempty,416
SAM3_auto,original,True,spot:41_spot_jpg,416,0a4c763aa7626250ad8477bd,spot_source,/content/drive/MyDrive/LeafData.v1i.yolov11_aug4_20261003_170034/train/images/41_spot_jpg.rf.892be70276c42e265c69cde9bb4e7c6b.jpg,,,pending,missing,train/images/41_spot_jpg.rf.892be70276c42e265c69cde9bb4e7c6b.jpg,,train/images/41_spot_jpg.rf.892be70276c42e265c69cde9bb4e7c6b.jpg,,6c0ae78aa22fa154d2745c3a0c2285563e524979e4d8f5fe96386f0db2ee23f9,spot,train,train,False,masks/spot/0a4c763aa7626250ad8477bd.png,pending,nonempty,416
SAM3_auto,brillo112,False,spot:41_spot_jpg,416,e4a2e1c9647cafcee83d6dfc,spot_source,/content/drive/MyDrive/LeafData.v1i.yolov11_aug4_20261003_170034/train/images/41_spot_jpg.rf.892be70276c42e265c69cde9bb4e7c6b__aug4_brillo112.png,,,pending,missing,train/images/41_spot_jpg.rf.892be70276c42e265c69cde9bb4e7c6b.jpg,,train/images/41_spot_jpg.rf.892be70276c42e265c69cde9bb4e7c6b__aug4_brillo112.png,,7bd76923e8df302ae9f5aeaf08bd756199cc6f0b52139190a8029efb0ab53397,spot,train,train,False,masks/spot/e4a2e1c9647cafcee83d6dfc.png,pending,nonempty,416
SAM3_auto,contraste115,False,spot:41_spot_jpg,416,b76d1ee830d4a28a7d12a2cd,spot_source,/content/drive/MyDrive/LeafData.v1i.yolov11_aug4_20261003_170034/train/images/41_spot_jpg.rf.892be70276c42e265c69cde9bb4e7c6b__aug4_contraste115.png,,,pending,missing,train/images/41_spot_jpg.rf.892be70276c42e265c69cde9bb4e7c6b.jpg,,train/images/41_spot_jpg.rf.892be70276c42e265c69cde9bb4e7c6b__aug4_contraste115.png,,9c8df8c7112b00d56a04ccfe5225a040a829d1f5f094584b617f1e65122ab00d,spot,train,train,False,masks/spot/b76d1ee830d4a28a7d12a2cd.png,pending,nonempty,416
SAM3_auto,hflip,False,spot:41_spot_jpg,416,2c4053be41863941027385b5,spot_source,/content/drive/MyDrive/LeafData.v1i.yolov11_aug4_20261003_170034/train/images/41_spot_jpg.rf.892be70276c42e265c69cde9bb4e7c6b__aug4_hflip.png,,,pending,missing,train/images/41_spot_jpg.rf.892be70276c42e265c69cde9bb4e7c6b.jpg,,train/images/41_spot_jpg.rf.892be70276c42e265c69cde9bb4e7c6b__aug4_hflip.png,,551d1efcca56cb2caa50ee3c535be08a8fd4ed8b6efd84ad7900d99c508012db,spot,train,train,False,masks/spot/2c4053be41863941027385b5.png,pending,nonempty,416
SAM3_auto,vflip,False,spot:41_spot_jpg,416,6cdfaf407a28bb089a153401,spot_source,/content/drive/MyDrive/LeafData.v1i.yolov11_aug4_20261003_170034/train/images/41_spot_jpg.rf.892be70276c42e265c69cde9bb4e7c6b__aug4_vflip.png,,,pending,missing,train/images/41_spot_jpg.rf.892be70276c42e265c69cde9bb4e7c6b.jpg,,train/images/41_spot_jpg.rf.892be70276c42e265c69cde9bb4e7c6b__aug4_vflip.png,,0431fd50184a209f7901daca77db4fb90f6ed985e49dde38aaf648bb39162deb,spot,train,train,False,masks/spot/6cdfaf407a28bb089a153401.png,pending,nonempty,416
SAM3_auto,original,True,spot:41_spot_jpg,416,9cf4e5ae30f9967b98590494,spot_source,/content/drive/MyDrive/LeafData.v1i.yolov11_aug4_20261003_170034/train/images/41_spot_jpg.rf.ef8fda4b260ad195691001c195a22f52.jpg,,,pending,missing,train/images/41_spot_jpg.rf.ef8fda4b260ad195691001c195a22f52.jpg,,train/images/41_spot_jpg.rf.ef8fda4b260ad195691001c195a22f52.jpg,,e6e6c4a519169b4074aca5b77a082d71f0503480e91333a61b20658b6bbd2f47,spot,train,train,False,masks/spot/9cf4e5ae30f9967b98590494.png,pending,nonempty,416
SAM3_auto,brillo112,False,spot:41_spot_jpg,416,736120ae27ad6a742545fff4,spot_source,/content/drive/MyDrive/LeafData.v1i.yolov11_aug4_20261003_170034/train/images/41_spot_jpg.rf.ef8fda4b260ad195691001c195a22f52__aug4_brillo112.png,,,pending,missing,train/images/41_spot_jpg.rf.ef8fda4b260ad195691001c195a22f52.jpg,,train/images/41_spot_jpg.rf.ef8fda4b260ad195691001c195a22f52__aug4_brillo112.png,,5cf3fa13f2c68a0a75c276befc7e60bc19f14c2a2bda69428395a5170eb38fe5,spot,train,train,False,masks/spot/736120ae27ad6a742545fff4.png,pending,nonempty,416
SAM3_auto,contraste115,False,spot:41_spot_jpg,416,ac436fa96f4419615f57c106,spot_source,/content/drive/MyDrive/LeafData.v1i.yolov11_aug4_20261003_170034/train/images/41_spot_jpg.rf.ef8fda4b260ad195691001c195a22f52__aug4_contraste115.png,,,pending,missing,train/images/41_spot_jpg.rf.ef8fda4b260ad195691001c195a22f52.jpg,,train/images/41_spot_jpg.rf.ef8fda4b260ad195691001c195a22f52__aug4_contraste115.png,,de739b65f01cdcc057834aaa72772c6b044fd0396a33d3ea41cebe3c4cf92eaa,spot,train,train,False,masks/spot/ac436fa96f4419615f57c106.png,pending,nonempty,416
SAM3_auto,hflip,False,spot:41_spot_jpg,416,e1aa32a3ee22e5b36276e8a2,spot_source,/content/drive/MyDrive/LeafData.v1i.yolov11_aug4_20261003_170034/train/images/41_spot_jpg.rf.ef8fda4b260ad195691001c195a22f52__aug4_hflip.png,,,pending,missing,train/images/41_spot_jpg.rf.ef8fda4b260ad195691001c195a22f52.jpg,,train/images/41_spot_jpg.rf.ef8fda4b260ad195691001c195a22f52__aug4_hflip.png,,d6d3b12e2fcd34859c56f73d1c7e491e5b920021ef391c1a9e941b0cdcff52fa,spot,train,train,False,masks/spot/e1aa32a3ee22e5b36276e8a2.png,pending,nonempty,416
SAM3_auto,vflip,False,spot:41_spot_jpg,416,9ece0459e55f19be90912b02,spot_source,/content/drive/MyDrive/LeafData.v1i.yolov11_aug4_20261003_170034/train/images/41_spot_jpg.rf.ef8fda4b260ad195691001c195a22f52__aug4_vflip.png,,,pending,missing,train/images/41_spot_jpg.rf.ef8fda4b260ad195691001c195a22f52.jpg,,train/images/41_spot_jpg.rf.ef8fda4b260ad195691001c195a22f52__aug4_vflip.png,,05dc4ffed9c09843eb18a9c3d882f7b378ade6f7f72ff6989f9cb8e427b7b60c,spot,train,train,False,masks/spot/9ece0459e55f19be90912b02.png,pending,nonempty,416
SAM3_auto,original,True,spot:43_spot_jpg,416,d4a24eb0885b036a98d0a4cb,spot_source,/content/drive/MyDrive/LeafData.v1i.yolov11_aug4_20261003_170034/train/images/43_spot_jpg.rf.6898583e2cf7dd9d6671d95750872b8b.jpg,,,pending,missing,train/images/43_spot_jpg.rf.6898583e2cf7dd9d6671d95750872b8b.jpg,,train/images/43_spot_jpg.rf.6898583e2cf7dd9d6671d95750872b8b.jpg,,71e29976da9399313815f2e8668dcd814490175311dd2f2e6df0ce6e25ef5a7a,spot,train,train,False,masks/spot/d4a24eb0885b036a98d0a4cb.png,pending,nonempty,416
SAM3_auto,brillo112,False,spot:43_spot_jpg,416,47dbcd1e3cc60b65ae226371,spot_source,/content/drive/MyDrive/LeafData.v1i.yolov11_aug4_20261003_170034/train/images/43_spot_jpg.rf.6898583e2cf7dd9d6671d95750872b8b__aug4_brillo112.png,,,pending,missing,train/images/43_spot_jpg.rf.6898583e2cf7dd9d6671d95750872b8b.jpg,,train/images/43_spot_jpg.rf.6898583e2cf7dd9d6671d95750872b8b__aug4_brillo112.png,,004f7305e430309737c103acd8117f4ffe53e11c4a9fe62854a982ae3670e005,spot,train,train,False,masks/spot/47dbcd1e3cc60b65ae226371.png,pending,nonempty,416
SAM3_auto,contraste115,False,spot:43_spot_jpg,416,33a708db904ecd7f9e5fcb70,spot_source,/content/drive/MyDrive/LeafData.v1i.yolov11_aug4_20261003_170034/train/images/43_spot_jpg.rf.6898583e2cf7dd9d6671d95750872b8b__aug4_contraste115.png,,,pending,missing,train/images/43_spot_jpg.rf.6898583e2cf7dd9d6671d95750872b8b.jpg,,train/images/43_spot_jpg.rf.6898583e2cf7dd9d6671d95750872b8b__aug4_contraste115.png,,cca702c10a7e1d0aa0a59e37584cfb89c618d0604a6a14ed1bc5318b3c128302,spot,train,train,False,masks/spot/33a708db904ecd7f9e5fcb70.png,pending,nonempty,416
SAM3_auto,hflip,False,spot:43_spot_jpg,416,b1ce13f0c1d76e5199153c68,spot_source,/content/drive/MyDrive/LeafData.v1i.yolov11_aug4_20261003_170034/train/images/43_spot_jpg.rf.6898583e2cf7dd9d6671d95750872b8b__aug4_hflip.png,,,pending,missing,train/images/43_spot_jpg.rf.6898583e2cf7dd9d6671d95750872b8b.jpg,,train/images/43_spot_jpg.rf.6898583e2cf7dd9d6671d95750872b8b__aug4_hflip.png,,37a33ce09e9468cedc9c142ca601b8c9db2c25957ee03a4a8a3a4c44601838f4,spot,train,train,False,masks/spot/b1ce13f0c1d76e5199153c68.png,pending,nonempty,416
SAM3_auto,vflip,False,spot:43_spot_jpg,416,cdc7fc7722c7ec16168876d5,spot_source,/content/drive/MyDrive/LeafData.v1i.yolov11_aug4_20261003_170034/train/images/43_spot_jpg.rf.6898583e2cf7dd9d6671d95750872b8b__aug4_vflip.png,,,pending,missing,train/images/43_spot_jpg.rf.6898583e2cf7dd9d6671d95750872b8b.jpg,,train/images/43_spot_jpg.rf.6898583e2cf7dd9d6671d95750872b8b__aug4_vflip.png,,b2ab303e3f40f8aea5cc524727e741b46f89b982e743287b43a28e4d77da1666,spot,train,train,False,masks/spot/cdc7fc7722c7ec16168876d5.png,pending,nonempty,416
SAM3_auto,original,True,spot:43_spot_jpg,416,8b09b998ad6362c0db308a9d,spot_source,/content/drive/MyDrive/LeafData.v1i.yolov11_aug4_20261003_170034/train/images/43_spot_jpg.rf.8dab45bba30f4a395ec305b4252114ad.jpg,,,pending,missing,train/images/43_spot_jpg.rf.8dab45bba30f4a395ec305b4252114ad.jpg,,train/images/43_spot_jpg.rf.8dab45bba30f4a395ec305b4252114ad.jpg,,490050f600cd4754680f9aea02f93069ed20b19713e42bb78cc49149919fd0e1,spot,train,train,False,masks/spot/8b09b998ad6362c0db308a9d.png,pending,nonempty,416
SAM3_auto,brillo112,False,spot:43_spot_jpg,416,aba384309306e4f9549b0e1b,spot_source,/content/drive/MyDrive/LeafData.v1i.yolov11_aug4_20261003_170034/train/images/43_spot_jpg.rf.8dab45bba30f4a395ec305b4252114ad__aug4_brillo112.png,,,pending,missing,train/images/43_spot_jpg.rf.8dab45bba30f4a395ec305b4252114ad.jpg,,train/images/43_spot_jpg.rf.8dab45bba30f4a395ec305b4252114ad__aug4_brillo112.png,,782035847eaaa5b80a95f72266246f452262a5c8a4b9d912e6e4e477f7e7c196,spot,train,train,False,masks/spot/aba384309306e4f9549b0e1b.png,pending,nonempty,416
SAM3_auto,contraste115,False,spot:43_spot_jpg,416,d0173f8b118f85ca36550e67,spot_source,/content/drive/MyDrive/LeafData.v1i.yolov11_aug4_20261003_170034/train/images/43_spot_jpg.rf.8dab45bba30f4a395ec305b4252114ad__aug4_contraste115.png,,,pending,missing,train/images/43_spot_jpg.rf.8dab45bba30f4a395ec305b4252114ad.jpg,,train/images/43_spot_jpg.rf.8dab45bba30f4a395ec305b4252114ad__aug4_contraste115.png,,3a9c00ee16f568d855494d0f73012915d9f04d2fb63e1f037a0812eeb6b79eb3,spot,train,train,False,masks/spot/d0173f8b118f85ca36550e67.png,pending,nonempty,416
SAM3_auto,hflip,False,spot:43_spot_jpg,416,eadf4b0cf65fa455d6fbc650,spot_source,/content/drive/MyDrive/LeafData.v1i.yolov11_aug4_20261003_170034/train/images/43_spot_jpg.rf.8dab45bba30f4a395ec305b4252114ad__aug4_hflip.png,,,pending,missing,train/images/43_spot_jpg.rf.8dab45bba30f4a395ec305b4252114ad.jpg,,train/images/43_spot_jpg.rf.8dab45bba30f4a395ec305b4252114ad__aug4_hflip.png,,08b9d21b4455745ae347b3a0e4de81fd823a2cea20d88085ef10e2f500b5d4e1,spot,train,train,False,masks/spot/eadf4b0cf65fa455d6fbc650.png,pending,nonempty,416
SAM3_auto,vflip,False,spot:43_spot_jpg,416,b412c442441e6bced69ecf9b,spot_source,/content/drive/MyDrive/LeafData.v1i.yolov11_aug4_20261003_170034/train/images/43_spot_jpg.rf.8dab45bba30f4a395ec305b4252114ad__aug4_vflip.png,,,pending,missing,train/images/43_spot_jpg.rf.8dab45bba30f4a395ec305b4252114ad.jpg,,train/images/43_spot_jpg.rf.8dab45bba30f4a395ec305b4252114ad__aug4_vflip.png,,5f7c56c1d1c3d933b6450018fd83a50e577484c85190519cd98cdb5d9b215624,spot,train,train,False,masks/spot/b412c442441e6bced69ecf9b.png,pending,nonempty,416
SAM3_auto,original,True,spot:43_spot_jpg,416,65acd78951d55fc5a858681b,spot_source,/content/drive/MyDrive/LeafData.v1i.yolov11_aug4_20261003_170034/train/images/43_spot_jpg.rf.a9ef55bd33be5f97cb757e7ceb25a684.jpg,,,pending,missing,train/images/43_spot_jpg.rf.a9ef55bd33be5f97cb757e7ceb25a684.jpg,,train/images/43_spot_jpg.rf.a9ef55bd33be5f97cb757e7ceb25a684.jpg,,7f1e87752d36c1e33b8fd8c55d1153cfb95f35a2c614321753352d340c1527f7,spot,train,train,False,masks/spot/65acd78951d55fc5a858681b.png,pending,nonempty,416
SAM3_auto,brillo112,False,spot:43_spot_jpg,416,cc6641191d82694b2535a87f,spot_source,/content/drive/MyDrive/LeafData.v1i.yolov11_aug4_20261003_170034/train/images/43_spot_jpg.rf.a9ef55bd33be5f97cb757e7ceb25a684__aug4_brillo112.png,,,pending,missing,train/images/43_spot_jpg.rf.a9ef55bd33be5f97cb757e7ceb25a684.jpg,,train/images/43_spot_jpg.rf.a9ef55bd33be5f97cb757e7ceb25a684__aug4_brillo112.png,,0113bfa25fd29d90424ef79555e118f12dec50fc9dc42a2ebcf81266b287781b,spot,train,train,False,masks/spot/cc6641191d82694b2535a87f.png,pending,nonempty,416
SAM3_auto,contraste115,False,spot:43_spot_jpg,416,528fbffdc4563458038fce71,spot_source,/content/drive/MyDrive/LeafData.v1i.yolov11_aug4_20261003_170034/train/images/43_spot_jpg.rf.a9ef55bd33be5f97cb757e7ceb25a684__aug4_contraste115.png,,,pending,missing,train/images/43_spot_jpg.rf.a9ef55bd33be5f97cb757e7ceb25a684.jpg,,train/images/43_spot_jpg.rf.a9ef55bd33be5f97cb757e7ceb25a684__aug4_contraste115.png,,9dfcbaca7c643030768e1f3f509ec0ac1865bf672fbc7a3a27e3d0af3d7d9a39,spot,train,train,False,masks/spot/528fbffdc4563458038fce71.png,pending,nonempty,416
SAM3_auto,hflip,False,spot:43_spot_jpg,416,61b87e9ca2372b3debfe0290,spot_source,/content/drive/MyDrive/LeafData.v1i.yolov11_aug4_20261003_170034/train/images/43_spot_jpg.rf.a9ef55bd33be5f97cb757e7ceb25a684__aug4_hflip.png,,,pending,missing,train/images/43_spot_jpg.rf.a9ef55bd33be5f97cb757e7ceb25a684.jpg,,train/images/43_spot_jpg.rf.a9ef55bd33be5f97cb757e7ceb25a684__aug4_hflip.png,,e8ed680f79dbe780791f0db4ac9ddede0513c15b1dd8b752d22cd611606855b9,spot,train,train,False,masks/spot/61b87e9ca2372b3debfe0290.png,pending,nonempty,416
SAM3_auto,vflip,False,spot:43_spot_jpg,416,8ce73398bb037224f4c04a02,spot_source,/content/drive/MyDrive/LeafData.v1i.yolov11_aug4_20261003_170034/train/images/43_spot_jpg.rf.a9ef55bd33be5f97cb757e7ceb25a684__aug4_vflip.png,,,pending,missing,train/images/43_spot_jpg.rf.a9ef55bd33be5f97cb757e7ceb25a684.jpg,,train/images/43_spot_jpg.rf.a9ef55bd33be5f97cb757e7ceb25a684__aug4_vflip.png,,301c9970e7ff3b22001ac388c9df683708762bfd7b4aef0da098371a176fb2f5,spot,train,train,False,masks/spot/8ce73398bb037224f4c04a02.png,pending,nonempty,416
SAM3_auto,original,True,spot:44_spot_jpg,416,737e8246e6acd59f8f8da72d,spot_source,/content/drive/MyDrive/LeafData.v1i.yolov11_aug4_20261003_170034/train/images/44_spot_jpg.rf.60146d05828fada4097d165902a9e0bb.jpg,,,pending,missing,train/images/44_spot_jpg.rf.60146d05828fada4097d165902a9e0bb.jpg,,train/images/44_spot_jpg.rf.60146d05828fada4097d165902a9e0bb.jpg,,67e0aa896c84c002ce87357b4ee99577cb91cfa3dd5d49687244afaf3162f1af,spot,train,train,False,masks/spot/737e8246e6acd59f8f8da72d.png,pending,nonempty,416
SAM3_auto,brillo112,False,spot:44_spot_jpg,416,75fe5663d8715ae59876b44a,spot_source,/content/drive/MyDrive/LeafData.v1i.yolov11_aug4_20261003_170034/train/images/44_spot_jpg.rf.60146d05828fada4097d165902a9e0bb__aug4_brillo112.png,,,pending,missing,train/images/44_spot_jpg.rf.60146d05828fada4097d165902a9e0bb.jpg,,train/images/44_spot_jpg.rf.60146d05828fada4097d165902a9e0bb__aug4_brillo112.png,,02230c2460eedd78b58346371034c93bec445fd3e0c7e6d77a4c2feb0f882544,spot,train,train,False,masks/spot/75fe5663d8715ae59876b44a.png,pending,nonempty,416
SAM3_auto,contraste115,False,spot:44_spot_jpg,416,f66277faf09c87ec6b19f7d5,spot_source,/content/drive/MyDrive/LeafData.v1i.yolov11_aug4_20261003_170034/train/images/44_spot_jpg.rf.60146d05828fada4097d165902a9e0bb__aug4_contraste115.png,,,pending,missing,train/images/44_spot_jpg.rf.60146d05828fada4097d165902a9e0bb.jpg,,train/images/44_spot_jpg.rf.60146d05828fada4097d165902a9e0bb__aug4_contraste115.png,,3e9610e503f7d2137d87dcd6240835fdb485a247e5c797a74fce4ada7dfc1b3a,spot,train,train,False,masks/spot/f66277faf09c87ec6b19f7d5.png,pending,nonempty,416
SAM3_auto,hflip,False,spot:44_spot_jpg,416,86a38da10a54f9efe073ce86,spot_source,/content/drive/MyDrive/LeafData.v1i.yolov11_aug4_20261003_170034/train/images/44_spot_jpg.rf.60146d05828fada4097d165902a9e0bb__aug4_hflip.png,,,pending,missing,train/images/44_spot_jpg.rf.60146d05828fada4097d165902a9e0bb.jpg,,train/images/44_spot_jpg.rf.60146d05828fada4097d165902a9e0bb__aug4_hflip.png,,ae57a78affc32ae94e09d85c18e5f1d4eeab5a4da060f57000d5733f7c500021,spot,train,train,False,masks/spot/86a38da10a54f9efe073ce86.png,pending,nonempty,416
SAM3_auto,vflip,False,spot:44_spot_jpg,416,286ad01672c38ec402dc2823,spot_source,/content/drive/MyDrive/LeafData.v1i.yolov11_aug4_20261003_170034/train/images/44_spot_jpg.rf.60146d05828fada4097d165902a9e0bb__aug4_vflip.png,,,pending,missing,train/images/44_spot_jpg.rf.60146d05828fada4097d165902a9e0bb.jpg,,train/images/44_spot_jpg.rf.60146d05828fada4097d165902a9e0bb__aug4_vflip.png,,6bdf949bae5bdd92de741ce630d728f93abce153eb7ef93b46acb70f6606694e,spot,train,train,False,masks/spot/286ad01672c38ec402dc2823.png,pending,nonempty,416
SAM3_auto,original,True,spot:44_spot_jpg,416,34b39f983eb1d1c97275f169,spot_source,/content/drive/MyDrive/LeafData.v1i.yolov11_aug4_20261003_170034/train/images/44_spot_jpg.rf.7ba1846eeacdc9fe89f7e77024120bc9.jpg,,,pending,missing,train/images/44_spot_jpg.rf.7ba1846eeacdc9fe89f7e77024120bc9.jpg,,train/images/44_spot_jpg.rf.7ba1846eeacdc9fe89f7e77024120bc9.jpg,,3393f93f7c41989daca89a172f23a44d1e3cd04ade2a200ff7700cf2f05c89bd,spot,train,train,False,masks/spot/34b39f983eb1d1c97275f169.png,pending,nonempty,416
SAM3_auto,brillo112,False,spot:44_spot_jpg,416,1a594666ea883a20798fd459,spot_source,/content/drive/MyDrive/LeafData.v1i.yolov11_aug4_20261003_170034/train/images/44_spot_jpg.rf.7ba1846eeacdc9fe89f7e77024120bc9__aug4_brillo112.png,,,pending,missing,train/images/44_spot_jpg.rf.7ba1846eeacdc9fe89f7e77024120bc9.jpg,,train/images/44_spot_jpg.rf.7ba1846eeacdc9fe89f7e77024120bc9__aug4_brillo112.png,,f239f7bb9eb59cd7c136fc3b02e9bf513b08f090cc138c5fde68dc394137ea2b,spot,train,train,False,masks/spot/1a594666ea883a20798fd459.png,pending,nonempty,416
SAM3_auto,contraste115,False,spot:44_spot_jpg,416,b28b449486418924d2d30c30,spot_source,/content/drive/MyDrive/LeafData.v1i.yolov11_aug4_20261003_170034/train/images/44_spot_jpg.rf.7ba1846eeacdc9fe89f7e77024120bc9__aug4_contraste115.png,,,pending,missing,train/images/44_spot_jpg.rf.7ba1846eeacdc9fe89f7e77024120bc9.jpg,,train/images/44_spot_jpg.rf.7ba1846eeacdc9fe89f7e77024120bc9__aug4_contraste115.png,,93c55e8d2bb74e04e61776c744d25afcd3143fd76b9063d527228de725b5c3ad,spot,train,train,False,masks/spot/b28b449486418924d2d30c30.png,pending,nonempty,416
SAM3_auto,hflip,False,spot:44_spot_jpg,416,651e1263b2bd0272453d6ffb,spot_source,/content/drive/MyDrive/LeafData.v1i.yolov11_aug4_20261003_170034/train/images/44_spot_jpg.rf.7ba1846eeacdc9fe89f7e77024120bc9__aug4_hflip.png,,,pending,missing,train/images/44_spot_jpg.rf.7ba1846eeacdc9fe89f7e77024120bc9.jpg,,train/images/44_spot_jpg.rf.7ba1846eeacdc9fe89f7e77024120bc9__aug4_hflip.png,,6a7ae71881ec623dd1cd85a1adcfd427febf21c0286f6135e522cf3c0dcd7be3,spot,train,train,False,masks/spot/651e1263b2bd0272453d6ffb.png,pending,nonempty,416
SAM3_auto,vflip,False,spot:44_spot_jpg,416,8d5e4b16fa8d19501f6cdf9f,spot_source,/content/drive/MyDrive/LeafData.v1i.yolov11_aug4_20261003_170034/train/images/44_spot_jpg.rf.7ba1846eeacdc9fe89f7e77024120bc9__aug4_vflip.png,,,pending,missing,train/images/44_spot_jpg.rf.7ba1846eeacdc9fe89f7e77024120bc9.jpg,,train/images/44_spot_jpg.rf.7ba1846eeacdc9fe89f7e77024120bc9__aug4_vflip.png,,1a54c47bcd03042c2e18fa11141cb7ce0634d6ba60f2894b1d93e3fd5a49ba77,spot,train,train,False,masks/spot/8d5e4b16fa8d19501f6cdf9f.png,pending,nonempty,416
SAM3_auto,original,True,spot:44_spot_jpg,416,345cfbb5c9e0700d498a1da1,spot_source,/content/drive/MyDrive/LeafData.v1i.yolov11_aug4_20261003_170034/train/images/44_spot_jpg.rf.908d800435b8493bdc9b634033fbab80.jpg,,,pending,missing,train/images/44_spot_jpg.rf.908d800435b8493bdc9b634033fbab80.jpg,,train/images/44_spot_jpg.rf.908d800435b8493bdc9b634033fbab80.jpg,,344149d298fb3dbdaef2008f0130d74becb209b238079bb3ef758154ec6f2cbb,spot,train,train,False,masks/spot/345cfbb5c9e0700d498a1da1.png,pending,nonempty,416
SAM3_auto,brillo112,False,spot:44_spot_jpg,416,55066956e3c4aaa3a6d0a1bf,spot_source,/content/drive/MyDrive/LeafData.v1i.yolov11_aug4_20261003_170034/train/images/44_spot_jpg.rf.908d800435b8493bdc9b634033fbab80__aug4_brillo112.png,,,pending,missing,train/images/44_spot_jpg.rf.908d800435b8493bdc9b634033fbab80.jpg,,train/images/44_spot_jpg.rf.908d800435b8493bdc9b634033fbab80__aug4_brillo112.png,,3f995711b620a8ffd7c7e6d6ae9f303125700c92a83dd2ddb9883add87dd42bb,spot,train,train,False,masks/spot/55066956e3c4aaa3a6d0a1bf.png,pending,nonempty,416
SAM3_auto,contraste115,False,spot:44_spot_jpg,416,8d06e76d0de25edc33def1b7,spot_source,/content/drive/MyDrive/LeafData.v1i.yolov11_aug4_20261003_170034/train/images/44_spot_jpg.rf.908d800435b8493bdc9b634033fbab80__aug4_contraste115.png,,,pending,missing,train/images/44_spot_jpg.rf.908d800435b8493bdc9b634033fbab80.jpg,,train/images/44_spot_jpg.rf.908d800435b8493bdc9b634033fbab80__aug4_contraste115.png,,26669ab919fa6c7477038b6d73f5019f27b697e8157acab062db48975129bd1d,spot,train,train,False,masks/spot/8d06e76d0de25edc33def1b7.png,pending,nonempty,416
SAM3_auto,hflip,False,spot:44_spot_jpg,416,44ba1cc1b75c7639601e84a2,spot_source,/content/drive/MyDrive/LeafData.v1i.yolov11_aug4_20261003_170034/train/images/44_spot_jpg.rf.908d800435b8493bdc9b634033fbab80__aug4_hflip.png,,,pending,missing,train/images/44_spot_jpg.rf.908d800435b8493bdc9b634033fbab80.jpg,,train/images/44_spot_jpg.rf.908d800435b8493bdc9b634033fbab80__aug4_hflip.png,,aca0050d8510030add21d6d62b2e24ca8cd949abcd804d449cc33e48b19b9c8c,spot,train,train,False,masks/spot/44ba1cc1b75c7639601e84a2.png,pending,nonempty,416
SAM3_auto,vflip,False,spot:44_spot_jpg,416,b8f46dc281970c068636c19e,spot_source,/content/drive/MyDrive/LeafData.v1i.yolov11_aug4_20261003_170034/train/images/44_spot_jpg.rf.908d800435b8493bdc9b634033fbab80__aug4_vflip.png,,,pending,missing,train/images/44_spot_jpg.rf.908d800435b8493bdc9b634033fbab80.jpg,,train/images/44_spot_jpg.rf.908d800435b8493bdc9b634033fbab80__aug4_vflip.png,,b73fc918fb14d51f0bc5f9b507e8013ee539d92c8b7198ff04b1e2c986b05253,spot,train,train,False,masks/spot/b8f46dc281970c068636c19e.png,pending,nonempty,416
SAM3_auto,original,True,spot:46_spot_jpg,416,4ce2bc3f06b1436a7782fb61,spot_source,/content/drive/MyDrive/LeafData.v1i.yolov11_aug4_20261003_170034/train/images/46_spot_jpg.rf.532cda68435b4514e0423035de241971.jpg,,,pending,missing,train/images/46_spot_jpg.rf.532cda68435b4514e0423035de241971.jpg,,train/images/46_spot_jpg.rf.532cda68435b4514e0423035de241971.jpg,,3efaf0196b670fec4077075fc178edc32a772d7155d64593e92f6029a363b44a,spot,train,train,False,masks/spot/4ce2bc3f06b1436a7782fb61.png,pending,nonempty,416
SAM3_auto,brillo112,False,spot:46_spot_jpg,416,e681474771a9b44180831582,spot_source,/content/drive/MyDrive/LeafData.v1i.yolov11_aug4_20261003_170034/train/images/46_spot_jpg.rf.532cda68435b4514e0423035de241971__aug4_brillo112.png,,,pending,missing,train/images/46_spot_jpg.rf.532cda68435b4514e0423035de241971.jpg,,train/images/46_spot_jpg.rf.532cda68435b4514e0423035de241971__aug4_brillo112.png,,795836aa2658368159897c9abe46edee23401ad391e91488528101329d7a6a8c,spot,train,train,False,masks/spot/e681474771a9b44180831582.png,pending,nonempty,416
SAM3_auto,contraste115,False,spot:46_spot_jpg,416,17e8b9c8575ef984626830fa,spot_source,/content/drive/MyDrive/LeafData.v1i.yolov11_aug4_20261003_170034/train/images/46_spot_jpg.rf.532cda68435b4514e0423035de241971__aug4_contraste115.png,,,pending,missing,train/images/46_spot_jpg.rf.532cda68435b4514e0423035de241971.jpg,,train/images/46_spot_jpg.rf.532cda68435b4514e0423035de241971__aug4_contraste115.png,,6b4f27238e8b3c1359f0aaf393f4dcdfe76bc9087a8161d2bea2b103cf4de835,spot,train,train,False,masks/spot/17e8b9c8575ef984626830fa.png,pending,nonempty,416
SAM3_auto,hflip,False,spot:46_spot_jpg,416,6c3d7f07d7ebb7da00a38d71,spot_source,/content/drive/MyDrive/LeafData.v1i.yolov11_aug4_20261003_170034/train/images/46_spot_jpg.rf.532cda68435b4514e0423035de241971__aug4_hflip.png,,,pending,missing,train/images/46_spot_jpg.rf.532cda68435b4514e0423035de241971.jpg,,train/images/46_spot_jpg.rf.532cda68435b4514e0423035de241971__aug4_hflip.png,,84cdaa0d08ab7c3e6a8f6fca8251a93fc498482bf2c6f2a3e62bf75c9071f935,spot,train,train,False,masks/spot/6c3d7f07d7ebb7da00a38d71.png,pending,nonempty,416
SAM3_auto,vflip,False,spot:46_spot_jpg,416,ccc933ee05cc9b64b9b3efef,spot_source,/content/drive/MyDrive/LeafData.v1i.yolov11_aug4_20261003_170034/train/images/46_spot_jpg.rf.532cda68435b4514e0423035de241971__aug4_vflip.png,,,pending,missing,train/images/46_spot_jpg.rf.532cda68435b4514e0423035de241971.jpg,,train/images/46_spot_jpg.rf.532cda68435b4514e0423035de241971__aug4_vflip.png,,4a5250c356c8c7e009c255781fdba5bc0b145581d5ac815c0fe562062f73e9dd,spot,train,train,False,masks/spot/ccc933ee05cc9b64b9b3efef.png,pending,nonempty,416
SAM3_auto,original,True,spot:46_spot_jpg,416,4648571e53ffb4d6eaf9a38c,spot_source,/content/drive/MyDrive/LeafData.v1i.yolov11_aug4_20261003_170034/train/images/46_spot_jpg.rf.c52d3941ec70f1a4c2e38ed3bdc4a5b6.jpg,,,pending,missing,train/images/46_spot_jpg.rf.c52d3941ec70f1a4c2e38ed3bdc4a5b6.jpg,,train/images/46_spot_jpg.rf.c52d3941ec70f1a4c2e38ed3bdc4a5b6.jpg,,7437c4d96eb29507fdd51f6f9981423b1dac0075c6407899b50e6cf738ad1212,spot,train,train,False,masks/spot/4648571e53ffb4d6eaf9a38c.png,pending,nonempty,416
SAM3_auto,brillo112,False,spot:46_spot_jpg,416,c50f287b8868ce9901b70d40,spot_source,/content/drive/MyDrive/LeafData.v1i.yolov11_aug4_20261003_170034/train/images/46_spot_jpg.rf.c52d3941ec70f1a4c2e38ed3bdc4a5b6__aug4_brillo112.png,,,pending,missing,train/images/46_spot_jpg.rf.c52d3941ec70f1a4c2e38ed3bdc4a5b6.jpg,,train/images/46_spot_jpg.rf.c52d3941ec70f1a4c2e38ed3bdc4a5b6__aug4_brillo112.png,,ed4e0a1f7186f7dc4c2dfe1cc35a651bcab1a8177b6a3578556c05041661eac4,spot,train,train,False,masks/spot/c50f287b8868ce9901b70d40.png,pending,nonempty,416
SAM3_auto,contraste115,False,spot:46_spot_jpg,416,721abbd0fe6c65cf1c7f3591,spot_source,/content/drive/MyDrive/LeafData.v1i.yolov11_aug4_20261003_170034/train/images/46_spot_jpg.rf.c52d3941ec70f1a4c2e38ed3bdc4a5b6__aug4_contraste115.png,,,pending,missing,train/images/46_spot_jpg.rf.c52d3941ec70f1a4c2e38ed3bdc4a5b6.jpg,,train/images/46_spot_jpg.rf.c52d3941ec70f1a4c2e38ed3bdc4a5b6__aug4_contraste115.png,,53314742001add555f38e171e444f7d488bf1ff2765cf5f09d98b7d2450d3647,spot,train,train,False,masks/spot/721abbd0fe6c65cf1c7f3591.png,pending,nonempty,416
SAM3_auto,hflip,False,spot:46_spot_jpg,416,0d48323e51c98e9bf4f524e9,spot_source,/content/drive/MyDrive/LeafData.v1i.yolov11_aug4_20261003_170034/train/images/46_spot_jpg.rf.c52d3941ec70f1a4c2e38ed3bdc4a5b6__aug4_hflip.png,,,pending,missing,train/images/46_spot_jpg.rf.c52d3941ec70f1a4c2e38ed3bdc4a5b6.jpg,,train/images/46_spot_jpg.rf.c52d3941ec70f1a4c2e38ed3bdc4a5b6__aug4_hflip.png,,606625713d208105b3a148d0b149fe29a4c8fac0adf4cac326505088b26dd7b7,spot,train,train,False,masks/spot/0d48323e51c98e9bf4f524e9.png,pending,nonempty,416
SAM3_auto,vflip,False,spot:46_spot_jpg,416,7d27de6bb2d2833f8e70617b,spot_source,/content/drive/MyDrive/LeafData.v1i.yolov11_aug4_20261003_170034/train/images/46_spot_jpg.rf.c52d3941ec70f1a4c2e38ed3bdc4a5b6__aug4_vflip.png,,,pending,missing,train/images/46_spot_jpg.rf.c52d3941ec70f1a4c2e38ed3bdc4a5b6.jpg,,train/images/46_spot_jpg.rf.c52d3941ec70f1a4c2e38ed3bdc4a5b6__aug4_vflip.png,,1ff89872c75a88822b9a3a456107ebac75b096cd800e1bba0d897374edb35d9c,spot,train,train,False,masks/spot/7d27de6bb2d2833f8e70617b.png,pending,nonempty,416
SAM3_auto,original,True,spot:46_spot_jpg,416,312bb0a59bf3d2f4b8d13ae7,spot_source,/content/drive/MyDrive/LeafData.v1i.yolov11_aug4_20261003_170034/train/images/46_spot_jpg.rf.f458e1c6ed4cdca53e3fe50ea0c0c8b4.jpg,,,pending,missing,train/images/46_spot_jpg.rf.f458e1c6ed4cdca53e3fe50ea0c0c8b4.jpg,,train/images/46_spot_jpg.rf.f458e1c6ed4cdca53e3fe50ea0c0c8b4.jpg,,313cbd3f2eb9cc93eaef8471a11bac3eb4a509fe2ab2f63ff1e832804ec9268c,spot,train,train,False,masks/spot/312bb0a59bf3d2f4b8d13ae7.png,pending,nonempty,416
SAM3_auto,brillo112,False,spot:46_spot_jpg,416,aae646799bd14b63c6d3ab7f,spot_source,/content/drive/MyDrive/LeafData.v1i.yolov11_aug4_20261003_170034/train/images/46_spot_jpg.rf.f458e1c6ed4cdca53e3fe50ea0c0c8b4__aug4_brillo112.png,,,pending,missing,train/images/46_spot_jpg.rf.f458e1c6ed4cdca53e3fe50ea0c0c8b4.jpg,,train/images/46_spot_jpg.rf.f458e1c6ed4cdca53e3fe50ea0c0c8b4__aug4_brillo112.png,,90d370528253d06480d21a5e32eb5e754f10b3a430da90dd59601af9c24d9422,spot,train,train,False,masks/spot/aae646799bd14b63c6d3ab7f.png,pending,nonempty,416
SAM3_auto,contraste115,False,spot:46_spot_jpg,416,8e895cc3535c453d129b7cf2,spot_source,/content/drive/MyDrive/LeafData.v1i.yolov11_aug4_20261003_170034/train/images/46_spot_jpg.rf.f458e1c6ed4cdca53e3fe50ea0c0c8b4__aug4_contraste115.png,,,pending,missing,train/images/46_spot_jpg.rf.f458e1c6ed4cdca53e3fe50ea0c0c8b4.jpg,,train/images/46_spot_jpg.rf.f458e1c6ed4cdca53e3fe50ea0c0c8b4__aug4_contraste115.png,,a228a6d0f6d0d9b7fd0869e8f7cfa7d70b0746fb767b07a6903175229cea1aae,spot,train,train,False,masks/spot/8e895cc3535c453d129b7cf2.png,pending,nonempty,416
SAM3_auto,hflip,False,spot:46_spot_jpg,416,1916aed414618e277c5a3077,spot_source,/content/drive/MyDrive/LeafData.v1i.yolov11_aug4_20261003_170034/train/images/46_spot_jpg.rf.f458e1c6ed4cdca53e3fe50ea0c0c8b4__aug4_hflip.png,,,pending,missing,train/images/46_spot_jpg.rf.f458e1c6ed4cdca53e3fe50ea0c0c8b4.jpg,,train/images/46_spot_jpg.rf.f458e1c6ed4cdca53e3fe50ea0c0c8b4__aug4_hflip.png,,b87dd76720d57709cfed5f89bb128836479afbdc88aad68a039d5115a194e43f,spot,train,train,False,masks/spot/1916aed414618e277c5a3077.png,pending,nonempty,416
SAM3_auto,vflip,False,spot:46_spot_jpg,416,2f204072b4752f948bf5527d,spot_source,/content/drive/MyDrive/LeafData.v1i.yolov11_aug4_20261003_170034/train/images/46_spot_jpg.rf.f458e1c6ed4cdca53e3fe50ea0c0c8b4__aug4_vflip.png,,,pending,missing,train/images/46_spot_jpg.rf.f458e1c6ed4cdca53e3fe50ea0c0c8b4.jpg,,train/images/46_spot_jpg.rf.f458e1c6ed4cdca53e3fe50ea0c0c8b4__aug4_vflip.png,,4ca17f3d04b23cd62adb58c791a2bfa72d7fc5034a87a7cd72c6b4c254b9b6fc,spot,train,train,False,masks/spot/2f204072b4752f948bf5527d.png,pending,nonempty,416
SAM3_auto,original,True,spot:48_spot_jpg,416,eff00b40badea2ade5105d7c,spot_source,/content/drive/MyDrive/LeafData.v1i.yolov11_aug4_20261003_170034/train/images/48_spot_jpg.rf.09651751ea985d41167ae1ca039f41d6.jpg,,,pending,missing,train/images/48_spot_jpg.rf.09651751ea985d41167ae1ca039f41d6.jpg,,train/images/48_spot_jpg.rf.09651751ea985d41167ae1ca039f41d6.jpg,,0d199c914c1beb56a4e387aea249b543cdbd4027ce3171cb1e224b7fe83f77a2,spot,train,train,False,masks/spot/eff00b40badea2ade5105d7c.png,pending,nonempty,416
SAM3_auto,brillo112,False,spot:48_spot_jpg,416,a7a64cb9f70de36e8e313103,spot_source,/content/drive/MyDrive/LeafData.v1i.yolov11_aug4_20261003_170034/train/images/48_spot_jpg.rf.09651751ea985d41167ae1ca039f41d6__aug4_brillo112.png,,,pending,missing,train/images/48_spot_jpg.rf.09651751ea985d41167ae1ca039f41d6.jpg,,train/images/48_spot_jpg.rf.09651751ea985d41167ae1ca039f41d6__aug4_brillo112.png,,ad1a8d1a456ae3dfc5055bbc98873571f2f11f844859c6e4e60dfdb2aa6b2dba,spot,train,train,False,masks/spot/a7a64cb9f70de36e8e313103.png,pending,nonempty,416
SAM3_auto,contraste115,False,spot:48_spot_jpg,416,aaa40ea3a8f11aadd4825456,spot_source,/content/drive/MyDrive/LeafData.v1i.yolov11_aug4_20261003_170034/train/images/48_spot_jpg.rf.09651751ea985d41167ae1ca039f41d6__aug4_contraste115.png,,,pending,missing,train/images/48_spot_jpg.rf.09651751ea985d41167ae1ca039f41d6.jpg,,train/images/48_spot_jpg.rf.09651751ea985d41167ae1ca039f41d6__aug4_contraste115.png,,e4dd786108cfd0b4a986a9b0085a7894f7659d9acd57c92a252d0dca3ff3bafe,spot,train,train,False,masks/spot/aaa40ea3a8f11aadd4825456.png,pending,nonempty,416
SAM3_auto,hflip,False,spot:48_spot_jpg,416,df419cb4e88b410be3205002,spot_source,/content/drive/MyDrive/LeafData.v1i.yolov11_aug4_20261003_170034/train/images/48_spot_jpg.rf.09651751ea985d41167ae1ca039f41d6__aug4_hflip.png,,,pending,missing,train/images/48_spot_jpg.rf.09651751ea985d41167ae1ca039f41d6.jpg,,train/images/48_spot_jpg.rf.09651751ea985d41167ae1ca039f41d6__aug4_hflip.png,,205fdde9b1fe3874fbe4564acc62f727d26e751f69fdf119d6f15c5e0b0dc2f2,spot,train,train,False,masks/spot/df419cb4e88b410be3205002.png,pending,nonempty,416
SAM3_auto,vflip,False,spot:48_spot_jpg,416,629d5f4f59f0c65e69156263,spot_source,/content/drive/MyDrive/LeafData.v1i.yolov11_aug4_20261003_170034/train/images/48_spot_jpg.rf.09651751ea985d41167ae1ca039f41d6__aug4_vflip.png,,,pending,missing,train/images/48_spot_jpg.rf.09651751ea985d41167ae1ca039f41d6.jpg,,train/images/48_spot_jpg.rf.09651751ea985d41167ae1ca039f41d6__aug4_vflip.png,,71546b4ffe340780bbeb773c40156d036ac0f2d6e2cc43ee39ceffab8b8a37d9,spot,train,train,False,masks/spot/629d5f4f59f0c65e69156263.png,pending,nonempty,416
SAM3_auto,original,True,spot:48_spot_jpg,416,c60d057e4051a92714fa3963,spot_source,/content/drive/MyDrive/LeafData.v1i.yolov11_aug4_20261003_170034/train/images/48_spot_jpg.rf.5536b969ac09bb68135d73ca42585ae0.jpg,,,pending,missing,train/images/48_spot_jpg.rf.5536b969ac09bb68135d73ca42585ae0.jpg,,train/images/48_spot_jpg.rf.5536b969ac09bb68135d73ca42585ae0.jpg,,40ecf3af941619b434568817458c941987e488860eb5046145c9b866bc81b919,spot,train,train,False,masks/spot/c60d057e4051a92714fa3963.png,pending,nonempty,416
SAM3_auto,brillo112,False,spot:48_spot_jpg,416,151b250a218ec580961691d1,spot_source,/content/drive/MyDrive/LeafData.v1i.yolov11_aug4_20261003_170034/train/images/48_spot_jpg.rf.5536b969ac09bb68135d73ca42585ae0__aug4_brillo112.png,,,pending,missing,train/images/48_spot_jpg.rf.5536b969ac09bb68135d73ca42585ae0.jpg,,train/images/48_spot_jpg.rf.5536b969ac09bb68135d73ca42585ae0__aug4_brillo112.png,,23eb6b19c87d8da860502c798a17f98be9cd1c93092b34fb659c47b9556c7d78,spot,train,train,False,masks/spot/151b250a218ec580961691d1.png,pending,nonempty,416
SAM3_auto,contraste115,False,spot:48_spot_jpg,416,89e358426b1e98992067d6d2,spot_source,/content/drive/MyDrive/LeafData.v1i.yolov11_aug4_20261003_170034/train/images/48_spot_jpg.rf.5536b969ac09bb68135d73ca42585ae0__aug4_contraste115.png,,,pending,missing,train/images/48_spot_jpg.rf.5536b969ac09bb68135d73ca42585ae0.jpg,,train/images/48_spot_jpg.rf.5536b969ac09bb68135d73ca42585ae0__aug4_contraste115.png,,2be5eb17ce6c8a06141d2652d930d1a458ba4b36da53354fa2fc3cb4086e8a5d,spot,train,train,False,masks/spot/89e358426b1e98992067d6d2.png,pending,nonempty,416
SAM3_auto,hflip,False,spot:48_spot_jpg,416,08c947fe008385be9bb9fe23,spot_source,/content/drive/MyDrive/LeafData.v1i.yolov11_aug4_20261003_170034/train/images/48_spot_jpg.rf.5536b969ac09bb68135d73ca42585ae0__aug4_hflip.png,,,pending,missing,train/images/48_spot_jpg.rf.5536b969ac09bb68135d73ca42585ae0.jpg,,train/images/48_spot_jpg.rf.5536b969ac09bb68135d73ca42585ae0__aug4_hflip.png,,c1ded4e55cb2b54715593b511e1172c7a41d91146d59fa2ad6197bf668676d70,spot,train,train,False,masks/spot/08c947fe008385be9bb9fe23.png,pending,nonempty,416
SAM3_auto,vflip,False,spot:48_spot_jpg,416,076c1725e584f1e966a64a80,spot_source,/content/drive/MyDrive/LeafData.v1i.yolov11_aug4_20261003_170034/train/images/48_spot_jpg.rf.5536b969ac09bb68135d73ca42585ae0__aug4_vflip.png,,,pending,missing,train/images/48_spot_jpg.rf.5536b969ac09bb68135d73ca42585ae0.jpg,,train/images/48_spot_jpg.rf.5536b969ac09bb68135d73ca42585ae0__aug4_vflip.png,,0a7268b36a9f2bd369ae45322e68bca2f83c88487ffea3e6a1458e9e3983735b,spot,train,train,False,masks/spot/076c1725e584f1e966a64a80.png,pending,nonempty,416
SAM3_auto,original,True,spot:48_spot_jpg,416,0aa4f85ad90eb8298058504c,spot_source,/content/drive/MyDrive/LeafData.v1i.yolov11_aug4_20261003_170034/train/images/48_spot_jpg.rf.ee5d72f2e6dc9427d371a009f9af9fa0.jpg,,,pending,missing,train/images/48_spot_jpg.rf.ee5d72f2e6dc9427d371a009f9af9fa0.jpg,,train/images/48_spot_jpg.rf.ee5d72f2e6dc9427d371a009f9af9fa0.jpg,,febe98374bb6633d6bfc71c74b20d19bd0fef1d60ec815071dd0e135a9b98012,spot,train,train,False,masks/spot/0aa4f85ad90eb8298058504c.png,pending,nonempty,416
SAM3_auto,brillo112,False,spot:48_spot_jpg,416,bf8746754d0302714a3657fa,spot_source,/content/drive/MyDrive/LeafData.v1i.yolov11_aug4_20261003_170034/train/images/48_spot_jpg.rf.ee5d72f2e6dc9427d371a009f9af9fa0__aug4_brillo112.png,,,pending,missing,train/images/48_spot_jpg.rf.ee5d72f2e6dc9427d371a009f9af9fa0.jpg,,train/images/48_spot_jpg.rf.ee5d72f2e6dc9427d371a009f9af9fa0__aug4_brillo112.png,,b538c6e311ae95e0bf9f933c4682c7d623019564d7504e34dc0b698927f69f5e,spot,train,train,False,masks/spot/bf8746754d0302714a3657fa.png,pending,nonempty,416
SAM3_auto,contraste115,False,spot:48_spot_jpg,416,8a1f2f9febd623e444a09a5d,spot_source,/content/drive/MyDrive/LeafData.v1i.yolov11_aug4_20261003_170034/train/images/48_spot_jpg.rf.ee5d72f2e6dc9427d371a009f9af9fa0__aug4_contraste115.png,,,pending,missing,train/images/48_spot_jpg.rf.ee5d72f2e6dc9427d371a009f9af9fa0.jpg,,train/images/48_spot_jpg.rf.ee5d72f2e6dc9427d371a009f9af9fa0__aug4_contraste115.png,,df6bc195dc854c2f1eb242b7026640d0c7302f00434f2fdf5f463b63af439cbf,spot,train,train,False,masks/spot/8a1f2f9febd623e444a09a5d.png,pending,nonempty,416
SAM3_auto,hflip,False,spot:48_spot_jpg,416,4ec42e994997482548169caa,spot_source,/content/drive/MyDrive/LeafData.v1i.yolov11_aug4_20261003_170034/train/images/48_spot_jpg.rf.ee5d72f2e6dc9427d371a009f9af9fa0__aug4_hflip.png,,,pending,missing,train/images/48_spot_jpg.rf.ee5d72f2e6dc9427d371a009f9af9fa0.jpg,,train/images/48_spot_jpg.rf.ee5d72f2e6dc9427d371a009f9af9fa0__aug4_hflip.png,,cd2e02e9d6fc1a794efc989bff4582d6b4612c1cf25921c6308c9a90f9d82939,spot,train,train,False,masks/spot/4ec42e994997482548169caa.png,pending,nonempty,416
SAM3_auto,vflip,False,spot:48_spot_jpg,416,94a0269272f3d133670f2a18,spot_source,/content/drive/MyDrive/LeafData.v1i.yolov11_aug4_20261003_170034/train/images/48_spot_jpg.rf.ee5d72f2e6dc9427d371a009f9af9fa0__aug4_vflip.png,,,pending,missing,train/images/48_spot_jpg.rf.ee5d72f2e6dc9427d371a009f9af9fa0.jpg,,train/images/48_spot_jpg.rf.ee5d72f2e6dc9427d371a009f9af9fa0__aug4_vflip.png,,e5eadd425e0faf58dccbe04ec20c09983fc7713c413a2de181f1faaf8884dc8d,spot,train,train,False,masks/spot/94a0269272f3d133670f2a18.png,pending,nonempty,416
SAM3_auto,original,True,spot:49_spot_jpg,416,50e609f495d862331d088ab1,spot_source,/content/drive/MyDrive/LeafData.v1i.yolov11_aug4_20261003_170034/train/images/49_spot_jpg.rf.18db191323d1a5f8e4bed3a79bc398b3.jpg,,,pending,missing,train/images/49_spot_jpg.rf.18db191323d1a5f8e4bed3a79bc398b3.jpg,,train/images/49_spot_jpg.rf.18db191323d1a5f8e4bed3a79bc398b3.jpg,,2f0053856dec150c69cc2d667663ef8c8aacb6f447f88aa6a6372c0bc0c19657,spot,train,train,False,masks/spot/50e609f495d862331d088ab1.png,pending,nonempty,416
SAM3_auto,brillo112,False,spot:49_spot_jpg,416,34e6fb75caa1f04f4904675a,spot_source,/content/drive/MyDrive/LeafData.v1i.yolov11_aug4_20261003_170034/train/images/49_spot_jpg.rf.18db191323d1a5f8e4bed3a79bc398b3__aug4_brillo112.png,,,pending,missing,train/images/49_spot_jpg.rf.18db191323d1a5f8e4bed3a79bc398b3.jpg,,train/images/49_spot_jpg.rf.18db191323d1a5f8e4bed3a79bc398b3__aug4_brillo112.png,,6629beaec61d2fcf65a9380d45e787383f68ec7b877b20a34e4aa47732f4f670,spot,train,train,False,masks/spot/34e6fb75caa1f04f4904675a.png,pending,nonempty,416
SAM3_auto,contraste115,False,spot:49_spot_jpg,416,9263d4cd20add9010dfc2e18,spot_source,/content/drive/MyDrive/LeafData.v1i.yolov11_aug4_20261003_170034/train/images/49_spot_jpg.rf.18db191323d1a5f8e4bed3a79bc398b3__aug4_contraste115.png,,,pending,missing,train/images/49_spot_jpg.rf.18db191323d1a5f8e4bed3a79bc398b3.jpg,,train/images/49_spot_jpg.rf.18db191323d1a5f8e4bed3a79bc398b3__aug4_contraste115.png,,cede1129d378c72d050735f6fe0ac73defdd23e89d17087aea20033eed2e455c,spot,train,train,False,masks/spot/9263d4cd20add9010dfc2e18.png,pending,nonempty,416
SAM3_auto,hflip,False,spot:49_spot_jpg,416,9f033eb8e1941c90974635c8,spot_source,/content/drive/MyDrive/LeafData.v1i.yolov11_aug4_20261003_170034/train/images/49_spot_jpg.rf.18db191323d1a5f8e4bed3a79bc398b3__aug4_hflip.png,,,pending,missing,train/images/49_spot_jpg.rf.18db191323d1a5f8e4bed3a79bc398b3.jpg,,train/images/49_spot_jpg.rf.18db191323d1a5f8e4bed3a79bc398b3__aug4_hflip.png,,380c4f19ee08016dbd87349e47a6dd44d40fcf592fde88ec70aa7187456df41b,spot,train,train,False,masks/spot/9f033eb8e1941c90974635c8.png,pending,nonempty,416
SAM3_auto,vflip,False,spot:49_spot_jpg,416,a0e9195ec15fb5f1ac9d40f4,spot_source,/content/drive/MyDrive/LeafData.v1i.yolov11_aug4_20261003_170034/train/images/49_spot_jpg.rf.18db191323d1a5f8e4bed3a79bc398b3__aug4_vflip.png,,,pending,missing,train/images/49_spot_jpg.rf.18db191323d1a5f8e4bed3a79bc398b3.jpg,,train/images/49_spot_jpg.rf.18db191323d1a5f8e4bed3a79bc398b3__aug4_vflip.png,,f962f00abf42568fcdba3696294b19dc9d359268ef1b43f7451f97595b1259c2,spot,train,train,False,masks/spot/a0e9195ec15fb5f1ac9d40f4.png,pending,nonempty,416
SAM3_auto,original,True,spot:49_spot_jpg,416,a797442e381872afa7e087ba,spot_source,/content/drive/MyDrive/LeafData.v1i.yolov11_aug4_20261003_170034/train/images/49_spot_jpg.rf.1ab517b9d963ab0ccb6909f5d15b4233.jpg,,,pending,missing,train/images/49_spot_jpg.rf.1ab517b9d963ab0ccb6909f5d15b4233.jpg,,train/images/49_spot_jpg.rf.1ab517b9d963ab0ccb6909f5d15b4233.jpg,,ffbbed30f5a95de8a958df3723c24f8cd7154abde622cb73075cea537837f563,spot,train,train,False,masks/spot/a797442e381872afa7e087ba.png,pending,nonempty,416
SAM3_auto,brillo112,False,spot:49_spot_jpg,416,edcf0d93de313a282bc29c8f,spot_source,/content/drive/MyDrive/LeafData.v1i.yolov11_aug4_20261003_170034/train/images/49_spot_jpg.rf.1ab517b9d963ab0ccb6909f5d15b4233__aug4_brillo112.png,,,pending,missing,train/images/49_spot_jpg.rf.1ab517b9d963ab0ccb6909f5d15b4233.jpg,,train/images/49_spot_jpg.rf.1ab517b9d963ab0ccb6909f5d15b4233__aug4_brillo112.png,,9fde69a6737be993387f6481031414088c8e248aae9e5938d5de883a60af613c,spot,train,train,False,masks/spot/edcf0d93de313a282bc29c8f.png,pending,nonempty,416
SAM3_auto,contraste115,False,spot:49_spot_jpg,416,55d7160c07f8415ae5ea055b,spot_source,/content/drive/MyDrive/LeafData.v1i.yolov11_aug4_20261003_170034/train/images/49_spot_jpg.rf.1ab517b9d963ab0ccb6909f5d15b4233__aug4_contraste115.png,,,pending,missing,train/images/49_spot_jpg.rf.1ab517b9d963ab0ccb6909f5d15b4233.jpg,,train/images/49_spot_jpg.rf.1ab517b9d963ab0ccb6909f5d15b4233__aug4_contraste115.png,,27615b1fb61085789ce4e5683c7cbe13dd612442e1fd453196db7cf4c08ff799,spot,train,train,False,masks/spot/55d7160c07f8415ae5ea055b.png,pending,nonempty,416
SAM3_auto,hflip,False,spot:49_spot_jpg,416,d3db53f257617383174cb2e9,spot_source,/content/drive/MyDrive/LeafData.v1i.yolov11_aug4_20261003_170034/train/images/49_spot_jpg.rf.1ab517b9d963ab0ccb6909f5d15b4233__aug4_hflip.png,,,pending,missing,train/images/49_spot_jpg.rf.1ab517b9d963ab0ccb6909f5d15b4233.jpg,,train/images/49_spot_jpg.rf.1ab517b9d963ab0ccb6909f5d15b4233__aug4_hflip.png,,75ac9d2da39dfbbedee35c963a4fb28a86743835bd5d3a314d512501942e5745,spot,train,train,False,masks/spot/d3db53f257617383174cb2e9.png,pending,nonempty,416
SAM3_auto,vflip,False,spot:49_spot_jpg,416,e9a4e7eeecd372be8038ca42,spot_source,/content/drive/MyDrive/LeafData.v1i.yolov11_aug4_20261003_170034/train/images/49_spot_jpg.rf.1ab517b9d963ab0ccb6909f5d15b4233__aug4_vflip.png,,,pending,missing,train/images/49_spot_jpg.rf.1ab517b9d963ab0ccb6909f5d15b4233.jpg,,train/images/49_spot_jpg.rf.1ab517b9d963ab0ccb6909f5d15b4233__aug4_vflip.png,,d92c595c9c7a4f49eacdc024e0414f793899a26ac998aa9f542c06dedaea4a91,spot,train,train,False,masks/spot/e9a4e7eeecd372be8038ca42.png,pending,nonempty,416
SAM3_auto,original,True,spot:49_spot_jpg,416,4e4ac81d65af10606339d44e,spot_source,/content/drive/MyDrive/LeafData.v1i.yolov11_aug4_20261003_170034/train/images/49_spot_jpg.rf.42ce9fc1c4d6de9c616aec56a307b9eb.jpg,,,pending,missing,train/images/49_spot_jpg.rf.42ce9fc1c4d6de9c616aec56a307b9eb.jpg,,train/images/49_spot_jpg.rf.42ce9fc1c4d6de9c616aec56a307b9eb.jpg,,24f8f9b76795bf8a4471cebbb74b97c32f406517a60165678d439023da298419,spot,train,train,False,masks/spot/4e4ac81d65af10606339d44e.png,pending,nonempty,416
SAM3_auto,brillo112,False,spot:49_spot_jpg,416,bcd867d73a6b6b0ec81248cf,spot_source,/content/drive/MyDrive/LeafData.v1i.yolov11_aug4_20261003_170034/train/images/49_spot_jpg.rf.42ce9fc1c4d6de9c616aec56a307b9eb__aug4_brillo112.png,,,pending,missing,train/images/49_spot_jpg.rf.42ce9fc1c4d6de9c616aec56a307b9eb.jpg,,train/images/49_spot_jpg.rf.42ce9fc1c4d6de9c616aec56a307b9eb__aug4_brillo112.png,,5a4ff999b5e731e02c96ce0e0506bc243a8da35df32a785e1d7126ba4d0e188a,spot,train,train,False,masks/spot/bcd867d73a6b6b0ec81248cf.png,pending,nonempty,416
SAM3_auto,contraste115,False,spot:49_spot_jpg,416,e04b83f1470cdb08618fa2e6,spot_source,/content/drive/MyDrive/LeafData.v1i.yolov11_aug4_20261003_170034/train/images/49_spot_jpg.rf.42ce9fc1c4d6de9c616aec56a307b9eb__aug4_contraste115.png,,,pending,missing,train/images/49_spot_jpg.rf.42ce9fc1c4d6de9c616aec56a307b9eb.jpg,,train/images/49_spot_jpg.rf.42ce9fc1c4d6de9c616aec56a307b9eb__aug4_contraste115.png,,ce0b398c45b19e766605055085658dc34470e549c0ddba4179e1ef19fdb8132d,spot,train,train,False,masks/spot/e04b83f1470cdb08618fa2e6.png,pending,nonempty,416
SAM3_auto,hflip,False,spot:49_spot_jpg,416,acef0580dd8ba75e16061567,spot_source,/content/drive/MyDrive/LeafData.v1i.yolov11_aug4_20261003_170034/train/images/49_spot_jpg.rf.42ce9fc1c4d6de9c616aec56a307b9eb__aug4_hflip.png,,,pending,missing,train/images/49_spot_jpg.rf.42ce9fc1c4d6de9c616aec56a307b9eb.jpg,,train/images/49_spot_jpg.rf.42ce9fc1c4d6de9c616aec56a307b9eb__aug4_hflip.png,,1f9534956e3151b1640d06a05907951e76949f39172d1e0a1070eee78979177b,spot,train,train,False,masks/spot/acef0580dd8ba75e16061567.png,pending,nonempty,416
SAM3_auto,vflip,False,spot:49_spot_jpg,416,fef2fad9e58364045e58ecc1,spot_source,/content/drive/MyDrive/LeafData.v1i.yolov11_aug4_20261003_170034/train/images/49_spot_jpg.rf.42ce9fc1c4d6de9c616aec56a307b9eb__aug4_vflip.png,,,pending,missing,train/images/49_spot_jpg.rf.42ce9fc1c4d6de9c616aec56a307b9eb.jpg,,train/images/49_spot_jpg.rf.42ce9fc1c4d6de9c616aec56a307b9eb__aug4_vflip.png,,8dcb612ed0db0c3b597cef61359c737b50ffbba9147b8712a229cf89bda49a66,spot,train,train,False,masks/spot/fef2fad9e58364045e58ecc1.png,pending,nonempty,416
SAM3_auto,original,True,spot:4_spot_jpg,416,602adca09a542865a4b3c422,spot_source,/content/drive/MyDrive/LeafData.v1i.yolov11_aug4_20261003_170034/train/images/4_spot_jpg.rf.6cebeb043e1029e52e09783f83326174.jpg,,,pending,missing,train/images/4_spot_jpg.rf.6cebeb043e1029e52e09783f83326174.jpg,,train/images/4_spot_jpg.rf.6cebeb043e1029e52e09783f83326174.jpg,,820de68e64532af1c5c82cd526e795cab47e94727157176703d50a05250968fd,spot,train,train,False,masks/spot/602adca09a542865a4b3c422.png,pending,nonempty,416
SAM3_auto,brillo112,False,spot:4_spot_jpg,416,a6dea8a0c3874c38396210ca,spot_source,/content/drive/MyDrive/LeafData.v1i.yolov11_aug4_20261003_170034/train/images/4_spot_jpg.rf.6cebeb043e1029e52e09783f83326174__aug4_brillo112.png,,,pending,missing,train/images/4_spot_jpg.rf.6cebeb043e1029e52e09783f83326174.jpg,,train/images/4_spot_jpg.rf.6cebeb043e1029e52e09783f83326174__aug4_brillo112.png,,8c946036d404e60583d9d4ead3e109bf08828bb6a49d25c5c9916ed642e7894f,spot,train,train,False,masks/spot/a6dea8a0c3874c38396210ca.png,pending,nonempty,416
SAM3_auto,contraste115,False,spot:4_spot_jpg,416,e39883dcf512e26e42e5d6ca,spot_source,/content/drive/MyDrive/LeafData.v1i.yolov11_aug4_20261003_170034/train/images/4_spot_jpg.rf.6cebeb043e1029e52e09783f83326174__aug4_contraste115.png,,,pending,missing,train/images/4_spot_jpg.rf.6cebeb043e1029e52e09783f83326174.jpg,,train/images/4_spot_jpg.rf.6cebeb043e1029e52e09783f83326174__aug4_contraste115.png,,80d7ff8b5c36ae97b919b50d35e086d010dccaa7cb15a1a1f1d5200f34fc3639,spot,train,train,False,masks/spot/e39883dcf512e26e42e5d6ca.png,pending,nonempty,416
SAM3_auto,hflip,False,spot:4_spot_jpg,416,bf157e650f1443cb89d16a2e,spot_source,/content/drive/MyDrive/LeafData.v1i.yolov11_aug4_20261003_170034/train/images/4_spot_jpg.rf.6cebeb043e1029e52e09783f83326174__aug4_hflip.png,,,pending,missing,train/images/4_spot_jpg.rf.6cebeb043e1029e52e09783f83326174.jpg,,train/images/4_spot_jpg.rf.6cebeb043e1029e52e09783f83326174__aug4_hflip.png,,db9dac97972f638498d830f5173c1309718ff56b237f40ecbf9e883c3297f7ec,spot,train,train,False,masks/spot/bf157e650f1443cb89d16a2e.png,pending,nonempty,416
SAM3_auto,vflip,False,spot:4_spot_jpg,416,a5ff52cc658ed6298fa76494,spot_source,/content/drive/MyDrive/LeafData.v1i.yolov11_aug4_20261003_170034/train/images/4_spot_jpg.rf.6cebeb043e1029e52e09783f83326174__aug4_vflip.png,,,pending,missing,train/images/4_spot_jpg.rf.6cebeb043e1029e52e09783f83326174.jpg,,train/images/4_spot_jpg.rf.6cebeb043e1029e52e09783f83326174__aug4_vflip.png,,dffe2be771452ebd97c63e72eb706a2ab6ad62e1cac87c251bfd31b4c226cb7a,spot,train,train,False,masks/spot/a5ff52cc658ed6298fa76494.png,pending,nonempty,416
SAM3_auto,original,True,spot:4_spot_jpg,416,a8a48d542cb9d5a2960051d1,spot_source,/content/drive/MyDrive/LeafData.v1i.yolov11_aug4_20261003_170034/train/images/4_spot_jpg.rf.7510e8e1cef2103eded4fa1ef6f1e7f7.jpg,,,pending,missing,train/images/4_spot_jpg.rf.7510e8e1cef2103eded4fa1ef6f1e7f7.jpg,,train/images/4_spot_jpg.rf.7510e8e1cef2103eded4fa1ef6f1e7f7.jpg,,4172e2c091890fbdeba6e039e913c2644d3b87167654abb873d8d7093d27c195,spot,train,train,False,masks/spot/a8a48d542cb9d5a2960051d1.png,pending,nonempty,416
SAM3_auto,brillo112,False,spot:4_spot_jpg,416,df645ae48a5bbd769f84d21f,spot_source,/content/drive/MyDrive/LeafData.v1i.yolov11_aug4_20261003_170034/train/images/4_spot_jpg.rf.7510e8e1cef2103eded4fa1ef6f1e7f7__aug4_brillo112.png,,,pending,missing,train/images/4_spot_jpg.rf.7510e8e1cef2103eded4fa1ef6f1e7f7.jpg,,train/images/4_spot_jpg.rf.7510e8e1cef2103eded4fa1ef6f1e7f7__aug4_brillo112.png,,1a962cb94243e1d18451903cd17240ffc3ab5e2a61cc3e74491c95ae56cf9aee,spot,train,train,False,masks/spot/df645ae48a5bbd769f84d21f.png,pending,nonempty,416
SAM3_auto,contraste115,False,spot:4_spot_jpg,416,ec5e8386c9a2311444196ad8,spot_source,/content/drive/MyDrive/LeafData.v1i.yolov11_aug4_20261003_170034/train/images/4_spot_jpg.rf.7510e8e1cef2103eded4fa1ef6f1e7f7__aug4_contraste115.png,,,pending,missing,train/images/4_spot_jpg.rf.7510e8e1cef2103eded4fa1ef6f1e7f7.jpg,,train/images/4_spot_jpg.rf.7510e8e1cef2103eded4fa1ef6f1e7f7__aug4_contraste115.png,,9c9aa22cca8541ff691a053f2a114422f55d58989fb835687487d47f03f05027,spot,train,train,False,masks/spot/ec5e8386c9a2311444196ad8.png,pending,nonempty,416
SAM3_auto,hflip,False,spot:4_spot_jpg,416,0a6fc97376aa6688e7160b0f,spot_source,/content/drive/MyDrive/LeafData.v1i.yolov11_aug4_20261003_170034/train/images/4_spot_jpg.rf.7510e8e1cef2103eded4fa1ef6f1e7f7__aug4_hflip.png,,,pending,missing,train/images/4_spot_jpg.rf.7510e8e1cef2103eded4fa1ef6f1e7f7.jpg,,train/images/4_spot_jpg.rf.7510e8e1cef2103eded4fa1ef6f1e7f7__aug4_hflip.png,,18e03f6f2e47c7b0571c2e760b48cc1d0322b4e0b8faac7aa3046a19b60d7d46,spot,train,train,False,masks/spot/0a6fc97376aa6688e7160b0f.png,pending,nonempty,416
SAM3_auto,vflip,False,spot:4_spot_jpg,416,e9ac015f47ea687eaf15ed47,spot_source,/content/drive/MyDrive/LeafData.v1i.yolov11_aug4_20261003_170034/train/images/4_spot_jpg.rf.7510e8e1cef2103eded4fa1ef6f1e7f7__aug4_vflip.png,,,pending,missing,train/images/4_spot_jpg.rf.7510e8e1cef2103eded4fa1ef6f1e7f7.jpg,,train/images/4_spot_jpg.rf.7510e8e1cef2103eded4fa1ef6f1e7f7__aug4_vflip.png,,abb0fe77fbf953b62b0813cbcaa20a31a9157b9eeda15b4b9169e872b0ec5322,spot,train,train,False,masks/spot/e9ac015f47ea687eaf15ed47.png,pending,nonempty,416
SAM3_auto,original,True,spot:4_spot_jpg,416,34f17469dddb5b1bd0e7c476,spot_source,/content/drive/MyDrive/LeafData.v1i.yolov11_aug4_20261003_170034/train/images/4_spot_jpg.rf.767f1c07aa65e6b84c3a8bdc6f1511fa.jpg,,,pending,missing,train/images/4_spot_jpg.rf.767f1c07aa65e6b84c3a8bdc6f1511fa.jpg,,train/images/4_spot_jpg.rf.767f1c07aa65e6b84c3a8bdc6f1511fa.jpg,,854b623278f018de94a78008a0a4dea8a847c8d43bdf3c6ed0cb226969a50998,spot,train,train,False,masks/spot/34f17469dddb5b1bd0e7c476.png,pending,nonempty,416
SAM3_auto,brillo112,False,spot:4_spot_jpg,416,d0ca3e6858192f1949fc05df,spot_source,/content/drive/MyDrive/LeafData.v1i.yolov11_aug4_20261003_170034/train/images/4_spot_jpg.rf.767f1c07aa65e6b84c3a8bdc6f1511fa__aug4_brillo112.png,,,pending,missing,train/images/4_spot_jpg.rf.767f1c07aa65e6b84c3a8bdc6f1511fa.jpg,,train/images/4_spot_jpg.rf.767f1c07aa65e6b84c3a8bdc6f1511fa__aug4_brillo112.png,,872e3ebf30cbe390e124be5b7be5fb10ccc3ffe15ed513bedf17f8915b68d70e,spot,train,train,False,masks/spot/d0ca3e6858192f1949fc05df.png,pending,nonempty,416
SAM3_auto,contraste115,False,spot:4_spot_jpg,416,a9c75e6c8d0d6ae32a9681cc,spot_source,/content/drive/MyDrive/LeafData.v1i.yolov11_aug4_20261003_170034/train/images/4_spot_jpg.rf.767f1c07aa65e6b84c3a8bdc6f1511fa__aug4_contraste115.png,,,pending,missing,train/images/4_spot_jpg.rf.767f1c07aa65e6b84c3a8bdc6f1511fa.jpg,,train/images/4_spot_jpg.rf.767f1c07aa65e6b84c3a8bdc6f1511fa__aug4_contraste115.png,,ec8e72dc21d8aefe70c92f142207c83b6836a57f29d3cb0c4b5f2ccbc26f698f,spot,train,train,False,masks/spot/a9c75e6c8d0d6ae32a9681cc.png,pending,nonempty,416
SAM3_auto,hflip,False,spot:4_spot_jpg,416,782f822cdb8976a207940c91,spot_source,/content/drive/MyDrive/LeafData.v1i.yolov11_aug4_20261003_170034/train/images/4_spot_jpg.rf.767f1c07aa65e6b84c3a8bdc6f1511fa__aug4_hflip.png,,,pending,missing,train/images/4_spot_jpg.rf.767f1c07aa65e6b84c3a8bdc6f1511fa.jpg,,train/images/4_spot_jpg.rf.767f1c07aa65e6b84c3a8bdc6f1511fa__aug4_hflip.png,,0b05dbedabd5018c269bdd57c04d4ee80bc989d7b0a0c0559e4296fb4b3f3f4d,spot,train,train,False,masks/spot/782f822cdb8976a207940c91.png,pending,nonempty,416
SAM3_auto,vflip,False,spot:4_spot_jpg,416,7389f2bb7dac308cf754a6e0,spot_source,/content/drive/MyDrive/LeafData.v1i.yolov11_aug4_20261003_170034/train/images/4_spot_jpg.rf.767f1c07aa65e6b84c3a8bdc6f1511fa__aug4_vflip.png,,,pending,missing,train/images/4_spot_jpg.rf.767f1c07aa65e6b84c3a8bdc6f1511fa.jpg,,train/images/4_spot_jpg.rf.767f1c07aa65e6b84c3a8bdc6f1511fa__aug4_vflip.png,,6cf8c405320a340be06426f534001197b85f6cbfa4695ed493e28d100c9d758f,spot,train,train,False,masks/spot/7389f2bb7dac308cf754a6e0.png,pending,nonempty,416
SAM3_auto,original,True,spot:51_spot_jpg,416,0f41691b6c4a25dba245810a,spot_source,/content/drive/MyDrive/LeafData.v1i.yolov11_aug4_20261003_170034/train/images/51_spot_jpg.rf.1a5664adea89ceb17b3d2f6ba8ea5d57.jpg,,,pending,missing,train/images/51_spot_jpg.rf.1a5664adea89ceb17b3d2f6ba8ea5d57.jpg,,train/images/51_spot_jpg.rf.1a5664adea89ceb17b3d2f6ba8ea5d57.jpg,,b80f4c7d4a7c8344478f3f265b83fc94b023fac2ab1ed4e53129abb5ef290368,spot,train,train,False,masks/spot/0f41691b6c4a25dba245810a.png,pending,nonempty,416
SAM3_auto,brillo112,False,spot:51_spot_jpg,416,7f4a65c661797e0ce7866d49,spot_source,/content/drive/MyDrive/LeafData.v1i.yolov11_aug4_20261003_170034/train/images/51_spot_jpg.rf.1a5664adea89ceb17b3d2f6ba8ea5d57__aug4_brillo112.png,,,pending,missing,train/images/51_spot_jpg.rf.1a5664adea89ceb17b3d2f6ba8ea5d57.jpg,,train/images/51_spot_jpg.rf.1a5664adea89ceb17b3d2f6ba8ea5d57__aug4_brillo112.png,,c1c39dc4f7a123d54d3acdfb447936eaf09282f1e1a343c2e6110797bb8037bb,spot,train,train,False,masks/spot/7f4a65c661797e0ce7866d49.png,pending,nonempty,416
SAM3_auto,contraste115,False,spot:51_spot_jpg,416,78df947b3ba21888c5188ab6,spot_source,/content/drive/MyDrive/LeafData.v1i.yolov11_aug4_20261003_170034/train/images/51_spot_jpg.rf.1a5664adea89ceb17b3d2f6ba8ea5d57__aug4_contraste115.png,,,pending,missing,train/images/51_spot_jpg.rf.1a5664adea89ceb17b3d2f6ba8ea5d57.jpg,,train/images/51_spot_jpg.rf.1a5664adea89ceb17b3d2f6ba8ea5d57__aug4_contraste115.png,,c1e1525b15f6035727ceda893f95466cf7d0fe2eeeda1983f5629cc9a9f57a7d,spot,train,train,False,masks/spot/78df947b3ba21888c5188ab6.png,pending,nonempty,416
SAM3_auto,hflip,False,spot:51_spot_jpg,416,53261fcbca00088c7da3e170,spot_source,/content/drive/MyDrive/LeafData.v1i.yolov11_aug4_20261003_170034/train/images/51_spot_jpg.rf.1a5664adea89ceb17b3d2f6ba8ea5d57__aug4_hflip.png,,,pending,missing,train/images/51_spot_jpg.rf.1a5664adea89ceb17b3d2f6ba8ea5d57.jpg,,train/images/51_spot_jpg.rf.1a5664adea89ceb17b3d2f6ba8ea5d57__aug4_hflip.png,,ade3a8bd164107e6fa0699c93edbced4d518908eafd936c73cb1bdd82ef3d4d6,spot,train,train,False,masks/spot/53261fcbca00088c7da3e170.png,pending,nonempty,416
SAM3_auto,vflip,False,spot:51_spot_jpg,416,6f60e6d3a42287cc349c3c02,spot_source,/content/drive/MyDrive/LeafData.v1i.yolov11_aug4_20261003_170034/train/images/51_spot_jpg.rf.1a5664adea89ceb17b3d2f6ba8ea5d57__aug4_vflip.png,,,pending,missing,train/images/51_spot_jpg.rf.1a5664adea89ceb17b3d2f6ba8ea5d57.jpg,,train/images/51_spot_jpg.rf.1a5664adea89ceb17b3d2f6ba8ea5d57__aug4_vflip.png,,7dc7de169c3d271ec80a02d1040d28d3a85f0e6af84feaf7998fdcda2587f7c2,spot,train,train,False,masks/spot/6f60e6d3a42287cc349c3c02.png,pending,nonempty,416
SAM3_auto,original,True,spot:51_spot_jpg,416,0fd2d84aefeacc00cfa00c9d,spot_source,/content/drive/MyDrive/LeafData.v1i.yolov11_aug4_20261003_170034/train/images/51_spot_jpg.rf.540353940ac8ed28dc21caf8ad18aa14.jpg,,,pending,missing,train/images/51_spot_jpg.rf.540353940ac8ed28dc21caf8ad18aa14.jpg,,train/images/51_spot_jpg.rf.540353940ac8ed28dc21caf8ad18aa14.jpg,,8514c1b30a8e367786e4e9e9d70a27ecd954210a466d789d272b365e3719020f,spot,train,train,False,masks/spot/0fd2d84aefeacc00cfa00c9d.png,pending,nonempty,416
SAM3_auto,brillo112,False,spot:51_spot_jpg,416,b852bd8f965e5cde8c40974a,spot_source,/content/drive/MyDrive/LeafData.v1i.yolov11_aug4_20261003_170034/train/images/51_spot_jpg.rf.540353940ac8ed28dc21caf8ad18aa14__aug4_brillo112.png,,,pending,missing,train/images/51_spot_jpg.rf.540353940ac8ed28dc21caf8ad18aa14.jpg,,train/images/51_spot_jpg.rf.540353940ac8ed28dc21caf8ad18aa14__aug4_brillo112.png,,86c4b29c46e875f216d80f4eca2e785b98f7a78d39ad0b14d9d91cb6a77e323d,spot,train,train,False,masks/spot/b852bd8f965e5cde8c40974a.png,pending,nonempty,416
SAM3_auto,contraste115,False,spot:51_spot_jpg,416,117787652a65d7e0e7c64881,spot_source,/content/drive/MyDrive/LeafData.v1i.yolov11_aug4_20261003_170034/train/images/51_spot_jpg.rf.540353940ac8ed28dc21caf8ad18aa14__aug4_contraste115.png,,,pending,missing,train/images/51_spot_jpg.rf.540353940ac8ed28dc21caf8ad18aa14.jpg,,train/images/51_spot_jpg.rf.540353940ac8ed28dc21caf8ad18aa14__aug4_contraste115.png,,c892a0992177c25501ee8f78716d2b0babbc1e8cad4cfa65a87a4b3d4af83786,spot,train,train,False,masks/spot/117787652a65d7e0e7c64881.png,pending,nonempty,416
SAM3_auto,hflip,False,spot:51_spot_jpg,416,f190701c4de47a54d7cad8cb,spot_source,/content/drive/MyDrive/LeafData.v1i.yolov11_aug4_20261003_170034/train/images/51_spot_jpg.rf.540353940ac8ed28dc21caf8ad18aa14__aug4_hflip.png,,,pending,missing,train/images/51_spot_jpg.rf.540353940ac8ed28dc21caf8ad18aa14.jpg,,train/images/51_spot_jpg.rf.540353940ac8ed28dc21caf8ad18aa14__aug4_hflip.png,,a6c37daa3d5acbed579462d4811b4a99d33d5d26f02e27fcfaf1a92ec0efb34c,spot,train,train,False,masks/spot/f190701c4de47a54d7cad8cb.png,pending,nonempty,416
SAM3_auto,vflip,False,spot:51_spot_jpg,416,7072181033d4e8102b9cc781,spot_source,/content/drive/MyDrive/LeafData.v1i.yolov11_aug4_20261003_170034/train/images/51_spot_jpg.rf.540353940ac8ed28dc21caf8ad18aa14__aug4_vflip.png,,,pending,missing,train/images/51_spot_jpg.rf.540353940ac8ed28dc21caf8ad18aa14.jpg,,train/images/51_spot_jpg.rf.540353940ac8ed28dc21caf8ad18aa14__aug4_vflip.png,,71372199421c7613fd9f51c77da0c85f8e5ff0ce4799b90b8e1da73a82eb7633,spot,train,train,False,masks/spot/7072181033d4e8102b9cc781.png,pending,nonempty,416
SAM3_auto,original,True,spot:51_spot_jpg,416,f935de91a15851ffbfe7ba1a,spot_source,/content/drive/MyDrive/LeafData.v1i.yolov11_aug4_20261003_170034/train/images/51_spot_jpg.rf.b2e8b2dcae4798fd7ac12ad9c3b8bc18.jpg,,,pending,missing,train/images/51_spot_jpg.rf.b2e8b2dcae4798fd7ac12ad9c3b8bc18.jpg,,train/images/51_spot_jpg.rf.b2e8b2dcae4798fd7ac12ad9c3b8bc18.jpg,,bf2da8e1c0dbf0fe5b65f3f74d94ec833076788667c16670beec41f1ba89b2dc,spot,train,train,False,masks/spot/f935de91a15851ffbfe7ba1a.png,pending,nonempty,416
SAM3_auto,brillo112,False,spot:51_spot_jpg,416,641db3eb38db81fc3a67caff,spot_source,/content/drive/MyDrive/LeafData.v1i.yolov11_aug4_20261003_170034/train/images/51_spot_jpg.rf.b2e8b2dcae4798fd7ac12ad9c3b8bc18__aug4_brillo112.png,,,pending,missing,train/images/51_spot_jpg.rf.b2e8b2dcae4798fd7ac12ad9c3b8bc18.jpg,,train/images/51_spot_jpg.rf.b2e8b2dcae4798fd7ac12ad9c3b8bc18__aug4_brillo112.png,,b47a5fbf1df0733d1edfe2cca9476043f4e2fb5eac5dd05a093dda0f26f3a56d,spot,train,train,False,masks/spot/641db3eb38db81fc3a67caff.png,pending,nonempty,416
SAM3_auto,contraste115,False,spot:51_spot_jpg,416,33777293fe3128662886b13e,spot_source,/content/drive/MyDrive/LeafData.v1i.yolov11_aug4_20261003_170034/train/images/51_spot_jpg.rf.b2e8b2dcae4798fd7ac12ad9c3b8bc18__aug4_contraste115.png,,,pending,missing,train/images/51_spot_jpg.rf.b2e8b2dcae4798fd7ac12ad9c3b8bc18.jpg,,train/images/51_spot_jpg.rf.b2e8b2dcae4798fd7ac12ad9c3b8bc18__aug4_contraste115.png,,b171bfc748dc112936b2ce221d87f66dc19316fdea9c9058e6c4f256c2ab6551,spot,train,train,False,masks/spot/33777293fe3128662886b13e.png,pending,nonempty,416
SAM3_auto,hflip,False,spot:51_spot_jpg,416,cf520a408f71ae31e1a3f44e,spot_source,/content/drive/MyDrive/LeafData.v1i.yolov11_aug4_20261003_170034/train/images/51_spot_jpg.rf.b2e8b2dcae4798fd7ac12ad9c3b8bc18__aug4_hflip.png,,,pending,missing,train/images/51_spot_jpg.rf.b2e8b2dcae4798fd7ac12ad9c3b8bc18.jpg,,train/images/51_spot_jpg.rf.b2e8b2dcae4798fd7ac12ad9c3b8bc18__aug4_hflip.png,,15a1ebe8e27548d9f096e89bdb96253c895ccdfcb5b58fb52509db80fb824a2c,spot,train,train,False,masks/spot/cf520a408f71ae31e1a3f44e.png,pending,nonempty,416
SAM3_auto,vflip,False,spot:51_spot_jpg,416,cc447b9b99addae69379e953,spot_source,/content/drive/MyDrive/LeafData.v1i.yolov11_aug4_20261003_170034/train/images/51_spot_jpg.rf.b2e8b2dcae4798fd7ac12ad9c3b8bc18__aug4_vflip.png,,,pending,missing,train/images/51_spot_jpg.rf.b2e8b2dcae4798fd7ac12ad9c3b8bc18.jpg,,train/images/51_spot_jpg.rf.b2e8b2dcae4798fd7ac12ad9c3b8bc18__aug4_vflip.png,,3b85df3d036b9d5b14522361ffbcaccd5b9f18c45086c9af36d4e05f495d9e5a,spot,train,train,False,masks/spot/cc447b9b99addae69379e953.png,pending,nonempty,416
SAM3_auto,original,True,spot:53_spot_jpg,416,bf3f1a15dbc9bb5f288aabca,spot_source,/content/drive/MyDrive/LeafData.v1i.yolov11_aug4_20261003_170034/train/images/53_spot_jpg.rf.38b3315d6577e60bda6e92d35e548bb4.jpg,,,pending,missing,train/images/53_spot_jpg.rf.38b3315d6577e60bda6e92d35e548bb4.jpg,,train/images/53_spot_jpg.rf.38b3315d6577e60bda6e92d35e548bb4.jpg,,c6f306d9198afcdcf0836f7fc02c205e78017cb44ff95e388d0db91ab38e6ffd,spot,train,train,False,masks/spot/bf3f1a15dbc9bb5f288aabca.png,pending,nonempty,416
SAM3_auto,brillo112,False,spot:53_spot_jpg,416,1ed0e319bdbd1e88fb7f8829,spot_source,/content/drive/MyDrive/LeafData.v1i.yolov11_aug4_20261003_170034/train/images/53_spot_jpg.rf.38b3315d6577e60bda6e92d35e548bb4__aug4_brillo112.png,,,pending,missing,train/images/53_spot_jpg.rf.38b3315d6577e60bda6e92d35e548bb4.jpg,,train/images/53_spot_jpg.rf.38b3315d6577e60bda6e92d35e548bb4__aug4_brillo112.png,,e1779a1d2cb4e89b015810033e887f82c5420cdbc00c7754512ceb0ed8eab816,spot,train,train,False,masks/spot/1ed0e319bdbd1e88fb7f8829.png,pending,nonempty,416
SAM3_auto,contraste115,False,spot:53_spot_jpg,416,742b156e7c257ceebd93fec3,spot_source,/content/drive/MyDrive/LeafData.v1i.yolov11_aug4_20261003_170034/train/images/53_spot_jpg.rf.38b3315d6577e60bda6e92d35e548bb4__aug4_contraste115.png,,,pending,missing,train/images/53_spot_jpg.rf.38b3315d6577e60bda6e92d35e548bb4.jpg,,train/images/53_spot_jpg.rf.38b3315d6577e60bda6e92d35e548bb4__aug4_contraste115.png,,1054e073fb73d4e2dbf36f551eb62ee6556f9a71d12eb7ff1f3627e876f66a76,spot,train,train,False,masks/spot/742b156e7c257ceebd93fec3.png,pending,nonempty,416
SAM3_auto,hflip,False,spot:53_spot_jpg,416,729fd93b86e2eaf263d4d661,spot_source,/content/drive/MyDrive/LeafData.v1i.yolov11_aug4_20261003_170034/train/images/53_spot_jpg.rf.38b3315d6577e60bda6e92d35e548bb4__aug4_hflip.png,,,pending,missing,train/images/53_spot_jpg.rf.38b3315d6577e60bda6e92d35e548bb4.jpg,,train/images/53_spot_jpg.rf.38b3315d6577e60bda6e92d35e548bb4__aug4_hflip.png,,1d3bd99958ac9651705fb4099b97ee737a8d413bd3daac2b17e47a6125497ff7,spot,train,train,False,masks/spot/729fd93b86e2eaf263d4d661.png,pending,nonempty,416
SAM3_auto,vflip,False,spot:53_spot_jpg,416,a30d16f4f39bd72027387f03,spot_source,/content/drive/MyDrive/LeafData.v1i.yolov11_aug4_20261003_170034/train/images/53_spot_jpg.rf.38b3315d6577e60bda6e92d35e548bb4__aug4_vflip.png,,,pending,missing,train/images/53_spot_jpg.rf.38b3315d6577e60bda6e92d35e548bb4.jpg,,train/images/53_spot_jpg.rf.38b3315d6577e60bda6e92d35e548bb4__aug4_vflip.png,,17f377c0fe6f19d9354ef71ffb39f5892a8feb99f04b5f67aff5f975e8ac3572,spot,train,train,False,masks/spot/a30d16f4f39bd72027387f03.png,pending,nonempty,416
SAM3_auto,original,True,spot:53_spot_jpg,416,92bd39347feb910ba8671641,spot_source,/content/drive/MyDrive/LeafData.v1i.yolov11_aug4_20261003_170034/train/images/53_spot_jpg.rf.3d5c97a00d7b6b4da05815dc2f9982d6.jpg,,,pending,missing,train/images/53_spot_jpg.rf.3d5c97a00d7b6b4da05815dc2f9982d6.jpg,,train/images/53_spot_jpg.rf.3d5c97a00d7b6b4da05815dc2f9982d6.jpg,,c725856099863511b256292c226a090367670800374f9cc5b3691ff3ccaccb10,spot,train,train,False,masks/spot/92bd39347feb910ba8671641.png,pending,nonempty,416
SAM3_auto,brillo112,False,spot:53_spot_jpg,416,10a23ae95d9c71f3bb690c75,spot_source,/content/drive/MyDrive/LeafData.v1i.yolov11_aug4_20261003_170034/train/images/53_spot_jpg.rf.3d5c97a00d7b6b4da05815dc2f9982d6__aug4_brillo112.png,,,pending,missing,train/images/53_spot_jpg.rf.3d5c97a00d7b6b4da05815dc2f9982d6.jpg,,train/images/53_spot_jpg.rf.3d5c97a00d7b6b4da05815dc2f9982d6__aug4_brillo112.png,,629b11d9831a63855492815ec0141a6add3f27bc39c22fea1d555607756ef55d,spot,train,train,False,masks/spot/10a23ae95d9c71f3bb690c75.png,pending,nonempty,416
SAM3_auto,contraste115,False,spot:53_spot_jpg,416,680754882203e5b00618d183,spot_source,/content/drive/MyDrive/LeafData.v1i.yolov11_aug4_20261003_170034/train/images/53_spot_jpg.rf.3d5c97a00d7b6b4da05815dc2f9982d6__aug4_contraste115.png,,,pending,missing,train/images/53_spot_jpg.rf.3d5c97a00d7b6b4da05815dc2f9982d6.jpg,,train/images/53_spot_jpg.rf.3d5c97a00d7b6b4da05815dc2f9982d6__aug4_contraste115.png,,9cb3a1fc7022f7d9bd913e31ecf7d9231a1d18462c9b3f98d2528deab1939a8b,spot,train,train,False,masks/spot/680754882203e5b00618d183.png,pending,nonempty,416
SAM3_auto,hflip,False,spot:53_spot_jpg,416,87f01bf4962932ff4254dc19,spot_source,/content/drive/MyDrive/LeafData.v1i.yolov11_aug4_20261003_170034/train/images/53_spot_jpg.rf.3d5c97a00d7b6b4da05815dc2f9982d6__aug4_hflip.png,,,pending,missing,train/images/53_spot_jpg.rf.3d5c97a00d7b6b4da05815dc2f9982d6.jpg,,train/images/53_spot_jpg.rf.3d5c97a00d7b6b4da05815dc2f9982d6__aug4_hflip.png,,3793bf7106be37a7987977d5859045bc629268fc6fffff2d3fa93f1308613228,spot,train,train,False,masks/spot/87f01bf4962932ff4254dc19.png,pending,nonempty,416
SAM3_auto,vflip,False,spot:53_spot_jpg,416,1bd5e06fc88591575c14d975,spot_source,/content/drive/MyDrive/LeafData.v1i.yolov11_aug4_20261003_170034/train/images/53_spot_jpg.rf.3d5c97a00d7b6b4da05815dc2f9982d6__aug4_vflip.png,,,pending,missing,train/images/53_spot_jpg.rf.3d5c97a00d7b6b4da05815dc2f9982d6.jpg,,train/images/53_spot_jpg.rf.3d5c97a00d7b6b4da05815dc2f9982d6__aug4_vflip.png,,c43532862defb86421050d29e6704c78b9c3ced25c4ca6c6e585a2dd3d850389,spot,train,train,False,masks/spot/1bd5e06fc88591575c14d975.png,pending,nonempty,416
SAM3_auto,original,True,spot:53_spot_jpg,416,9539ef4d1cbd39d563ecc824,spot_source,/content/drive/MyDrive/LeafData.v1i.yolov11_aug4_20261003_170034/train/images/53_spot_jpg.rf.4e143b1199d74e7ff8b97a73c8ed14d3.jpg,,,pending,missing,train/images/53_spot_jpg.rf.4e143b1199d74e7ff8b97a73c8ed14d3.jpg,,train/images/53_spot_jpg.rf.4e143b1199d74e7ff8b97a73c8ed14d3.jpg,,90234a36890bbdaa2e95d0b7724e0f6772b33c5646a16c4687e17302a95fe3c4,spot,train,train,False,masks/spot/9539ef4d1cbd39d563ecc824.png,pending,nonempty,416
SAM3_auto,brillo112,False,spot:53_spot_jpg,416,fd8471937edbab40edf1f3b4,spot_source,/content/drive/MyDrive/LeafData.v1i.yolov11_aug4_20261003_170034/train/images/53_spot_jpg.rf.4e143b1199d74e7ff8b97a73c8ed14d3__aug4_brillo112.png,,,pending,missing,train/images/53_spot_jpg.rf.4e143b1199d74e7ff8b97a73c8ed14d3.jpg,,train/images/53_spot_jpg.rf.4e143b1199d74e7ff8b97a73c8ed14d3__aug4_brillo112.png,,800150d985122948d1a1de3574ab1ab7b3287473f129d54cabb30edd3fe95529,spot,train,train,False,masks/spot/fd8471937edbab40edf1f3b4.png,pending,nonempty,416
SAM3_auto,contraste115,False,spot:53_spot_jpg,416,293722790ea3df21dbb32768,spot_source,/content/drive/MyDrive/LeafData.v1i.yolov11_aug4_20261003_170034/train/images/53_spot_jpg.rf.4e143b1199d74e7ff8b97a73c8ed14d3__aug4_contraste115.png,,,pending,missing,train/images/53_spot_jpg.rf.4e143b1199d74e7ff8b97a73c8ed14d3.jpg,,train/images/53_spot_jpg.rf.4e143b1199d74e7ff8b97a73c8ed14d3__aug4_contraste115.png,,9b5e9a255a18a083447385242814e07a96836da0437434880b64d07355489466,spot,train,train,False,masks/spot/293722790ea3df21dbb32768.png,pending,nonempty,416
SAM3_auto,hflip,False,spot:53_spot_jpg,416,31d76ff97ddd0c1a2c45c083,spot_source,/content/drive/MyDrive/LeafData.v1i.yolov11_aug4_20261003_170034/train/images/53_spot_jpg.rf.4e143b1199d74e7ff8b97a73c8ed14d3__aug4_hflip.png,,,pending,missing,train/images/53_spot_jpg.rf.4e143b1199d74e7ff8b97a73c8ed14d3.jpg,,train/images/53_spot_jpg.rf.4e143b1199d74e7ff8b97a73c8ed14d3__aug4_hflip.png,,b30f6654e0d01caf354b5d3480cd6ca3a7f418b4445f60148e754f8b75511d25,spot,train,train,False,masks/spot/31d76ff97ddd0c1a2c45c083.png,pending,nonempty,416
SAM3_auto,vflip,False,spot:53_spot_jpg,416,f38806b737e61c87f068612c,spot_source,/content/drive/MyDrive/LeafData.v1i.yolov11_aug4_20261003_170034/train/images/53_spot_jpg.rf.4e143b1199d74e7ff8b97a73c8ed14d3__aug4_vflip.png,,,pending,missing,train/images/53_spot_jpg.rf.4e143b1199d74e7ff8b97a73c8ed14d3.jpg,,train/images/53_spot_jpg.rf.4e143b1199d74e7ff8b97a73c8ed14d3__aug4_vflip.png,,0ece5a68b4b3764ac379d7daff9d59a686a361bda7c592eed65760df18492cb3,spot,train,train,False,masks/spot/f38806b737e61c87f068612c.png,pending,nonempty,416
SAM3_auto,original,True,spot:54_spot_jpg,416,3ea93a8fa44b60b9c938af44,spot_source,/content/drive/MyDrive/LeafData.v1i.yolov11_aug4_20261003_170034/train/images/54_spot_jpg.rf.539a734b464ad7f1aa851a5bc793ff67.jpg,,,pending,missing,train/images/54_spot_jpg.rf.539a734b464ad7f1aa851a5bc793ff67.jpg,,train/images/54_spot_jpg.rf.539a734b464ad7f1aa851a5bc793ff67.jpg,,bfd00d4be68847d9dbef29b1525fb24d9e04fb2246549b6dfa1b2b61c75fb65d,spot,train,train,False,masks/spot/3ea93a8fa44b60b9c938af44.png,pending,nonempty,416
SAM3_auto,brillo112,False,spot:54_spot_jpg,416,8f335c910dd3c4bbeba239d3,spot_source,/content/drive/MyDrive/LeafData.v1i.yolov11_aug4_20261003_170034/train/images/54_spot_jpg.rf.539a734b464ad7f1aa851a5bc793ff67__aug4_brillo112.png,,,pending,missing,train/images/54_spot_jpg.rf.539a734b464ad7f1aa851a5bc793ff67.jpg,,train/images/54_spot_jpg.rf.539a734b464ad7f1aa851a5bc793ff67__aug4_brillo112.png,,cf62d7d0ce24b5c13b4f4b364296094d2b679da99b28edb280c1626828e2a3a1,spot,train,train,False,masks/spot/8f335c910dd3c4bbeba239d3.png,pending,nonempty,416
SAM3_auto,contraste115,False,spot:54_spot_jpg,416,bb2c5ea5ea758a8df958b8e8,spot_source,/content/drive/MyDrive/LeafData.v1i.yolov11_aug4_20261003_170034/train/images/54_spot_jpg.rf.539a734b464ad7f1aa851a5bc793ff67__aug4_contraste115.png,,,pending,missing,train/images/54_spot_jpg.rf.539a734b464ad7f1aa851a5bc793ff67.jpg,,train/images/54_spot_jpg.rf.539a734b464ad7f1aa851a5bc793ff67__aug4_contraste115.png,,ecf29ee87736ce4d99ab82423c61a269b931a9ec85567d6a2b0ac129cb870e4d,spot,train,train,False,masks/spot/bb2c5ea5ea758a8df958b8e8.png,pending,nonempty,416
SAM3_auto,hflip,False,spot:54_spot_jpg,416,6c5b5e42710d4d50a8753ee2,spot_source,/content/drive/MyDrive/LeafData.v1i.yolov11_aug4_20261003_170034/train/images/54_spot_jpg.rf.539a734b464ad7f1aa851a5bc793ff67__aug4_hflip.png,,,pending,missing,train/images/54_spot_jpg.rf.539a734b464ad7f1aa851a5bc793ff67.jpg,,train/images/54_spot_jpg.rf.539a734b464ad7f1aa851a5bc793ff67__aug4_hflip.png,,d497e9ccbd9d04d6f618cecedf9a4ee90f60a0965e09beba86586d1f2265dc73,spot,train,train,False,masks/spot/6c5b5e42710d4d50a8753ee2.png,pending,nonempty,416
SAM3_auto,vflip,False,spot:54_spot_jpg,416,68434b4812197ea7adf1138a,spot_source,/content/drive/MyDrive/LeafData.v1i.yolov11_aug4_20261003_170034/train/images/54_spot_jpg.rf.539a734b464ad7f1aa851a5bc793ff67__aug4_vflip.png,,,pending,missing,train/images/54_spot_jpg.rf.539a734b464ad7f1aa851a5bc793ff67.jpg,,train/images/54_spot_jpg.rf.539a734b464ad7f1aa851a5bc793ff67__aug4_vflip.png,,236d7082416780e68f6a2626cfefce11bed6c023079d46ea584b15ccdd421e6f,spot,train,train,False,masks/spot/68434b4812197ea7adf1138a.png,pending,nonempty,416
SAM3_auto,original,True,spot:54_spot_jpg,416,a367afacf475af0f36855bda,spot_source,/content/drive/MyDrive/LeafData.v1i.yolov11_aug4_20261003_170034/train/images/54_spot_jpg.rf.9409688d10ac3e6118289fb271823483.jpg,,,pending,missing,train/images/54_spot_jpg.rf.9409688d10ac3e6118289fb271823483.jpg,,train/images/54_spot_jpg.rf.9409688d10ac3e6118289fb271823483.jpg,,c82f82022076a7b3ef218f41b932ca61696c5bdfaa72e00d0ad90625de750e93,spot,train,train,False,masks/spot/a367afacf475af0f36855bda.png,pending,nonempty,416
SAM3_auto,brillo112,False,spot:54_spot_jpg,416,6bbc1012444af78be4def2c6,spot_source,/content/drive/MyDrive/LeafData.v1i.yolov11_aug4_20261003_170034/train/images/54_spot_jpg.rf.9409688d10ac3e6118289fb271823483__aug4_brillo112.png,,,pending,missing,train/images/54_spot_jpg.rf.9409688d10ac3e6118289fb271823483.jpg,,train/images/54_spot_jpg.rf.9409688d10ac3e6118289fb271823483__aug4_brillo112.png,,23dfb6ab26396a07c88f45ec9868c0549b73a777382a4eb708d02e54c5475940,spot,train,train,False,masks/spot/6bbc1012444af78be4def2c6.png,pending,nonempty,416
SAM3_auto,contraste115,False,spot:54_spot_jpg,416,bbb1eb64e32fa0db0f49403c,spot_source,/content/drive/MyDrive/LeafData.v1i.yolov11_aug4_20261003_170034/train/images/54_spot_jpg.rf.9409688d10ac3e6118289fb271823483__aug4_contraste115.png,,,pending,missing,train/images/54_spot_jpg.rf.9409688d10ac3e6118289fb271823483.jpg,,train/images/54_spot_jpg.rf.9409688d10ac3e6118289fb271823483__aug4_contraste115.png,,78bda3a9af1c6f6f0560afc06d6880342f4b0cc4f00b25dbfe5b134275961a76,spot,train,train,False,masks/spot/bbb1eb64e32fa0db0f49403c.png,pending,nonempty,416
SAM3_auto,hflip,False,spot:54_spot_jpg,416,76e74ee13b57f00fad4cccd3,spot_source,/content/drive/MyDrive/LeafData.v1i.yolov11_aug4_20261003_170034/train/images/54_spot_jpg.rf.9409688d10ac3e6118289fb271823483__aug4_hflip.png,,,pending,missing,train/images/54_spot_jpg.rf.9409688d10ac3e6118289fb271823483.jpg,,train/images/54_spot_jpg.rf.9409688d10ac3e6118289fb271823483__aug4_hflip.png,,db531a0310e35d5a09e2b625cac75e258751c08d813a382ead95b7bd5a75fdb4,spot,train,train,False,masks/spot/76e74ee13b57f00fad4cccd3.png,pending,nonempty,416
SAM3_auto,vflip,False,spot:54_spot_jpg,416,f1d79ad5d17d96a6b67aa11b,spot_source,/content/drive/MyDrive/LeafData.v1i.yolov11_aug4_20261003_170034/train/images/54_spot_jpg.rf.9409688d10ac3e6118289fb271823483__aug4_vflip.png,,,pending,missing,train/images/54_spot_jpg.rf.9409688d10ac3e6118289fb271823483.jpg,,train/images/54_spot_jpg.rf.9409688d10ac3e6118289fb271823483__aug4_vflip.png,,1b4ed35a43033e633445c005a0645486b2bb19df7b64514b56a1e74fc83edf63,spot,train,train,False,masks/spot/f1d79ad5d17d96a6b67aa11b.png,pending,nonempty,416
SAM3_auto,original,True,spot:55_spot_jpg,416,73cccfba33149fea29a30c0d,spot_source,/content/drive/MyDrive/LeafData.v1i.yolov11_aug4_20261003_170034/train/images/55_spot_jpg.rf.40c802962b69073867bab20a4a51ebfa.jpg,,,pending,missing,train/images/55_spot_jpg.rf.40c802962b69073867bab20a4a51ebfa.jpg,,train/images/55_spot_jpg.rf.40c802962b69073867bab20a4a51ebfa.jpg,,3236a107c4702470b7ced2e8ba5bd9300fb118523bd29caa3b16c08bdef2d99a,spot,train,train,False,masks/spot/73cccfba33149fea29a30c0d.png,pending,nonempty,416
SAM3_auto,brillo112,False,spot:55_spot_jpg,416,6be1d30e641261b4f2670ea4,spot_source,/content/drive/MyDrive/LeafData.v1i.yolov11_aug4_20261003_170034/train/images/55_spot_jpg.rf.40c802962b69073867bab20a4a51ebfa__aug4_brillo112.png,,,pending,missing,train/images/55_spot_jpg.rf.40c802962b69073867bab20a4a51ebfa.jpg,,train/images/55_spot_jpg.rf.40c802962b69073867bab20a4a51ebfa__aug4_brillo112.png,,113afe8001f2d53970dc28250acb67608f91c96911f693157ae8cc3e572eadea,spot,train,train,False,masks/spot/6be1d30e641261b4f2670ea4.png,pending,nonempty,416
SAM3_auto,contraste115,False,spot:55_spot_jpg,416,46b6da78ca885ce6fe4f0570,spot_source,/content/drive/MyDrive/LeafData.v1i.yolov11_aug4_20261003_170034/train/images/55_spot_jpg.rf.40c802962b69073867bab20a4a51ebfa__aug4_contraste115.png,,,pending,missing,train/images/55_spot_jpg.rf.40c802962b69073867bab20a4a51ebfa.jpg,,train/images/55_spot_jpg.rf.40c802962b69073867bab20a4a51ebfa__aug4_contraste115.png,,a60ff1869edbb193cf168472538c5d8b9102d0b1b226c771d384c4f533dc815e,spot,train,train,False,masks/spot/46b6da78ca885ce6fe4f0570.png,pending,nonempty,416
SAM3_auto,hflip,False,spot:55_spot_jpg,416,beda1c5d882e65e55d511da3,spot_source,/content/drive/MyDrive/LeafData.v1i.yolov11_aug4_20261003_170034/train/images/55_spot_jpg.rf.40c802962b69073867bab20a4a51ebfa__aug4_hflip.png,,,pending,missing,train/images/55_spot_jpg.rf.40c802962b69073867bab20a4a51ebfa.jpg,,train/images/55_spot_jpg.rf.40c802962b69073867bab20a4a51ebfa__aug4_hflip.png,,382a36537b31ccb1f8695198a7a5829ed3e157e813ee419b233fef722307df9b,spot,train,train,False,masks/spot/beda1c5d882e65e55d511da3.png,pending,nonempty,416
SAM3_auto,vflip,False,spot:55_spot_jpg,416,1b0ff3381fb44f6b12448138,spot_source,/content/drive/MyDrive/LeafData.v1i.yolov11_aug4_20261003_170034/train/images/55_spot_jpg.rf.40c802962b69073867bab20a4a51ebfa__aug4_vflip.png,,,pending,missing,train/images/55_spot_jpg.rf.40c802962b69073867bab20a4a51ebfa.jpg,,train/images/55_spot_jpg.rf.40c802962b69073867bab20a4a51ebfa__aug4_vflip.png,,1704e8ad941712a2bf068105c4da0561f916c253637b2ceae11da2e1f34d5b9c,spot,train,train,False,masks/spot/1b0ff3381fb44f6b12448138.png,pending,nonempty,416
SAM3_auto,original,True,spot:55_spot_jpg,416,404d79f0633ec8295eaba307,spot_source,/content/drive/MyDrive/LeafData.v1i.yolov11_aug4_20261003_170034/train/images/55_spot_jpg.rf.cf4352df60097b37c6ef546771dda1c9.jpg,,,pending,missing,train/images/55_spot_jpg.rf.cf4352df60097b37c6ef546771dda1c9.jpg,,train/images/55_spot_jpg.rf.cf4352df60097b37c6ef546771dda1c9.jpg,,787623f93f3dc250c26228612d52f151fc6e0966c237c10994992857f96fc405,spot,train,train,False,masks/spot/404d79f0633ec8295eaba307.png,pending,nonempty,416
SAM3_auto,brillo112,False,spot:55_spot_jpg,416,d57676717ae9621d5be6897e,spot_source,/content/drive/MyDrive/LeafData.v1i.yolov11_aug4_20261003_170034/train/images/55_spot_jpg.rf.cf4352df60097b37c6ef546771dda1c9__aug4_brillo112.png,,,pending,missing,train/images/55_spot_jpg.rf.cf4352df60097b37c6ef546771dda1c9.jpg,,train/images/55_spot_jpg.rf.cf4352df60097b37c6ef546771dda1c9__aug4_brillo112.png,,6b5cdf7c5c0432113f9bed9f7de0b2aac3a1ca773ef80ab0f5aadf583472d4d3,spot,train,train,False,masks/spot/d57676717ae9621d5be6897e.png,pending,nonempty,416
SAM3_auto,contraste115,False,spot:55_spot_jpg,416,53711fb50c4544edbd76ac59,spot_source,/content/drive/MyDrive/LeafData.v1i.yolov11_aug4_20261003_170034/train/images/55_spot_jpg.rf.cf4352df60097b37c6ef546771dda1c9__aug4_contraste115.png,,,pending,missing,train/images/55_spot_jpg.rf.cf4352df60097b37c6ef546771dda1c9.jpg,,train/images/55_spot_jpg.rf.cf4352df60097b37c6ef546771dda1c9__aug4_contraste115.png,,6774b58634acdc9430cdd95ce2c18c843f53321d486afaed92d582cd4147be3a,spot,train,train,False,masks/spot/53711fb50c4544edbd76ac59.png,pending,nonempty,416
SAM3_auto,hflip,False,spot:55_spot_jpg,416,14dab324efafe5bc3d8efa44,spot_source,/content/drive/MyDrive/LeafData.v1i.yolov11_aug4_20261003_170034/train/images/55_spot_jpg.rf.cf4352df60097b37c6ef546771dda1c9__aug4_hflip.png,,,pending,missing,train/images/55_spot_jpg.rf.cf4352df60097b37c6ef546771dda1c9.jpg,,train/images/55_spot_jpg.rf.cf4352df60097b37c6ef546771dda1c9__aug4_hflip.png,,a5d1867fa8b3d44ad6cc55285464d845511ad3b54a329630c1b436313b8926a7,spot,train,train,False,masks/spot/14dab324efafe5bc3d8efa44.png,pending,nonempty,416
SAM3_auto,vflip,False,spot:55_spot_jpg,416,bb63dada2c7adc49526b0fcf,spot_source,/content/drive/MyDrive/LeafData.v1i.yolov11_aug4_20261003_170034/train/images/55_spot_jpg.rf.cf4352df60097b37c6ef546771dda1c9__aug4_vflip.png,,,pending,missing,train/images/55_spot_jpg.rf.cf4352df60097b37c6ef546771dda1c9.jpg,,train/images/55_spot_jpg.rf.cf4352df60097b37c6ef546771dda1c9__aug4_vflip.png,,fe730ecb28095ecb77e79568276a9280171fc18a19b15408449c39f919249a20,spot,train,train,False,masks/spot/bb63dada2c7adc49526b0fcf.png,pending,nonempty,416
SAM3_auto,original,True,spot:55_spot_jpg,416,0a7f194e0a08ea7f0ff70680,spot_source,/content/drive/MyDrive/LeafData.v1i.yolov11_aug4_20261003_170034/train/images/55_spot_jpg.rf.d3c0336db44c71e89677a42226d76e81.jpg,,,pending,missing,train/images/55_spot_jpg.rf.d3c0336db44c71e89677a42226d76e81.jpg,,train/images/55_spot_jpg.rf.d3c0336db44c71e89677a42226d76e81.jpg,,753083504879d3b84b3669e0c9bb1422330c3d0d5437d8b546875cf28ad08b41,spot,train,train,False,masks/spot/0a7f194e0a08ea7f0ff70680.png,pending,nonempty,416
SAM3_auto,brillo112,False,spot:55_spot_jpg,416,f5c3780625e3bbea1e03ddf2,spot_source,/content/drive/MyDrive/LeafData.v1i.yolov11_aug4_20261003_170034/train/images/55_spot_jpg.rf.d3c0336db44c71e89677a42226d76e81__aug4_brillo112.png,,,pending,missing,train/images/55_spot_jpg.rf.d3c0336db44c71e89677a42226d76e81.jpg,,train/images/55_spot_jpg.rf.d3c0336db44c71e89677a42226d76e81__aug4_brillo112.png,,03860da9a2404274aac7a50f677c30eba8d33e1d528db12268a503b73a68f733,spot,train,train,False,masks/spot/f5c3780625e3bbea1e03ddf2.png,pending,nonempty,416
SAM3_auto,contraste115,False,spot:55_spot_jpg,416,b53560b75a8cab13f4c3a857,spot_source,/content/drive/MyDrive/LeafData.v1i.yolov11_aug4_20261003_170034/train/images/55_spot_jpg.rf.d3c0336db44c71e89677a42226d76e81__aug4_contraste115.png,,,pending,missing,train/images/55_spot_jpg.rf.d3c0336db44c71e89677a42226d76e81.jpg,,train/images/55_spot_jpg.rf.d3c0336db44c71e89677a42226d76e81__aug4_contraste115.png,,2cadbe90d9fa9745c7bdef44fc8b9a8e9b2d06eac94b0875ac35424d370db41c,spot,train,train,False,masks/spot/b53560b75a8cab13f4c3a857.png,pending,nonempty,416
SAM3_auto,hflip,False,spot:55_spot_jpg,416,17d0ddd7337d4fa39e7b73f9,spot_source,/content/drive/MyDrive/LeafData.v1i.yolov11_aug4_20261003_170034/train/images/55_spot_jpg.rf.d3c0336db44c71e89677a42226d76e81__aug4_hflip.png,,,pending,missing,train/images/55_spot_jpg.rf.d3c0336db44c71e89677a42226d76e81.jpg,,train/images/55_spot_jpg.rf.d3c0336db44c71e89677a42226d76e81__aug4_hflip.png,,f8c429005b484617123d552212b1fa4eed666cb2a269208d6ba4415529278d88,spot,train,train,False,masks/spot/17d0ddd7337d4fa39e7b73f9.png,pending,nonempty,416
SAM3_auto,vflip,False,spot:55_spot_jpg,416,d67f38e62860e9938bf50d76,spot_source,/content/drive/MyDrive/LeafData.v1i.yolov11_aug4_20261003_170034/train/images/55_spot_jpg.rf.d3c0336db44c71e89677a42226d76e81__aug4_vflip.png,,,pending,missing,train/images/55_spot_jpg.rf.d3c0336db44c71e89677a42226d76e81.jpg,,train/images/55_spot_jpg.rf.d3c0336db44c71e89677a42226d76e81__aug4_vflip.png,,71ee3f220cc3109f3457e101bc5e1aca26e538afcb2e8ce3f7afadbf6eb35629,spot,train,train,False,masks/spot/d67f38e62860e9938bf50d76.png,pending,nonempty,416
SAM3_auto,original,True,spot:57_spot_jpg,416,9b2df4afb8fbc0c80a766131,spot_source,/content/drive/MyDrive/LeafData.v1i.yolov11_aug4_20261003_170034/train/images/57_spot_jpg.rf.85c9fbdaae2a88a18e9ef4448e759f4d.jpg,,,pending,missing,train/images/57_spot_jpg.rf.85c9fbdaae2a88a18e9ef4448e759f4d.jpg,,train/images/57_spot_jpg.rf.85c9fbdaae2a88a18e9ef4448e759f4d.jpg,,2cf4700c9b1ba080ef731cea1d3bdbac5281b84eb7e3303800018867ec7a320f,spot,train,train,False,masks/spot/9b2df4afb8fbc0c80a766131.png,pending,nonempty,416
SAM3_auto,brillo112,False,spot:57_spot_jpg,416,663bd654f947e39d321ca144,spot_source,/content/drive/MyDrive/LeafData.v1i.yolov11_aug4_20261003_170034/train/images/57_spot_jpg.rf.85c9fbdaae2a88a18e9ef4448e759f4d__aug4_brillo112.png,,,pending,missing,train/images/57_spot_jpg.rf.85c9fbdaae2a88a18e9ef4448e759f4d.jpg,,train/images/57_spot_jpg.rf.85c9fbdaae2a88a18e9ef4448e759f4d__aug4_brillo112.png,,be9f8d749a13a44c77f7618b37ca2f4cb406d6d99059ed6e3fea76e4c5fb10cf,spot,train,train,False,masks/spot/663bd654f947e39d321ca144.png,pending,nonempty,416
SAM3_auto,contraste115,False,spot:57_spot_jpg,416,ff90848d1f3f9534c06076de,spot_source,/content/drive/MyDrive/LeafData.v1i.yolov11_aug4_20261003_170034/train/images/57_spot_jpg.rf.85c9fbdaae2a88a18e9ef4448e759f4d__aug4_contraste115.png,,,pending,missing,train/images/57_spot_jpg.rf.85c9fbdaae2a88a18e9ef4448e759f4d.jpg,,train/images/57_spot_jpg.rf.85c9fbdaae2a88a18e9ef4448e759f4d__aug4_contraste115.png,,b9965476780d3b2544b83ea6bd08c9cbbc1be0d45f457a0b508c6e40f4950181,spot,train,train,False,masks/spot/ff90848d1f3f9534c06076de.png,pending,nonempty,416
SAM3_auto,hflip,False,spot:57_spot_jpg,416,ece53389c6658172756260e8,spot_source,/content/drive/MyDrive/LeafData.v1i.yolov11_aug4_20261003_170034/train/images/57_spot_jpg.rf.85c9fbdaae2a88a18e9ef4448e759f4d__aug4_hflip.png,,,pending,missing,train/images/57_spot_jpg.rf.85c9fbdaae2a88a18e9ef4448e759f4d.jpg,,train/images/57_spot_jpg.rf.85c9fbdaae2a88a18e9ef4448e759f4d__aug4_hflip.png,,f985119a3c4e53da7255d7a9a5423dc3443bca2416a8c78e065203d04d127971,spot,train,train,False,masks/spot/ece53389c6658172756260e8.png,pending,nonempty,416
SAM3_auto,vflip,False,spot:57_spot_jpg,416,fe7a786a5f33c48891e61037,spot_source,/content/drive/MyDrive/LeafData.v1i.yolov11_aug4_20261003_170034/train/images/57_spot_jpg.rf.85c9fbdaae2a88a18e9ef4448e759f4d__aug4_vflip.png,,,pending,missing,train/images/57_spot_jpg.rf.85c9fbdaae2a88a18e9ef4448e759f4d.jpg,,train/images/57_spot_jpg.rf.85c9fbdaae2a88a18e9ef4448e759f4d__aug4_vflip.png,,cdb62061ed9143c2eb2f2f13071119f14dacf818859c9d0da871414fb806130a,spot,train,train,False,masks/spot/fe7a786a5f33c48891e61037.png,pending,nonempty,416
SAM3_auto,original,True,spot:57_spot_jpg,416,c21f28a0509b319142bcf2b4,spot_source,/content/drive/MyDrive/LeafData.v1i.yolov11_aug4_20261003_170034/train/images/57_spot_jpg.rf.95375a8189cb83c6c6a739f64714b75d.jpg,,,pending,missing,train/images/57_spot_jpg.rf.95375a8189cb83c6c6a739f64714b75d.jpg,,train/images/57_spot_jpg.rf.95375a8189cb83c6c6a739f64714b75d.jpg,,d2e614e5319c9697d92bcf5762464799963fb94371256311fe877d1fa9bb5907,spot,train,train,False,masks/spot/c21f28a0509b319142bcf2b4.png,pending,nonempty,416
SAM3_auto,brillo112,False,spot:57_spot_jpg,416,185d0c4fe6725fb8e02768fe,spot_source,/content/drive/MyDrive/LeafData.v1i.yolov11_aug4_20261003_170034/train/images/57_spot_jpg.rf.95375a8189cb83c6c6a739f64714b75d__aug4_brillo112.png,,,pending,missing,train/images/57_spot_jpg.rf.95375a8189cb83c6c6a739f64714b75d.jpg,,train/images/57_spot_jpg.rf.95375a8189cb83c6c6a739f64714b75d__aug4_brillo112.png,,cf28488506e6c951935db0af1134b386c7d0f881a4ed33f5b6270c1e7b0598f7,spot,train,train,False,masks/spot/185d0c4fe6725fb8e02768fe.png,pending,nonempty,416
SAM3_auto,contraste115,False,spot:57_spot_jpg,416,6efc3fe5f0650ae07f625d0c,spot_source,/content/drive/MyDrive/LeafData.v1i.yolov11_aug4_20261003_170034/train/images/57_spot_jpg.rf.95375a8189cb83c6c6a739f64714b75d__aug4_contraste115.png,,,pending,missing,train/images/57_spot_jpg.rf.95375a8189cb83c6c6a739f64714b75d.jpg,,train/images/57_spot_jpg.rf.95375a8189cb83c6c6a739f64714b75d__aug4_contraste115.png,,7a16978e67662e190b5fccfa8806ff8199f38fbde09edac693708dd84f30dda1,spot,train,train,False,masks/spot/6efc3fe5f0650ae07f625d0c.png,pending,nonempty,416
SAM3_auto,hflip,False,spot:57_spot_jpg,416,ff88555c60de239263bfe920,spot_source,/content/drive/MyDrive/LeafData.v1i.yolov11_aug4_20261003_170034/train/images/57_spot_jpg.rf.95375a8189cb83c6c6a739f64714b75d__aug4_hflip.png,,,pending,missing,train/images/57_spot_jpg.rf.95375a8189cb83c6c6a739f64714b75d.jpg,,train/images/57_spot_jpg.rf.95375a8189cb83c6c6a739f64714b75d__aug4_hflip.png,,fa2e98879959ed3ba4529821352449a58555ee8353fab8fedf3b01c54bcd76ba,spot,train,train,False,masks/spot/ff88555c60de239263bfe920.png,pending,nonempty,416
SAM3_auto,vflip,False,spot:57_spot_jpg,416,ca114e5d1422ce587de23777,spot_source,/content/drive/MyDrive/LeafData.v1i.yolov11_aug4_20261003_170034/train/images/57_spot_jpg.rf.95375a8189cb83c6c6a739f64714b75d__aug4_vflip.png,,,pending,missing,train/images/57_spot_jpg.rf.95375a8189cb83c6c6a739f64714b75d.jpg,,train/images/57_spot_jpg.rf.95375a8189cb83c6c6a739f64714b75d__aug4_vflip.png,,05ed2897a9f3a9451def118b8e265b547c2a9234780475e40c9dc14982294bce,spot,train,train,False,masks/spot/ca114e5d1422ce587de23777.png,pending,nonempty,416
SAM3_auto,original,True,spot:57_spot_jpg,416,058f7bf5ec4cf19b9ecf5db1,spot_source,/content/drive/MyDrive/LeafData.v1i.yolov11_aug4_20261003_170034/train/images/57_spot_jpg.rf.d3068c6b007093eeb13f4f42f3093cd2.jpg,,,pending,missing,train/images/57_spot_jpg.rf.d3068c6b007093eeb13f4f42f3093cd2.jpg,,train/images/57_spot_jpg.rf.d3068c6b007093eeb13f4f42f3093cd2.jpg,,06b614dafc2ffb9047d61e1b93b6540a7360e3247e1346fa78b48031b1f5e9ae,spot,train,train,False,masks/spot/058f7bf5ec4cf19b9ecf5db1.png,pending,nonempty,416
SAM3_auto,brillo112,False,spot:57_spot_jpg,416,f9b5a2c831188b21ced768ae,spot_source,/content/drive/MyDrive/LeafData.v1i.yolov11_aug4_20261003_170034/train/images/57_spot_jpg.rf.d3068c6b007093eeb13f4f42f3093cd2__aug4_brillo112.png,,,pending,missing,train/images/57_spot_jpg.rf.d3068c6b007093eeb13f4f42f3093cd2.jpg,,train/images/57_spot_jpg.rf.d3068c6b007093eeb13f4f42f3093cd2__aug4_brillo112.png,,1e5c180e3856f36ee85b9c3bdd0f1f430c0b6c0222c7d8842a597f2a6005ddfd,spot,train,train,False,masks/spot/f9b5a2c831188b21ced768ae.png,pending,nonempty,416
SAM3_auto,contraste115,False,spot:57_spot_jpg,416,6b7a955b9243fe8873481949,spot_source,/content/drive/MyDrive/LeafData.v1i.yolov11_aug4_20261003_170034/train/images/57_spot_jpg.rf.d3068c6b007093eeb13f4f42f3093cd2__aug4_contraste115.png,,,pending,missing,train/images/57_spot_jpg.rf.d3068c6b007093eeb13f4f42f3093cd2.jpg,,train/images/57_spot_jpg.rf.d3068c6b007093eeb13f4f42f3093cd2__aug4_contraste115.png,,2b9f4feb8ced256975c2540c7435785ed5378a8743b1ed2daf2ae320e2330c93,spot,train,train,False,masks/spot/6b7a955b9243fe8873481949.png,pending,nonempty,416
SAM3_auto,hflip,False,spot:57_spot_jpg,416,c36a0cb6da270cc9b05ef42f,spot_source,/content/drive/MyDrive/LeafData.v1i.yolov11_aug4_20261003_170034/train/images/57_spot_jpg.rf.d3068c6b007093eeb13f4f42f3093cd2__aug4_hflip.png,,,pending,missing,train/images/57_spot_jpg.rf.d3068c6b007093eeb13f4f42f3093cd2.jpg,,train/images/57_spot_jpg.rf.d3068c6b007093eeb13f4f42f3093cd2__aug4_hflip.png,,be7686fabd56a19257aaeffba344618c97b1de7e18b07ffb960d4fb83c6674a9,spot,train,train,False,masks/spot/c36a0cb6da270cc9b05ef42f.png,pending,nonempty,416
SAM3_auto,vflip,False,spot:57_spot_jpg,416,83398e8ea73ce00fda8e50fa,spot_source,/content/drive/MyDrive/LeafData.v1i.yolov11_aug4_20261003_170034/train/images/57_spot_jpg.rf.d3068c6b007093eeb13f4f42f3093cd2__aug4_vflip.png,,,pending,missing,train/images/57_spot_jpg.rf.d3068c6b007093eeb13f4f42f3093cd2.jpg,,train/images/57_spot_jpg.rf.d3068c6b007093eeb13f4f42f3093cd2__aug4_vflip.png,,43cf50abac2186cd935c98a8f221ea331233e67481dc483d39f5b18b55d85497,spot,train,train,False,masks/spot/83398e8ea73ce00fda8e50fa.png,pending,nonempty,416
SAM3_auto,original,True,spot:58_spot_jpg,416,b6b01fc7553115215c669cd2,spot_source,/content/drive/MyDrive/LeafData.v1i.yolov11_aug4_20261003_170034/train/images/58_spot_jpg.rf.11aeff6c999efac551b5e62e82c64936.jpg,,,pending,missing,train/images/58_spot_jpg.rf.11aeff6c999efac551b5e62e82c64936.jpg,,train/images/58_spot_jpg.rf.11aeff6c999efac551b5e62e82c64936.jpg,,af8f3297d390f51acb79f81435a7aed0cfed1776b86369c99807731c6da08fed,spot,train,train,False,masks/spot/b6b01fc7553115215c669cd2.png,pending,nonempty,416
SAM3_auto,brillo112,False,spot:58_spot_jpg,416,96ea1acd5a220778fa2239a1,spot_source,/content/drive/MyDrive/LeafData.v1i.yolov11_aug4_20261003_170034/train/images/58_spot_jpg.rf.11aeff6c999efac551b5e62e82c64936__aug4_brillo112.png,,,pending,missing,train/images/58_spot_jpg.rf.11aeff6c999efac551b5e62e82c64936.jpg,,train/images/58_spot_jpg.rf.11aeff6c999efac551b5e62e82c64936__aug4_brillo112.png,,683133d211d93558dea01d112bda3d35d9a235895badc340b650d4444db1aa98,spot,train,train,False,masks/spot/96ea1acd5a220778fa2239a1.png,pending,nonempty,416
SAM3_auto,contraste115,False,spot:58_spot_jpg,416,9b239becb152edde8ab0beb5,spot_source,/content/drive/MyDrive/LeafData.v1i.yolov11_aug4_20261003_170034/train/images/58_spot_jpg.rf.11aeff6c999efac551b5e62e82c64936__aug4_contraste115.png,,,pending,missing,train/images/58_spot_jpg.rf.11aeff6c999efac551b5e62e82c64936.jpg,,train/images/58_spot_jpg.rf.11aeff6c999efac551b5e62e82c64936__aug4_contraste115.png,,375b5765d87901c355e91232d07551e30e1d9a8ec223a50ee5dffb3ffaa4d5f0,spot,train,train,False,masks/spot/9b239becb152edde8ab0beb5.png,pending,nonempty,416
SAM3_auto,hflip,False,spot:58_spot_jpg,416,e85b84accd4d38b279a6bd2a,spot_source,/content/drive/MyDrive/LeafData.v1i.yolov11_aug4_20261003_170034/train/images/58_spot_jpg.rf.11aeff6c999efac551b5e62e82c64936__aug4_hflip.png,,,pending,missing,train/images/58_spot_jpg.rf.11aeff6c999efac551b5e62e82c64936.jpg,,train/images/58_spot_jpg.rf.11aeff6c999efac551b5e62e82c64936__aug4_hflip.png,,5ff24a8643745d53728a765140eafdf29eeebdd0de73c13d3f0681ba62d49e43,spot,train,train,False,masks/spot/e85b84accd4d38b279a6bd2a.png,pending,nonempty,416
SAM3_auto,vflip,False,spot:58_spot_jpg,416,49f443a280551e81cdc4c151,spot_source,/content/drive/MyDrive/LeafData.v1i.yolov11_aug4_20261003_170034/train/images/58_spot_jpg.rf.11aeff6c999efac551b5e62e82c64936__aug4_vflip.png,,,pending,missing,train/images/58_spot_jpg.rf.11aeff6c999efac551b5e62e82c64936.jpg,,train/images/58_spot_jpg.rf.11aeff6c999efac551b5e62e82c64936__aug4_vflip.png,,d978744eda127d2bbe0c52841813e604a347f2186072875febc25e414a7a1a0a,spot,train,train,False,masks/spot/49f443a280551e81cdc4c151.png,pending,nonempty,416
SAM3_auto,original,True,spot:58_spot_jpg,416,049910bf022c5dd159c29515,spot_source,/content/drive/MyDrive/LeafData.v1i.yolov11_aug4_20261003_170034/train/images/58_spot_jpg.rf.2ac8c6d01f1bbbf17af38c7d56240595.jpg,,,pending,missing,train/images/58_spot_jpg.rf.2ac8c6d01f1bbbf17af38c7d56240595.jpg,,train/images/58_spot_jpg.rf.2ac8c6d01f1bbbf17af38c7d56240595.jpg,,c501ab6380209cd478180d02442f71dc8a1995baef49fc2170f89ccdb5c33761,spot,train,train,False,masks/spot/049910bf022c5dd159c29515.png,pending,nonempty,416
SAM3_auto,brillo112,False,spot:58_spot_jpg,416,657606dfdd6e05b8aaefb2c1,spot_source,/content/drive/MyDrive/LeafData.v1i.yolov11_aug4_20261003_170034/train/images/58_spot_jpg.rf.2ac8c6d01f1bbbf17af38c7d56240595__aug4_brillo112.png,,,pending,missing,train/images/58_spot_jpg.rf.2ac8c6d01f1bbbf17af38c7d56240595.jpg,,train/images/58_spot_jpg.rf.2ac8c6d01f1bbbf17af38c7d56240595__aug4_brillo112.png,,260d049bb3b69d40f58286f420ee56b382a0aa6a048f349f2c5c27fbfc0354d9,spot,train,train,False,masks/spot/657606dfdd6e05b8aaefb2c1.png,pending,nonempty,416
SAM3_auto,contraste115,False,spot:58_spot_jpg,416,6a0682a03effcd846862e0b8,spot_source,/content/drive/MyDrive/LeafData.v1i.yolov11_aug4_20261003_170034/train/images/58_spot_jpg.rf.2ac8c6d01f1bbbf17af38c7d56240595__aug4_contraste115.png,,,pending,missing,train/images/58_spot_jpg.rf.2ac8c6d01f1bbbf17af38c7d56240595.jpg,,train/images/58_spot_jpg.rf.2ac8c6d01f1bbbf17af38c7d56240595__aug4_contraste115.png,,4eccb9b424f0b175d35088211c1c107d5762fea7d1320ab34574af002c30d478,spot,train,train,False,masks/spot/6a0682a03effcd846862e0b8.png,pending,nonempty,416
SAM3_auto,hflip,False,spot:58_spot_jpg,416,077e1e1be6d64a04efe533bc,spot_source,/content/drive/MyDrive/LeafData.v1i.yolov11_aug4_20261003_170034/train/images/58_spot_jpg.rf.2ac8c6d01f1bbbf17af38c7d56240595__aug4_hflip.png,,,pending,missing,train/images/58_spot_jpg.rf.2ac8c6d01f1bbbf17af38c7d56240595.jpg,,train/images/58_spot_jpg.rf.2ac8c6d01f1bbbf17af38c7d56240595__aug4_hflip.png,,3f33578e5f57dbe365daf1bc4967c6f9f5122c2a915bd8685d8c9f059f9b8c9a,spot,train,train,False,masks/spot/077e1e1be6d64a04efe533bc.png,pending,nonempty,416
SAM3_auto,vflip,False,spot:58_spot_jpg,416,5f8b13006fe3f6c3cc373e43,spot_source,/content/drive/MyDrive/LeafData.v1i.yolov11_aug4_20261003_170034/train/images/58_spot_jpg.rf.2ac8c6d01f1bbbf17af38c7d56240595__aug4_vflip.png,,,pending,missing,train/images/58_spot_jpg.rf.2ac8c6d01f1bbbf17af38c7d56240595.jpg,,train/images/58_spot_jpg.rf.2ac8c6d01f1bbbf17af38c7d56240595__aug4_vflip.png,,88ab5547a461d7e20bf5cc1a7e8188a623e7cfbe24da961b88b239d19f5681fa,spot,train,train,False,masks/spot/5f8b13006fe3f6c3cc373e43.png,pending,nonempty,416
SAM3_auto,original,True,spot:58_spot_jpg,416,6a31b1da4ff6f5f29e054ea1,spot_source,/content/drive/MyDrive/LeafData.v1i.yolov11_aug4_20261003_170034/train/images/58_spot_jpg.rf.b25e3bd0ee643248a3e39c48d7e8d188.jpg,,,pending,missing,train/images/58_spot_jpg.rf.b25e3bd0ee643248a3e39c48d7e8d188.jpg,,train/images/58_spot_jpg.rf.b25e3bd0ee643248a3e39c48d7e8d188.jpg,,e7d262a5cfa8eda97516b588a221c93619f76568b6ff3325ec2a9722e49abdc5,spot,train,train,False,masks/spot/6a31b1da4ff6f5f29e054ea1.png,pending,nonempty,416
SAM3_auto,brillo112,False,spot:58_spot_jpg,416,679974f126d4f762a533811f,spot_source,/content/drive/MyDrive/LeafData.v1i.yolov11_aug4_20261003_170034/train/images/58_spot_jpg.rf.b25e3bd0ee643248a3e39c48d7e8d188__aug4_brillo112.png,,,pending,missing,train/images/58_spot_jpg.rf.b25e3bd0ee643248a3e39c48d7e8d188.jpg,,train/images/58_spot_jpg.rf.b25e3bd0ee643248a3e39c48d7e8d188__aug4_brillo112.png,,3a8e5a2bf469d8675f555d85550f172ccb1e85033b29eff6d1c1f9fb0b4b4395,spot,train,train,False,masks/spot/679974f126d4f762a533811f.png,pending,nonempty,416
SAM3_auto,contraste115,False,spot:58_spot_jpg,416,bb2d9fcfbf97025a3e85e7b2,spot_source,/content/drive/MyDrive/LeafData.v1i.yolov11_aug4_20261003_170034/train/images/58_spot_jpg.rf.b25e3bd0ee643248a3e39c48d7e8d188__aug4_contraste115.png,,,pending,missing,train/images/58_spot_jpg.rf.b25e3bd0ee643248a3e39c48d7e8d188.jpg,,train/images/58_spot_jpg.rf.b25e3bd0ee643248a3e39c48d7e8d188__aug4_contraste115.png,,d9993a0f56b82390acdbde0685723e76d7bdbd3a3d78fa0760d81c1911cdd3e7,spot,train,train,False,masks/spot/bb2d9fcfbf97025a3e85e7b2.png,pending,nonempty,416
SAM3_auto,hflip,False,spot:58_spot_jpg,416,b1596cedb9894ede2d7239cf,spot_source,/content/drive/MyDrive/LeafData.v1i.yolov11_aug4_20261003_170034/train/images/58_spot_jpg.rf.b25e3bd0ee643248a3e39c48d7e8d188__aug4_hflip.png,,,pending,missing,train/images/58_spot_jpg.rf.b25e3bd0ee643248a3e39c48d7e8d188.jpg,,train/images/58_spot_jpg.rf.b25e3bd0ee643248a3e39c48d7e8d188__aug4_hflip.png,,4031c34644604a4021fb41363694154d7ea03d5235bb88a235ea1c0cdfc089a1,spot,train,train,False,masks/spot/b1596cedb9894ede2d7239cf.png,pending,nonempty,416
SAM3_auto,vflip,False,spot:58_spot_jpg,416,47fd54d25f49380234ee104c,spot_source,/content/drive/MyDrive/LeafData.v1i.yolov11_aug4_20261003_170034/train/images/58_spot_jpg.rf.b25e3bd0ee643248a3e39c48d7e8d188__aug4_vflip.png,,,pending,missing,train/images/58_spot_jpg.rf.b25e3bd0ee643248a3e39c48d7e8d188.jpg,,train/images/58_spot_jpg.rf.b25e3bd0ee643248a3e39c48d7e8d188__aug4_vflip.png,,4ac8ebaaad0c9ea268ea7e00db8acc7692a9980513142bad86743f6ac2b6fbea,spot,train,train,False,masks/spot/47fd54d25f49380234ee104c.png,pending,nonempty,416
SAM3_auto,original,True,spot:59_spot_jpg,416,98d1ba8b370c275288b007f2,spot_source,/content/drive/MyDrive/LeafData.v1i.yolov11_aug4_20261003_170034/train/images/59_spot_jpg.rf.9e7aa8c88b030284e80f12aa5b142e95.jpg,,,pending,missing,train/images/59_spot_jpg.rf.9e7aa8c88b030284e80f12aa5b142e95.jpg,,train/images/59_spot_jpg.rf.9e7aa8c88b030284e80f12aa5b142e95.jpg,,a53b35d61308d501693fef0caa5e1a473f7e716870de49f5311f1a19f7b96074,spot,train,train,False,masks/spot/98d1ba8b370c275288b007f2.png,pending,nonempty,416
SAM3_auto,brillo112,False,spot:59_spot_jpg,416,41f1bdf4e7c5d2310f66e2b7,spot_source,/content/drive/MyDrive/LeafData.v1i.yolov11_aug4_20261003_170034/train/images/59_spot_jpg.rf.9e7aa8c88b030284e80f12aa5b142e95__aug4_brillo112.png,,,pending,missing,train/images/59_spot_jpg.rf.9e7aa8c88b030284e80f12aa5b142e95.jpg,,train/images/59_spot_jpg.rf.9e7aa8c88b030284e80f12aa5b142e95__aug4_brillo112.png,,22afdc382a82ec2d52a3a5d041eed07ffb124aadefc45a3bd9a229549f33d7c8,spot,train,train,False,masks/spot/41f1bdf4e7c5d2310f66e2b7.png,pending,nonempty,416
SAM3_auto,contraste115,False,spot:59_spot_jpg,416,d115079880652fd41178f3c3,spot_source,/content/drive/MyDrive/LeafData.v1i.yolov11_aug4_20261003_170034/train/images/59_spot_jpg.rf.9e7aa8c88b030284e80f12aa5b142e95__aug4_contraste115.png,,,pending,missing,train/images/59_spot_jpg.rf.9e7aa8c88b030284e80f12aa5b142e95.jpg,,train/images/59_spot_jpg.rf.9e7aa8c88b030284e80f12aa5b142e95__aug4_contraste115.png,,486e86e9de952cb8f846e4e4992f1fcda6dfd522c3d8b1e5e2f0ad6ed24a79e4,spot,train,train,False,masks/spot/d115079880652fd41178f3c3.png,pending,nonempty,416
SAM3_auto,hflip,False,spot:59_spot_jpg,416,ea4b68da9368d722a90c8bf9,spot_source,/content/drive/MyDrive/LeafData.v1i.yolov11_aug4_20261003_170034/train/images/59_spot_jpg.rf.9e7aa8c88b030284e80f12aa5b142e95__aug4_hflip.png,,,pending,missing,train/images/59_spot_jpg.rf.9e7aa8c88b030284e80f12aa5b142e95.jpg,,train/images/59_spot_jpg.rf.9e7aa8c88b030284e80f12aa5b142e95__aug4_hflip.png,,9ad0985baa52e72b817964a9b71d55ba917d1f7cd24d6c3c7898ebf426b2bdc4,spot,train,train,False,masks/spot/ea4b68da9368d722a90c8bf9.png,pending,nonempty,416
SAM3_auto,vflip,False,spot:59_spot_jpg,416,3b20a0d4744971b864c1040d,spot_source,/content/drive/MyDrive/LeafData.v1i.yolov11_aug4_20261003_170034/train/images/59_spot_jpg.rf.9e7aa8c88b030284e80f12aa5b142e95__aug4_vflip.png,,,pending,missing,train/images/59_spot_jpg.rf.9e7aa8c88b030284e80f12aa5b142e95.jpg,,train/images/59_spot_jpg.rf.9e7aa8c88b030284e80f12aa5b142e95__aug4_vflip.png,,f1b33ea00097574b893d28a48919dcc51b77b8bfb3f13733e70dfcf2ef630e09,spot,train,train,False,masks/spot/3b20a0d4744971b864c1040d.png,pending,nonempty,416
SAM3_auto,original,True,spot:59_spot_jpg,416,03649d4c691598a131e434c2,spot_source,/content/drive/MyDrive/LeafData.v1i.yolov11_aug4_20261003_170034/train/images/59_spot_jpg.rf.beb3098c470014be25ad42c88dd00a6f.jpg,,,pending,missing,train/images/59_spot_jpg.rf.beb3098c470014be25ad42c88dd00a6f.jpg,,train/images/59_spot_jpg.rf.beb3098c470014be25ad42c88dd00a6f.jpg,,90d4dde24033129b5c71fad9f281720665e6af527c3a754cf4ad23f0f6de0891,spot,train,train,False,masks/spot/03649d4c691598a131e434c2.png,pending,nonempty,416
SAM3_auto,brillo112,False,spot:59_spot_jpg,416,561d9ab1d19d3477208c73d6,spot_source,/content/drive/MyDrive/LeafData.v1i.yolov11_aug4_20261003_170034/train/images/59_spot_jpg.rf.beb3098c470014be25ad42c88dd00a6f__aug4_brillo112.png,,,pending,missing,train/images/59_spot_jpg.rf.beb3098c470014be25ad42c88dd00a6f.jpg,,train/images/59_spot_jpg.rf.beb3098c470014be25ad42c88dd00a6f__aug4_brillo112.png,,f80b50aa3599d6f15f27cba682d95be4b76efbf5a6f2392b476a192c6625785f,spot,train,train,False,masks/spot/561d9ab1d19d3477208c73d6.png,pending,nonempty,416
SAM3_auto,contraste115,False,spot:59_spot_jpg,416,f41ced9602c1c8c8182f3946,spot_source,/content/drive/MyDrive/LeafData.v1i.yolov11_aug4_20261003_170034/train/images/59_spot_jpg.rf.beb3098c470014be25ad42c88dd00a6f__aug4_contraste115.png,,,pending,missing,train/images/59_spot_jpg.rf.beb3098c470014be25ad42c88dd00a6f.jpg,,train/images/59_spot_jpg.rf.beb3098c470014be25ad42c88dd00a6f__aug4_contraste115.png,,eb57c3847f3c051190367b3717f716e79f41af88a315c05436fd0ccb4aa911ea,spot,train,train,False,masks/spot/f41ced9602c1c8c8182f3946.png,pending,nonempty,416
SAM3_auto,hflip,False,spot:59_spot_jpg,416,0c7e7c9b0304d60e6b236274,spot_source,/content/drive/MyDrive/LeafData.v1i.yolov11_aug4_20261003_170034/train/images/59_spot_jpg.rf.beb3098c470014be25ad42c88dd00a6f__aug4_hflip.png,,,pending,missing,train/images/59_spot_jpg.rf.beb3098c470014be25ad42c88dd00a6f.jpg,,train/images/59_spot_jpg.rf.beb3098c470014be25ad42c88dd00a6f__aug4_hflip.png,,e70dd17a447b5c175b0a26d0281a4332287e013809f3f2672401af004374667a,spot,train,train,False,masks/spot/0c7e7c9b0304d60e6b236274.png,pending,nonempty,416
SAM3_auto,vflip,False,spot:59_spot_jpg,416,61bac7666be2155fb9a950cd,spot_source,/content/drive/MyDrive/LeafData.v1i.yolov11_aug4_20261003_170034/train/images/59_spot_jpg.rf.beb3098c470014be25ad42c88dd00a6f__aug4_vflip.png,,,pending,missing,train/images/59_spot_jpg.rf.beb3098c470014be25ad42c88dd00a6f.jpg,,train/images/59_spot_jpg.rf.beb3098c470014be25ad42c88dd00a6f__aug4_vflip.png,,217fa6d67a83507e967408a149b967a92dacf9e82414e402ad8fdb13ee465e99,spot,train,train,False,masks/spot/61bac7666be2155fb9a950cd.png,pending,nonempty,416
SAM3_auto,original,True,spot:59_spot_jpg,416,920d182d48cbf306b81d3809,spot_source,/content/drive/MyDrive/LeafData.v1i.yolov11_aug4_20261003_170034/train/images/59_spot_jpg.rf.e8366cb0a291199eb5246604a4215f6d.jpg,,,pending,missing,train/images/59_spot_jpg.rf.e8366cb0a291199eb5246604a4215f6d.jpg,,train/images/59_spot_jpg.rf.e8366cb0a291199eb5246604a4215f6d.jpg,,ef25387124cf3ec3fbf96a38bf854ca555c8e703f6da1280581854bd5f85886e,spot,train,train,False,masks/spot/920d182d48cbf306b81d3809.png,pending,nonempty,416
SAM3_auto,brillo112,False,spot:59_spot_jpg,416,50bff3bcce6c8486be0305f2,spot_source,/content/drive/MyDrive/LeafData.v1i.yolov11_aug4_20261003_170034/train/images/59_spot_jpg.rf.e8366cb0a291199eb5246604a4215f6d__aug4_brillo112.png,,,pending,missing,train/images/59_spot_jpg.rf.e8366cb0a291199eb5246604a4215f6d.jpg,,train/images/59_spot_jpg.rf.e8366cb0a291199eb5246604a4215f6d__aug4_brillo112.png,,30850f95c4647614e886ecf51c90e63cde13cb5ef55dbc193df173644b3867ad,spot,train,train,False,masks/spot/50bff3bcce6c8486be0305f2.png,pending,nonempty,416
SAM3_auto,contraste115,False,spot:59_spot_jpg,416,011b56c2ef8cd165d3186c91,spot_source,/content/drive/MyDrive/LeafData.v1i.yolov11_aug4_20261003_170034/train/images/59_spot_jpg.rf.e8366cb0a291199eb5246604a4215f6d__aug4_contraste115.png,,,pending,missing,train/images/59_spot_jpg.rf.e8366cb0a291199eb5246604a4215f6d.jpg,,train/images/59_spot_jpg.rf.e8366cb0a291199eb5246604a4215f6d__aug4_contraste115.png,,d516d0edea548740ad4cafebde315810970ecc5b6a7f44853b3fca743c86e72d,spot,train,train,False,masks/spot/011b56c2ef8cd165d3186c91.png,pending,nonempty,416
SAM3_auto,hflip,False,spot:59_spot_jpg,416,6718f7937e59e87f4412f88d,spot_source,/content/drive/MyDrive/LeafData.v1i.yolov11_aug4_20261003_170034/train/images/59_spot_jpg.rf.e8366cb0a291199eb5246604a4215f6d__aug4_hflip.png,,,pending,missing,train/images/59_spot_jpg.rf.e8366cb0a291199eb5246604a4215f6d.jpg,,train/images/59_spot_jpg.rf.e8366cb0a291199eb5246604a4215f6d__aug4_hflip.png,,b28c753a8fd68588fb32be3ebd6461fb0be73bde45e4c7fc1ee5c316b59a6c04,spot,train,train,False,masks/spot/6718f7937e59e87f4412f88d.png,pending,nonempty,416
SAM3_auto,vflip,False,spot:59_spot_jpg,416,94cd2651987762b4b8d65d98,spot_source,/content/drive/MyDrive/LeafData.v1i.yolov11_aug4_20261003_170034/train/images/59_spot_jpg.rf.e8366cb0a291199eb5246604a4215f6d__aug4_vflip.png,,,pending,missing,train/images/59_spot_jpg.rf.e8366cb0a291199eb5246604a4215f6d.jpg,,train/images/59_spot_jpg.rf.e8366cb0a291199eb5246604a4215f6d__aug4_vflip.png,,5702fc31e6148ac0c654bb9329d43186f6e95f8c45c8abdc20b25bca6f26832f,spot,train,train,False,masks/spot/94cd2651987762b4b8d65d98.png,pending,nonempty,416
SAM3_auto,original,True,spot:5_spot_jpg,416,9ff888c27e9debbf2cfd046b,spot_source,/content/drive/MyDrive/LeafData.v1i.yolov11_aug4_20261003_170034/train/images/5_spot_jpg.rf.5526c34e343ca36ef3b64c428df74758.jpg,,,pending,missing,train/images/5_spot_jpg.rf.5526c34e343ca36ef3b64c428df74758.jpg,,train/images/5_spot_jpg.rf.5526c34e343ca36ef3b64c428df74758.jpg,,e4c84557e0d1df89b81f9d8f0c07c648b3c748eb308deb1d284f8c7f72a3959e,spot,train,train,False,masks/spot/9ff888c27e9debbf2cfd046b.png,pending,nonempty,416
SAM3_auto,brillo112,False,spot:5_spot_jpg,416,823fa658cb2ba9ea1dd2c37e,spot_source,/content/drive/MyDrive/LeafData.v1i.yolov11_aug4_20261003_170034/train/images/5_spot_jpg.rf.5526c34e343ca36ef3b64c428df74758__aug4_brillo112.png,,,pending,missing,train/images/5_spot_jpg.rf.5526c34e343ca36ef3b64c428df74758.jpg,,train/images/5_spot_jpg.rf.5526c34e343ca36ef3b64c428df74758__aug4_brillo112.png,,d3a695988d9bace6ce00cb9cf0a416ce141fe5fc159f27f892f746a6e168c6ba,spot,train,train,False,masks/spot/823fa658cb2ba9ea1dd2c37e.png,pending,nonempty,416
SAM3_auto,contraste115,False,spot:5_spot_jpg,416,a49afbd758b9ae34b87e2334,spot_source,/content/drive/MyDrive/LeafData.v1i.yolov11_aug4_20261003_170034/train/images/5_spot_jpg.rf.5526c34e343ca36ef3b64c428df74758__aug4_contraste115.png,,,pending,missing,train/images/5_spot_jpg.rf.5526c34e343ca36ef3b64c428df74758.jpg,,train/images/5_spot_jpg.rf.5526c34e343ca36ef3b64c428df74758__aug4_contraste115.png,,2b2888f781b28dc41bbc475355cbeaf09c21e95b95376ec7bf4acbbf1307e39d,spot,train,train,False,masks/spot/a49afbd758b9ae34b87e2334.png,pending,nonempty,416
SAM3_auto,hflip,False,spot:5_spot_jpg,416,551fa3afff7c9854e628926b,spot_source,/content/drive/MyDrive/LeafData.v1i.yolov11_aug4_20261003_170034/train/images/5_spot_jpg.rf.5526c34e343ca36ef3b64c428df74758__aug4_hflip.png,,,pending,missing,train/images/5_spot_jpg.rf.5526c34e343ca36ef3b64c428df74758.jpg,,train/images/5_spot_jpg.rf.5526c34e343ca36ef3b64c428df74758__aug4_hflip.png,,ff3c4281d040f06879cb4982e5b90092fb8b592e76ab7d151a765f378ecdb385,spot,train,train,False,masks/spot/551fa3afff7c9854e628926b.png,pending,nonempty,416
SAM3_auto,vflip,False,spot:5_spot_jpg,416,c55e0be8c095bd68f6475bab,spot_source,/content/drive/MyDrive/LeafData.v1i.yolov11_aug4_20261003_170034/train/images/5_spot_jpg.rf.5526c34e343ca36ef3b64c428df74758__aug4_vflip.png,,,pending,missing,train/images/5_spot_jpg.rf.5526c34e343ca36ef3b64c428df74758.jpg,,train/images/5_spot_jpg.rf.5526c34e343ca36ef3b64c428df74758__aug4_vflip.png,,100544b5dfcd804cb7afa1e0ad4e43f2fe4d3f54f5091f0bad43d648d763b432,spot,train,train,False,masks/spot/c55e0be8c095bd68f6475bab.png,pending,nonempty,416
SAM3_auto,original,True,spot:5_spot_jpg,416,2e0b1be353df1501eb1c6c4f,spot_source,/content/drive/MyDrive/LeafData.v1i.yolov11_aug4_20261003_170034/train/images/5_spot_jpg.rf.637c1272e423121270341937f13ffd9e.jpg,,,pending,missing,train/images/5_spot_jpg.rf.637c1272e423121270341937f13ffd9e.jpg,,train/images/5_spot_jpg.rf.637c1272e423121270341937f13ffd9e.jpg,,9182d795300d5c887220afb2cac75ca648c2ec9e436ce95e3cba228b198cd065,spot,train,train,False,masks/spot/2e0b1be353df1501eb1c6c4f.png,pending,nonempty,416
SAM3_auto,brillo112,False,spot:5_spot_jpg,416,fd909635c478b7320e3263a8,spot_source,/content/drive/MyDrive/LeafData.v1i.yolov11_aug4_20261003_170034/train/images/5_spot_jpg.rf.637c1272e423121270341937f13ffd9e__aug4_brillo112.png,,,pending,missing,train/images/5_spot_jpg.rf.637c1272e423121270341937f13ffd9e.jpg,,train/images/5_spot_jpg.rf.637c1272e423121270341937f13ffd9e__aug4_brillo112.png,,ff8917ba1c573004b690cf002dc283f4768185b7b0f84f73e6e204155b7e72a6,spot,train,train,False,masks/spot/fd909635c478b7320e3263a8.png,pending,nonempty,416
SAM3_auto,contraste115,False,spot:5_spot_jpg,416,d4ff2f75aeaa59617890344e,spot_source,/content/drive/MyDrive/LeafData.v1i.yolov11_aug4_20261003_170034/train/images/5_spot_jpg.rf.637c1272e423121270341937f13ffd9e__aug4_contraste115.png,,,pending,missing,train/images/5_spot_jpg.rf.637c1272e423121270341937f13ffd9e.jpg,,train/images/5_spot_jpg.rf.637c1272e423121270341937f13ffd9e__aug4_contraste115.png,,911e8f68295a74619062b40e09a23cc6b2added7f80ce99823cef8fb780aad16,spot,train,train,False,masks/spot/d4ff2f75aeaa59617890344e.png,pending,nonempty,416
SAM3_auto,hflip,False,spot:5_spot_jpg,416,5aa86aa05f1365df71d2b6ea,spot_source,/content/drive/MyDrive/LeafData.v1i.yolov11_aug4_20261003_170034/train/images/5_spot_jpg.rf.637c1272e423121270341937f13ffd9e__aug4_hflip.png,,,pending,missing,train/images/5_spot_jpg.rf.637c1272e423121270341937f13ffd9e.jpg,,train/images/5_spot_jpg.rf.637c1272e423121270341937f13ffd9e__aug4_hflip.png,,11d194ab794191854cb4265c82836cd627f90be49509a6aaaaa31121c0c0bee8,spot,train,train,False,masks/spot/5aa86aa05f1365df71d2b6ea.png,pending,nonempty,416
SAM3_auto,vflip,False,spot:5_spot_jpg,416,7bd331194d88e84f3fe50f88,spot_source,/content/drive/MyDrive/LeafData.v1i.yolov11_aug4_20261003_170034/train/images/5_spot_jpg.rf.637c1272e423121270341937f13ffd9e__aug4_vflip.png,,,pending,missing,train/images/5_spot_jpg.rf.637c1272e423121270341937f13ffd9e.jpg,,train/images/5_spot_jpg.rf.637c1272e423121270341937f13ffd9e__aug4_vflip.png,,290d72b567e151266d9add9c12c5b3775301b5c06057fa602a3ba5d1facdecee,spot,train,train,False,masks/spot/7bd331194d88e84f3fe50f88.png,pending,nonempty,416
SAM3_auto,original,True,spot:5_spot_jpg,416,4c4f9c4a7b73fe13594382a7,spot_source,/content/drive/MyDrive/LeafData.v1i.yolov11_aug4_20261003_170034/train/images/5_spot_jpg.rf.97031df745b512e8f60b92155e8dcd68.jpg,,,pending,missing,train/images/5_spot_jpg.rf.97031df745b512e8f60b92155e8dcd68.jpg,,train/images/5_spot_jpg.rf.97031df745b512e8f60b92155e8dcd68.jpg,,22efbe0f0c4abb7f05887e8d1e65b42aff76b890f11a1d3b026ca43bf9df4f9a,spot,train,train,False,masks/spot/4c4f9c4a7b73fe13594382a7.png,pending,nonempty,416
SAM3_auto,brillo112,False,spot:5_spot_jpg,416,f270598d7f4b90c64def0108,spot_source,/content/drive/MyDrive/LeafData.v1i.yolov11_aug4_20261003_170034/train/images/5_spot_jpg.rf.97031df745b512e8f60b92155e8dcd68__aug4_brillo112.png,,,pending,missing,train/images/5_spot_jpg.rf.97031df745b512e8f60b92155e8dcd68.jpg,,train/images/5_spot_jpg.rf.97031df745b512e8f60b92155e8dcd68__aug4_brillo112.png,,1ebb883085bf6f94821ed2ce2a77f874f87f553f53f87d2e1c651d52844c9a58,spot,train,train,False,masks/spot/f270598d7f4b90c64def0108.png,pending,nonempty,416
SAM3_auto,contraste115,False,spot:5_spot_jpg,416,23edd75b12c3fd41055bbae4,spot_source,/content/drive/MyDrive/LeafData.v1i.yolov11_aug4_20261003_170034/train/images/5_spot_jpg.rf.97031df745b512e8f60b92155e8dcd68__aug4_contraste115.png,,,pending,missing,train/images/5_spot_jpg.rf.97031df745b512e8f60b92155e8dcd68.jpg,,train/images/5_spot_jpg.rf.97031df745b512e8f60b92155e8dcd68__aug4_contraste115.png,,7577cd4f1fdb28e1883847914a32ee47efe4b9954ea19f5985f372dae1a44a95,spot,train,train,False,masks/spot/23edd75b12c3fd41055bbae4.png,pending,nonempty,416
SAM3_auto,hflip,False,spot:5_spot_jpg,416,73e6c8b97d4a27a2a27d00ff,spot_source,/content/drive/MyDrive/LeafData.v1i.yolov11_aug4_20261003_170034/train/images/5_spot_jpg.rf.97031df745b512e8f60b92155e8dcd68__aug4_hflip.png,,,pending,missing,train/images/5_spot_jpg.rf.97031df745b512e8f60b92155e8dcd68.jpg,,train/images/5_spot_jpg.rf.97031df745b512e8f60b92155e8dcd68__aug4_hflip.png,,79ea035135c13c52a31bbb5007f6a95f500e9bf0b4ff6aa64b2260bdeaf74f8f,spot,train,train,False,masks/spot/73e6c8b97d4a27a2a27d00ff.png,pending,nonempty,416
SAM3_auto,vflip,False,spot:5_spot_jpg,416,5844b8b3bc3e181b4d13db57,spot_source,/content/drive/MyDrive/LeafData.v1i.yolov11_aug4_20261003_170034/train/images/5_spot_jpg.rf.97031df745b512e8f60b92155e8dcd68__aug4_vflip.png,,,pending,missing,train/images/5_spot_jpg.rf.97031df745b512e8f60b92155e8dcd68.jpg,,train/images/5_spot_jpg.rf.97031df745b512e8f60b92155e8dcd68__aug4_vflip.png,,09ee8807713f3cb54396af905e4d8019986c23f7f8fb14e6c7852d5fed996693,spot,train,train,False,masks/spot/5844b8b3bc3e181b4d13db57.png,pending,nonempty,416
SAM3_auto,original,True,spot:60_spot_jpg,416,887366fda56a230784999753,spot_source,/content/drive/MyDrive/LeafData.v1i.yolov11_aug4_20261003_170034/train/images/60_spot_jpg.rf.0cdaf001748b80236f81bf04edcb83d3.jpg,,,pending,missing,train/images/60_spot_jpg.rf.0cdaf001748b80236f81bf04edcb83d3.jpg,,train/images/60_spot_jpg.rf.0cdaf001748b80236f81bf04edcb83d3.jpg,,9cefb97fa8236388930e9ee136b1869ffb227fad86e61c35e059493884669a69,spot,train,train,False,masks/spot/887366fda56a230784999753.png,pending,nonempty,416
SAM3_auto,brillo112,False,spot:60_spot_jpg,416,593315bc7e69947983ac0d91,spot_source,/content/drive/MyDrive/LeafData.v1i.yolov11_aug4_20261003_170034/train/images/60_spot_jpg.rf.0cdaf001748b80236f81bf04edcb83d3__aug4_brillo112.png,,,pending,missing,train/images/60_spot_jpg.rf.0cdaf001748b80236f81bf04edcb83d3.jpg,,train/images/60_spot_jpg.rf.0cdaf001748b80236f81bf04edcb83d3__aug4_brillo112.png,,57609353360744c38941cf9bbac08d6094dbf31558785d2bbb8b37202d62b0b3,spot,train,train,False,masks/spot/593315bc7e69947983ac0d91.png,pending,nonempty,416
SAM3_auto,contraste115,False,spot:60_spot_jpg,416,b6663bf806d1d56f4b24aee0,spot_source,/content/drive/MyDrive/LeafData.v1i.yolov11_aug4_20261003_170034/train/images/60_spot_jpg.rf.0cdaf001748b80236f81bf04edcb83d3__aug4_contraste115.png,,,pending,missing,train/images/60_spot_jpg.rf.0cdaf001748b80236f81bf04edcb83d3.jpg,,train/images/60_spot_jpg.rf.0cdaf001748b80236f81bf04edcb83d3__aug4_contraste115.png,,15fac3761c98ca17260c00eda1c05eede51bb0a8dee802ab2135709981d71136,spot,train,train,False,masks/spot/b6663bf806d1d56f4b24aee0.png,pending,nonempty,416
SAM3_auto,hflip,False,spot:60_spot_jpg,416,6b77c98ec2085bfe100df28e,spot_source,/content/drive/MyDrive/LeafData.v1i.yolov11_aug4_20261003_170034/train/images/60_spot_jpg.rf.0cdaf001748b80236f81bf04edcb83d3__aug4_hflip.png,,,pending,missing,train/images/60_spot_jpg.rf.0cdaf001748b80236f81bf04edcb83d3.jpg,,train/images/60_spot_jpg.rf.0cdaf001748b80236f81bf04edcb83d3__aug4_hflip.png,,2b20473333a0f85d630afd278b831ae5c658b4296f2de0e4d4985bf7f2127705,spot,train,train,False,masks/spot/6b77c98ec2085bfe100df28e.png,pending,nonempty,416
SAM3_auto,vflip,False,spot:60_spot_jpg,416,c356bc466daf843423fd3893,spot_source,/content/drive/MyDrive/LeafData.v1i.yolov11_aug4_20261003_170034/train/images/60_spot_jpg.rf.0cdaf001748b80236f81bf04edcb83d3__aug4_vflip.png,,,pending,missing,train/images/60_spot_jpg.rf.0cdaf001748b80236f81bf04edcb83d3.jpg,,train/images/60_spot_jpg.rf.0cdaf001748b80236f81bf04edcb83d3__aug4_vflip.png,,de69c98b1477cb6214f3e55e224c0830f4cc7918c7e6facd3b88fbd1782d7221,spot,train,train,False,masks/spot/c356bc466daf843423fd3893.png,pending,nonempty,416
SAM3_auto,original,True,spot:60_spot_jpg,416,5a8ff449b6c69562a69455ac,spot_source,/content/drive/MyDrive/LeafData.v1i.yolov11_aug4_20261003_170034/train/images/60_spot_jpg.rf.72ffebdc0cc2e01dfbb3e3343ba4783d.jpg,,,pending,missing,train/images/60_spot_jpg.rf.72ffebdc0cc2e01dfbb3e3343ba4783d.jpg,,train/images/60_spot_jpg.rf.72ffebdc0cc2e01dfbb3e3343ba4783d.jpg,,9bb05f36d3b009888eea259df36eb1175fffd9f28c4e5318f60128ff79cc7bdf,spot,train,train,False,masks/spot/5a8ff449b6c69562a69455ac.png,pending,nonempty,416
SAM3_auto,brillo112,False,spot:60_spot_jpg,416,c26b070dc5e3891fa89d5dd0,spot_source,/content/drive/MyDrive/LeafData.v1i.yolov11_aug4_20261003_170034/train/images/60_spot_jpg.rf.72ffebdc0cc2e01dfbb3e3343ba4783d__aug4_brillo112.png,,,pending,missing,train/images/60_spot_jpg.rf.72ffebdc0cc2e01dfbb3e3343ba4783d.jpg,,train/images/60_spot_jpg.rf.72ffebdc0cc2e01dfbb3e3343ba4783d__aug4_brillo112.png,,a7b24d0c53cfc607787fec976dce4376513caca8529986c6135f7837cd9bfb80,spot,train,train,False,masks/spot/c26b070dc5e3891fa89d5dd0.png,pending,nonempty,416
SAM3_auto,contraste115,False,spot:60_spot_jpg,416,4477c2818a438e3d1fc8bf75,spot_source,/content/drive/MyDrive/LeafData.v1i.yolov11_aug4_20261003_170034/train/images/60_spot_jpg.rf.72ffebdc0cc2e01dfbb3e3343ba4783d__aug4_contraste115.png,,,pending,missing,train/images/60_spot_jpg.rf.72ffebdc0cc2e01dfbb3e3343ba4783d.jpg,,train/images/60_spot_jpg.rf.72ffebdc0cc2e01dfbb3e3343ba4783d__aug4_contraste115.png,,cac4ee3ee7cffda376e321e4db8d31a918db55b2e4ef76fa7559a1d3188dde33,spot,train,train,False,masks/spot/4477c2818a438e3d1fc8bf75.png,pending,nonempty,416
SAM3_auto,hflip,False,spot:60_spot_jpg,416,c1990e2e41269d90ebf9a93d,spot_source,/content/drive/MyDrive/LeafData.v1i.yolov11_aug4_20261003_170034/train/images/60_spot_jpg.rf.72ffebdc0cc2e01dfbb3e3343ba4783d__aug4_hflip.png,,,pending,missing,train/images/60_spot_jpg.rf.72ffebdc0cc2e01dfbb3e3343ba4783d.jpg,,train/images/60_spot_jpg.rf.72ffebdc0cc2e01dfbb3e3343ba4783d__aug4_hflip.png,,3093c942607b43c3fb84561efa87b9163f881a652b265eec4d2f0d7a61ca9174,spot,train,train,False,masks/spot/c1990e2e41269d90ebf9a93d.png,pending,nonempty,416
SAM3_auto,vflip,False,spot:60_spot_jpg,416,eab16e176d672a2f8ed2ea1a,spot_source,/content/drive/MyDrive/LeafData.v1i.yolov11_aug4_20261003_170034/train/images/60_spot_jpg.rf.72ffebdc0cc2e01dfbb3e3343ba4783d__aug4_vflip.png,,,pending,missing,train/images/60_spot_jpg.rf.72ffebdc0cc2e01dfbb3e3343ba4783d.jpg,,train/images/60_spot_jpg.rf.72ffebdc0cc2e01dfbb3e3343ba4783d__aug4_vflip.png,,8fc1bb56572c61338421c4cbfff5bd1b4b7d892cc7a45f266e947811fb84a4e2,spot,train,train,False,masks/spot/eab16e176d672a2f8ed2ea1a.png,pending,nonempty,416
SAM3_auto,original,True,spot:60_spot_jpg,416,445d02423ca50fd82da51ec9,spot_source,/content/drive/MyDrive/LeafData.v1i.yolov11_aug4_20261003_170034/train/images/60_spot_jpg.rf.af283688da2203a1fd273a33904e6db7.jpg,,,pending,missing,train/images/60_spot_jpg.rf.af283688da2203a1fd273a33904e6db7.jpg,,train/images/60_spot_jpg.rf.af283688da2203a1fd273a33904e6db7.jpg,,86f59c99c38dbe94b8cddbb9955117d53572e057fee106f4700d4ac44491ed63,spot,train,train,False,masks/spot/445d02423ca50fd82da51ec9.png,pending,nonempty,416
SAM3_auto,brillo112,False,spot:60_spot_jpg,416,7b9982e1af24647f27b8ea90,spot_source,/content/drive/MyDrive/LeafData.v1i.yolov11_aug4_20261003_170034/train/images/60_spot_jpg.rf.af283688da2203a1fd273a33904e6db7__aug4_brillo112.png,,,pending,missing,train/images/60_spot_jpg.rf.af283688da2203a1fd273a33904e6db7.jpg,,train/images/60_spot_jpg.rf.af283688da2203a1fd273a33904e6db7__aug4_brillo112.png,,84437f6bed7dca6687b9ec5776f2df9539515ce04a556aac4791ed3538fe9c65,spot,train,train,False,masks/spot/7b9982e1af24647f27b8ea90.png,pending,nonempty,416
SAM3_auto,contraste115,False,spot:60_spot_jpg,416,7dbffb4fa8617ede8e88ef24,spot_source,/content/drive/MyDrive/LeafData.v1i.yolov11_aug4_20261003_170034/train/images/60_spot_jpg.rf.af283688da2203a1fd273a33904e6db7__aug4_contraste115.png,,,pending,missing,train/images/60_spot_jpg.rf.af283688da2203a1fd273a33904e6db7.jpg,,train/images/60_spot_jpg.rf.af283688da2203a1fd273a33904e6db7__aug4_contraste115.png,,93f56fccb8e5cfba1f605241244e1b29948d96d54ab35b627c2c74d88a45143c,spot,train,train,False,masks/spot/7dbffb4fa8617ede8e88ef24.png,pending,nonempty,416
SAM3_auto,hflip,False,spot:60_spot_jpg,416,3bb6ec4de9274b8978e79edc,spot_source,/content/drive/MyDrive/LeafData.v1i.yolov11_aug4_20261003_170034/train/images/60_spot_jpg.rf.af283688da2203a1fd273a33904e6db7__aug4_hflip.png,,,pending,missing,train/images/60_spot_jpg.rf.af283688da2203a1fd273a33904e6db7.jpg,,train/images/60_spot_jpg.rf.af283688da2203a1fd273a33904e6db7__aug4_hflip.png,,e8da82aef10d41d2ccbc8e3d1fc2e17262f1758047b273ac2c863a68e2f80070,spot,train,train,False,masks/spot/3bb6ec4de9274b8978e79edc.png,pending,nonempty,416
SAM3_auto,vflip,False,spot:60_spot_jpg,416,30e9beafec274de127bf3a7f,spot_source,/content/drive/MyDrive/LeafData.v1i.yolov11_aug4_20261003_170034/train/images/60_spot_jpg.rf.af283688da2203a1fd273a33904e6db7__aug4_vflip.png,,,pending,missing,train/images/60_spot_jpg.rf.af283688da2203a1fd273a33904e6db7.jpg,,train/images/60_spot_jpg.rf.af283688da2203a1fd273a33904e6db7__aug4_vflip.png,,1c8a679932b1cab0e7149bcfd187a9eb502a4fd9872da2702b816ed710f56bf5,spot,train,train,False,masks/spot/30e9beafec274de127bf3a7f.png,pending,nonempty,416
SAM3_auto,original,True,spot:62_spot_jpg,416,f3a5740ecdb7dd96acb8e41d,spot_source,/content/drive/MyDrive/LeafData.v1i.yolov11_aug4_20261003_170034/train/images/62_spot_jpg.rf.c3407b0bb8731d014451d29192cb1ad9.jpg,,,pending,missing,train/images/62_spot_jpg.rf.c3407b0bb8731d014451d29192cb1ad9.jpg,,train/images/62_spot_jpg.rf.c3407b0bb8731d014451d29192cb1ad9.jpg,,65308c828f7a20ddf5686f36533b09d44fc016f2999594e5c95ae5c964bed633,spot,train,train,False,masks/spot/f3a5740ecdb7dd96acb8e41d.png,pending,nonempty,416
SAM3_auto,brillo112,False,spot:62_spot_jpg,416,edd5922115925ff0e0d2c0b2,spot_source,/content/drive/MyDrive/LeafData.v1i.yolov11_aug4_20261003_170034/train/images/62_spot_jpg.rf.c3407b0bb8731d014451d29192cb1ad9__aug4_brillo112.png,,,pending,missing,train/images/62_spot_jpg.rf.c3407b0bb8731d014451d29192cb1ad9.jpg,,train/images/62_spot_jpg.rf.c3407b0bb8731d014451d29192cb1ad9__aug4_brillo112.png,,af27fb324fabc03c261dfe5296503f40541f7176e94f2fec1ccf2391a13502aa,spot,train,train,False,masks/spot/edd5922115925ff0e0d2c0b2.png,pending,nonempty,416
SAM3_auto,contraste115,False,spot:62_spot_jpg,416,665fc03aae924542e8eaf30d,spot_source,/content/drive/MyDrive/LeafData.v1i.yolov11_aug4_20261003_170034/train/images/62_spot_jpg.rf.c3407b0bb8731d014451d29192cb1ad9__aug4_contraste115.png,,,pending,missing,train/images/62_spot_jpg.rf.c3407b0bb8731d014451d29192cb1ad9.jpg,,train/images/62_spot_jpg.rf.c3407b0bb8731d014451d29192cb1ad9__aug4_contraste115.png,,fb30a7af7438c2f827b5d26c5d99de25a20f8856dd068b5111d70f6785a35344,spot,train,train,False,masks/spot/665fc03aae924542e8eaf30d.png,pending,nonempty,416
SAM3_auto,hflip,False,spot:62_spot_jpg,416,7661c8b9334d78eb1aa67769,spot_source,/content/drive/MyDrive/LeafData.v1i.yolov11_aug4_20261003_170034/train/images/62_spot_jpg.rf.c3407b0bb8731d014451d29192cb1ad9__aug4_hflip.png,,,pending,missing,train/images/62_spot_jpg.rf.c3407b0bb8731d014451d29192cb1ad9.jpg,,train/images/62_spot_jpg.rf.c3407b0bb8731d014451d29192cb1ad9__aug4_hflip.png,,5d00409e40f1f37a8bb8929708d9faadd901a2e1038821e9eb580d8d0f4c30f9,spot,train,train,False,masks/spot/7661c8b9334d78eb1aa67769.png,pending,nonempty,416
SAM3_auto,vflip,False,spot:62_spot_jpg,416,1385edc20a75f244f4ae666a,spot_source,/content/drive/MyDrive/LeafData.v1i.yolov11_aug4_20261003_170034/train/images/62_spot_jpg.rf.c3407b0bb8731d014451d29192cb1ad9__aug4_vflip.png,,,pending,missing,train/images/62_spot_jpg.rf.c3407b0bb8731d014451d29192cb1ad9.jpg,,train/images/62_spot_jpg.rf.c3407b0bb8731d014451d29192cb1ad9__aug4_vflip.png,,56f89a814f526013a5cc4139d8f0914d1f0eda661837b277d2900dfe295dc7e6,spot,train,train,False,masks/spot/1385edc20a75f244f4ae666a.png,pending,nonempty,416
SAM3_auto,original,True,spot:64_spot_jpg,416,185dfe8ecaab064c0073aff2,spot_source,/content/drive/MyDrive/LeafData.v1i.yolov11_aug4_20261003_170034/train/images/64_spot_jpg.rf.1e8db8f977ef53ba8a913e45c0b65a82.jpg,,,pending,missing,train/images/64_spot_jpg.rf.1e8db8f977ef53ba8a913e45c0b65a82.jpg,,train/images/64_spot_jpg.rf.1e8db8f977ef53ba8a913e45c0b65a82.jpg,,cf1ad064c231f866097ddd78bff7b05f829a9b674e08888b07301207844c0583,spot,train,train,False,masks/spot/185dfe8ecaab064c0073aff2.png,pending,nonempty,416
SAM3_auto,brillo112,False,spot:64_spot_jpg,416,de3a062214f77b8e47bddb15,spot_source,/content/drive/MyDrive/LeafData.v1i.yolov11_aug4_20261003_170034/train/images/64_spot_jpg.rf.1e8db8f977ef53ba8a913e45c0b65a82__aug4_brillo112.png,,,pending,missing,train/images/64_spot_jpg.rf.1e8db8f977ef53ba8a913e45c0b65a82.jpg,,train/images/64_spot_jpg.rf.1e8db8f977ef53ba8a913e45c0b65a82__aug4_brillo112.png,,9ab512347091a917c82af8b0a25dfba5554fe1b081aacd1dc344b7da41a155c9,spot,train,train,False,masks/spot/de3a062214f77b8e47bddb15.png,pending,nonempty,416
SAM3_auto,contraste115,False,spot:64_spot_jpg,416,1130a937dca4ad5b31060e05,spot_source,/content/drive/MyDrive/LeafData.v1i.yolov11_aug4_20261003_170034/train/images/64_spot_jpg.rf.1e8db8f977ef53ba8a913e45c0b65a82__aug4_contraste115.png,,,pending,missing,train/images/64_spot_jpg.rf.1e8db8f977ef53ba8a913e45c0b65a82.jpg,,train/images/64_spot_jpg.rf.1e8db8f977ef53ba8a913e45c0b65a82__aug4_contraste115.png,,cae8de70f73545eb104fca5bf7d87cefee7b9996f743f6c4bb54846c5cdff735,spot,train,train,False,masks/spot/1130a937dca4ad5b31060e05.png,pending,nonempty,416
SAM3_auto,hflip,False,spot:64_spot_jpg,416,331e137904435e950557a503,spot_source,/content/drive/MyDrive/LeafData.v1i.yolov11_aug4_20261003_170034/train/images/64_spot_jpg.rf.1e8db8f977ef53ba8a913e45c0b65a82__aug4_hflip.png,,,pending,missing,train/images/64_spot_jpg.rf.1e8db8f977ef53ba8a913e45c0b65a82.jpg,,train/images/64_spot_jpg.rf.1e8db8f977ef53ba8a913e45c0b65a82__aug4_hflip.png,,e366919277499526f9cb6f4f8b155fe91ed07f526c8a896812b60eae39e8d19f,spot,train,train,False,masks/spot/331e137904435e950557a503.png,pending,nonempty,416
SAM3_auto,vflip,False,spot:64_spot_jpg,416,1b53905ab792a479ad1c1b8b,spot_source,/content/drive/MyDrive/LeafData.v1i.yolov11_aug4_20261003_170034/train/images/64_spot_jpg.rf.1e8db8f977ef53ba8a913e45c0b65a82__aug4_vflip.png,,,pending,missing,train/images/64_spot_jpg.rf.1e8db8f977ef53ba8a913e45c0b65a82.jpg,,train/images/64_spot_jpg.rf.1e8db8f977ef53ba8a913e45c0b65a82__aug4_vflip.png,,ee57ae34f7f766611ae5529576fe30d5f28096de9a09ecc5bfd0eaacf48770ac,spot,train,train,False,masks/spot/1b53905ab792a479ad1c1b8b.png,pending,nonempty,416
SAM3_auto,original,True,spot:64_spot_jpg,416,762a87943a0c94da0203e3f8,spot_source,/content/drive/MyDrive/LeafData.v1i.yolov11_aug4_20261003_170034/train/images/64_spot_jpg.rf.240067d3e9343823be1a9ac90e14a79c.jpg,,,pending,missing,train/images/64_spot_jpg.rf.240067d3e9343823be1a9ac90e14a79c.jpg,,train/images/64_spot_jpg.rf.240067d3e9343823be1a9ac90e14a79c.jpg,,d5ec3ba9930e1fe3a0c8f7c2413b8531bcbba9069963670b10e7e0047b401b54,spot,train,train,False,masks/spot/762a87943a0c94da0203e3f8.png,pending,nonempty,416
SAM3_auto,brillo112,False,spot:64_spot_jpg,416,d43532ecd782354979d49813,spot_source,/content/drive/MyDrive/LeafData.v1i.yolov11_aug4_20261003_170034/train/images/64_spot_jpg.rf.240067d3e9343823be1a9ac90e14a79c__aug4_brillo112.png,,,pending,missing,train/images/64_spot_jpg.rf.240067d3e9343823be1a9ac90e14a79c.jpg,,train/images/64_spot_jpg.rf.240067d3e9343823be1a9ac90e14a79c__aug4_brillo112.png,,75a74ef56649b83fcf36740f1d36f29b8b697787898dc4f492211078f32fd0a4,spot,train,train,False,masks/spot/d43532ecd782354979d49813.png,pending,nonempty,416
SAM3_auto,contraste115,False,spot:64_spot_jpg,416,8cbe384a695aca6d4bf035a3,spot_source,/content/drive/MyDrive/LeafData.v1i.yolov11_aug4_20261003_170034/train/images/64_spot_jpg.rf.240067d3e9343823be1a9ac90e14a79c__aug4_contraste115.png,,,pending,missing,train/images/64_spot_jpg.rf.240067d3e9343823be1a9ac90e14a79c.jpg,,train/images/64_spot_jpg.rf.240067d3e9343823be1a9ac90e14a79c__aug4_contraste115.png,,4f8bca4eeb24e66d4cf9f1320fae2638ef55992a0a3d81e3addca1e43f4845a5,spot,train,train,False,masks/spot/8cbe384a695aca6d4bf035a3.png,pending,nonempty,416
SAM3_auto,hflip,False,spot:64_spot_jpg,416,72cfe3e14f85a30d325ef5d5,spot_source,/content/drive/MyDrive/LeafData.v1i.yolov11_aug4_20261003_170034/train/images/64_spot_jpg.rf.240067d3e9343823be1a9ac90e14a79c__aug4_hflip.png,,,pending,missing,train/images/64_spot_jpg.rf.240067d3e9343823be1a9ac90e14a79c.jpg,,train/images/64_spot_jpg.rf.240067d3e9343823be1a9ac90e14a79c__aug4_hflip.png,,b65650abae56e3b6d58d10571e00700b695d004775cea8ce3f7d2cb655c5134b,spot,train,train,False,masks/spot/72cfe3e14f85a30d325ef5d5.png,pending,nonempty,416
SAM3_auto,vflip,False,spot:64_spot_jpg,416,37c152439a675ec5722faf9a,spot_source,/content/drive/MyDrive/LeafData.v1i.yolov11_aug4_20261003_170034/train/images/64_spot_jpg.rf.240067d3e9343823be1a9ac90e14a79c__aug4_vflip.png,,,pending,missing,train/images/64_spot_jpg.rf.240067d3e9343823be1a9ac90e14a79c.jpg,,train/images/64_spot_jpg.rf.240067d3e9343823be1a9ac90e14a79c__aug4_vflip.png,,6c5043ef145b9af54a881649123ac1f58a85780bc8088bc5a7a6c96726579e68,spot,train,train,False,masks/spot/37c152439a675ec5722faf9a.png,pending,nonempty,416
SAM3_auto,original,True,spot:64_spot_jpg,416,54d2ec191192150d434f2c6c,spot_source,/content/drive/MyDrive/LeafData.v1i.yolov11_aug4_20261003_170034/train/images/64_spot_jpg.rf.43141b64738ca7326f410081b0feca4a.jpg,,,pending,missing,train/images/64_spot_jpg.rf.43141b64738ca7326f410081b0feca4a.jpg,,train/images/64_spot_jpg.rf.43141b64738ca7326f410081b0feca4a.jpg,,e2ef69099f1e8cd1ba4d57750e8f784c6465aaca991c9df9d0da567920c7efe1,spot,train,train,False,masks/spot/54d2ec191192150d434f2c6c.png,pending,nonempty,416
SAM3_auto,brillo112,False,spot:64_spot_jpg,416,e6101b22a0b958b2a0918644,spot_source,/content/drive/MyDrive/LeafData.v1i.yolov11_aug4_20261003_170034/train/images/64_spot_jpg.rf.43141b64738ca7326f410081b0feca4a__aug4_brillo112.png,,,pending,missing,train/images/64_spot_jpg.rf.43141b64738ca7326f410081b0feca4a.jpg,,train/images/64_spot_jpg.rf.43141b64738ca7326f410081b0feca4a__aug4_brillo112.png,,c51c894ca670f30a4629501c9b1cfbdbaa0232a3411da89e392e03f2b00cc139,spot,train,train,False,masks/spot/e6101b22a0b958b2a0918644.png,pending,nonempty,416
SAM3_auto,contraste115,False,spot:64_spot_jpg,416,7e594b2365b913b05f5200cd,spot_source,/content/drive/MyDrive/LeafData.v1i.yolov11_aug4_20261003_170034/train/images/64_spot_jpg.rf.43141b64738ca7326f410081b0feca4a__aug4_contraste115.png,,,pending,missing,train/images/64_spot_jpg.rf.43141b64738ca7326f410081b0feca4a.jpg,,train/images/64_spot_jpg.rf.43141b64738ca7326f410081b0feca4a__aug4_contraste115.png,,4370f3536a150aa2f67dfe591ce98db1e056a5b798d306391669b6b632b44bd1,spot,train,train,False,masks/spot/7e594b2365b913b05f5200cd.png,pending,nonempty,416
SAM3_auto,hflip,False,spot:64_spot_jpg,416,2abace46076bf3b6ac6d0775,spot_source,/content/drive/MyDrive/LeafData.v1i.yolov11_aug4_20261003_170034/train/images/64_spot_jpg.rf.43141b64738ca7326f410081b0feca4a__aug4_hflip.png,,,pending,missing,train/images/64_spot_jpg.rf.43141b64738ca7326f410081b0feca4a.jpg,,train/images/64_spot_jpg.rf.43141b64738ca7326f410081b0feca4a__aug4_hflip.png,,fe683ec97c5343993c8a98ea51a475e142c42049227473ff2a92dbb4e42881ed,spot,train,train,False,masks/spot/2abace46076bf3b6ac6d0775.png,pending,nonempty,416
SAM3_auto,vflip,False,spot:64_spot_jpg,416,91e19de12df04f31698ce71b,spot_source,/content/drive/MyDrive/LeafData.v1i.yolov11_aug4_20261003_170034/train/images/64_spot_jpg.rf.43141b64738ca7326f410081b0feca4a__aug4_vflip.png,,,pending,missing,train/images/64_spot_jpg.rf.43141b64738ca7326f410081b0feca4a.jpg,,train/images/64_spot_jpg.rf.43141b64738ca7326f410081b0feca4a__aug4_vflip.png,,3801fa051606c850c1563bbf117d38de1cd9d2cbb85690019f15d8b35fefcda2,spot,train,train,False,masks/spot/91e19de12df04f31698ce71b.png,pending,nonempty,416
SAM3_auto,original,True,spot:65_spot_jpg,416,7fc8bd37597397f24c5f4587,spot_source,/content/drive/MyDrive/LeafData.v1i.yolov11_aug4_20261003_170034/train/images/65_spot_jpg.rf.59c39729b9cde39157321bb0cb452685.jpg,,,pending,missing,train/images/65_spot_jpg.rf.59c39729b9cde39157321bb0cb452685.jpg,,train/images/65_spot_jpg.rf.59c39729b9cde39157321bb0cb452685.jpg,,330f5e511e1521084b99811d54f70bcf097ca12f8196af5ba0c0902fadf80b06,spot,train,train,False,masks/spot/7fc8bd37597397f24c5f4587.png,pending,nonempty,416
SAM3_auto,brillo112,False,spot:65_spot_jpg,416,d38c13dfb4456a1532562d56,spot_source,/content/drive/MyDrive/LeafData.v1i.yolov11_aug4_20261003_170034/train/images/65_spot_jpg.rf.59c39729b9cde39157321bb0cb452685__aug4_brillo112.png,,,pending,missing,train/images/65_spot_jpg.rf.59c39729b9cde39157321bb0cb452685.jpg,,train/images/65_spot_jpg.rf.59c39729b9cde39157321bb0cb452685__aug4_brillo112.png,,35c963e2eebb57bb0b0b4dd082e803dd169f527476a495e3fe85328270e3878f,spot,train,train,False,masks/spot/d38c13dfb4456a1532562d56.png,pending,nonempty,416
SAM3_auto,contraste115,False,spot:65_spot_jpg,416,1eb1f7d55540f6fd0caf9de8,spot_source,/content/drive/MyDrive/LeafData.v1i.yolov11_aug4_20261003_170034/train/images/65_spot_jpg.rf.59c39729b9cde39157321bb0cb452685__aug4_contraste115.png,,,pending,missing,train/images/65_spot_jpg.rf.59c39729b9cde39157321bb0cb452685.jpg,,train/images/65_spot_jpg.rf.59c39729b9cde39157321bb0cb452685__aug4_contraste115.png,,2fa69fc72e4eff700434319bcbc30fd5ab1f50ddfb8ed945c9d5872d17b3ec02,spot,train,train,False,masks/spot/1eb1f7d55540f6fd0caf9de8.png,pending,nonempty,416
SAM3_auto,hflip,False,spot:65_spot_jpg,416,1a57d84c3d5f0e1cee19e616,spot_source,/content/drive/MyDrive/LeafData.v1i.yolov11_aug4_20261003_170034/train/images/65_spot_jpg.rf.59c39729b9cde39157321bb0cb452685__aug4_hflip.png,,,pending,missing,train/images/65_spot_jpg.rf.59c39729b9cde39157321bb0cb452685.jpg,,train/images/65_spot_jpg.rf.59c39729b9cde39157321bb0cb452685__aug4_hflip.png,,49a52a57b5a5f42ca6feb028348bb6c6b35d9f97b8fdccaa330ac5f70abf97ff,spot,train,train,False,masks/spot/1a57d84c3d5f0e1cee19e616.png,pending,nonempty,416
SAM3_auto,vflip,False,spot:65_spot_jpg,416,70e08439bbc2c6b111c4ff72,spot_source,/content/drive/MyDrive/LeafData.v1i.yolov11_aug4_20261003_170034/train/images/65_spot_jpg.rf.59c39729b9cde39157321bb0cb452685__aug4_vflip.png,,,pending,missing,train/images/65_spot_jpg.rf.59c39729b9cde39157321bb0cb452685.jpg,,train/images/65_spot_jpg.rf.59c39729b9cde39157321bb0cb452685__aug4_vflip.png,,46823dbf966bb6b8aeeab1d3b275c3e38ae271ee2b9eab0ffa2cbbf48cfde3fb,spot,train,train,False,masks/spot/70e08439bbc2c6b111c4ff72.png,pending,nonempty,416
SAM3_auto,original,True,spot:65_spot_jpg,416,8a16c3d91035d0d7dc3d0e41,spot_source,/content/drive/MyDrive/LeafData.v1i.yolov11_aug4_20261003_170034/train/images/65_spot_jpg.rf.f0af00b061550c9cfac3c18b13fda2e9.jpg,,,pending,missing,train/images/65_spot_jpg.rf.f0af00b061550c9cfac3c18b13fda2e9.jpg,,train/images/65_spot_jpg.rf.f0af00b061550c9cfac3c18b13fda2e9.jpg,,1460d999d1b708a7f4ff94050e8448b10ff5bc38488f0a0a3b2cd53d0979f724,spot,train,train,False,masks/spot/8a16c3d91035d0d7dc3d0e41.png,pending,nonempty,416
SAM3_auto,brillo112,False,spot:65_spot_jpg,416,ce99dfb38353f4e60be12628,spot_source,/content/drive/MyDrive/LeafData.v1i.yolov11_aug4_20261003_170034/train/images/65_spot_jpg.rf.f0af00b061550c9cfac3c18b13fda2e9__aug4_brillo112.png,,,pending,missing,train/images/65_spot_jpg.rf.f0af00b061550c9cfac3c18b13fda2e9.jpg,,train/images/65_spot_jpg.rf.f0af00b061550c9cfac3c18b13fda2e9__aug4_brillo112.png,,974a838e5ce01fc8a0790c2240288af1eeed3ae1975ee04c36e66d4090876754,spot,train,train,False,masks/spot/ce99dfb38353f4e60be12628.png,pending,nonempty,416
SAM3_auto,contraste115,False,spot:65_spot_jpg,416,2866bb0c9bc6ae8117dfb975,spot_source,/content/drive/MyDrive/LeafData.v1i.yolov11_aug4_20261003_170034/train/images/65_spot_jpg.rf.f0af00b061550c9cfac3c18b13fda2e9__aug4_contraste115.png,,,pending,missing,train/images/65_spot_jpg.rf.f0af00b061550c9cfac3c18b13fda2e9.jpg,,train/images/65_spot_jpg.rf.f0af00b061550c9cfac3c18b13fda2e9__aug4_contraste115.png,,96241a711f16ec535c5fc364e1eac525f04173706c86fbd3b4aa6cea064ad267,spot,train,train,False,masks/spot/2866bb0c9bc6ae8117dfb975.png,pending,nonempty,416
SAM3_auto,hflip,False,spot:65_spot_jpg,416,8355fe1361c277b5648e0ba8,spot_source,/content/drive/MyDrive/LeafData.v1i.yolov11_aug4_20261003_170034/train/images/65_spot_jpg.rf.f0af00b061550c9cfac3c18b13fda2e9__aug4_hflip.png,,,pending,missing,train/images/65_spot_jpg.rf.f0af00b061550c9cfac3c18b13fda2e9.jpg,,train/images/65_spot_jpg.rf.f0af00b061550c9cfac3c18b13fda2e9__aug4_hflip.png,,f9e79540e1db7aae0dbb525eb426c525a1e413d2459e0b7b21f64d138cb93c78,spot,train,train,False,masks/spot/8355fe1361c277b5648e0ba8.png,pending,nonempty,416
SAM3_auto,vflip,False,spot:65_spot_jpg,416,0adba8783b1313c055f38942,spot_source,/content/drive/MyDrive/LeafData.v1i.yolov11_aug4_20261003_170034/train/images/65_spot_jpg.rf.f0af00b061550c9cfac3c18b13fda2e9__aug4_vflip.png,,,pending,missing,train/images/65_spot_jpg.rf.f0af00b061550c9cfac3c18b13fda2e9.jpg,,train/images/65_spot_jpg.rf.f0af00b061550c9cfac3c18b13fda2e9__aug4_vflip.png,,34b24e8790bb93076d079dfb0b79b80fbe195313a281f66c75677ad4273ea058,spot,train,train,False,masks/spot/0adba8783b1313c055f38942.png,pending,nonempty,416
SAM3_auto,original,True,spot:65_spot_jpg,416,03dcc87c92a8092b0858caf3,spot_source,/content/drive/MyDrive/LeafData.v1i.yolov11_aug4_20261003_170034/train/images/65_spot_jpg.rf.fb315103f949f5a9a1c28554b5ff47c8.jpg,,,pending,missing,train/images/65_spot_jpg.rf.fb315103f949f5a9a1c28554b5ff47c8.jpg,,train/images/65_spot_jpg.rf.fb315103f949f5a9a1c28554b5ff47c8.jpg,,c8ab9f6faf6a532c06ecd8f988c936e83ccc4abab033fb4308c47af3b604d95f,spot,train,train,False,masks/spot/03dcc87c92a8092b0858caf3.png,pending,nonempty,416
SAM3_auto,brillo112,False,spot:65_spot_jpg,416,62d24e2dce935cde0c495790,spot_source,/content/drive/MyDrive/LeafData.v1i.yolov11_aug4_20261003_170034/train/images/65_spot_jpg.rf.fb315103f949f5a9a1c28554b5ff47c8__aug4_brillo112.png,,,pending,missing,train/images/65_spot_jpg.rf.fb315103f949f5a9a1c28554b5ff47c8.jpg,,train/images/65_spot_jpg.rf.fb315103f949f5a9a1c28554b5ff47c8__aug4_brillo112.png,,a1ffc95ccd658ff8f06127bca8b1b2295265cf3505d9d3be34e15b9a6aff7429,spot,train,train,False,masks/spot/62d24e2dce935cde0c495790.png,pending,nonempty,416
SAM3_auto,contraste115,False,spot:65_spot_jpg,416,4b0c76b5d73caae7a27ca280,spot_source,/content/drive/MyDrive/LeafData.v1i.yolov11_aug4_20261003_170034/train/images/65_spot_jpg.rf.fb315103f949f5a9a1c28554b5ff47c8__aug4_contraste115.png,,,pending,missing,train/images/65_spot_jpg.rf.fb315103f949f5a9a1c28554b5ff47c8.jpg,,train/images/65_spot_jpg.rf.fb315103f949f5a9a1c28554b5ff47c8__aug4_contraste115.png,,c7a25344ab307be205a059eaa251275893e4c3a2398ab3df807a45e85ffac77c,spot,train,train,False,masks/spot/4b0c76b5d73caae7a27ca280.png,pending,nonempty,416
SAM3_auto,hflip,False,spot:65_spot_jpg,416,4a1f8eaf6c20039d9de0638d,spot_source,/content/drive/MyDrive/LeafData.v1i.yolov11_aug4_20261003_170034/train/images/65_spot_jpg.rf.fb315103f949f5a9a1c28554b5ff47c8__aug4_hflip.png,,,pending,missing,train/images/65_spot_jpg.rf.fb315103f949f5a9a1c28554b5ff47c8.jpg,,train/images/65_spot_jpg.rf.fb315103f949f5a9a1c28554b5ff47c8__aug4_hflip.png,,0f59ddb7a2f67f16ea86de2bf3e833bce131ece74a80fade722c0db54ecb1123,spot,train,train,False,masks/spot/4a1f8eaf6c20039d9de0638d.png,pending,nonempty,416
SAM3_auto,vflip,False,spot:65_spot_jpg,416,8b00c42cb74b48dacf590873,spot_source,/content/drive/MyDrive/LeafData.v1i.yolov11_aug4_20261003_170034/train/images/65_spot_jpg.rf.fb315103f949f5a9a1c28554b5ff47c8__aug4_vflip.png,,,pending,missing,train/images/65_spot_jpg.rf.fb315103f949f5a9a1c28554b5ff47c8.jpg,,train/images/65_spot_jpg.rf.fb315103f949f5a9a1c28554b5ff47c8__aug4_vflip.png,,4cb451b75688fb3a625057d9f85463a672f8824a95022844e3ecf3883edbe636,spot,train,train,False,masks/spot/8b00c42cb74b48dacf590873.png,pending,nonempty,416
SAM3_auto,original,True,spot:67_spot_jpg,416,44420b5bb78f57d9aa6e6bf8,spot_source,/content/drive/MyDrive/LeafData.v1i.yolov11_aug4_20261003_170034/train/images/67_spot_jpg.rf.28f73c1b89b01ffd7e56944de5526101.jpg,,,pending,missing,train/images/67_spot_jpg.rf.28f73c1b89b01ffd7e56944de5526101.jpg,,train/images/67_spot_jpg.rf.28f73c1b89b01ffd7e56944de5526101.jpg,,7b91d6531de16d6c8ce58df9f089ffbe37e80f03bc338cd3f8633ef878a9c083,spot,train,train,False,masks/spot/44420b5bb78f57d9aa6e6bf8.png,pending,nonempty,416
SAM3_auto,brillo112,False,spot:67_spot_jpg,416,2e7a47db01b7ad0e0782a6dc,spot_source,/content/drive/MyDrive/LeafData.v1i.yolov11_aug4_20261003_170034/train/images/67_spot_jpg.rf.28f73c1b89b01ffd7e56944de5526101__aug4_brillo112.png,,,pending,missing,train/images/67_spot_jpg.rf.28f73c1b89b01ffd7e56944de5526101.jpg,,train/images/67_spot_jpg.rf.28f73c1b89b01ffd7e56944de5526101__aug4_brillo112.png,,feffe238fcd175c26eb93c0e27ee653a091f0e971c733c51d46d312ee124924e,spot,train,train,False,masks/spot/2e7a47db01b7ad0e0782a6dc.png,pending,nonempty,416
SAM3_auto,contraste115,False,spot:67_spot_jpg,416,da7c3be78f79938a4baf194f,spot_source,/content/drive/MyDrive/LeafData.v1i.yolov11_aug4_20261003_170034/train/images/67_spot_jpg.rf.28f73c1b89b01ffd7e56944de5526101__aug4_contraste115.png,,,pending,missing,train/images/67_spot_jpg.rf.28f73c1b89b01ffd7e56944de5526101.jpg,,train/images/67_spot_jpg.rf.28f73c1b89b01ffd7e56944de5526101__aug4_contraste115.png,,197731261fe2e4782f90f6ae8a4cb90789c5426773d627223f1f1802881888b2,spot,train,train,False,masks/spot/da7c3be78f79938a4baf194f.png,pending,nonempty,416
SAM3_auto,hflip,False,spot:67_spot_jpg,416,175481957fd82b61ba0f9b14,spot_source,/content/drive/MyDrive/LeafData.v1i.yolov11_aug4_20261003_170034/train/images/67_spot_jpg.rf.28f73c1b89b01ffd7e56944de5526101__aug4_hflip.png,,,pending,missing,train/images/67_spot_jpg.rf.28f73c1b89b01ffd7e56944de5526101.jpg,,train/images/67_spot_jpg.rf.28f73c1b89b01ffd7e56944de5526101__aug4_hflip.png,,c7e5688585778b7b3a559149b538b128f5f1d6a07de8702c5b6ba82d689c909f,spot,train,train,False,masks/spot/175481957fd82b61ba0f9b14.png,pending,nonempty,416
SAM3_auto,vflip,False,spot:67_spot_jpg,416,de24f37dfdfd0bffa804c175,spot_source,/content/drive/MyDrive/LeafData.v1i.yolov11_aug4_20261003_170034/train/images/67_spot_jpg.rf.28f73c1b89b01ffd7e56944de5526101__aug4_vflip.png,,,pending,missing,train/images/67_spot_jpg.rf.28f73c1b89b01ffd7e56944de5526101.jpg,,train/images/67_spot_jpg.rf.28f73c1b89b01ffd7e56944de5526101__aug4_vflip.png,,df3dd6d2037c7f8abdb2dc633ce2c90b0820810a8993505be2888063dc0c20b2,spot,train,train,False,masks/spot/de24f37dfdfd0bffa804c175.png,pending,nonempty,416
SAM3_auto,original,True,spot:67_spot_jpg,416,e3e28e26e5892503b6cc18e7,spot_source,/content/drive/MyDrive/LeafData.v1i.yolov11_aug4_20261003_170034/train/images/67_spot_jpg.rf.6d6579f34a5603df73a0369be47436b4.jpg,,,pending,missing,train/images/67_spot_jpg.rf.6d6579f34a5603df73a0369be47436b4.jpg,,train/images/67_spot_jpg.rf.6d6579f34a5603df73a0369be47436b4.jpg,,7e95b82e18540505a76255fb7b4d9b821ea15c4f93919b2f829b70578e77a3cf,spot,train,train,False,masks/spot/e3e28e26e5892503b6cc18e7.png,pending,nonempty,416
SAM3_auto,brillo112,False,spot:67_spot_jpg,416,527741587dfb41ba53f59470,spot_source,/content/drive/MyDrive/LeafData.v1i.yolov11_aug4_20261003_170034/train/images/67_spot_jpg.rf.6d6579f34a5603df73a0369be47436b4__aug4_brillo112.png,,,pending,missing,train/images/67_spot_jpg.rf.6d6579f34a5603df73a0369be47436b4.jpg,,train/images/67_spot_jpg.rf.6d6579f34a5603df73a0369be47436b4__aug4_brillo112.png,,974748f777de94732259a8ccf51bd5df5bb94bfa7f1a41266681ef078d544353,spot,train,train,False,masks/spot/527741587dfb41ba53f59470.png,pending,nonempty,416
SAM3_auto,contraste115,False,spot:67_spot_jpg,416,d2cc2252440cefd57d007206,spot_source,/content/drive/MyDrive/LeafData.v1i.yolov11_aug4_20261003_170034/train/images/67_spot_jpg.rf.6d6579f34a5603df73a0369be47436b4__aug4_contraste115.png,,,pending,missing,train/images/67_spot_jpg.rf.6d6579f34a5603df73a0369be47436b4.jpg,,train/images/67_spot_jpg.rf.6d6579f34a5603df73a0369be47436b4__aug4_contraste115.png,,ca27f38ca648d7196fc53dceb1ed2535298c45fd7348be424d3966b530e794fb,spot,train,train,False,masks/spot/d2cc2252440cefd57d007206.png,pending,nonempty,416
SAM3_auto,hflip,False,spot:67_spot_jpg,416,c4891190d1856c4f6732c051,spot_source,/content/drive/MyDrive/LeafData.v1i.yolov11_aug4_20261003_170034/train/images/67_spot_jpg.rf.6d6579f34a5603df73a0369be47436b4__aug4_hflip.png,,,pending,missing,train/images/67_spot_jpg.rf.6d6579f34a5603df73a0369be47436b4.jpg,,train/images/67_spot_jpg.rf.6d6579f34a5603df73a0369be47436b4__aug4_hflip.png,,d79438dcbaabd27ac494e0be505b1ffc0a68f7dc383b1bdb9a6710cc5c784a2a,spot,train,train,False,masks/spot/c4891190d1856c4f6732c051.png,pending,nonempty,416
SAM3_auto,vflip,False,spot:67_spot_jpg,416,499d3c2c83b9714267ed6eca,spot_source,/content/drive/MyDrive/LeafData.v1i.yolov11_aug4_20261003_170034/train/images/67_spot_jpg.rf.6d6579f34a5603df73a0369be47436b4__aug4_vflip.png,,,pending,missing,train/images/67_spot_jpg.rf.6d6579f34a5603df73a0369be47436b4.jpg,,train/images/67_spot_jpg.rf.6d6579f34a5603df73a0369be47436b4__aug4_vflip.png,,378a32cf9f3faaa70f1326763e7808a9257b1882a710acbf0e8170feb834343b,spot,train,train,False,masks/spot/499d3c2c83b9714267ed6eca.png,pending,nonempty,416
SAM3_auto,original,True,spot:67_spot_jpg,416,e35d41ccd1445dcc3a1487a7,spot_source,/content/drive/MyDrive/LeafData.v1i.yolov11_aug4_20261003_170034/train/images/67_spot_jpg.rf.a2c604f675a335c82e64e74d3daaa5fe.jpg,,,pending,missing,train/images/67_spot_jpg.rf.a2c604f675a335c82e64e74d3daaa5fe.jpg,,train/images/67_spot_jpg.rf.a2c604f675a335c82e64e74d3daaa5fe.jpg,,228f11c1a4853e344cb73af759f30ece27d53b1b24978db2c50a1edcb7114741,spot,train,train,False,masks/spot/e35d41ccd1445dcc3a1487a7.png,pending,nonempty,416
SAM3_auto,brillo112,False,spot:67_spot_jpg,416,59ca04b0f759d7187c1e11d1,spot_source,/content/drive/MyDrive/LeafData.v1i.yolov11_aug4_20261003_170034/train/images/67_spot_jpg.rf.a2c604f675a335c82e64e74d3daaa5fe__aug4_brillo112.png,,,pending,missing,train/images/67_spot_jpg.rf.a2c604f675a335c82e64e74d3daaa5fe.jpg,,train/images/67_spot_jpg.rf.a2c604f675a335c82e64e74d3daaa5fe__aug4_brillo112.png,,9c6978d8bda7fff867994ecee8116d55b6f8b328c24262f8d560399a14994043,spot,train,train,False,masks/spot/59ca04b0f759d7187c1e11d1.png,pending,nonempty,416
SAM3_auto,contraste115,False,spot:67_spot_jpg,416,8a939b073096e1e92d2adf93,spot_source,/content/drive/MyDrive/LeafData.v1i.yolov11_aug4_20261003_170034/train/images/67_spot_jpg.rf.a2c604f675a335c82e64e74d3daaa5fe__aug4_contraste115.png,,,pending,missing,train/images/67_spot_jpg.rf.a2c604f675a335c82e64e74d3daaa5fe.jpg,,train/images/67_spot_jpg.rf.a2c604f675a335c82e64e74d3daaa5fe__aug4_contraste115.png,,32c315e5944678713cab4fdd6cfe22e81ecc0253dc840dbfcdc38f427532bc84,spot,train,train,False,masks/spot/8a939b073096e1e92d2adf93.png,pending,nonempty,416
SAM3_auto,hflip,False,spot:67_spot_jpg,416,3d9d8832989176e6812621a8,spot_source,/content/drive/MyDrive/LeafData.v1i.yolov11_aug4_20261003_170034/train/images/67_spot_jpg.rf.a2c604f675a335c82e64e74d3daaa5fe__aug4_hflip.png,,,pending,missing,train/images/67_spot_jpg.rf.a2c604f675a335c82e64e74d3daaa5fe.jpg,,train/images/67_spot_jpg.rf.a2c604f675a335c82e64e74d3daaa5fe__aug4_hflip.png,,269ddd0570d1a62819da2ed0d80b57125c9f1f54bad85a81f64a0e92d96fa16a,spot,train,train,False,masks/spot/3d9d8832989176e6812621a8.png,pending,nonempty,416
SAM3_auto,vflip,False,spot:67_spot_jpg,416,b0ecdfd412a4ac92e5b801f4,spot_source,/content/drive/MyDrive/LeafData.v1i.yolov11_aug4_20261003_170034/train/images/67_spot_jpg.rf.a2c604f675a335c82e64e74d3daaa5fe__aug4_vflip.png,,,pending,missing,train/images/67_spot_jpg.rf.a2c604f675a335c82e64e74d3daaa5fe.jpg,,train/images/67_spot_jpg.rf.a2c604f675a335c82e64e74d3daaa5fe__aug4_vflip.png,,a557962b8ceacc9bb55f444bec38091d272462bdb192d9fb101eab1f1dac12b6,spot,train,train,False,masks/spot/b0ecdfd412a4ac92e5b801f4.png,pending,nonempty,416
SAM3_auto,original,True,spot:69_spot_jpg,416,47ca1c173775c654b33ff277,spot_source,/content/drive/MyDrive/LeafData.v1i.yolov11_aug4_20261003_170034/train/images/69_spot_jpg.rf.9e3a220b869241cf094327195e1762bd.jpg,,,pending,missing,train/images/69_spot_jpg.rf.9e3a220b869241cf094327195e1762bd.jpg,,train/images/69_spot_jpg.rf.9e3a220b869241cf094327195e1762bd.jpg,,1a0b377c5cba41316ee65142439bbdae8c2464bdf71f2474cc9139ee4a1fe7e9,spot,train,train,False,masks/spot/47ca1c173775c654b33ff277.png,pending,nonempty,416
SAM3_auto,brillo112,False,spot:69_spot_jpg,416,7e5156c79178a43f90863eaa,spot_source,/content/drive/MyDrive/LeafData.v1i.yolov11_aug4_20261003_170034/train/images/69_spot_jpg.rf.9e3a220b869241cf094327195e1762bd__aug4_brillo112.png,,,pending,missing,train/images/69_spot_jpg.rf.9e3a220b869241cf094327195e1762bd.jpg,,train/images/69_spot_jpg.rf.9e3a220b869241cf094327195e1762bd__aug4_brillo112.png,,98ea4a1fee38733edbf910049aa6a92d45f822ffd03041066a11a69384ce50c3,spot,train,train,False,masks/spot/7e5156c79178a43f90863eaa.png,pending,nonempty,416
SAM3_auto,contraste115,False,spot:69_spot_jpg,416,916899c36d5345c5d8c314a0,spot_source,/content/drive/MyDrive/LeafData.v1i.yolov11_aug4_20261003_170034/train/images/69_spot_jpg.rf.9e3a220b869241cf094327195e1762bd__aug4_contraste115.png,,,pending,missing,train/images/69_spot_jpg.rf.9e3a220b869241cf094327195e1762bd.jpg,,train/images/69_spot_jpg.rf.9e3a220b869241cf094327195e1762bd__aug4_contraste115.png,,15c31f172d354a8c00aa6a31522506cce467a223b69c12b34b9357d007affa6b,spot,train,train,False,masks/spot/916899c36d5345c5d8c314a0.png,pending,nonempty,416
SAM3_auto,hflip,False,spot:69_spot_jpg,416,f73e7508ddf1c3b89db6821a,spot_source,/content/drive/MyDrive/LeafData.v1i.yolov11_aug4_20261003_170034/train/images/69_spot_jpg.rf.9e3a220b869241cf094327195e1762bd__aug4_hflip.png,,,pending,missing,train/images/69_spot_jpg.rf.9e3a220b869241cf094327195e1762bd.jpg,,train/images/69_spot_jpg.rf.9e3a220b869241cf094327195e1762bd__aug4_hflip.png,,699cdfabdf5c9a50ea7ac339dc042184db8fe301f09eb9a347cdfe07fdbd9f7d,spot,train,train,False,masks/spot/f73e7508ddf1c3b89db6821a.png,pending,nonempty,416
SAM3_auto,vflip,False,spot:69_spot_jpg,416,c7c8f2f60beb0d65546cec23,spot_source,/content/drive/MyDrive/LeafData.v1i.yolov11_aug4_20261003_170034/train/images/69_spot_jpg.rf.9e3a220b869241cf094327195e1762bd__aug4_vflip.png,,,pending,missing,train/images/69_spot_jpg.rf.9e3a220b869241cf094327195e1762bd.jpg,,train/images/69_spot_jpg.rf.9e3a220b869241cf094327195e1762bd__aug4_vflip.png,,4ffe9b877f1202e94d04000058bad3a9b257f9576e591b3893c86b0d9c11af05,spot,train,train,False,masks/spot/c7c8f2f60beb0d65546cec23.png,pending,nonempty,416
SAM3_auto,original,True,spot:69_spot_jpg,416,79120981a74d66c0dd3d5114,spot_source,/content/drive/MyDrive/LeafData.v1i.yolov11_aug4_20261003_170034/train/images/69_spot_jpg.rf.d52a6057db5144e9da5a8332663d30da.jpg,,,pending,missing,train/images/69_spot_jpg.rf.d52a6057db5144e9da5a8332663d30da.jpg,,train/images/69_spot_jpg.rf.d52a6057db5144e9da5a8332663d30da.jpg,,37f7b429abd410108dbd413ca9262491080b01354617fbdfc741d13579b896d8,spot,train,train,False,masks/spot/79120981a74d66c0dd3d5114.png,pending,nonempty,416
SAM3_auto,brillo112,False,spot:69_spot_jpg,416,0766d900bf0cb5323e7ea649,spot_source,/content/drive/MyDrive/LeafData.v1i.yolov11_aug4_20261003_170034/train/images/69_spot_jpg.rf.d52a6057db5144e9da5a8332663d30da__aug4_brillo112.png,,,pending,missing,train/images/69_spot_jpg.rf.d52a6057db5144e9da5a8332663d30da.jpg,,train/images/69_spot_jpg.rf.d52a6057db5144e9da5a8332663d30da__aug4_brillo112.png,,443568236a755d8722f9ce368e9bc4673847fbb88009e3f64a83f19aa5a87add,spot,train,train,False,masks/spot/0766d900bf0cb5323e7ea649.png,pending,nonempty,416
SAM3_auto,contraste115,False,spot:69_spot_jpg,416,232dc57482a13f0a02cf9979,spot_source,/content/drive/MyDrive/LeafData.v1i.yolov11_aug4_20261003_170034/train/images/69_spot_jpg.rf.d52a6057db5144e9da5a8332663d30da__aug4_contraste115.png,,,pending,missing,train/images/69_spot_jpg.rf.d52a6057db5144e9da5a8332663d30da.jpg,,train/images/69_spot_jpg.rf.d52a6057db5144e9da5a8332663d30da__aug4_contraste115.png,,1a0f3ab385a5cfdc4e9c996f3eafe10f964419ac9bd9b84757d64441637a0c6f,spot,train,train,False,masks/spot/232dc57482a13f0a02cf9979.png,pending,nonempty,416
SAM3_auto,hflip,False,spot:69_spot_jpg,416,f2f53d724df900f2eb0485c9,spot_source,/content/drive/MyDrive/LeafData.v1i.yolov11_aug4_20261003_170034/train/images/69_spot_jpg.rf.d52a6057db5144e9da5a8332663d30da__aug4_hflip.png,,,pending,missing,train/images/69_spot_jpg.rf.d52a6057db5144e9da5a8332663d30da.jpg,,train/images/69_spot_jpg.rf.d52a6057db5144e9da5a8332663d30da__aug4_hflip.png,,0a9e11312fc1e953d13235ffdbe7369e0195991a962a7db8f45822ba3b0c2344,spot,train,train,False,masks/spot/f2f53d724df900f2eb0485c9.png,pending,nonempty,416
SAM3_auto,vflip,False,spot:69_spot_jpg,416,505a84f05662e18f042d5bb8,spot_source,/content/drive/MyDrive/LeafData.v1i.yolov11_aug4_20261003_170034/train/images/69_spot_jpg.rf.d52a6057db5144e9da5a8332663d30da__aug4_vflip.png,,,pending,missing,train/images/69_spot_jpg.rf.d52a6057db5144e9da5a8332663d30da.jpg,,train/images/69_spot_jpg.rf.d52a6057db5144e9da5a8332663d30da__aug4_vflip.png,,3a1ee25d209059c1853b57208df2ab0be95d1d2e4bd5098907668380f3b5121d,spot,train,train,False,masks/spot/505a84f05662e18f042d5bb8.png,pending,nonempty,416
SAM3_auto,original,True,spot:69_spot_jpg,416,80a9c6f6e9c94ed57364f412,spot_source,/content/drive/MyDrive/LeafData.v1i.yolov11_aug4_20261003_170034/train/images/69_spot_jpg.rf.e0b9a9686a8126878010c4c7894d48d3.jpg,,,pending,missing,train/images/69_spot_jpg.rf.e0b9a9686a8126878010c4c7894d48d3.jpg,,train/images/69_spot_jpg.rf.e0b9a9686a8126878010c4c7894d48d3.jpg,,7fcfe88a0dd30d4e098145bcdb5fabdeb89dab8f8129380f289c6383c4489326,spot,train,train,False,masks/spot/80a9c6f6e9c94ed57364f412.png,pending,nonempty,416
SAM3_auto,brillo112,False,spot:69_spot_jpg,416,a0b04ad1ffc0e5f3763aa775,spot_source,/content/drive/MyDrive/LeafData.v1i.yolov11_aug4_20261003_170034/train/images/69_spot_jpg.rf.e0b9a9686a8126878010c4c7894d48d3__aug4_brillo112.png,,,pending,missing,train/images/69_spot_jpg.rf.e0b9a9686a8126878010c4c7894d48d3.jpg,,train/images/69_spot_jpg.rf.e0b9a9686a8126878010c4c7894d48d3__aug4_brillo112.png,,e72fd4b8694f38abbd952c5c30e4e1a50a755397a8e843723259716d33b61bcf,spot,train,train,False,masks/spot/a0b04ad1ffc0e5f3763aa775.png,pending,nonempty,416
SAM3_auto,contraste115,False,spot:69_spot_jpg,416,2ce576305d429a0b32c674fb,spot_source,/content/drive/MyDrive/LeafData.v1i.yolov11_aug4_20261003_170034/train/images/69_spot_jpg.rf.e0b9a9686a8126878010c4c7894d48d3__aug4_contraste115.png,,,pending,missing,train/images/69_spot_jpg.rf.e0b9a9686a8126878010c4c7894d48d3.jpg,,train/images/69_spot_jpg.rf.e0b9a9686a8126878010c4c7894d48d3__aug4_contraste115.png,,06b69f9de33e05c91a714b4fc6f32f0522aab6590d06c4b25067d21446b72110,spot,train,train,False,masks/spot/2ce576305d429a0b32c674fb.png,pending,nonempty,416
SAM3_auto,hflip,False,spot:69_spot_jpg,416,61be9f5ab037746c7518f559,spot_source,/content/drive/MyDrive/LeafData.v1i.yolov11_aug4_20261003_170034/train/images/69_spot_jpg.rf.e0b9a9686a8126878010c4c7894d48d3__aug4_hflip.png,,,pending,missing,train/images/69_spot_jpg.rf.e0b9a9686a8126878010c4c7894d48d3.jpg,,train/images/69_spot_jpg.rf.e0b9a9686a8126878010c4c7894d48d3__aug4_hflip.png,,a6519b7b3ec21caaefe84ae888904281a7dbd45217856c0b84205d8b3d5bb92e,spot,train,train,False,masks/spot/61be9f5ab037746c7518f559.png,pending,nonempty,416
SAM3_auto,vflip,False,spot:69_spot_jpg,416,e6d3f8118ce7aca42840b4b1,spot_source,/content/drive/MyDrive/LeafData.v1i.yolov11_aug4_20261003_170034/train/images/69_spot_jpg.rf.e0b9a9686a8126878010c4c7894d48d3__aug4_vflip.png,,,pending,missing,train/images/69_spot_jpg.rf.e0b9a9686a8126878010c4c7894d48d3.jpg,,train/images/69_spot_jpg.rf.e0b9a9686a8126878010c4c7894d48d3__aug4_vflip.png,,80d5ce3db3fbcee6a0383db7c43cc45336c01a56ba80f15149db1c8c4b857bb6,spot,train,train,False,masks/spot/e6d3f8118ce7aca42840b4b1.png,pending,nonempty,416
SAM3_auto,original,True,spot:6_spot_jpg,416,bf770472425093098102f0c9,spot_source,/content/drive/MyDrive/LeafData.v1i.yolov11_aug4_20261003_170034/train/images/6_spot_jpg.rf.67612d34a119463cbabe953c08051865.jpg,,,pending,missing,train/images/6_spot_jpg.rf.67612d34a119463cbabe953c08051865.jpg,,train/images/6_spot_jpg.rf.67612d34a119463cbabe953c08051865.jpg,,ae5fe71b43438a10c521801d7399b9098351c96e4d4fde3ae8b5fc45c669ba5b,spot,train,train,False,masks/spot/bf770472425093098102f0c9.png,pending,nonempty,416
SAM3_auto,brillo112,False,spot:6_spot_jpg,416,be7affd17b56bdc0c2927c70,spot_source,/content/drive/MyDrive/LeafData.v1i.yolov11_aug4_20261003_170034/train/images/6_spot_jpg.rf.67612d34a119463cbabe953c08051865__aug4_brillo112.png,,,pending,missing,train/images/6_spot_jpg.rf.67612d34a119463cbabe953c08051865.jpg,,train/images/6_spot_jpg.rf.67612d34a119463cbabe953c08051865__aug4_brillo112.png,,7ef13abb2333a97ada5dfebc8db0a7e467f9d80274d300507be26a96307ac943,spot,train,train,False,masks/spot/be7affd17b56bdc0c2927c70.png,pending,nonempty,416
SAM3_auto,contraste115,False,spot:6_spot_jpg,416,39158dce0f357ba24c6ab119,spot_source,/content/drive/MyDrive/LeafData.v1i.yolov11_aug4_20261003_170034/train/images/6_spot_jpg.rf.67612d34a119463cbabe953c08051865__aug4_contraste115.png,,,pending,missing,train/images/6_spot_jpg.rf.67612d34a119463cbabe953c08051865.jpg,,train/images/6_spot_jpg.rf.67612d34a119463cbabe953c08051865__aug4_contraste115.png,,6c680bbec6d090358ef6956cc0545dc4b47123a3634635f57fd2055829a12be7,spot,train,train,False,masks/spot/39158dce0f357ba24c6ab119.png,pending,nonempty,416
SAM3_auto,hflip,False,spot:6_spot_jpg,416,019bc832f027f996b2310c1f,spot_source,/content/drive/MyDrive/LeafData.v1i.yolov11_aug4_20261003_170034/train/images/6_spot_jpg.rf.67612d34a119463cbabe953c08051865__aug4_hflip.png,,,pending,missing,train/images/6_spot_jpg.rf.67612d34a119463cbabe953c08051865.jpg,,train/images/6_spot_jpg.rf.67612d34a119463cbabe953c08051865__aug4_hflip.png,,75feb497be06a410f12df2a5056840649e5645e443e2b30dc0fcc75549852e9e,spot,train,train,False,masks/spot/019bc832f027f996b2310c1f.png,pending,nonempty,416
SAM3_auto,vflip,False,spot:6_spot_jpg,416,6c10bc6477c59133282dba8e,spot_source,/content/drive/MyDrive/LeafData.v1i.yolov11_aug4_20261003_170034/train/images/6_spot_jpg.rf.67612d34a119463cbabe953c08051865__aug4_vflip.png,,,pending,missing,train/images/6_spot_jpg.rf.67612d34a119463cbabe953c08051865.jpg,,train/images/6_spot_jpg.rf.67612d34a119463cbabe953c08051865__aug4_vflip.png,,0d9bf664c74d84497e3033a7b8878770a7a1785f405fd4f19254c9ae2e5edd2f,spot,train,train,False,masks/spot/6c10bc6477c59133282dba8e.png,pending,nonempty,416
SAM3_auto,original,True,spot:6_spot_jpg,416,b342fdfc4ae6a2ece29f47a8,spot_source,/content/drive/MyDrive/LeafData.v1i.yolov11_aug4_20261003_170034/train/images/6_spot_jpg.rf.88c53fd91f1dfd1b7b92279773f227ae.jpg,,,pending,missing,train/images/6_spot_jpg.rf.88c53fd91f1dfd1b7b92279773f227ae.jpg,,train/images/6_spot_jpg.rf.88c53fd91f1dfd1b7b92279773f227ae.jpg,,0abe27796461d5199466aa47b14d4fa4601568bfc3a7eb482173a0f3dce27322,spot,train,train,False,masks/spot/b342fdfc4ae6a2ece29f47a8.png,pending,nonempty,416
SAM3_auto,brillo112,False,spot:6_spot_jpg,416,c950c16d447a82fbe8d47311,spot_source,/content/drive/MyDrive/LeafData.v1i.yolov11_aug4_20261003_170034/train/images/6_spot_jpg.rf.88c53fd91f1dfd1b7b92279773f227ae__aug4_brillo112.png,,,pending,missing,train/images/6_spot_jpg.rf.88c53fd91f1dfd1b7b92279773f227ae.jpg,,train/images/6_spot_jpg.rf.88c53fd91f1dfd1b7b92279773f227ae__aug4_brillo112.png,,57abac401318c7e63e904c2552cd42fb484ca9a4d4efb4c056021deddd17a9c0,spot,train,train,False,masks/spot/c950c16d447a82fbe8d47311.png,pending,nonempty,416
SAM3_auto,contraste115,False,spot:6_spot_jpg,416,0d7d3714ee277c84cb9b3b03,spot_source,/content/drive/MyDrive/LeafData.v1i.yolov11_aug4_20261003_170034/train/images/6_spot_jpg.rf.88c53fd91f1dfd1b7b92279773f227ae__aug4_contraste115.png,,,pending,missing,train/images/6_spot_jpg.rf.88c53fd91f1dfd1b7b92279773f227ae.jpg,,train/images/6_spot_jpg.rf.88c53fd91f1dfd1b7b92279773f227ae__aug4_contraste115.png,,94ab548914664baba9a1a76c9794d5d06dd326d40193c397a037c8d727d429c9,spot,train,train,False,masks/spot/0d7d3714ee277c84cb9b3b03.png,pending,nonempty,416
SAM3_auto,hflip,False,spot:6_spot_jpg,416,0cb126f277e73828ae58feeb,spot_source,/content/drive/MyDrive/LeafData.v1i.yolov11_aug4_20261003_170034/train/images/6_spot_jpg.rf.88c53fd91f1dfd1b7b92279773f227ae__aug4_hflip.png,,,pending,missing,train/images/6_spot_jpg.rf.88c53fd91f1dfd1b7b92279773f227ae.jpg,,train/images/6_spot_jpg.rf.88c53fd91f1dfd1b7b92279773f227ae__aug4_hflip.png,,1e46369ffe135b57c12fac71cfdccdc4239c7ca46ac91be18b95ef86ca72ac2d,spot,train,train,False,masks/spot/0cb126f277e73828ae58feeb.png,pending,nonempty,416
SAM3_auto,vflip,False,spot:6_spot_jpg,416,f6d28832d72c799a3cecc023,spot_source,/content/drive/MyDrive/LeafData.v1i.yolov11_aug4_20261003_170034/train/images/6_spot_jpg.rf.88c53fd91f1dfd1b7b92279773f227ae__aug4_vflip.png,,,pending,missing,train/images/6_spot_jpg.rf.88c53fd91f1dfd1b7b92279773f227ae.jpg,,train/images/6_spot_jpg.rf.88c53fd91f1dfd1b7b92279773f227ae__aug4_vflip.png,,cdfc8e0b1fd677677bb1518c227a4e884b3f81279010a27502f7eace69983cc1,spot,train,train,False,masks/spot/f6d28832d72c799a3cecc023.png,pending,nonempty,416
SAM3_auto,original,True,spot:6_spot_jpg,416,90c6123c500683f9b9bc236d,spot_source,/content/drive/MyDrive/LeafData.v1i.yolov11_aug4_20261003_170034/train/images/6_spot_jpg.rf.e6bfd11171db07b54a22871374177ed7.jpg,,,pending,missing,train/images/6_spot_jpg.rf.e6bfd11171db07b54a22871374177ed7.jpg,,train/images/6_spot_jpg.rf.e6bfd11171db07b54a22871374177ed7.jpg,,0568d047e5a651db3427bcbd22c4ef009eac029ea4077bd1d32bf5d20c46725c,spot,train,train,False,masks/spot/90c6123c500683f9b9bc236d.png,pending,nonempty,416
SAM3_auto,brillo112,False,spot:6_spot_jpg,416,6a01112daaeb8d7e6b028fe2,spot_source,/content/drive/MyDrive/LeafData.v1i.yolov11_aug4_20261003_170034/train/images/6_spot_jpg.rf.e6bfd11171db07b54a22871374177ed7__aug4_brillo112.png,,,pending,missing,train/images/6_spot_jpg.rf.e6bfd11171db07b54a22871374177ed7.jpg,,train/images/6_spot_jpg.rf.e6bfd11171db07b54a22871374177ed7__aug4_brillo112.png,,8f594eeb92d7e05874f43507d15fc9df529463bf6d79e7dd17b6e07bab82b5fd,spot,train,train,False,masks/spot/6a01112daaeb8d7e6b028fe2.png,pending,nonempty,416
SAM3_auto,contraste115,False,spot:6_spot_jpg,416,58915484db0b1dff5d300b23,spot_source,/content/drive/MyDrive/LeafData.v1i.yolov11_aug4_20261003_170034/train/images/6_spot_jpg.rf.e6bfd11171db07b54a22871374177ed7__aug4_contraste115.png,,,pending,missing,train/images/6_spot_jpg.rf.e6bfd11171db07b54a22871374177ed7.jpg,,train/images/6_spot_jpg.rf.e6bfd11171db07b54a22871374177ed7__aug4_contraste115.png,,9eebd71f2ee042d075027bb9e1cf15a7f02d8421b5a3fceb729de3526634e709,spot,train,train,False,masks/spot/58915484db0b1dff5d300b23.png,pending,nonempty,416
SAM3_auto,hflip,False,spot:6_spot_jpg,416,e07650834843f82daff776e9,spot_source,/content/drive/MyDrive/LeafData.v1i.yolov11_aug4_20261003_170034/train/images/6_spot_jpg.rf.e6bfd11171db07b54a22871374177ed7__aug4_hflip.png,,,pending,missing,train/images/6_spot_jpg.rf.e6bfd11171db07b54a22871374177ed7.jpg,,train/images/6_spot_jpg.rf.e6bfd11171db07b54a22871374177ed7__aug4_hflip.png,,5b33a4f7f2a37494bdb4bcce06c0eebcf2eec6cee344b5ae156b9bf1a82829a3,spot,train,train,False,masks/spot/e07650834843f82daff776e9.png,pending,nonempty,416
SAM3_auto,vflip,False,spot:6_spot_jpg,416,0dafd3de1a67d9f04c0a720f,spot_source,/content/drive/MyDrive/LeafData.v1i.yolov11_aug4_20261003_170034/train/images/6_spot_jpg.rf.e6bfd11171db07b54a22871374177ed7__aug4_vflip.png,,,pending,missing,train/images/6_spot_jpg.rf.e6bfd11171db07b54a22871374177ed7.jpg,,train/images/6_spot_jpg.rf.e6bfd11171db07b54a22871374177ed7__aug4_vflip.png,,1198b61a800d5541cc4e7704778a11bfe739a982dbe411d15c6782be4fb65852,spot,train,train,False,masks/spot/0dafd3de1a67d9f04c0a720f.png,pending,nonempty,416
SAM3_auto,original,True,spot:70_spot_jpg,416,d32a4fc64db816046a2e3194,spot_source,/content/drive/MyDrive/LeafData.v1i.yolov11_aug4_20261003_170034/train/images/70_spot_jpg.rf.1b5f8bb8b08ed703be3fa5a203df8bee.jpg,,,pending,missing,train/images/70_spot_jpg.rf.1b5f8bb8b08ed703be3fa5a203df8bee.jpg,,train/images/70_spot_jpg.rf.1b5f8bb8b08ed703be3fa5a203df8bee.jpg,,ec8cbaa47df684e2f8dc61952dbea71c5f725576e587a8464e2ff7043569793d,spot,train,train,False,masks/spot/d32a4fc64db816046a2e3194.png,pending,nonempty,416
SAM3_auto,brillo112,False,spot:70_spot_jpg,416,f0ee279ab580001b6173fc9d,spot_source,/content/drive/MyDrive/LeafData.v1i.yolov11_aug4_20261003_170034/train/images/70_spot_jpg.rf.1b5f8bb8b08ed703be3fa5a203df8bee__aug4_brillo112.png,,,pending,missing,train/images/70_spot_jpg.rf.1b5f8bb8b08ed703be3fa5a203df8bee.jpg,,train/images/70_spot_jpg.rf.1b5f8bb8b08ed703be3fa5a203df8bee__aug4_brillo112.png,,56908c6ed17d752d918d381cab02e0b1090da01efcfb772a9add0a2bafb3a8f7,spot,train,train,False,masks/spot/f0ee279ab580001b6173fc9d.png,pending,nonempty,416
SAM3_auto,contraste115,False,spot:70_spot_jpg,416,f53b8a9160de1e71b3f5bbe0,spot_source,/content/drive/MyDrive/LeafData.v1i.yolov11_aug4_20261003_170034/train/images/70_spot_jpg.rf.1b5f8bb8b08ed703be3fa5a203df8bee__aug4_contraste115.png,,,pending,missing,train/images/70_spot_jpg.rf.1b5f8bb8b08ed703be3fa5a203df8bee.jpg,,train/images/70_spot_jpg.rf.1b5f8bb8b08ed703be3fa5a203df8bee__aug4_contraste115.png,,5cb0f43018d476395d7b79f71e18ec2a40e542142ecda28416911753a6bb55e5,spot,train,train,False,masks/spot/f53b8a9160de1e71b3f5bbe0.png,pending,nonempty,416
SAM3_auto,hflip,False,spot:70_spot_jpg,416,56c94e47d3dadcfaa0f0dbc3,spot_source,/content/drive/MyDrive/LeafData.v1i.yolov11_aug4_20261003_170034/train/images/70_spot_jpg.rf.1b5f8bb8b08ed703be3fa5a203df8bee__aug4_hflip.png,,,pending,missing,train/images/70_spot_jpg.rf.1b5f8bb8b08ed703be3fa5a203df8bee.jpg,,train/images/70_spot_jpg.rf.1b5f8bb8b08ed703be3fa5a203df8bee__aug4_hflip.png,,219585c03d19fdfc722d4a6ea280e570a2ac381e62569a346815dd77411a3b31,spot,train,train,False,masks/spot/56c94e47d3dadcfaa0f0dbc3.png,pending,nonempty,416
SAM3_auto,vflip,False,spot:70_spot_jpg,416,c0235a810d284b87eec376ca,spot_source,/content/drive/MyDrive/LeafData.v1i.yolov11_aug4_20261003_170034/train/images/70_spot_jpg.rf.1b5f8bb8b08ed703be3fa5a203df8bee__aug4_vflip.png,,,pending,missing,train/images/70_spot_jpg.rf.1b5f8bb8b08ed703be3fa5a203df8bee.jpg,,train/images/70_spot_jpg.rf.1b5f8bb8b08ed703be3fa5a203df8bee__aug4_vflip.png,,a355ea288eca788eca0c8401c5c4d8aec00f84a22779208327bb460677afd958,spot,train,train,False,masks/spot/c0235a810d284b87eec376ca.png,pending,nonempty,416
SAM3_auto,original,True,spot:71_spot_jpg,416,8f57cce51d85c1699c802130,spot_source,/content/drive/MyDrive/LeafData.v1i.yolov11_aug4_20261003_170034/train/images/71_spot_jpg.rf.1920aba0c62ccb7e674b805b99cf642f.jpg,,,pending,missing,train/images/71_spot_jpg.rf.1920aba0c62ccb7e674b805b99cf642f.jpg,,train/images/71_spot_jpg.rf.1920aba0c62ccb7e674b805b99cf642f.jpg,,0ebc7efdac1147d627e1ceeb5c3a93c1cabfa84a6aca4340fa5ff409a6f51fae,spot,train,train,False,masks/spot/8f57cce51d85c1699c802130.png,pending,nonempty,416
SAM3_auto,brillo112,False,spot:71_spot_jpg,416,df1487704bf27ec069acb70e,spot_source,/content/drive/MyDrive/LeafData.v1i.yolov11_aug4_20261003_170034/train/images/71_spot_jpg.rf.1920aba0c62ccb7e674b805b99cf642f__aug4_brillo112.png,,,pending,missing,train/images/71_spot_jpg.rf.1920aba0c62ccb7e674b805b99cf642f.jpg,,train/images/71_spot_jpg.rf.1920aba0c62ccb7e674b805b99cf642f__aug4_brillo112.png,,fd9edab8f5578c7c52f855a8c204b49934852cebab5e2b5b002d12059d01aef4,spot,train,train,False,masks/spot/df1487704bf27ec069acb70e.png,pending,nonempty,416
SAM3_auto,contraste115,False,spot:71_spot_jpg,416,5ba7bfca2090dc1b24f850ac,spot_source,/content/drive/MyDrive/LeafData.v1i.yolov11_aug4_20261003_170034/train/images/71_spot_jpg.rf.1920aba0c62ccb7e674b805b99cf642f__aug4_contraste115.png,,,pending,missing,train/images/71_spot_jpg.rf.1920aba0c62ccb7e674b805b99cf642f.jpg,,train/images/71_spot_jpg.rf.1920aba0c62ccb7e674b805b99cf642f__aug4_contraste115.png,,52562b3b17cc3edeb1612c91c557b8b3d6a09f62ddee2bfa76db4734b0083a5b,spot,train,train,False,masks/spot/5ba7bfca2090dc1b24f850ac.png,pending,nonempty,416
SAM3_auto,hflip,False,spot:71_spot_jpg,416,6a1083cf8fe2481364efb192,spot_source,/content/drive/MyDrive/LeafData.v1i.yolov11_aug4_20261003_170034/train/images/71_spot_jpg.rf.1920aba0c62ccb7e674b805b99cf642f__aug4_hflip.png,,,pending,missing,train/images/71_spot_jpg.rf.1920aba0c62ccb7e674b805b99cf642f.jpg,,train/images/71_spot_jpg.rf.1920aba0c62ccb7e674b805b99cf642f__aug4_hflip.png,,113f3416172410233f80d872f72b29d373892d6dc58fdfea64b5449a67ea6d6b,spot,train,train,False,masks/spot/6a1083cf8fe2481364efb192.png,pending,nonempty,416
SAM3_auto,vflip,False,spot:71_spot_jpg,416,ce13086d8c9b383a2927940e,spot_source,/content/drive/MyDrive/LeafData.v1i.yolov11_aug4_20261003_170034/train/images/71_spot_jpg.rf.1920aba0c62ccb7e674b805b99cf642f__aug4_vflip.png,,,pending,missing,train/images/71_spot_jpg.rf.1920aba0c62ccb7e674b805b99cf642f.jpg,,train/images/71_spot_jpg.rf.1920aba0c62ccb7e674b805b99cf642f__aug4_vflip.png,,6c785e50973b4fcbd9d924f1c9b8570f9a5acb005f396b4db39a339a5febf2e3,spot,train,train,False,masks/spot/ce13086d8c9b383a2927940e.png,pending,nonempty,416
SAM3_auto,original,True,spot:71_spot_jpg,416,720da4755972fc1434038d69,spot_source,/content/drive/MyDrive/LeafData.v1i.yolov11_aug4_20261003_170034/train/images/71_spot_jpg.rf.98588d4c2e2b6207b2db4c490a55efed.jpg,,,pending,missing,train/images/71_spot_jpg.rf.98588d4c2e2b6207b2db4c490a55efed.jpg,,train/images/71_spot_jpg.rf.98588d4c2e2b6207b2db4c490a55efed.jpg,,922f0491e3feeec81c5a276ca1e225410c9772e3859636b7fe8bd2db05c3a3f5,spot,train,train,False,masks/spot/720da4755972fc1434038d69.png,pending,nonempty,416
SAM3_auto,brillo112,False,spot:71_spot_jpg,416,55a576be3022bd7ce09848f7,spot_source,/content/drive/MyDrive/LeafData.v1i.yolov11_aug4_20261003_170034/train/images/71_spot_jpg.rf.98588d4c2e2b6207b2db4c490a55efed__aug4_brillo112.png,,,pending,missing,train/images/71_spot_jpg.rf.98588d4c2e2b6207b2db4c490a55efed.jpg,,train/images/71_spot_jpg.rf.98588d4c2e2b6207b2db4c490a55efed__aug4_brillo112.png,,fc2bf52c7bd9272a0537a0d657df01ed68e9e8d5a9b8ac890145d6613a98b4f4,spot,train,train,False,masks/spot/55a576be3022bd7ce09848f7.png,pending,nonempty,416
SAM3_auto,contraste115,False,spot:71_spot_jpg,416,a3533cb7d93a269764cbf9be,spot_source,/content/drive/MyDrive/LeafData.v1i.yolov11_aug4_20261003_170034/train/images/71_spot_jpg.rf.98588d4c2e2b6207b2db4c490a55efed__aug4_contraste115.png,,,pending,missing,train/images/71_spot_jpg.rf.98588d4c2e2b6207b2db4c490a55efed.jpg,,train/images/71_spot_jpg.rf.98588d4c2e2b6207b2db4c490a55efed__aug4_contraste115.png,,d3649339217ceabc06fa92755570beb5f5ee0c0feeff61c6630cfd63c517182e,spot,train,train,False,masks/spot/a3533cb7d93a269764cbf9be.png,pending,nonempty,416
SAM3_auto,hflip,False,spot:71_spot_jpg,416,02b5ad50c85d7e235d758962,spot_source,/content/drive/MyDrive/LeafData.v1i.yolov11_aug4_20261003_170034/train/images/71_spot_jpg.rf.98588d4c2e2b6207b2db4c490a55efed__aug4_hflip.png,,,pending,missing,train/images/71_spot_jpg.rf.98588d4c2e2b6207b2db4c490a55efed.jpg,,train/images/71_spot_jpg.rf.98588d4c2e2b6207b2db4c490a55efed__aug4_hflip.png,,1f56c1ecf5d3c61e109e3bdcf23f1c023da4d638a4c3ab414647a3bdd75bc356,spot,train,train,False,masks/spot/02b5ad50c85d7e235d758962.png,pending,nonempty,416
SAM3_auto,vflip,False,spot:71_spot_jpg,416,3576958b4e67bb5ae4a1df1d,spot_source,/content/drive/MyDrive/LeafData.v1i.yolov11_aug4_20261003_170034/train/images/71_spot_jpg.rf.98588d4c2e2b6207b2db4c490a55efed__aug4_vflip.png,,,pending,missing,train/images/71_spot_jpg.rf.98588d4c2e2b6207b2db4c490a55efed.jpg,,train/images/71_spot_jpg.rf.98588d4c2e2b6207b2db4c490a55efed__aug4_vflip.png,,f9f7422d6982c601b2e623cf049fc5c461595cdee03d00df37aa5e82fd3c958b,spot,train,train,False,masks/spot/3576958b4e67bb5ae4a1df1d.png,pending,nonempty,416
SAM3_auto,original,True,spot:71_spot_jpg,416,f6699ec60ecb3648647316c5,spot_source,/content/drive/MyDrive/LeafData.v1i.yolov11_aug4_20261003_170034/train/images/71_spot_jpg.rf.a56440b9d3dc73b0a7e2f8f5ae2a7efe.jpg,,,pending,missing,train/images/71_spot_jpg.rf.a56440b9d3dc73b0a7e2f8f5ae2a7efe.jpg,,train/images/71_spot_jpg.rf.a56440b9d3dc73b0a7e2f8f5ae2a7efe.jpg,,f3e720fc111f0911382e34a789fe16a112920a144eeb5f025b9912de044dfba1,spot,train,train,False,masks/spot/f6699ec60ecb3648647316c5.png,pending,nonempty,416
SAM3_auto,brillo112,False,spot:71_spot_jpg,416,3ae18195c469f7a97469a28a,spot_source,/content/drive/MyDrive/LeafData.v1i.yolov11_aug4_20261003_170034/train/images/71_spot_jpg.rf.a56440b9d3dc73b0a7e2f8f5ae2a7efe__aug4_brillo112.png,,,pending,missing,train/images/71_spot_jpg.rf.a56440b9d3dc73b0a7e2f8f5ae2a7efe.jpg,,train/images/71_spot_jpg.rf.a56440b9d3dc73b0a7e2f8f5ae2a7efe__aug4_brillo112.png,,f779ab55cbdaf95d81f8da615c7db7fe5a4a20ba01ca948f75e40675a06f78fd,spot,train,train,False,masks/spot/3ae18195c469f7a97469a28a.png,pending,nonempty,416
SAM3_auto,contraste115,False,spot:71_spot_jpg,416,f8e62d1ce07b03863a4bad7e,spot_source,/content/drive/MyDrive/LeafData.v1i.yolov11_aug4_20261003_170034/train/images/71_spot_jpg.rf.a56440b9d3dc73b0a7e2f8f5ae2a7efe__aug4_contraste115.png,,,pending,missing,train/images/71_spot_jpg.rf.a56440b9d3dc73b0a7e2f8f5ae2a7efe.jpg,,train/images/71_spot_jpg.rf.a56440b9d3dc73b0a7e2f8f5ae2a7efe__aug4_contraste115.png,,c57f635017e68b6277ecc6f693b4f1e6ab0ba41fc62ecf688bd4d3edd9eb1d90,spot,train,train,False,masks/spot/f8e62d1ce07b03863a4bad7e.png,pending,nonempty,416
SAM3_auto,hflip,False,spot:71_spot_jpg,416,8b885cdbb0c3ad352eed8f0a,spot_source,/content/drive/MyDrive/LeafData.v1i.yolov11_aug4_20261003_170034/train/images/71_spot_jpg.rf.a56440b9d3dc73b0a7e2f8f5ae2a7efe__aug4_hflip.png,,,pending,missing,train/images/71_spot_jpg.rf.a56440b9d3dc73b0a7e2f8f5ae2a7efe.jpg,,train/images/71_spot_jpg.rf.a56440b9d3dc73b0a7e2f8f5ae2a7efe__aug4_hflip.png,,172326e6d29a7820cc8f41b93e5a35e61bf4a4b2815693c8b8b73dc8dc65c368,spot,train,train,False,masks/spot/8b885cdbb0c3ad352eed8f0a.png,pending,nonempty,416
SAM3_auto,vflip,False,spot:71_spot_jpg,416,da9b0e3d96e8f04d844cf10e,spot_source,/content/drive/MyDrive/LeafData.v1i.yolov11_aug4_20261003_170034/train/images/71_spot_jpg.rf.a56440b9d3dc73b0a7e2f8f5ae2a7efe__aug4_vflip.png,,,pending,missing,train/images/71_spot_jpg.rf.a56440b9d3dc73b0a7e2f8f5ae2a7efe.jpg,,train/images/71_spot_jpg.rf.a56440b9d3dc73b0a7e2f8f5ae2a7efe__aug4_vflip.png,,37c81c4c117432a6d0d066ee469c38efe0d22941cff23df73d4a591ba320f6cb,spot,train,train,False,masks/spot/da9b0e3d96e8f04d844cf10e.png,pending,nonempty,416
SAM3_auto,original,True,spot:72_spot_jpg,416,791d4d8ad26b5cf0644d0783,spot_source,/content/drive/MyDrive/LeafData.v1i.yolov11_aug4_20261003_170034/train/images/72_spot_jpg.rf.09e579dadcdabe3b8ac2c566de42e99b.jpg,,,pending,missing,train/images/72_spot_jpg.rf.09e579dadcdabe3b8ac2c566de42e99b.jpg,,train/images/72_spot_jpg.rf.09e579dadcdabe3b8ac2c566de42e99b.jpg,,8b1d9515648b209343eacbcf1ce8f41dfd8b46569ea779c637e9bcb9d6fd0f92,spot,train,train,False,masks/spot/791d4d8ad26b5cf0644d0783.png,pending,nonempty,416
SAM3_auto,brillo112,False,spot:72_spot_jpg,416,b8f264449212feb8e09a3a10,spot_source,/content/drive/MyDrive/LeafData.v1i.yolov11_aug4_20261003_170034/train/images/72_spot_jpg.rf.09e579dadcdabe3b8ac2c566de42e99b__aug4_brillo112.png,,,pending,missing,train/images/72_spot_jpg.rf.09e579dadcdabe3b8ac2c566de42e99b.jpg,,train/images/72_spot_jpg.rf.09e579dadcdabe3b8ac2c566de42e99b__aug4_brillo112.png,,20cdb0225e2dc8772f24fb604e7a0ffda8392d12b1aa66bda0e7bddd331d067e,spot,train,train,False,masks/spot/b8f264449212feb8e09a3a10.png,pending,nonempty,416
SAM3_auto,contraste115,False,spot:72_spot_jpg,416,b5cc16020cca280f5b9f112c,spot_source,/content/drive/MyDrive/LeafData.v1i.yolov11_aug4_20261003_170034/train/images/72_spot_jpg.rf.09e579dadcdabe3b8ac2c566de42e99b__aug4_contraste115.png,,,pending,missing,train/images/72_spot_jpg.rf.09e579dadcdabe3b8ac2c566de42e99b.jpg,,train/images/72_spot_jpg.rf.09e579dadcdabe3b8ac2c566de42e99b__aug4_contraste115.png,,93fd4d80bcf3e14a400c9a6591b9a10a6b6332a314a4c96936e760ac63f07f56,spot,train,train,False,masks/spot/b5cc16020cca280f5b9f112c.png,pending,nonempty,416
SAM3_auto,hflip,False,spot:72_spot_jpg,416,7cdb867082a4655da10ba811,spot_source,/content/drive/MyDrive/LeafData.v1i.yolov11_aug4_20261003_170034/train/images/72_spot_jpg.rf.09e579dadcdabe3b8ac2c566de42e99b__aug4_hflip.png,,,pending,missing,train/images/72_spot_jpg.rf.09e579dadcdabe3b8ac2c566de42e99b.jpg,,train/images/72_spot_jpg.rf.09e579dadcdabe3b8ac2c566de42e99b__aug4_hflip.png,,bdb0611950e433d33b1c439ff562457ce466e6d1e30cde5ca156d62ac77fd242,spot,train,train,False,masks/spot/7cdb867082a4655da10ba811.png,pending,nonempty,416
SAM3_auto,vflip,False,spot:72_spot_jpg,416,2e026bb1fa5a45b4582aeab9,spot_source,/content/drive/MyDrive/LeafData.v1i.yolov11_aug4_20261003_170034/train/images/72_spot_jpg.rf.09e579dadcdabe3b8ac2c566de42e99b__aug4_vflip.png,,,pending,missing,train/images/72_spot_jpg.rf.09e579dadcdabe3b8ac2c566de42e99b.jpg,,train/images/72_spot_jpg.rf.09e579dadcdabe3b8ac2c566de42e99b__aug4_vflip.png,,0f88f31dc8aec34784d7ef6679b98286f5c1fa2130bd06dc738c469f3886c1bc,spot,train,train,False,masks/spot/2e026bb1fa5a45b4582aeab9.png,pending,nonempty,416
SAM3_auto,original,True,spot:72_spot_jpg,416,006b7542da6242f80304e6c3,spot_source,/content/drive/MyDrive/LeafData.v1i.yolov11_aug4_20261003_170034/train/images/72_spot_jpg.rf.a0c4dcd62a8a2b5a4a7a7a91d19c6aa3.jpg,,,pending,missing,train/images/72_spot_jpg.rf.a0c4dcd62a8a2b5a4a7a7a91d19c6aa3.jpg,,train/images/72_spot_jpg.rf.a0c4dcd62a8a2b5a4a7a7a91d19c6aa3.jpg,,9d34a7802e54a5fb107fc8e74f1d3da0378da85e7848b46b7dd8379a67ea3809,spot,train,train,False,masks/spot/006b7542da6242f80304e6c3.png,pending,nonempty,416
SAM3_auto,brillo112,False,spot:72_spot_jpg,416,d197c78f3d8f1d7dc5bab6df,spot_source,/content/drive/MyDrive/LeafData.v1i.yolov11_aug4_20261003_170034/train/images/72_spot_jpg.rf.a0c4dcd62a8a2b5a4a7a7a91d19c6aa3__aug4_brillo112.png,,,pending,missing,train/images/72_spot_jpg.rf.a0c4dcd62a8a2b5a4a7a7a91d19c6aa3.jpg,,train/images/72_spot_jpg.rf.a0c4dcd62a8a2b5a4a7a7a91d19c6aa3__aug4_brillo112.png,,e2d86af7235d0b4a06a394e760f00137eb3b43e81d5e83aa685235ba4d7a98d3,spot,train,train,False,masks/spot/d197c78f3d8f1d7dc5bab6df.png,pending,nonempty,416
SAM3_auto,contraste115,False,spot:72_spot_jpg,416,b62ceac859eef4018b7ad271,spot_source,/content/drive/MyDrive/LeafData.v1i.yolov11_aug4_20261003_170034/train/images/72_spot_jpg.rf.a0c4dcd62a8a2b5a4a7a7a91d19c6aa3__aug4_contraste115.png,,,pending,missing,train/images/72_spot_jpg.rf.a0c4dcd62a8a2b5a4a7a7a91d19c6aa3.jpg,,train/images/72_spot_jpg.rf.a0c4dcd62a8a2b5a4a7a7a91d19c6aa3__aug4_contraste115.png,,5e863909782e91b987f72cbdbdf4b4c72ee6365dd3c3062824ec5f97766dfbb2,spot,train,train,False,masks/spot/b62ceac859eef4018b7ad271.png,pending,nonempty,416
SAM3_auto,hflip,False,spot:72_spot_jpg,416,170b22e09c24ca628f0eace2,spot_source,/content/drive/MyDrive/LeafData.v1i.yolov11_aug4_20261003_170034/train/images/72_spot_jpg.rf.a0c4dcd62a8a2b5a4a7a7a91d19c6aa3__aug4_hflip.png,,,pending,missing,train/images/72_spot_jpg.rf.a0c4dcd62a8a2b5a4a7a7a91d19c6aa3.jpg,,train/images/72_spot_jpg.rf.a0c4dcd62a8a2b5a4a7a7a91d19c6aa3__aug4_hflip.png,,61c8767b395c086652cd4e24301d52d542331cabc5a4c12d2155647cbf593e62,spot,train,train,False,masks/spot/170b22e09c24ca628f0eace2.png,pending,nonempty,416
SAM3_auto,vflip,False,spot:72_spot_jpg,416,ef88c858e5ee3195529ae720,spot_source,/content/drive/MyDrive/LeafData.v1i.yolov11_aug4_20261003_170034/train/images/72_spot_jpg.rf.a0c4dcd62a8a2b5a4a7a7a91d19c6aa3__aug4_vflip.png,,,pending,missing,train/images/72_spot_jpg.rf.a0c4dcd62a8a2b5a4a7a7a91d19c6aa3.jpg,,train/images/72_spot_jpg.rf.a0c4dcd62a8a2b5a4a7a7a91d19c6aa3__aug4_vflip.png,,789d206bf9c723f470371e946c1fec3a471f9de2380d6cfb772583fd91fa8276,spot,train,train,False,masks/spot/ef88c858e5ee3195529ae720.png,pending,nonempty,416
SAM3_auto,original,True,spot:72_spot_jpg,416,47a612e4f654bcead4664ec1,spot_source,/content/drive/MyDrive/LeafData.v1i.yolov11_aug4_20261003_170034/train/images/72_spot_jpg.rf.d86916fbfc21fb736670262feebf3215.jpg,,,pending,missing,train/images/72_spot_jpg.rf.d86916fbfc21fb736670262feebf3215.jpg,,train/images/72_spot_jpg.rf.d86916fbfc21fb736670262feebf3215.jpg,,5be87f9c990d3510f9c10930a32fadffeeb14d0d204cbea26f4d7ff0c19bc624,spot,train,train,False,masks/spot/47a612e4f654bcead4664ec1.png,pending,nonempty,416
SAM3_auto,brillo112,False,spot:72_spot_jpg,416,ccd053e7f31b5d1d5f13d1e3,spot_source,/content/drive/MyDrive/LeafData.v1i.yolov11_aug4_20261003_170034/train/images/72_spot_jpg.rf.d86916fbfc21fb736670262feebf3215__aug4_brillo112.png,,,pending,missing,train/images/72_spot_jpg.rf.d86916fbfc21fb736670262feebf3215.jpg,,train/images/72_spot_jpg.rf.d86916fbfc21fb736670262feebf3215__aug4_brillo112.png,,9e568749744ec5d1d0dfb100569f16680afc3a872dde89a5e8b9d70e5fc065d2,spot,train,train,False,masks/spot/ccd053e7f31b5d1d5f13d1e3.png,pending,nonempty,416
SAM3_auto,contraste115,False,spot:72_spot_jpg,416,295cd6123570bf99198c706b,spot_source,/content/drive/MyDrive/LeafData.v1i.yolov11_aug4_20261003_170034/train/images/72_spot_jpg.rf.d86916fbfc21fb736670262feebf3215__aug4_contraste115.png,,,pending,missing,train/images/72_spot_jpg.rf.d86916fbfc21fb736670262feebf3215.jpg,,train/images/72_spot_jpg.rf.d86916fbfc21fb736670262feebf3215__aug4_contraste115.png,,b40dc463288c025c7c2d895e67558f95d5ff9bc3f22ba9e1d2dc2ae96d0bdd78,spot,train,train,False,masks/spot/295cd6123570bf99198c706b.png,pending,nonempty,416
SAM3_auto,hflip,False,spot:72_spot_jpg,416,e3e8beda39b17e979d74743c,spot_source,/content/drive/MyDrive/LeafData.v1i.yolov11_aug4_20261003_170034/train/images/72_spot_jpg.rf.d86916fbfc21fb736670262feebf3215__aug4_hflip.png,,,pending,missing,train/images/72_spot_jpg.rf.d86916fbfc21fb736670262feebf3215.jpg,,train/images/72_spot_jpg.rf.d86916fbfc21fb736670262feebf3215__aug4_hflip.png,,a2b601ba25f6ecb0ef1b14c08c727b2faec7f514bd607b456d3eefbbdffb4d75,spot,train,train,False,masks/spot/e3e8beda39b17e979d74743c.png,pending,nonempty,416
SAM3_auto,vflip,False,spot:72_spot_jpg,416,4a16c650c084e3f10a8f9fde,spot_source,/content/drive/MyDrive/LeafData.v1i.yolov11_aug4_20261003_170034/train/images/72_spot_jpg.rf.d86916fbfc21fb736670262feebf3215__aug4_vflip.png,,,pending,missing,train/images/72_spot_jpg.rf.d86916fbfc21fb736670262feebf3215.jpg,,train/images/72_spot_jpg.rf.d86916fbfc21fb736670262feebf3215__aug4_vflip.png,,8b9a3a1e9d411496a4086023b5e1dfc10fcaaa634f257a404ffd0f7bd38a7d78,spot,train,train,False,masks/spot/4a16c650c084e3f10a8f9fde.png,pending,nonempty,416
SAM3_auto,original,True,spot:74_spot_jpg,416,fccf466dcbf83560d9e820e1,spot_source,/content/drive/MyDrive/LeafData.v1i.yolov11_aug4_20261003_170034/train/images/74_spot_jpg.rf.4502659e13ba9a51426b104435f624b3.jpg,,,pending,missing,train/images/74_spot_jpg.rf.4502659e13ba9a51426b104435f624b3.jpg,,train/images/74_spot_jpg.rf.4502659e13ba9a51426b104435f624b3.jpg,,039d5223729ee92fd1f64c71fcf84348012353a186ef170bf2787050e5ad8580,spot,train,train,False,masks/spot/fccf466dcbf83560d9e820e1.png,pending,nonempty,416
SAM3_auto,brillo112,False,spot:74_spot_jpg,416,0efaa393edf948d7cea51ff3,spot_source,/content/drive/MyDrive/LeafData.v1i.yolov11_aug4_20261003_170034/train/images/74_spot_jpg.rf.4502659e13ba9a51426b104435f624b3__aug4_brillo112.png,,,pending,missing,train/images/74_spot_jpg.rf.4502659e13ba9a51426b104435f624b3.jpg,,train/images/74_spot_jpg.rf.4502659e13ba9a51426b104435f624b3__aug4_brillo112.png,,6ba9ba18d703340fd1702da8e6ea4ee2f0eaf67817788a859f744395548875fd,spot,train,train,False,masks/spot/0efaa393edf948d7cea51ff3.png,pending,nonempty,416
SAM3_auto,contraste115,False,spot:74_spot_jpg,416,7ee72299e556251e3dd9e405,spot_source,/content/drive/MyDrive/LeafData.v1i.yolov11_aug4_20261003_170034/train/images/74_spot_jpg.rf.4502659e13ba9a51426b104435f624b3__aug4_contraste115.png,,,pending,missing,train/images/74_spot_jpg.rf.4502659e13ba9a51426b104435f624b3.jpg,,train/images/74_spot_jpg.rf.4502659e13ba9a51426b104435f624b3__aug4_contraste115.png,,fa24a1b530b368bf8d1f11a7bbae3c1a1521b06d9c0880ce9fb3fef36ae965f6,spot,train,train,False,masks/spot/7ee72299e556251e3dd9e405.png,pending,nonempty,416
SAM3_auto,hflip,False,spot:74_spot_jpg,416,5604350f6183ff48684a0d58,spot_source,/content/drive/MyDrive/LeafData.v1i.yolov11_aug4_20261003_170034/train/images/74_spot_jpg.rf.4502659e13ba9a51426b104435f624b3__aug4_hflip.png,,,pending,missing,train/images/74_spot_jpg.rf.4502659e13ba9a51426b104435f624b3.jpg,,train/images/74_spot_jpg.rf.4502659e13ba9a51426b104435f624b3__aug4_hflip.png,,5771adbdc018e74379d0cccf2e15d44476860fb3a281abd25d261ffa249fe2b5,spot,train,train,False,masks/spot/5604350f6183ff48684a0d58.png,pending,nonempty,416
SAM3_auto,vflip,False,spot:74_spot_jpg,416,e926ba72c23c73f65b69aaa1,spot_source,/content/drive/MyDrive/LeafData.v1i.yolov11_aug4_20261003_170034/train/images/74_spot_jpg.rf.4502659e13ba9a51426b104435f624b3__aug4_vflip.png,,,pending,missing,train/images/74_spot_jpg.rf.4502659e13ba9a51426b104435f624b3.jpg,,train/images/74_spot_jpg.rf.4502659e13ba9a51426b104435f624b3__aug4_vflip.png,,5b403cd816661622118fec859dcff786f051dc5a9041a7d9f10ee38b1f5ad4f0,spot,train,train,False,masks/spot/e926ba72c23c73f65b69aaa1.png,pending,nonempty,416
SAM3_auto,original,True,spot:74_spot_jpg,416,3f3dcec64657b79d042de213,spot_source,/content/drive/MyDrive/LeafData.v1i.yolov11_aug4_20261003_170034/train/images/74_spot_jpg.rf.d37c16214df94400f420920f3ea36c0b.jpg,,,pending,missing,train/images/74_spot_jpg.rf.d37c16214df94400f420920f3ea36c0b.jpg,,train/images/74_spot_jpg.rf.d37c16214df94400f420920f3ea36c0b.jpg,,5fee0c257be6ad19c57bf8936f732659f8d3a9097badc03e822e3d5504bf8ab0,spot,train,train,False,masks/spot/3f3dcec64657b79d042de213.png,pending,nonempty,416
SAM3_auto,brillo112,False,spot:74_spot_jpg,416,1d010186ecba0ab43fb7c563,spot_source,/content/drive/MyDrive/LeafData.v1i.yolov11_aug4_20261003_170034/train/images/74_spot_jpg.rf.d37c16214df94400f420920f3ea36c0b__aug4_brillo112.png,,,pending,missing,train/images/74_spot_jpg.rf.d37c16214df94400f420920f3ea36c0b.jpg,,train/images/74_spot_jpg.rf.d37c16214df94400f420920f3ea36c0b__aug4_brillo112.png,,1c579e09ae60f30e43ba755cebb0d928fe2e73e5d374dbff25e5b2288a936cae,spot,train,train,False,masks/spot/1d010186ecba0ab43fb7c563.png,pending,nonempty,416
SAM3_auto,contraste115,False,spot:74_spot_jpg,416,9c59cba953d15ba1ab8d7ef2,spot_source,/content/drive/MyDrive/LeafData.v1i.yolov11_aug4_20261003_170034/train/images/74_spot_jpg.rf.d37c16214df94400f420920f3ea36c0b__aug4_contraste115.png,,,pending,missing,train/images/74_spot_jpg.rf.d37c16214df94400f420920f3ea36c0b.jpg,,train/images/74_spot_jpg.rf.d37c16214df94400f420920f3ea36c0b__aug4_contraste115.png,,49a2e172a88416c7a363f0316d0bfdc2111e778c3c806477a4ec85398962fba3,spot,train,train,False,masks/spot/9c59cba953d15ba1ab8d7ef2.png,pending,nonempty,416
SAM3_auto,hflip,False,spot:74_spot_jpg,416,dccdb03a46824af8377b5a43,spot_source,/content/drive/MyDrive/LeafData.v1i.yolov11_aug4_20261003_170034/train/images/74_spot_jpg.rf.d37c16214df94400f420920f3ea36c0b__aug4_hflip.png,,,pending,missing,train/images/74_spot_jpg.rf.d37c16214df94400f420920f3ea36c0b.jpg,,train/images/74_spot_jpg.rf.d37c16214df94400f420920f3ea36c0b__aug4_hflip.png,,8709f6fec4e5255eba0d2b8b30859f3c72ea0418fb5737aaf3969c67c72cae0b,spot,train,train,False,masks/spot/dccdb03a46824af8377b5a43.png,pending,nonempty,416
SAM3_auto,vflip,False,spot:74_spot_jpg,416,174f49781c9906008db17afb,spot_source,/content/drive/MyDrive/LeafData.v1i.yolov11_aug4_20261003_170034/train/images/74_spot_jpg.rf.d37c16214df94400f420920f3ea36c0b__aug4_vflip.png,,,pending,missing,train/images/74_spot_jpg.rf.d37c16214df94400f420920f3ea36c0b.jpg,,train/images/74_spot_jpg.rf.d37c16214df94400f420920f3ea36c0b__aug4_vflip.png,,1e64d4d51d473fe5ce26f406e4acde615a43d77347f307dbbe60c92b5cf91e67,spot,train,train,False,masks/spot/174f49781c9906008db17afb.png,pending,nonempty,416
SAM3_auto,original,True,spot:74_spot_jpg,416,56cbe09a64f3f86f539e6eee,spot_source,/content/drive/MyDrive/LeafData.v1i.yolov11_aug4_20261003_170034/train/images/74_spot_jpg.rf.f7c22eb19e47c4dcf4321892723d718e.jpg,,,pending,missing,train/images/74_spot_jpg.rf.f7c22eb19e47c4dcf4321892723d718e.jpg,,train/images/74_spot_jpg.rf.f7c22eb19e47c4dcf4321892723d718e.jpg,,146d17c92149a3e3b38e2f5c84d5e0ecd741be8e602992aa0a308253cf254aa0,spot,train,train,False,masks/spot/56cbe09a64f3f86f539e6eee.png,pending,nonempty,416
SAM3_auto,brillo112,False,spot:74_spot_jpg,416,53b65e2b66e3083e91a5b8d9,spot_source,/content/drive/MyDrive/LeafData.v1i.yolov11_aug4_20261003_170034/train/images/74_spot_jpg.rf.f7c22eb19e47c4dcf4321892723d718e__aug4_brillo112.png,,,pending,missing,train/images/74_spot_jpg.rf.f7c22eb19e47c4dcf4321892723d718e.jpg,,train/images/74_spot_jpg.rf.f7c22eb19e47c4dcf4321892723d718e__aug4_brillo112.png,,096be6999e146763d94508eff4c54ff1c63ca24a3fd0821cf836c8a09f23b3fe,spot,train,train,False,masks/spot/53b65e2b66e3083e91a5b8d9.png,pending,nonempty,416
SAM3_auto,contraste115,False,spot:74_spot_jpg,416,667823ca296388d0948f15c9,spot_source,/content/drive/MyDrive/LeafData.v1i.yolov11_aug4_20261003_170034/train/images/74_spot_jpg.rf.f7c22eb19e47c4dcf4321892723d718e__aug4_contraste115.png,,,pending,missing,train/images/74_spot_jpg.rf.f7c22eb19e47c4dcf4321892723d718e.jpg,,train/images/74_spot_jpg.rf.f7c22eb19e47c4dcf4321892723d718e__aug4_contraste115.png,,83ca06cd0796e8cc02f3a1d4cb9016e05cecd4bae3ad1b9ffe8225c85ac13ebe,spot,train,train,False,masks/spot/667823ca296388d0948f15c9.png,pending,nonempty,416
SAM3_auto,hflip,False,spot:74_spot_jpg,416,83e05553928a0f29d681e561,spot_source,/content/drive/MyDrive/LeafData.v1i.yolov11_aug4_20261003_170034/train/images/74_spot_jpg.rf.f7c22eb19e47c4dcf4321892723d718e__aug4_hflip.png,,,pending,missing,train/images/74_spot_jpg.rf.f7c22eb19e47c4dcf4321892723d718e.jpg,,train/images/74_spot_jpg.rf.f7c22eb19e47c4dcf4321892723d718e__aug4_hflip.png,,7802417766b25f223877606c07f4b6a0defc21496529b888cdbda256d5fe8d0a,spot,train,train,False,masks/spot/83e05553928a0f29d681e561.png,pending,nonempty,416
SAM3_auto,vflip,False,spot:74_spot_jpg,416,f82ca4b4605eb216b82c5c28,spot_source,/content/drive/MyDrive/LeafData.v1i.yolov11_aug4_20261003_170034/train/images/74_spot_jpg.rf.f7c22eb19e47c4dcf4321892723d718e__aug4_vflip.png,,,pending,missing,train/images/74_spot_jpg.rf.f7c22eb19e47c4dcf4321892723d718e.jpg,,train/images/74_spot_jpg.rf.f7c22eb19e47c4dcf4321892723d718e__aug4_vflip.png,,540a3464d5fced8791e792a3292fbe276e02e348d0dc5f3feab3fe8ca0235300,spot,train,train,False,masks/spot/f82ca4b4605eb216b82c5c28.png,pending,nonempty,416
SAM3_auto,original,True,spot:75_spot_jpg,416,10be1fcce2c28d9dc50035b2,spot_source,/content/drive/MyDrive/LeafData.v1i.yolov11_aug4_20261003_170034/train/images/75_spot_jpg.rf.120c9f7159356d11762b3aea6b47bec7.jpg,,,pending,missing,train/images/75_spot_jpg.rf.120c9f7159356d11762b3aea6b47bec7.jpg,,train/images/75_spot_jpg.rf.120c9f7159356d11762b3aea6b47bec7.jpg,,003dbd3443617f0f541544cdd65c8d42290ff1cedc3e3b91cbc7173deeb6f571,spot,train,train,False,masks/spot/10be1fcce2c28d9dc50035b2.png,pending,nonempty,416
SAM3_auto,brillo112,False,spot:75_spot_jpg,416,d2c126b0c73a67e0ddff05bc,spot_source,/content/drive/MyDrive/LeafData.v1i.yolov11_aug4_20261003_170034/train/images/75_spot_jpg.rf.120c9f7159356d11762b3aea6b47bec7__aug4_brillo112.png,,,pending,missing,train/images/75_spot_jpg.rf.120c9f7159356d11762b3aea6b47bec7.jpg,,train/images/75_spot_jpg.rf.120c9f7159356d11762b3aea6b47bec7__aug4_brillo112.png,,0847ad5d539f35ccc895c2ba957516bc5130e38c8325cf1b37461e6b2a08669c,spot,train,train,False,masks/spot/d2c126b0c73a67e0ddff05bc.png,pending,nonempty,416
SAM3_auto,contraste115,False,spot:75_spot_jpg,416,f50e0ba933fdd22a7e6e2c05,spot_source,/content/drive/MyDrive/LeafData.v1i.yolov11_aug4_20261003_170034/train/images/75_spot_jpg.rf.120c9f7159356d11762b3aea6b47bec7__aug4_contraste115.png,,,pending,missing,train/images/75_spot_jpg.rf.120c9f7159356d11762b3aea6b47bec7.jpg,,train/images/75_spot_jpg.rf.120c9f7159356d11762b3aea6b47bec7__aug4_contraste115.png,,8a2c2c7e3e282af04b7da18d31c1a61ad6dac9553a6db1b7f0d36bdba70890b3,spot,train,train,False,masks/spot/f50e0ba933fdd22a7e6e2c05.png,pending,nonempty,416
SAM3_auto,hflip,False,spot:75_spot_jpg,416,9897435298b86cabe1a91257,spot_source,/content/drive/MyDrive/LeafData.v1i.yolov11_aug4_20261003_170034/train/images/75_spot_jpg.rf.120c9f7159356d11762b3aea6b47bec7__aug4_hflip.png,,,pending,missing,train/images/75_spot_jpg.rf.120c9f7159356d11762b3aea6b47bec7.jpg,,train/images/75_spot_jpg.rf.120c9f7159356d11762b3aea6b47bec7__aug4_hflip.png,,a99157ccae1de83c6c2a0da901ed08dd58b72a2321b3fc33ed864948be972177,spot,train,train,False,masks/spot/9897435298b86cabe1a91257.png,pending,nonempty,416
SAM3_auto,vflip,False,spot:75_spot_jpg,416,e20f8b227bd1eab68220a90f,spot_source,/content/drive/MyDrive/LeafData.v1i.yolov11_aug4_20261003_170034/train/images/75_spot_jpg.rf.120c9f7159356d11762b3aea6b47bec7__aug4_vflip.png,,,pending,missing,train/images/75_spot_jpg.rf.120c9f7159356d11762b3aea6b47bec7.jpg,,train/images/75_spot_jpg.rf.120c9f7159356d11762b3aea6b47bec7__aug4_vflip.png,,ad91c2812b0af4577f574f07237c84b234c9da0ea10c8fb89a6a89536babc968,spot,train,train,False,masks/spot/e20f8b227bd1eab68220a90f.png,pending,nonempty,416
SAM3_auto,original,True,spot:75_spot_jpg,416,99f7eed2e3580bf713ace992,spot_source,/content/drive/MyDrive/LeafData.v1i.yolov11_aug4_20261003_170034/train/images/75_spot_jpg.rf.369db5245cfa649da995477e6290c58f.jpg,,,pending,missing,train/images/75_spot_jpg.rf.369db5245cfa649da995477e6290c58f.jpg,,train/images/75_spot_jpg.rf.369db5245cfa649da995477e6290c58f.jpg,,a0a75fab0dea856d4b4493bc221d067ce743eb816fd1170ec02385c88e4ed766,spot,train,train,False,masks/spot/99f7eed2e3580bf713ace992.png,pending,nonempty,416
SAM3_auto,brillo112,False,spot:75_spot_jpg,416,23d242bcc3590041974acf91,spot_source,/content/drive/MyDrive/LeafData.v1i.yolov11_aug4_20261003_170034/train/images/75_spot_jpg.rf.369db5245cfa649da995477e6290c58f__aug4_brillo112.png,,,pending,missing,train/images/75_spot_jpg.rf.369db5245cfa649da995477e6290c58f.jpg,,train/images/75_spot_jpg.rf.369db5245cfa649da995477e6290c58f__aug4_brillo112.png,,c66cc91e1cd3be1dc5dbbb650b6d21c83208291f84281f16aeae5da189cb3b9b,spot,train,train,False,masks/spot/23d242bcc3590041974acf91.png,pending,nonempty,416
SAM3_auto,contraste115,False,spot:75_spot_jpg,416,9056779ddcb970f3df0880aa,spot_source,/content/drive/MyDrive/LeafData.v1i.yolov11_aug4_20261003_170034/train/images/75_spot_jpg.rf.369db5245cfa649da995477e6290c58f__aug4_contraste115.png,,,pending,missing,train/images/75_spot_jpg.rf.369db5245cfa649da995477e6290c58f.jpg,,train/images/75_spot_jpg.rf.369db5245cfa649da995477e6290c58f__aug4_contraste115.png,,1c633d458812ce73e38157eabfbadc49e33f80f3015f4835c3b8b88fdb60db1c,spot,train,train,False,masks/spot/9056779ddcb970f3df0880aa.png,pending,nonempty,416
SAM3_auto,hflip,False,spot:75_spot_jpg,416,ff3f7e76d2eb5500689c4da0,spot_source,/content/drive/MyDrive/LeafData.v1i.yolov11_aug4_20261003_170034/train/images/75_spot_jpg.rf.369db5245cfa649da995477e6290c58f__aug4_hflip.png,,,pending,missing,train/images/75_spot_jpg.rf.369db5245cfa649da995477e6290c58f.jpg,,train/images/75_spot_jpg.rf.369db5245cfa649da995477e6290c58f__aug4_hflip.png,,5faee32d06a9a44e102493e4ab91e081fd44e230891286f7bf792fafcaca4bc5,spot,train,train,False,masks/spot/ff3f7e76d2eb5500689c4da0.png,pending,nonempty,416
SAM3_auto,vflip,False,spot:75_spot_jpg,416,8c7f48d91b896d8d2e70b40c,spot_source,/content/drive/MyDrive/LeafData.v1i.yolov11_aug4_20261003_170034/train/images/75_spot_jpg.rf.369db5245cfa649da995477e6290c58f__aug4_vflip.png,,,pending,missing,train/images/75_spot_jpg.rf.369db5245cfa649da995477e6290c58f.jpg,,train/images/75_spot_jpg.rf.369db5245cfa649da995477e6290c58f__aug4_vflip.png,,c0e38f4eb217fc79d203ef9b745023f7e5ce1bc931e6723113f951dbc3c0e3f1,spot,train,train,False,masks/spot/8c7f48d91b896d8d2e70b40c.png,pending,nonempty,416
SAM3_auto,original,True,spot:75_spot_jpg,416,ecc0a0494d08ac9282afced7,spot_source,/content/drive/MyDrive/LeafData.v1i.yolov11_aug4_20261003_170034/train/images/75_spot_jpg.rf.e5f3541f0937833e15cf39aa0da04056.jpg,,,pending,missing,train/images/75_spot_jpg.rf.e5f3541f0937833e15cf39aa0da04056.jpg,,train/images/75_spot_jpg.rf.e5f3541f0937833e15cf39aa0da04056.jpg,,9e7dc9035184f613642b72fa88d192152370ecbee323aec5f0470504bfacac6c,spot,train,train,False,masks/spot/ecc0a0494d08ac9282afced7.png,pending,nonempty,416
SAM3_auto,brillo112,False,spot:75_spot_jpg,416,46fe13804e85b2ab33cbb2c0,spot_source,/content/drive/MyDrive/LeafData.v1i.yolov11_aug4_20261003_170034/train/images/75_spot_jpg.rf.e5f3541f0937833e15cf39aa0da04056__aug4_brillo112.png,,,pending,missing,train/images/75_spot_jpg.rf.e5f3541f0937833e15cf39aa0da04056.jpg,,train/images/75_spot_jpg.rf.e5f3541f0937833e15cf39aa0da04056__aug4_brillo112.png,,2883951995199edb402958a884e9342875f677123ed4d22c47587651a4945b28,spot,train,train,False,masks/spot/46fe13804e85b2ab33cbb2c0.png,pending,nonempty,416
SAM3_auto,contraste115,False,spot:75_spot_jpg,416,380c9d213a33e3c84615c132,spot_source,/content/drive/MyDrive/LeafData.v1i.yolov11_aug4_20261003_170034/train/images/75_spot_jpg.rf.e5f3541f0937833e15cf39aa0da04056__aug4_contraste115.png,,,pending,missing,train/images/75_spot_jpg.rf.e5f3541f0937833e15cf39aa0da04056.jpg,,train/images/75_spot_jpg.rf.e5f3541f0937833e15cf39aa0da04056__aug4_contraste115.png,,5920110e340ac7cd61f88164088bb71285394f0b87cf76db0e2e6e5dd8cdfff4,spot,train,train,False,masks/spot/380c9d213a33e3c84615c132.png,pending,nonempty,416
SAM3_auto,hflip,False,spot:75_spot_jpg,416,e12e0f752fc07f37113a864c,spot_source,/content/drive/MyDrive/LeafData.v1i.yolov11_aug4_20261003_170034/train/images/75_spot_jpg.rf.e5f3541f0937833e15cf39aa0da04056__aug4_hflip.png,,,pending,missing,train/images/75_spot_jpg.rf.e5f3541f0937833e15cf39aa0da04056.jpg,,train/images/75_spot_jpg.rf.e5f3541f0937833e15cf39aa0da04056__aug4_hflip.png,,fee0de9e0c453b5ff5a01d07215c81130673bc356f65c3cb79608c337835835a,spot,train,train,False,masks/spot/e12e0f752fc07f37113a864c.png,pending,nonempty,416
SAM3_auto,vflip,False,spot:75_spot_jpg,416,a12aa8c647671a87ff23c4bf,spot_source,/content/drive/MyDrive/LeafData.v1i.yolov11_aug4_20261003_170034/train/images/75_spot_jpg.rf.e5f3541f0937833e15cf39aa0da04056__aug4_vflip.png,,,pending,missing,train/images/75_spot_jpg.rf.e5f3541f0937833e15cf39aa0da04056.jpg,,train/images/75_spot_jpg.rf.e5f3541f0937833e15cf39aa0da04056__aug4_vflip.png,,b29aadce00a925e37e9e0c3b8dc5c8d0c4d4ed59013c68a941a3f41225e9822a,spot,train,train,False,masks/spot/a12aa8c647671a87ff23c4bf.png,pending,nonempty,416
SAM3_auto,original,True,spot:77_spot_jpg,416,2e698ac0fbc86525cf2d56e8,spot_source,/content/drive/MyDrive/LeafData.v1i.yolov11_aug4_20261003_170034/train/images/77_spot_jpg.rf.22d61a6418bef883120e3ce38961c1da.jpg,,,pending,missing,train/images/77_spot_jpg.rf.22d61a6418bef883120e3ce38961c1da.jpg,,train/images/77_spot_jpg.rf.22d61a6418bef883120e3ce38961c1da.jpg,,a4e47d54c7a4bb87c853c09f7df61b4a3c9267707efd06e1aa8cfd227aea964f,spot,train,train,False,masks/spot/2e698ac0fbc86525cf2d56e8.png,pending,nonempty,416
SAM3_auto,brillo112,False,spot:77_spot_jpg,416,673f577bfa7eaf1b70c1fcad,spot_source,/content/drive/MyDrive/LeafData.v1i.yolov11_aug4_20261003_170034/train/images/77_spot_jpg.rf.22d61a6418bef883120e3ce38961c1da__aug4_brillo112.png,,,pending,missing,train/images/77_spot_jpg.rf.22d61a6418bef883120e3ce38961c1da.jpg,,train/images/77_spot_jpg.rf.22d61a6418bef883120e3ce38961c1da__aug4_brillo112.png,,ce811c1ba384f543fb718e0ce4e6994822ec2f0f7f0826f77ac0afc651c4cd63,spot,train,train,False,masks/spot/673f577bfa7eaf1b70c1fcad.png,pending,nonempty,416
SAM3_auto,contraste115,False,spot:77_spot_jpg,416,cf167b7fa34a15ea3e93e55b,spot_source,/content/drive/MyDrive/LeafData.v1i.yolov11_aug4_20261003_170034/train/images/77_spot_jpg.rf.22d61a6418bef883120e3ce38961c1da__aug4_contraste115.png,,,pending,missing,train/images/77_spot_jpg.rf.22d61a6418bef883120e3ce38961c1da.jpg,,train/images/77_spot_jpg.rf.22d61a6418bef883120e3ce38961c1da__aug4_contraste115.png,,7a93a49213af011df4517abc3c81f19782ef42b76a0c0a7ef2b954a4284c315f,spot,train,train,False,masks/spot/cf167b7fa34a15ea3e93e55b.png,pending,nonempty,416
SAM3_auto,hflip,False,spot:77_spot_jpg,416,ecba741a60a0600bc6901782,spot_source,/content/drive/MyDrive/LeafData.v1i.yolov11_aug4_20261003_170034/train/images/77_spot_jpg.rf.22d61a6418bef883120e3ce38961c1da__aug4_hflip.png,,,pending,missing,train/images/77_spot_jpg.rf.22d61a6418bef883120e3ce38961c1da.jpg,,train/images/77_spot_jpg.rf.22d61a6418bef883120e3ce38961c1da__aug4_hflip.png,,913a127f75e52833c28040b155773075e59871fda5199cba2c45e6f87fcb0a09,spot,train,train,False,masks/spot/ecba741a60a0600bc6901782.png,pending,nonempty,416
SAM3_auto,vflip,False,spot:77_spot_jpg,416,5958eaf34a9ef5b29bb571d4,spot_source,/content/drive/MyDrive/LeafData.v1i.yolov11_aug4_20261003_170034/train/images/77_spot_jpg.rf.22d61a6418bef883120e3ce38961c1da__aug4_vflip.png,,,pending,missing,train/images/77_spot_jpg.rf.22d61a6418bef883120e3ce38961c1da.jpg,,train/images/77_spot_jpg.rf.22d61a6418bef883120e3ce38961c1da__aug4_vflip.png,,aa840fa812a0067fd7797eeb96d45f207a364fd5e2b7b18e4870e5068063e00e,spot,train,train,False,masks/spot/5958eaf34a9ef5b29bb571d4.png,pending,nonempty,416
SAM3_auto,original,True,spot:77_spot_jpg,416,683aa955969031362119b9c8,spot_source,/content/drive/MyDrive/LeafData.v1i.yolov11_aug4_20261003_170034/train/images/77_spot_jpg.rf.4ad9af1fcc11e3d72f3dcea535f3fc2c.jpg,,,pending,missing,train/images/77_spot_jpg.rf.4ad9af1fcc11e3d72f3dcea535f3fc2c.jpg,,train/images/77_spot_jpg.rf.4ad9af1fcc11e3d72f3dcea535f3fc2c.jpg,,4f021da28cd567bc0522bcf74a24914377f20f63e0d4e093b03eff65931454aa,spot,train,train,False,masks/spot/683aa955969031362119b9c8.png,pending,nonempty,416
SAM3_auto,brillo112,False,spot:77_spot_jpg,416,694c51168636c833745fc270,spot_source,/content/drive/MyDrive/LeafData.v1i.yolov11_aug4_20261003_170034/train/images/77_spot_jpg.rf.4ad9af1fcc11e3d72f3dcea535f3fc2c__aug4_brillo112.png,,,pending,missing,train/images/77_spot_jpg.rf.4ad9af1fcc11e3d72f3dcea535f3fc2c.jpg,,train/images/77_spot_jpg.rf.4ad9af1fcc11e3d72f3dcea535f3fc2c__aug4_brillo112.png,,a044cdd4aedd41a4daa8a3389a4cc38851907a286aa51333a3d78dda2eb8f5df,spot,train,train,False,masks/spot/694c51168636c833745fc270.png,pending,nonempty,416
SAM3_auto,contraste115,False,spot:77_spot_jpg,416,005a12c4bb43641d80d65bab,spot_source,/content/drive/MyDrive/LeafData.v1i.yolov11_aug4_20261003_170034/train/images/77_spot_jpg.rf.4ad9af1fcc11e3d72f3dcea535f3fc2c__aug4_contraste115.png,,,pending,missing,train/images/77_spot_jpg.rf.4ad9af1fcc11e3d72f3dcea535f3fc2c.jpg,,train/images/77_spot_jpg.rf.4ad9af1fcc11e3d72f3dcea535f3fc2c__aug4_contraste115.png,,886119a6a3d3ef459618332864b840cfbb00c043528a318967aa4c1ac14e7e53,spot,train,train,False,masks/spot/005a12c4bb43641d80d65bab.png,pending,nonempty,416
SAM3_auto,hflip,False,spot:77_spot_jpg,416,dfa7cc87b54fe5732bce4730,spot_source,/content/drive/MyDrive/LeafData.v1i.yolov11_aug4_20261003_170034/train/images/77_spot_jpg.rf.4ad9af1fcc11e3d72f3dcea535f3fc2c__aug4_hflip.png,,,pending,missing,train/images/77_spot_jpg.rf.4ad9af1fcc11e3d72f3dcea535f3fc2c.jpg,,train/images/77_spot_jpg.rf.4ad9af1fcc11e3d72f3dcea535f3fc2c__aug4_hflip.png,,d3330df08b2f4e5c9207219a47819cdd67f365bb13b263a12b97b6ae752298db,spot,train,train,False,masks/spot/dfa7cc87b54fe5732bce4730.png,pending,nonempty,416
SAM3_auto,vflip,False,spot:77_spot_jpg,416,215871d6c0b86f6ddd502701,spot_source,/content/drive/MyDrive/LeafData.v1i.yolov11_aug4_20261003_170034/train/images/77_spot_jpg.rf.4ad9af1fcc11e3d72f3dcea535f3fc2c__aug4_vflip.png,,,pending,missing,train/images/77_spot_jpg.rf.4ad9af1fcc11e3d72f3dcea535f3fc2c.jpg,,train/images/77_spot_jpg.rf.4ad9af1fcc11e3d72f3dcea535f3fc2c__aug4_vflip.png,,95e0ef815fb146315a2c78879c103ed150ad3ce7a473865013127be8981d0237,spot,train,train,False,masks/spot/215871d6c0b86f6ddd502701.png,pending,nonempty,416
SAM3_auto,original,True,spot:78_spot_jpg,416,b637481781158733e3ab436e,spot_source,/content/drive/MyDrive/LeafData.v1i.yolov11_aug4_20261003_170034/train/images/78_spot_jpg.rf.8f277c0532ef158a1a499218cdb65276.jpg,,,pending,missing,train/images/78_spot_jpg.rf.8f277c0532ef158a1a499218cdb65276.jpg,,train/images/78_spot_jpg.rf.8f277c0532ef158a1a499218cdb65276.jpg,,3c6b815cae8c3c20eeefc4c6162837495384b8113208850aa2a6cf4a21328ba2,spot,train,train,False,masks/spot/b637481781158733e3ab436e.png,pending,nonempty,416
SAM3_auto,brillo112,False,spot:78_spot_jpg,416,699deb6fb95827cbd8ea8070,spot_source,/content/drive/MyDrive/LeafData.v1i.yolov11_aug4_20261003_170034/train/images/78_spot_jpg.rf.8f277c0532ef158a1a499218cdb65276__aug4_brillo112.png,,,pending,missing,train/images/78_spot_jpg.rf.8f277c0532ef158a1a499218cdb65276.jpg,,train/images/78_spot_jpg.rf.8f277c0532ef158a1a499218cdb65276__aug4_brillo112.png,,513e3a95c9cfdfcd5196f510ce1bb653e3a1253bd6367221cd4a13db579e2382,spot,train,train,False,masks/spot/699deb6fb95827cbd8ea8070.png,pending,nonempty,416
SAM3_auto,contraste115,False,spot:78_spot_jpg,416,8af322463c42e965759fc328,spot_source,/content/drive/MyDrive/LeafData.v1i.yolov11_aug4_20261003_170034/train/images/78_spot_jpg.rf.8f277c0532ef158a1a499218cdb65276__aug4_contraste115.png,,,pending,missing,train/images/78_spot_jpg.rf.8f277c0532ef158a1a499218cdb65276.jpg,,train/images/78_spot_jpg.rf.8f277c0532ef158a1a499218cdb65276__aug4_contraste115.png,,66469b07db0f024db31259d9e834aa355aae32f591db69b8b5f39178bed46f68,spot,train,train,False,masks/spot/8af322463c42e965759fc328.png,pending,nonempty,416
SAM3_auto,hflip,False,spot:78_spot_jpg,416,5691e351a1e32d2826b665ce,spot_source,/content/drive/MyDrive/LeafData.v1i.yolov11_aug4_20261003_170034/train/images/78_spot_jpg.rf.8f277c0532ef158a1a499218cdb65276__aug4_hflip.png,,,pending,missing,train/images/78_spot_jpg.rf.8f277c0532ef158a1a499218cdb65276.jpg,,train/images/78_spot_jpg.rf.8f277c0532ef158a1a499218cdb65276__aug4_hflip.png,,478d117be5575db4b70bb735edb567d24557cb55942a8c44c680d54b3bf48324,spot,train,train,False,masks/spot/5691e351a1e32d2826b665ce.png,pending,nonempty,416
SAM3_auto,vflip,False,spot:78_spot_jpg,416,75a35353d12dccb1b512172c,spot_source,/content/drive/MyDrive/LeafData.v1i.yolov11_aug4_20261003_170034/train/images/78_spot_jpg.rf.8f277c0532ef158a1a499218cdb65276__aug4_vflip.png,,,pending,missing,train/images/78_spot_jpg.rf.8f277c0532ef158a1a499218cdb65276.jpg,,train/images/78_spot_jpg.rf.8f277c0532ef158a1a499218cdb65276__aug4_vflip.png,,7fe419f985cdffc93fc103408b8f931bab4e48e099f2c8d45301a5341cfed144,spot,train,train,False,masks/spot/75a35353d12dccb1b512172c.png,pending,nonempty,416
SAM3_auto,original,True,spot:78_spot_jpg,416,36b148b948e9e7fe46f1aa27,spot_source,/content/drive/MyDrive/LeafData.v1i.yolov11_aug4_20261003_170034/train/images/78_spot_jpg.rf.b9db048816b33a1717c40140a22825d4.jpg,,,pending,missing,train/images/78_spot_jpg.rf.b9db048816b33a1717c40140a22825d4.jpg,,train/images/78_spot_jpg.rf.b9db048816b33a1717c40140a22825d4.jpg,,74d15cfe293fbc63cfe2c9d530b706ff9aa118b3756d220b2b3852dac3ab1f2e,spot,train,train,False,masks/spot/36b148b948e9e7fe46f1aa27.png,pending,nonempty,416
SAM3_auto,brillo112,False,spot:78_spot_jpg,416,813be1f185297ec2b226a796,spot_source,/content/drive/MyDrive/LeafData.v1i.yolov11_aug4_20261003_170034/train/images/78_spot_jpg.rf.b9db048816b33a1717c40140a22825d4__aug4_brillo112.png,,,pending,missing,train/images/78_spot_jpg.rf.b9db048816b33a1717c40140a22825d4.jpg,,train/images/78_spot_jpg.rf.b9db048816b33a1717c40140a22825d4__aug4_brillo112.png,,b63d00fcde7fa8bdd38cda68918d2f53eb90d80316192bb32ff42488a85847cf,spot,train,train,False,masks/spot/813be1f185297ec2b226a796.png,pending,nonempty,416
SAM3_auto,contraste115,False,spot:78_spot_jpg,416,6c7045a2f585b443e97d1657,spot_source,/content/drive/MyDrive/LeafData.v1i.yolov11_aug4_20261003_170034/train/images/78_spot_jpg.rf.b9db048816b33a1717c40140a22825d4__aug4_contraste115.png,,,pending,missing,train/images/78_spot_jpg.rf.b9db048816b33a1717c40140a22825d4.jpg,,train/images/78_spot_jpg.rf.b9db048816b33a1717c40140a22825d4__aug4_contraste115.png,,f4d55d7537dcb15da69be0ee7a03846e565654d1c609ef79506707b11eced1d5,spot,train,train,False,masks/spot/6c7045a2f585b443e97d1657.png,pending,nonempty,416
SAM3_auto,hflip,False,spot:78_spot_jpg,416,892b9961e994d2f2974f7b63,spot_source,/content/drive/MyDrive/LeafData.v1i.yolov11_aug4_20261003_170034/train/images/78_spot_jpg.rf.b9db048816b33a1717c40140a22825d4__aug4_hflip.png,,,pending,missing,train/images/78_spot_jpg.rf.b9db048816b33a1717c40140a22825d4.jpg,,train/images/78_spot_jpg.rf.b9db048816b33a1717c40140a22825d4__aug4_hflip.png,,f4acf041d970d0b8437fc08278e0593713b64941d23f175f43bac11988641d92,spot,train,train,False,masks/spot/892b9961e994d2f2974f7b63.png,pending,nonempty,416
SAM3_auto,vflip,False,spot:78_spot_jpg,416,dc54365c1395838686985be3,spot_source,/content/drive/MyDrive/LeafData.v1i.yolov11_aug4_20261003_170034/train/images/78_spot_jpg.rf.b9db048816b33a1717c40140a22825d4__aug4_vflip.png,,,pending,missing,train/images/78_spot_jpg.rf.b9db048816b33a1717c40140a22825d4.jpg,,train/images/78_spot_jpg.rf.b9db048816b33a1717c40140a22825d4__aug4_vflip.png,,a0c8516039c4c837a18e1497f22ca04cbbd983e3db6ef0b546ca1fcdf53dc0b5,spot,train,train,False,masks/spot/dc54365c1395838686985be3.png,pending,nonempty,416
SAM3_auto,original,True,spot:78_spot_jpg,416,a5eadc6e073ecd2fdec8da6d,spot_source,/content/drive/MyDrive/LeafData.v1i.yolov11_aug4_20261003_170034/train/images/78_spot_jpg.rf.dd4e166153abeb7c92969a8674945005.jpg,,,pending,missing,train/images/78_spot_jpg.rf.dd4e166153abeb7c92969a8674945005.jpg,,train/images/78_spot_jpg.rf.dd4e166153abeb7c92969a8674945005.jpg,,768d64eb132b723261fe6ed8d23d053c97dc648906fb2037da7ae0acc748610a,spot,train,train,False,masks/spot/a5eadc6e073ecd2fdec8da6d.png,pending,nonempty,416
SAM3_auto,brillo112,False,spot:78_spot_jpg,416,40fb0322ab1aeae8dff5bfba,spot_source,/content/drive/MyDrive/LeafData.v1i.yolov11_aug4_20261003_170034/train/images/78_spot_jpg.rf.dd4e166153abeb7c92969a8674945005__aug4_brillo112.png,,,pending,missing,train/images/78_spot_jpg.rf.dd4e166153abeb7c92969a8674945005.jpg,,train/images/78_spot_jpg.rf.dd4e166153abeb7c92969a8674945005__aug4_brillo112.png,,5a7463ee1f1000b72352d849c08c9a3ab452581e97da65410a00c5d4c1189df4,spot,train,train,False,masks/spot/40fb0322ab1aeae8dff5bfba.png,pending,nonempty,416
SAM3_auto,contraste115,False,spot:78_spot_jpg,416,1de5641ff50fb21153154ca2,spot_source,/content/drive/MyDrive/LeafData.v1i.yolov11_aug4_20261003_170034/train/images/78_spot_jpg.rf.dd4e166153abeb7c92969a8674945005__aug4_contraste115.png,,,pending,missing,train/images/78_spot_jpg.rf.dd4e166153abeb7c92969a8674945005.jpg,,train/images/78_spot_jpg.rf.dd4e166153abeb7c92969a8674945005__aug4_contraste115.png,,3b2306cffe5e34e387e87b148c43f2160dab28000e9a37f6e499258ebdad90f3,spot,train,train,False,masks/spot/1de5641ff50fb21153154ca2.png,pending,nonempty,416
SAM3_auto,hflip,False,spot:78_spot_jpg,416,9e4f1c8700720c0745c84592,spot_source,/content/drive/MyDrive/LeafData.v1i.yolov11_aug4_20261003_170034/train/images/78_spot_jpg.rf.dd4e166153abeb7c92969a8674945005__aug4_hflip.png,,,pending,missing,train/images/78_spot_jpg.rf.dd4e166153abeb7c92969a8674945005.jpg,,train/images/78_spot_jpg.rf.dd4e166153abeb7c92969a8674945005__aug4_hflip.png,,33fd14f6b334e7124caaf280bb28fbca1c829a58dbf4e48bf5a38fdd4bfeb2ab,spot,train,train,False,masks/spot/9e4f1c8700720c0745c84592.png,pending,nonempty,416
SAM3_auto,vflip,False,spot:78_spot_jpg,416,8dd034e3a60684eff1826844,spot_source,/content/drive/MyDrive/LeafData.v1i.yolov11_aug4_20261003_170034/train/images/78_spot_jpg.rf.dd4e166153abeb7c92969a8674945005__aug4_vflip.png,,,pending,missing,train/images/78_spot_jpg.rf.dd4e166153abeb7c92969a8674945005.jpg,,train/images/78_spot_jpg.rf.dd4e166153abeb7c92969a8674945005__aug4_vflip.png,,5daa88cbe4e0415eb93e5bb78299bc6f14011354e8b15c00c3dab96442d2b981,spot,train,train,False,masks/spot/8dd034e3a60684eff1826844.png,pending,nonempty,416
SAM3_auto,original,True,spot:79_spot_jpg,416,30fcbec0f9d7d63869175382,spot_source,/content/drive/MyDrive/LeafData.v1i.yolov11_aug4_20261003_170034/train/images/79_spot_jpg.rf.3ed75d8e5a1e3b4b87781b756c0ce0a6.jpg,,,pending,missing,train/images/79_spot_jpg.rf.3ed75d8e5a1e3b4b87781b756c0ce0a6.jpg,,train/images/79_spot_jpg.rf.3ed75d8e5a1e3b4b87781b756c0ce0a6.jpg,,5b8eb78c53e92cf372ba52e666772c54d0e6b6cf7a4be976d77574ab53218fa2,spot,train,train,False,masks/spot/30fcbec0f9d7d63869175382.png,pending,nonempty,416
SAM3_auto,brillo112,False,spot:79_spot_jpg,416,2e51055b60eb3518c6d4b1b8,spot_source,/content/drive/MyDrive/LeafData.v1i.yolov11_aug4_20261003_170034/train/images/79_spot_jpg.rf.3ed75d8e5a1e3b4b87781b756c0ce0a6__aug4_brillo112.png,,,pending,missing,train/images/79_spot_jpg.rf.3ed75d8e5a1e3b4b87781b756c0ce0a6.jpg,,train/images/79_spot_jpg.rf.3ed75d8e5a1e3b4b87781b756c0ce0a6__aug4_brillo112.png,,e1d16e384301056c0f1d9b9a3cd3d619b5814be590d72b19bfc685dc5ac6e201,spot,train,train,False,masks/spot/2e51055b60eb3518c6d4b1b8.png,pending,nonempty,416
SAM3_auto,contraste115,False,spot:79_spot_jpg,416,39459bbe18f098ad7c2c5a18,spot_source,/content/drive/MyDrive/LeafData.v1i.yolov11_aug4_20261003_170034/train/images/79_spot_jpg.rf.3ed75d8e5a1e3b4b87781b756c0ce0a6__aug4_contraste115.png,,,pending,missing,train/images/79_spot_jpg.rf.3ed75d8e5a1e3b4b87781b756c0ce0a6.jpg,,train/images/79_spot_jpg.rf.3ed75d8e5a1e3b4b87781b756c0ce0a6__aug4_contraste115.png,,78cc4207661d0a7bdacbb2c8be6bb5539a586c867fb57060f867990216a9e051,spot,train,train,False,masks/spot/39459bbe18f098ad7c2c5a18.png,pending,nonempty,416
SAM3_auto,hflip,False,spot:79_spot_jpg,416,30073fc5e6d081b910175bc0,spot_source,/content/drive/MyDrive/LeafData.v1i.yolov11_aug4_20261003_170034/train/images/79_spot_jpg.rf.3ed75d8e5a1e3b4b87781b756c0ce0a6__aug4_hflip.png,,,pending,missing,train/images/79_spot_jpg.rf.3ed75d8e5a1e3b4b87781b756c0ce0a6.jpg,,train/images/79_spot_jpg.rf.3ed75d8e5a1e3b4b87781b756c0ce0a6__aug4_hflip.png,,a7fc3f0635af7a1152d98b3762431e32b67af8ea61a3c15da273a7f726923826,spot,train,train,False,masks/spot/30073fc5e6d081b910175bc0.png,pending,nonempty,416
SAM3_auto,vflip,False,spot:79_spot_jpg,416,5c70bddcbf48464ee387b9c7,spot_source,/content/drive/MyDrive/LeafData.v1i.yolov11_aug4_20261003_170034/train/images/79_spot_jpg.rf.3ed75d8e5a1e3b4b87781b756c0ce0a6__aug4_vflip.png,,,pending,missing,train/images/79_spot_jpg.rf.3ed75d8e5a1e3b4b87781b756c0ce0a6.jpg,,train/images/79_spot_jpg.rf.3ed75d8e5a1e3b4b87781b756c0ce0a6__aug4_vflip.png,,2a4c1b208c4bbf8f9f39e9a8d8b3b0f675cd380371117a514ba711e238090faf,spot,train,train,False,masks/spot/5c70bddcbf48464ee387b9c7.png,pending,nonempty,416
SAM3_auto,original,True,spot:79_spot_jpg,416,a7ecbf02f854e30b580f56c9,spot_source,/content/drive/MyDrive/LeafData.v1i.yolov11_aug4_20261003_170034/train/images/79_spot_jpg.rf.9976ece7d3b09210f724686697ab9386.jpg,,,pending,missing,train/images/79_spot_jpg.rf.9976ece7d3b09210f724686697ab9386.jpg,,train/images/79_spot_jpg.rf.9976ece7d3b09210f724686697ab9386.jpg,,471a3895016db49e27adb49e888b2fae8e60c92b6693d7a4b84a0299734043ab,spot,train,train,False,masks/spot/a7ecbf02f854e30b580f56c9.png,pending,nonempty,416
SAM3_auto,brillo112,False,spot:79_spot_jpg,416,e0e201f26d2a590e7d9d69fa,spot_source,/content/drive/MyDrive/LeafData.v1i.yolov11_aug4_20261003_170034/train/images/79_spot_jpg.rf.9976ece7d3b09210f724686697ab9386__aug4_brillo112.png,,,pending,missing,train/images/79_spot_jpg.rf.9976ece7d3b09210f724686697ab9386.jpg,,train/images/79_spot_jpg.rf.9976ece7d3b09210f724686697ab9386__aug4_brillo112.png,,8b41aa7454caf4c52078c089c44da020c38f1e9ceaff6b6a9250633bd6e69f5b,spot,train,train,False,masks/spot/e0e201f26d2a590e7d9d69fa.png,pending,nonempty,416
SAM3_auto,contraste115,False,spot:79_spot_jpg,416,14df9002a19b4790ad8d7131,spot_source,/content/drive/MyDrive/LeafData.v1i.yolov11_aug4_20261003_170034/train/images/79_spot_jpg.rf.9976ece7d3b09210f724686697ab9386__aug4_contraste115.png,,,pending,missing,train/images/79_spot_jpg.rf.9976ece7d3b09210f724686697ab9386.jpg,,train/images/79_spot_jpg.rf.9976ece7d3b09210f724686697ab9386__aug4_contraste115.png,,7d811c011d95e2a4527b7174aada225ec8094c05219c69cb5b412184424d6dff,spot,train,train,False,masks/spot/14df9002a19b4790ad8d7131.png,pending,nonempty,416
SAM3_auto,hflip,False,spot:79_spot_jpg,416,53c69c36fb8c650f18883dd0,spot_source,/content/drive/MyDrive/LeafData.v1i.yolov11_aug4_20261003_170034/train/images/79_spot_jpg.rf.9976ece7d3b09210f724686697ab9386__aug4_hflip.png,,,pending,missing,train/images/79_spot_jpg.rf.9976ece7d3b09210f724686697ab9386.jpg,,train/images/79_spot_jpg.rf.9976ece7d3b09210f724686697ab9386__aug4_hflip.png,,2ee195b20b77fd02222754b73c144df3cbaf1109dfa33e0caef0919b03835688,spot,train,train,False,masks/spot/53c69c36fb8c650f18883dd0.png,pending,nonempty,416
SAM3_auto,vflip,False,spot:79_spot_jpg,416,2b151648c0ae39644c5c69d2,spot_source,/content/drive/MyDrive/LeafData.v1i.yolov11_aug4_20261003_170034/train/images/79_spot_jpg.rf.9976ece7d3b09210f724686697ab9386__aug4_vflip.png,,,pending,missing,train/images/79_spot_jpg.rf.9976ece7d3b09210f724686697ab9386.jpg,,train/images/79_spot_jpg.rf.9976ece7d3b09210f724686697ab9386__aug4_vflip.png,,bddf7f1439df5edc5f59f34774a2d7bd86114b9e927e45cd21265bbd12dcc8e2,spot,train,train,False,masks/spot/2b151648c0ae39644c5c69d2.png,pending,nonempty,416
SAM3_auto,original,True,spot:79_spot_jpg,416,a41cf6feac081b4db9167915,spot_source,/content/drive/MyDrive/LeafData.v1i.yolov11_aug4_20261003_170034/train/images/79_spot_jpg.rf.caef15e929ec3990cf9a0ddb0b4de539.jpg,,,pending,missing,train/images/79_spot_jpg.rf.caef15e929ec3990cf9a0ddb0b4de539.jpg,,train/images/79_spot_jpg.rf.caef15e929ec3990cf9a0ddb0b4de539.jpg,,6ec911046885aee6528faa9ac42ea1d3b2724cd178e26b88e22a5e50a41bdeeb,spot,train,train,False,masks/spot/a41cf6feac081b4db9167915.png,pending,nonempty,416
SAM3_auto,brillo112,False,spot:79_spot_jpg,416,29d7573abc5d47a0f268f79e,spot_source,/content/drive/MyDrive/LeafData.v1i.yolov11_aug4_20261003_170034/train/images/79_spot_jpg.rf.caef15e929ec3990cf9a0ddb0b4de539__aug4_brillo112.png,,,pending,missing,train/images/79_spot_jpg.rf.caef15e929ec3990cf9a0ddb0b4de539.jpg,,train/images/79_spot_jpg.rf.caef15e929ec3990cf9a0ddb0b4de539__aug4_brillo112.png,,b54a3294367060a83811f07318cef67fad1f5c6159ced5701d0ef4f9486423f4,spot,train,train,False,masks/spot/29d7573abc5d47a0f268f79e.png,pending,nonempty,416
SAM3_auto,contraste115,False,spot:79_spot_jpg,416,75bfcbcdcb062241a43faba8,spot_source,/content/drive/MyDrive/LeafData.v1i.yolov11_aug4_20261003_170034/train/images/79_spot_jpg.rf.caef15e929ec3990cf9a0ddb0b4de539__aug4_contraste115.png,,,pending,missing,train/images/79_spot_jpg.rf.caef15e929ec3990cf9a0ddb0b4de539.jpg,,train/images/79_spot_jpg.rf.caef15e929ec3990cf9a0ddb0b4de539__aug4_contraste115.png,,7865c8d7bef5da323b8fd916ce87b1b66d171b82f3031b12db509adaa7bc73ce,spot,train,train,False,masks/spot/75bfcbcdcb062241a43faba8.png,pending,nonempty,416
SAM3_auto,hflip,False,spot:79_spot_jpg,416,8360159cfc5af7f0ee9d69b7,spot_source,/content/drive/MyDrive/LeafData.v1i.yolov11_aug4_20261003_170034/train/images/79_spot_jpg.rf.caef15e929ec3990cf9a0ddb0b4de539__aug4_hflip.png,,,pending,missing,train/images/79_spot_jpg.rf.caef15e929ec3990cf9a0ddb0b4de539.jpg,,train/images/79_spot_jpg.rf.caef15e929ec3990cf9a0ddb0b4de539__aug4_hflip.png,,ca6e0622143cd03b4c7c2c6d7ad77ee812b432e2c3c7195b5eafaa8f176a3293,spot,train,train,False,masks/spot/8360159cfc5af7f0ee9d69b7.png,pending,nonempty,416
SAM3_auto,vflip,False,spot:79_spot_jpg,416,9606d15afb379da37976dbfe,spot_source,/content/drive/MyDrive/LeafData.v1i.yolov11_aug4_20261003_170034/train/images/79_spot_jpg.rf.caef15e929ec3990cf9a0ddb0b4de539__aug4_vflip.png,,,pending,missing,train/images/79_spot_jpg.rf.caef15e929ec3990cf9a0ddb0b4de539.jpg,,train/images/79_spot_jpg.rf.caef15e929ec3990cf9a0ddb0b4de539__aug4_vflip.png,,0ea12745c948887e0c6282dd7875c500a8ab0beec935bc98527b1f6c71f7563d,spot,train,train,False,masks/spot/9606d15afb379da37976dbfe.png,pending,nonempty,416
SAM3_auto,original,True,spot:7_spot_jpg,416,7b21a94be14bf60600fd3de2,spot_source,/content/drive/MyDrive/LeafData.v1i.yolov11_aug4_20261003_170034/train/images/7_spot_jpg.rf.1cd69adb4732de9bf2e43e344fb91d17.jpg,,,pending,missing,train/images/7_spot_jpg.rf.1cd69adb4732de9bf2e43e344fb91d17.jpg,,train/images/7_spot_jpg.rf.1cd69adb4732de9bf2e43e344fb91d17.jpg,,88f7eb088fb9b715de9fb7ca4ad45124e37f1fa3792fd35c36b076c3b61c7de1,spot,train,train,False,masks/spot/7b21a94be14bf60600fd3de2.png,pending,nonempty,416
SAM3_auto,brillo112,False,spot:7_spot_jpg,416,93b70d847055a4b782ac3033,spot_source,/content/drive/MyDrive/LeafData.v1i.yolov11_aug4_20261003_170034/train/images/7_spot_jpg.rf.1cd69adb4732de9bf2e43e344fb91d17__aug4_brillo112.png,,,pending,missing,train/images/7_spot_jpg.rf.1cd69adb4732de9bf2e43e344fb91d17.jpg,,train/images/7_spot_jpg.rf.1cd69adb4732de9bf2e43e344fb91d17__aug4_brillo112.png,,9c254e322c0c50f9939feae7d7b4ec292b962737604ba3e992cdfaa38164aa48,spot,train,train,False,masks/spot/93b70d847055a4b782ac3033.png,pending,nonempty,416
SAM3_auto,contraste115,False,spot:7_spot_jpg,416,d9157314114ca0e7a833a209,spot_source,/content/drive/MyDrive/LeafData.v1i.yolov11_aug4_20261003_170034/train/images/7_spot_jpg.rf.1cd69adb4732de9bf2e43e344fb91d17__aug4_contraste115.png,,,pending,missing,train/images/7_spot_jpg.rf.1cd69adb4732de9bf2e43e344fb91d17.jpg,,train/images/7_spot_jpg.rf.1cd69adb4732de9bf2e43e344fb91d17__aug4_contraste115.png,,36be5497b9cf7177c7d8e8643d09b7b1a7a8f4d959af012ea42c513ac084de24,spot,train,train,False,masks/spot/d9157314114ca0e7a833a209.png,pending,nonempty,416
SAM3_auto,hflip,False,spot:7_spot_jpg,416,69ee156757268c5d68f69744,spot_source,/content/drive/MyDrive/LeafData.v1i.yolov11_aug4_20261003_170034/train/images/7_spot_jpg.rf.1cd69adb4732de9bf2e43e344fb91d17__aug4_hflip.png,,,pending,missing,train/images/7_spot_jpg.rf.1cd69adb4732de9bf2e43e344fb91d17.jpg,,train/images/7_spot_jpg.rf.1cd69adb4732de9bf2e43e344fb91d17__aug4_hflip.png,,d5bba276567237e80c96f6b4742abefeb125aa42a0ca682b1cbe33def8139a69,spot,train,train,False,masks/spot/69ee156757268c5d68f69744.png,pending,nonempty,416
SAM3_auto,vflip,False,spot:7_spot_jpg,416,95099f614a363398b1e0d90c,spot_source,/content/drive/MyDrive/LeafData.v1i.yolov11_aug4_20261003_170034/train/images/7_spot_jpg.rf.1cd69adb4732de9bf2e43e344fb91d17__aug4_vflip.png,,,pending,missing,train/images/7_spot_jpg.rf.1cd69adb4732de9bf2e43e344fb91d17.jpg,,train/images/7_spot_jpg.rf.1cd69adb4732de9bf2e43e344fb91d17__aug4_vflip.png,,00befdade4a83a36f6c35d507422562ebc49300f05e960593573cbadc674bb84,spot,train,train,False,masks/spot/95099f614a363398b1e0d90c.png,pending,nonempty,416
SAM3_auto,original,True,spot:7_spot_jpg,416,35393c1f841e5a3a00cd7eff,spot_source,/content/drive/MyDrive/LeafData.v1i.yolov11_aug4_20261003_170034/train/images/7_spot_jpg.rf.808dc29775a464d9b095ebc29b2735a4.jpg,,,pending,missing,train/images/7_spot_jpg.rf.808dc29775a464d9b095ebc29b2735a4.jpg,,train/images/7_spot_jpg.rf.808dc29775a464d9b095ebc29b2735a4.jpg,,d1cf204768923373c05d118bbbc2cba464cd363ddfc6e727981f1b7695d3406e,spot,train,train,False,masks/spot/35393c1f841e5a3a00cd7eff.png,pending,nonempty,416
SAM3_auto,brillo112,False,spot:7_spot_jpg,416,1030af036c1974d77ed38678,spot_source,/content/drive/MyDrive/LeafData.v1i.yolov11_aug4_20261003_170034/train/images/7_spot_jpg.rf.808dc29775a464d9b095ebc29b2735a4__aug4_brillo112.png,,,pending,missing,train/images/7_spot_jpg.rf.808dc29775a464d9b095ebc29b2735a4.jpg,,train/images/7_spot_jpg.rf.808dc29775a464d9b095ebc29b2735a4__aug4_brillo112.png,,8d2c94e8532ea5411f7fc473f5d60c2dead5adbe8b43a716986d38247a302852,spot,train,train,False,masks/spot/1030af036c1974d77ed38678.png,pending,nonempty,416
SAM3_auto,contraste115,False,spot:7_spot_jpg,416,c4acbfabc6352c639f19cd53,spot_source,/content/drive/MyDrive/LeafData.v1i.yolov11_aug4_20261003_170034/train/images/7_spot_jpg.rf.808dc29775a464d9b095ebc29b2735a4__aug4_contraste115.png,,,pending,missing,train/images/7_spot_jpg.rf.808dc29775a464d9b095ebc29b2735a4.jpg,,train/images/7_spot_jpg.rf.808dc29775a464d9b095ebc29b2735a4__aug4_contraste115.png,,38a2652d9a1cfb8212552babb7d9b43d2e6442f7b90af0b0a8d7b438d0b6a656,spot,train,train,False,masks/spot/c4acbfabc6352c639f19cd53.png,pending,nonempty,416
SAM3_auto,hflip,False,spot:7_spot_jpg,416,9f92f0e6cc549e779d13740d,spot_source,/content/drive/MyDrive/LeafData.v1i.yolov11_aug4_20261003_170034/train/images/7_spot_jpg.rf.808dc29775a464d9b095ebc29b2735a4__aug4_hflip.png,,,pending,missing,train/images/7_spot_jpg.rf.808dc29775a464d9b095ebc29b2735a4.jpg,,train/images/7_spot_jpg.rf.808dc29775a464d9b095ebc29b2735a4__aug4_hflip.png,,c73797b2a01f49c3cb97c854f30c78da8e5b2e9f2e58268e744a82a412650f4d,spot,train,train,False,masks/spot/9f92f0e6cc549e779d13740d.png,pending,nonempty,416
SAM3_auto,vflip,False,spot:7_spot_jpg,416,303d8cf09afc3e50d92a22c4,spot_source,/content/drive/MyDrive/LeafData.v1i.yolov11_aug4_20261003_170034/train/images/7_spot_jpg.rf.808dc29775a464d9b095ebc29b2735a4__aug4_vflip.png,,,pending,missing,train/images/7_spot_jpg.rf.808dc29775a464d9b095ebc29b2735a4.jpg,,train/images/7_spot_jpg.rf.808dc29775a464d9b095ebc29b2735a4__aug4_vflip.png,,e14d85ad36bd04625f2bcb7c1c14074a3cefd946e82de558baacfaac12540e82,spot,train,train,False,masks/spot/303d8cf09afc3e50d92a22c4.png,pending,nonempty,416
SAM3_auto,original,True,spot:7_spot_jpg,416,1ff238a3d565b782e2b83f29,spot_source,/content/drive/MyDrive/LeafData.v1i.yolov11_aug4_20261003_170034/train/images/7_spot_jpg.rf.d363ba7923184a96182e0fe0ac775d33.jpg,,,pending,missing,train/images/7_spot_jpg.rf.d363ba7923184a96182e0fe0ac775d33.jpg,,train/images/7_spot_jpg.rf.d363ba7923184a96182e0fe0ac775d33.jpg,,a0d78215d749866be5e749a91d5047677cda7745abf601eb13d77329aa5a88ef,spot,train,train,False,masks/spot/1ff238a3d565b782e2b83f29.png,pending,nonempty,416
SAM3_auto,brillo112,False,spot:7_spot_jpg,416,38273c696fcd692e9a9db1a8,spot_source,/content/drive/MyDrive/LeafData.v1i.yolov11_aug4_20261003_170034/train/images/7_spot_jpg.rf.d363ba7923184a96182e0fe0ac775d33__aug4_brillo112.png,,,pending,missing,train/images/7_spot_jpg.rf.d363ba7923184a96182e0fe0ac775d33.jpg,,train/images/7_spot_jpg.rf.d363ba7923184a96182e0fe0ac775d33__aug4_brillo112.png,,a60630535c355044ca2c3a369755e345bb76db0dbb361b1684c68b8103545c8b,spot,train,train,False,masks/spot/38273c696fcd692e9a9db1a8.png,pending,nonempty,416
SAM3_auto,contraste115,False,spot:7_spot_jpg,416,948a0d58324c6c37a76dd8c0,spot_source,/content/drive/MyDrive/LeafData.v1i.yolov11_aug4_20261003_170034/train/images/7_spot_jpg.rf.d363ba7923184a96182e0fe0ac775d33__aug4_contraste115.png,,,pending,missing,train/images/7_spot_jpg.rf.d363ba7923184a96182e0fe0ac775d33.jpg,,train/images/7_spot_jpg.rf.d363ba7923184a96182e0fe0ac775d33__aug4_contraste115.png,,d39c25360edb89b4d9877ec728335443a47438c8130df3fc11c59d2b24c0721c,spot,train,train,False,masks/spot/948a0d58324c6c37a76dd8c0.png,pending,nonempty,416
SAM3_auto,hflip,False,spot:7_spot_jpg,416,0024cc8a2227032aa0d6d213,spot_source,/content/drive/MyDrive/LeafData.v1i.yolov11_aug4_20261003_170034/train/images/7_spot_jpg.rf.d363ba7923184a96182e0fe0ac775d33__aug4_hflip.png,,,pending,missing,train/images/7_spot_jpg.rf.d363ba7923184a96182e0fe0ac775d33.jpg,,train/images/7_spot_jpg.rf.d363ba7923184a96182e0fe0ac775d33__aug4_hflip.png,,71250255410fa5c95193a2ca7d97226cf553bf20f65c042e9bfe4df505f87eeb,spot,train,train,False,masks/spot/0024cc8a2227032aa0d6d213.png,pending,nonempty,416
SAM3_auto,vflip,False,spot:7_spot_jpg,416,ebc7427956fff81628985c85,spot_source,/content/drive/MyDrive/LeafData.v1i.yolov11_aug4_20261003_170034/train/images/7_spot_jpg.rf.d363ba7923184a96182e0fe0ac775d33__aug4_vflip.png,,,pending,missing,train/images/7_spot_jpg.rf.d363ba7923184a96182e0fe0ac775d33.jpg,,train/images/7_spot_jpg.rf.d363ba7923184a96182e0fe0ac775d33__aug4_vflip.png,,fa18e7058be5e8f9ca352a0901f33ac19aba8aa38aa62d90aaacae85713df673,spot,train,train,False,masks/spot/ebc7427956fff81628985c85.png,pending,nonempty,416
SAM3_auto,original,True,spot:80_spot_jpg,416,cf5187939bc9725bebe0c973,spot_source,/content/drive/MyDrive/LeafData.v1i.yolov11_aug4_20261003_170034/train/images/80_spot_jpg.rf.6785e22ca380f5ffb05828d0c778bbfd.jpg,,,pending,missing,train/images/80_spot_jpg.rf.6785e22ca380f5ffb05828d0c778bbfd.jpg,,train/images/80_spot_jpg.rf.6785e22ca380f5ffb05828d0c778bbfd.jpg,,eae1263568d7def288fbebe5d31af56210ff5782a9bc357b759e96ae30809e90,spot,train,train,False,masks/spot/cf5187939bc9725bebe0c973.png,pending,nonempty,416
SAM3_auto,brillo112,False,spot:80_spot_jpg,416,884fdf45d5fdee1dee373ee4,spot_source,/content/drive/MyDrive/LeafData.v1i.yolov11_aug4_20261003_170034/train/images/80_spot_jpg.rf.6785e22ca380f5ffb05828d0c778bbfd__aug4_brillo112.png,,,pending,missing,train/images/80_spot_jpg.rf.6785e22ca380f5ffb05828d0c778bbfd.jpg,,train/images/80_spot_jpg.rf.6785e22ca380f5ffb05828d0c778bbfd__aug4_brillo112.png,,a637b226ac8b6f7aa3b255277dd2bcd2f21518e56ca5feb06ce3b13d369d8ccb,spot,train,train,False,masks/spot/884fdf45d5fdee1dee373ee4.png,pending,nonempty,416
SAM3_auto,contraste115,False,spot:80_spot_jpg,416,1607967876970a78962c0350,spot_source,/content/drive/MyDrive/LeafData.v1i.yolov11_aug4_20261003_170034/train/images/80_spot_jpg.rf.6785e22ca380f5ffb05828d0c778bbfd__aug4_contraste115.png,,,pending,missing,train/images/80_spot_jpg.rf.6785e22ca380f5ffb05828d0c778bbfd.jpg,,train/images/80_spot_jpg.rf.6785e22ca380f5ffb05828d0c778bbfd__aug4_contraste115.png,,3e2c26a5636d98ae35867f77e2f3768d2cb0efddc354f527589f528c267858cc,spot,train,train,False,masks/spot/1607967876970a78962c0350.png,pending,nonempty,416
SAM3_auto,hflip,False,spot:80_spot_jpg,416,1dcfbccc1c0557746c018939,spot_source,/content/drive/MyDrive/LeafData.v1i.yolov11_aug4_20261003_170034/train/images/80_spot_jpg.rf.6785e22ca380f5ffb05828d0c778bbfd__aug4_hflip.png,,,pending,missing,train/images/80_spot_jpg.rf.6785e22ca380f5ffb05828d0c778bbfd.jpg,,train/images/80_spot_jpg.rf.6785e22ca380f5ffb05828d0c778bbfd__aug4_hflip.png,,c8fd77ca3f5982d21c4665c0064be0b96e4405ba7e38f11deda64f3befe72bc8,spot,train,train,False,masks/spot/1dcfbccc1c0557746c018939.png,pending,nonempty,416
SAM3_auto,vflip,False,spot:80_spot_jpg,416,2f4b1d36ba1b1c3c4a4ff460,spot_source,/content/drive/MyDrive/LeafData.v1i.yolov11_aug4_20261003_170034/train/images/80_spot_jpg.rf.6785e22ca380f5ffb05828d0c778bbfd__aug4_vflip.png,,,pending,missing,train/images/80_spot_jpg.rf.6785e22ca380f5ffb05828d0c778bbfd.jpg,,train/images/80_spot_jpg.rf.6785e22ca380f5ffb05828d0c778bbfd__aug4_vflip.png,,471d329a4dd246b3b2c46e9aacac3d9c3d238ac48f48f79eacd747f24570ddd6,spot,train,train,False,masks/spot/2f4b1d36ba1b1c3c4a4ff460.png,pending,nonempty,416
SAM3_auto,original,True,spot:80_spot_jpg,416,92dcbfb20935f8d8186aae3c,spot_source,/content/drive/MyDrive/LeafData.v1i.yolov11_aug4_20261003_170034/train/images/80_spot_jpg.rf.b415fae2174776c220bc70ed9213ed16.jpg,,,pending,missing,train/images/80_spot_jpg.rf.b415fae2174776c220bc70ed9213ed16.jpg,,train/images/80_spot_jpg.rf.b415fae2174776c220bc70ed9213ed16.jpg,,d14746474b73b4774c943a7c1f53ce292658dc8e7b0d1af8dfdd996f8baf4f45,spot,train,train,False,masks/spot/92dcbfb20935f8d8186aae3c.png,pending,nonempty,416
SAM3_auto,brillo112,False,spot:80_spot_jpg,416,3f9651ef37307bfbf6a63144,spot_source,/content/drive/MyDrive/LeafData.v1i.yolov11_aug4_20261003_170034/train/images/80_spot_jpg.rf.b415fae2174776c220bc70ed9213ed16__aug4_brillo112.png,,,pending,missing,train/images/80_spot_jpg.rf.b415fae2174776c220bc70ed9213ed16.jpg,,train/images/80_spot_jpg.rf.b415fae2174776c220bc70ed9213ed16__aug4_brillo112.png,,26a7f9cba7850bbd0c0e4b02b1f99be9e955b2ab0872cac338cc55e09f351c4b,spot,train,train,False,masks/spot/3f9651ef37307bfbf6a63144.png,pending,nonempty,416
SAM3_auto,contraste115,False,spot:80_spot_jpg,416,cc2b0b779b87dfc01bcd5d76,spot_source,/content/drive/MyDrive/LeafData.v1i.yolov11_aug4_20261003_170034/train/images/80_spot_jpg.rf.b415fae2174776c220bc70ed9213ed16__aug4_contraste115.png,,,pending,missing,train/images/80_spot_jpg.rf.b415fae2174776c220bc70ed9213ed16.jpg,,train/images/80_spot_jpg.rf.b415fae2174776c220bc70ed9213ed16__aug4_contraste115.png,,559f55d8eb40fb346ad2fb6ee04a468ddd4234949de25f869e75e5f3d89a3e3c,spot,train,train,False,masks/spot/cc2b0b779b87dfc01bcd5d76.png,pending,nonempty,416
SAM3_auto,hflip,False,spot:80_spot_jpg,416,4ac5874431a49540fd460786,spot_source,/content/drive/MyDrive/LeafData.v1i.yolov11_aug4_20261003_170034/train/images/80_spot_jpg.rf.b415fae2174776c220bc70ed9213ed16__aug4_hflip.png,,,pending,missing,train/images/80_spot_jpg.rf.b415fae2174776c220bc70ed9213ed16.jpg,,train/images/80_spot_jpg.rf.b415fae2174776c220bc70ed9213ed16__aug4_hflip.png,,093ab33b3db703ff1d16b6e08c865a27f7ed377cfb713b64d44b7e292b08915d,spot,train,train,False,masks/spot/4ac5874431a49540fd460786.png,pending,nonempty,416
SAM3_auto,vflip,False,spot:80_spot_jpg,416,97faa8eb2dbc12c64342b340,spot_source,/content/drive/MyDrive/LeafData.v1i.yolov11_aug4_20261003_170034/train/images/80_spot_jpg.rf.b415fae2174776c220bc70ed9213ed16__aug4_vflip.png,,,pending,missing,train/images/80_spot_jpg.rf.b415fae2174776c220bc70ed9213ed16.jpg,,train/images/80_spot_jpg.rf.b415fae2174776c220bc70ed9213ed16__aug4_vflip.png,,69ee16664f3f6fa28474636533a665df75db4789a03def584d5b9ff14cdb4971,spot,train,train,False,masks/spot/97faa8eb2dbc12c64342b340.png,pending,nonempty,416
SAM3_auto,original,True,spot:80_spot_jpg,416,c2a4da00cb22807281532c9e,spot_source,/content/drive/MyDrive/LeafData.v1i.yolov11_aug4_20261003_170034/train/images/80_spot_jpg.rf.d66889bba325fc272ac42af5f4ca1848.jpg,,,pending,missing,train/images/80_spot_jpg.rf.d66889bba325fc272ac42af5f4ca1848.jpg,,train/images/80_spot_jpg.rf.d66889bba325fc272ac42af5f4ca1848.jpg,,7b597b96893117ba5bd6daa2933c519db66e45a77d7ac5d1421492cdcdbf4d1a,spot,train,train,False,masks/spot/c2a4da00cb22807281532c9e.png,pending,nonempty,416
SAM3_auto,brillo112,False,spot:80_spot_jpg,416,dd9bafc1b2ebb81b64efc597,spot_source,/content/drive/MyDrive/LeafData.v1i.yolov11_aug4_20261003_170034/train/images/80_spot_jpg.rf.d66889bba325fc272ac42af5f4ca1848__aug4_brillo112.png,,,pending,missing,train/images/80_spot_jpg.rf.d66889bba325fc272ac42af5f4ca1848.jpg,,train/images/80_spot_jpg.rf.d66889bba325fc272ac42af5f4ca1848__aug4_brillo112.png,,c834b01d6dce5e3d266f65d1d1ecacaf03252a5aa1f654214075d2ac3ddc1d28,spot,train,train,False,masks/spot/dd9bafc1b2ebb81b64efc597.png,pending,nonempty,416
SAM3_auto,contraste115,False,spot:80_spot_jpg,416,e3486bd7e8494a5bd03dba3f,spot_source,/content/drive/MyDrive/LeafData.v1i.yolov11_aug4_20261003_170034/train/images/80_spot_jpg.rf.d66889bba325fc272ac42af5f4ca1848__aug4_contraste115.png,,,pending,missing,train/images/80_spot_jpg.rf.d66889bba325fc272ac42af5f4ca1848.jpg,,train/images/80_spot_jpg.rf.d66889bba325fc272ac42af5f4ca1848__aug4_contraste115.png,,546fd0ccb48aed06f40a0507de9240559e202d3a43eee0f9ac9daa30bb585c25,spot,train,train,False,masks/spot/e3486bd7e8494a5bd03dba3f.png,pending,nonempty,416
SAM3_auto,hflip,False,spot:80_spot_jpg,416,0d4db6cda9d54fe2f4591e1d,spot_source,/content/drive/MyDrive/LeafData.v1i.yolov11_aug4_20261003_170034/train/images/80_spot_jpg.rf.d66889bba325fc272ac42af5f4ca1848__aug4_hflip.png,,,pending,missing,train/images/80_spot_jpg.rf.d66889bba325fc272ac42af5f4ca1848.jpg,,train/images/80_spot_jpg.rf.d66889bba325fc272ac42af5f4ca1848__aug4_hflip.png,,13867683e46c315085356be8f949ece1c2e30f614c422517b8169c53b76adeef,spot,train,train,False,masks/spot/0d4db6cda9d54fe2f4591e1d.png,pending,nonempty,416
SAM3_auto,vflip,False,spot:80_spot_jpg,416,c81a27a395307ce7e5e2ce10,spot_source,/content/drive/MyDrive/LeafData.v1i.yolov11_aug4_20261003_170034/train/images/80_spot_jpg.rf.d66889bba325fc272ac42af5f4ca1848__aug4_vflip.png,,,pending,missing,train/images/80_spot_jpg.rf.d66889bba325fc272ac42af5f4ca1848.jpg,,train/images/80_spot_jpg.rf.d66889bba325fc272ac42af5f4ca1848__aug4_vflip.png,,a52ad28120328474e6f60be1d274fce2cb942636bc98f53751f49856823f49aa,spot,train,train,False,masks/spot/c81a27a395307ce7e5e2ce10.png,pending,nonempty,416
SAM3_auto,original,True,spot:81_spot_jpg,416,6b98fb81f54ec30ac4b8b745,spot_source,/content/drive/MyDrive/LeafData.v1i.yolov11_aug4_20261003_170034/train/images/81_spot_jpg.rf.289777d8a0fad13ee1ca7c706c90f195.jpg,,,pending,missing,train/images/81_spot_jpg.rf.289777d8a0fad13ee1ca7c706c90f195.jpg,,train/images/81_spot_jpg.rf.289777d8a0fad13ee1ca7c706c90f195.jpg,,56b35d7464ba8e04df2e3a97d7aad11a2eb8f64b00d5ad554208de5bb055e405,spot,train,train,False,masks/spot/6b98fb81f54ec30ac4b8b745.png,pending,nonempty,416
SAM3_auto,brillo112,False,spot:81_spot_jpg,416,a5547561ee5be9d08702c03a,spot_source,/content/drive/MyDrive/LeafData.v1i.yolov11_aug4_20261003_170034/train/images/81_spot_jpg.rf.289777d8a0fad13ee1ca7c706c90f195__aug4_brillo112.png,,,pending,missing,train/images/81_spot_jpg.rf.289777d8a0fad13ee1ca7c706c90f195.jpg,,train/images/81_spot_jpg.rf.289777d8a0fad13ee1ca7c706c90f195__aug4_brillo112.png,,302c4db40eb9a985e00e0efb701b2710b2bb46f5117e1319df1a9622a0a71bb7,spot,train,train,False,masks/spot/a5547561ee5be9d08702c03a.png,pending,nonempty,416
SAM3_auto,contraste115,False,spot:81_spot_jpg,416,544defd9381716e9ae9d4505,spot_source,/content/drive/MyDrive/LeafData.v1i.yolov11_aug4_20261003_170034/train/images/81_spot_jpg.rf.289777d8a0fad13ee1ca7c706c90f195__aug4_contraste115.png,,,pending,missing,train/images/81_spot_jpg.rf.289777d8a0fad13ee1ca7c706c90f195.jpg,,train/images/81_spot_jpg.rf.289777d8a0fad13ee1ca7c706c90f195__aug4_contraste115.png,,89e88d661129399f7da1a38b4961c0667f9f8a68d05eb06ad2c5a5aa1937b0e6,spot,train,train,False,masks/spot/544defd9381716e9ae9d4505.png,pending,nonempty,416
SAM3_auto,hflip,False,spot:81_spot_jpg,416,fa22870b41d643074503c62f,spot_source,/content/drive/MyDrive/LeafData.v1i.yolov11_aug4_20261003_170034/train/images/81_spot_jpg.rf.289777d8a0fad13ee1ca7c706c90f195__aug4_hflip.png,,,pending,missing,train/images/81_spot_jpg.rf.289777d8a0fad13ee1ca7c706c90f195.jpg,,train/images/81_spot_jpg.rf.289777d8a0fad13ee1ca7c706c90f195__aug4_hflip.png,,604e560c654286e5340cd8f43f644bb1271340066c77dddf161806ee39a973cc,spot,train,train,False,masks/spot/fa22870b41d643074503c62f.png,pending,nonempty,416
SAM3_auto,vflip,False,spot:81_spot_jpg,416,38580b7d2a6ad8d505c6b99b,spot_source,/content/drive/MyDrive/LeafData.v1i.yolov11_aug4_20261003_170034/train/images/81_spot_jpg.rf.289777d8a0fad13ee1ca7c706c90f195__aug4_vflip.png,,,pending,missing,train/images/81_spot_jpg.rf.289777d8a0fad13ee1ca7c706c90f195.jpg,,train/images/81_spot_jpg.rf.289777d8a0fad13ee1ca7c706c90f195__aug4_vflip.png,,c2027d5f86ca1ee32f3a0609a9ab5140bd3c39e53b4823ceeea96cdd2bf799e3,spot,train,train,False,masks/spot/38580b7d2a6ad8d505c6b99b.png,pending,nonempty,416
SAM3_auto,original,True,spot:81_spot_jpg,416,091b65d78c5e96cb7bacc142,spot_source,/content/drive/MyDrive/LeafData.v1i.yolov11_aug4_20261003_170034/train/images/81_spot_jpg.rf.806a5c4680e7fd2ac106dec244abdbfc.jpg,,,pending,missing,train/images/81_spot_jpg.rf.806a5c4680e7fd2ac106dec244abdbfc.jpg,,train/images/81_spot_jpg.rf.806a5c4680e7fd2ac106dec244abdbfc.jpg,,8c1ec24268c65644f1efe8ec26d6bdc697c999279279097cd6e0b437e26f3c37,spot,train,train,False,masks/spot/091b65d78c5e96cb7bacc142.png,pending,nonempty,416
SAM3_auto,brillo112,False,spot:81_spot_jpg,416,7e9630083a9f85c0f3f9be59,spot_source,/content/drive/MyDrive/LeafData.v1i.yolov11_aug4_20261003_170034/train/images/81_spot_jpg.rf.806a5c4680e7fd2ac106dec244abdbfc__aug4_brillo112.png,,,pending,missing,train/images/81_spot_jpg.rf.806a5c4680e7fd2ac106dec244abdbfc.jpg,,train/images/81_spot_jpg.rf.806a5c4680e7fd2ac106dec244abdbfc__aug4_brillo112.png,,b3353a3af174127e87373ed0b73c64bb20c36d4cdee2777b24127485cd2a3941,spot,train,train,False,masks/spot/7e9630083a9f85c0f3f9be59.png,pending,nonempty,416
SAM3_auto,contraste115,False,spot:81_spot_jpg,416,f826b09b20ab813475b52120,spot_source,/content/drive/MyDrive/LeafData.v1i.yolov11_aug4_20261003_170034/train/images/81_spot_jpg.rf.806a5c4680e7fd2ac106dec244abdbfc__aug4_contraste115.png,,,pending,missing,train/images/81_spot_jpg.rf.806a5c4680e7fd2ac106dec244abdbfc.jpg,,train/images/81_spot_jpg.rf.806a5c4680e7fd2ac106dec244abdbfc__aug4_contraste115.png,,7d17ecd43498c4f24a501727894a09cee9e1ef4ac406bfdd3f9b0d7d633f7a0d,spot,train,train,False,masks/spot/f826b09b20ab813475b52120.png,pending,nonempty,416
SAM3_auto,hflip,False,spot:81_spot_jpg,416,32498cf5f756d6b08decda91,spot_source,/content/drive/MyDrive/LeafData.v1i.yolov11_aug4_20261003_170034/train/images/81_spot_jpg.rf.806a5c4680e7fd2ac106dec244abdbfc__aug4_hflip.png,,,pending,missing,train/images/81_spot_jpg.rf.806a5c4680e7fd2ac106dec244abdbfc.jpg,,train/images/81_spot_jpg.rf.806a5c4680e7fd2ac106dec244abdbfc__aug4_hflip.png,,461641b5dfce0e09f8b03ef3fcfb3a746cb177a7a5a7f28563f4182193e7ac7e,spot,train,train,False,masks/spot/32498cf5f756d6b08decda91.png,pending,nonempty,416
SAM3_auto,vflip,False,spot:81_spot_jpg,416,5b1b436d4231ed8806571b17,spot_source,/content/drive/MyDrive/LeafData.v1i.yolov11_aug4_20261003_170034/train/images/81_spot_jpg.rf.806a5c4680e7fd2ac106dec244abdbfc__aug4_vflip.png,,,pending,missing,train/images/81_spot_jpg.rf.806a5c4680e7fd2ac106dec244abdbfc.jpg,,train/images/81_spot_jpg.rf.806a5c4680e7fd2ac106dec244abdbfc__aug4_vflip.png,,e119e7ee0a2b3008e474000dec1def5f930410ba9c59e7d4c900eeb3df5f35eb,spot,train,train,False,masks/spot/5b1b436d4231ed8806571b17.png,pending,nonempty,416
SAM3_auto,original,True,spot:81_spot_jpg,416,f6d5d80e0421246434617d76,spot_source,/content/drive/MyDrive/LeafData.v1i.yolov11_aug4_20261003_170034/train/images/81_spot_jpg.rf.d4b38fb55a5d8e91b598f525d78833e3.jpg,,,pending,missing,train/images/81_spot_jpg.rf.d4b38fb55a5d8e91b598f525d78833e3.jpg,,train/images/81_spot_jpg.rf.d4b38fb55a5d8e91b598f525d78833e3.jpg,,5f600ba7890e5fd24ee5323feee82dece286a2158e186699b41ee6768fa91d0f,spot,train,train,False,masks/spot/f6d5d80e0421246434617d76.png,pending,nonempty,416
SAM3_auto,brillo112,False,spot:81_spot_jpg,416,2905cada9226c3437c95fdff,spot_source,/content/drive/MyDrive/LeafData.v1i.yolov11_aug4_20261003_170034/train/images/81_spot_jpg.rf.d4b38fb55a5d8e91b598f525d78833e3__aug4_brillo112.png,,,pending,missing,train/images/81_spot_jpg.rf.d4b38fb55a5d8e91b598f525d78833e3.jpg,,train/images/81_spot_jpg.rf.d4b38fb55a5d8e91b598f525d78833e3__aug4_brillo112.png,,8bdcb21084d33e90856480d39efda4130082b5f652693d6b6c8213071f7aeb32,spot,train,train,False,masks/spot/2905cada9226c3437c95fdff.png,pending,nonempty,416
SAM3_auto,contraste115,False,spot:81_spot_jpg,416,84bb4d685fb0275537d402b0,spot_source,/content/drive/MyDrive/LeafData.v1i.yolov11_aug4_20261003_170034/train/images/81_spot_jpg.rf.d4b38fb55a5d8e91b598f525d78833e3__aug4_contraste115.png,,,pending,missing,train/images/81_spot_jpg.rf.d4b38fb55a5d8e91b598f525d78833e3.jpg,,train/images/81_spot_jpg.rf.d4b38fb55a5d8e91b598f525d78833e3__aug4_contraste115.png,,ffd6e3c49e4f63917bfbcdb0769846afc6ded7d2d7c655dbd1d40fc92b887ce1,spot,train,train,False,masks/spot/84bb4d685fb0275537d402b0.png,pending,nonempty,416
SAM3_auto,hflip,False,spot:81_spot_jpg,416,eb304faf84e8ca58b8b40250,spot_source,/content/drive/MyDrive/LeafData.v1i.yolov11_aug4_20261003_170034/train/images/81_spot_jpg.rf.d4b38fb55a5d8e91b598f525d78833e3__aug4_hflip.png,,,pending,missing,train/images/81_spot_jpg.rf.d4b38fb55a5d8e91b598f525d78833e3.jpg,,train/images/81_spot_jpg.rf.d4b38fb55a5d8e91b598f525d78833e3__aug4_hflip.png,,c764a0f8aec411c2cb31c3937f04004f7eed85576660c9545a73039a3089ddcb,spot,train,train,False,masks/spot/eb304faf84e8ca58b8b40250.png,pending,nonempty,416
SAM3_auto,vflip,False,spot:81_spot_jpg,416,d52dc3646dbc93f72d4ce991,spot_source,/content/drive/MyDrive/LeafData.v1i.yolov11_aug4_20261003_170034/train/images/81_spot_jpg.rf.d4b38fb55a5d8e91b598f525d78833e3__aug4_vflip.png,,,pending,missing,train/images/81_spot_jpg.rf.d4b38fb55a5d8e91b598f525d78833e3.jpg,,train/images/81_spot_jpg.rf.d4b38fb55a5d8e91b598f525d78833e3__aug4_vflip.png,,bac19c3bf0d245526a7808dc88722941178218bba36cbc7cb4a95cf2a815b349,spot,train,train,False,masks/spot/d52dc3646dbc93f72d4ce991.png,pending,nonempty,416
SAM3_auto,original,True,spot:82_spot_jpg,416,738d7f0223592b20049263c8,spot_source,/content/drive/MyDrive/LeafData.v1i.yolov11_aug4_20261003_170034/train/images/82_spot_jpg.rf.554b16b03e4f181e069d1539625d1469.jpg,,,pending,missing,train/images/82_spot_jpg.rf.554b16b03e4f181e069d1539625d1469.jpg,,train/images/82_spot_jpg.rf.554b16b03e4f181e069d1539625d1469.jpg,,5cc4a396b151aba4088884b56d296149d800a8074ee6274666f69c438166cbfd,spot,train,train,False,masks/spot/738d7f0223592b20049263c8.png,pending,nonempty,416
SAM3_auto,brillo112,False,spot:82_spot_jpg,416,474551089b9a9a5334cfca5b,spot_source,/content/drive/MyDrive/LeafData.v1i.yolov11_aug4_20261003_170034/train/images/82_spot_jpg.rf.554b16b03e4f181e069d1539625d1469__aug4_brillo112.png,,,pending,missing,train/images/82_spot_jpg.rf.554b16b03e4f181e069d1539625d1469.jpg,,train/images/82_spot_jpg.rf.554b16b03e4f181e069d1539625d1469__aug4_brillo112.png,,7981a46a8c0a212ebfa736dea9dd3a9859054dbd89e8f1f739c9eb62ff743117,spot,train,train,False,masks/spot/474551089b9a9a5334cfca5b.png,pending,nonempty,416
SAM3_auto,contraste115,False,spot:82_spot_jpg,416,f5a257af93a45e809f2021e4,spot_source,/content/drive/MyDrive/LeafData.v1i.yolov11_aug4_20261003_170034/train/images/82_spot_jpg.rf.554b16b03e4f181e069d1539625d1469__aug4_contraste115.png,,,pending,missing,train/images/82_spot_jpg.rf.554b16b03e4f181e069d1539625d1469.jpg,,train/images/82_spot_jpg.rf.554b16b03e4f181e069d1539625d1469__aug4_contraste115.png,,436c0d9961b70b6e3e2bc821dd02a212a1eef7399480f725e3de405e654a5df1,spot,train,train,False,masks/spot/f5a257af93a45e809f2021e4.png,pending,nonempty,416
SAM3_auto,hflip,False,spot:82_spot_jpg,416,a35c17ede851b0917d3858ed,spot_source,/content/drive/MyDrive/LeafData.v1i.yolov11_aug4_20261003_170034/train/images/82_spot_jpg.rf.554b16b03e4f181e069d1539625d1469__aug4_hflip.png,,,pending,missing,train/images/82_spot_jpg.rf.554b16b03e4f181e069d1539625d1469.jpg,,train/images/82_spot_jpg.rf.554b16b03e4f181e069d1539625d1469__aug4_hflip.png,,0f918ab169ae7fe8adb3cd5d666351a0a2d10a316ba261940b808d56266d79d3,spot,train,train,False,masks/spot/a35c17ede851b0917d3858ed.png,pending,nonempty,416
SAM3_auto,vflip,False,spot:82_spot_jpg,416,856cad864015af08302f7c1f,spot_source,/content/drive/MyDrive/LeafData.v1i.yolov11_aug4_20261003_170034/train/images/82_spot_jpg.rf.554b16b03e4f181e069d1539625d1469__aug4_vflip.png,,,pending,missing,train/images/82_spot_jpg.rf.554b16b03e4f181e069d1539625d1469.jpg,,train/images/82_spot_jpg.rf.554b16b03e4f181e069d1539625d1469__aug4_vflip.png,,a37d83307d34d3b0dc8c7591c77056593045acd4fe3731547918ce8b4a1143c8,spot,train,train,False,masks/spot/856cad864015af08302f7c1f.png,pending,nonempty,416
SAM3_auto,original,True,spot:82_spot_jpg,416,740742514957b7b4eff658a4,spot_source,/content/drive/MyDrive/LeafData.v1i.yolov11_aug4_20261003_170034/train/images/82_spot_jpg.rf.92a2e7ad1408c72685f871f2606f2f62.jpg,,,pending,missing,train/images/82_spot_jpg.rf.92a2e7ad1408c72685f871f2606f2f62.jpg,,train/images/82_spot_jpg.rf.92a2e7ad1408c72685f871f2606f2f62.jpg,,bbaf58c82622ff7c5ce37b02f1aa6a244e74ab7684a9ce8bebdad0fdc1d81861,spot,train,train,False,masks/spot/740742514957b7b4eff658a4.png,pending,nonempty,416
SAM3_auto,brillo112,False,spot:82_spot_jpg,416,e216bfb96eb7edd0d6b725ca,spot_source,/content/drive/MyDrive/LeafData.v1i.yolov11_aug4_20261003_170034/train/images/82_spot_jpg.rf.92a2e7ad1408c72685f871f2606f2f62__aug4_brillo112.png,,,pending,missing,train/images/82_spot_jpg.rf.92a2e7ad1408c72685f871f2606f2f62.jpg,,train/images/82_spot_jpg.rf.92a2e7ad1408c72685f871f2606f2f62__aug4_brillo112.png,,0cd86c496d90663774436155deeb94a76ee09bc5ed4336d9f89ce4a669ed87df,spot,train,train,False,masks/spot/e216bfb96eb7edd0d6b725ca.png,pending,nonempty,416
SAM3_auto,contraste115,False,spot:82_spot_jpg,416,573f089879cba19a3fa0f0e1,spot_source,/content/drive/MyDrive/LeafData.v1i.yolov11_aug4_20261003_170034/train/images/82_spot_jpg.rf.92a2e7ad1408c72685f871f2606f2f62__aug4_contraste115.png,,,pending,missing,train/images/82_spot_jpg.rf.92a2e7ad1408c72685f871f2606f2f62.jpg,,train/images/82_spot_jpg.rf.92a2e7ad1408c72685f871f2606f2f62__aug4_contraste115.png,,ee3ce65a17cf7d7e0be902ddcd4068016185b48dffa7b1591db45d9596b16d7c,spot,train,train,False,masks/spot/573f089879cba19a3fa0f0e1.png,pending,nonempty,416
SAM3_auto,hflip,False,spot:82_spot_jpg,416,aeaf7310451dfe2032de71d0,spot_source,/content/drive/MyDrive/LeafData.v1i.yolov11_aug4_20261003_170034/train/images/82_spot_jpg.rf.92a2e7ad1408c72685f871f2606f2f62__aug4_hflip.png,,,pending,missing,train/images/82_spot_jpg.rf.92a2e7ad1408c72685f871f2606f2f62.jpg,,train/images/82_spot_jpg.rf.92a2e7ad1408c72685f871f2606f2f62__aug4_hflip.png,,db9d727da11383e1de062d57099a8ac9dc32f5bc5285ec0c7d78bf010af9f9a5,spot,train,train,False,masks/spot/aeaf7310451dfe2032de71d0.png,pending,nonempty,416
SAM3_auto,vflip,False,spot:82_spot_jpg,416,b38f2c26e455aa3f74ed1d63,spot_source,/content/drive/MyDrive/LeafData.v1i.yolov11_aug4_20261003_170034/train/images/82_spot_jpg.rf.92a2e7ad1408c72685f871f2606f2f62__aug4_vflip.png,,,pending,missing,train/images/82_spot_jpg.rf.92a2e7ad1408c72685f871f2606f2f62.jpg,,train/images/82_spot_jpg.rf.92a2e7ad1408c72685f871f2606f2f62__aug4_vflip.png,,216a0aa0dd5edf536016177c91eba3cd9647b87807b95bebe4eb60004ce5d002,spot,train,train,False,masks/spot/b38f2c26e455aa3f74ed1d63.png,pending,nonempty,416
SAM3_auto,original,True,spot:82_spot_jpg,416,425ded1472b2a151e9306238,spot_source,/content/drive/MyDrive/LeafData.v1i.yolov11_aug4_20261003_170034/train/images/82_spot_jpg.rf.ff2535c74413184349269627e0acb621.jpg,,,pending,missing,train/images/82_spot_jpg.rf.ff2535c74413184349269627e0acb621.jpg,,train/images/82_spot_jpg.rf.ff2535c74413184349269627e0acb621.jpg,,49dfaa0fe6272f971de7996398abe3cabc541fc5cd22049adbdc654960908170,spot,train,train,False,masks/spot/425ded1472b2a151e9306238.png,pending,nonempty,416
SAM3_auto,brillo112,False,spot:82_spot_jpg,416,109c86041d44bcb5e1169b6e,spot_source,/content/drive/MyDrive/LeafData.v1i.yolov11_aug4_20261003_170034/train/images/82_spot_jpg.rf.ff2535c74413184349269627e0acb621__aug4_brillo112.png,,,pending,missing,train/images/82_spot_jpg.rf.ff2535c74413184349269627e0acb621.jpg,,train/images/82_spot_jpg.rf.ff2535c74413184349269627e0acb621__aug4_brillo112.png,,5ac7121bb6d762c0be6a8bd9ce4c06a5719cd8924e9b93cbc652af78de088983,spot,train,train,False,masks/spot/109c86041d44bcb5e1169b6e.png,pending,nonempty,416
SAM3_auto,contraste115,False,spot:82_spot_jpg,416,1fda6076415f2c798e84314c,spot_source,/content/drive/MyDrive/LeafData.v1i.yolov11_aug4_20261003_170034/train/images/82_spot_jpg.rf.ff2535c74413184349269627e0acb621__aug4_contraste115.png,,,pending,missing,train/images/82_spot_jpg.rf.ff2535c74413184349269627e0acb621.jpg,,train/images/82_spot_jpg.rf.ff2535c74413184349269627e0acb621__aug4_contraste115.png,,ee48919b49ec145a90c83e815b0d77922ceddaabf88294d2fd756fcd15a4359d,spot,train,train,False,masks/spot/1fda6076415f2c798e84314c.png,pending,nonempty,416
SAM3_auto,hflip,False,spot:82_spot_jpg,416,30b5cd1d6f11cd6c9f5c9e2d,spot_source,/content/drive/MyDrive/LeafData.v1i.yolov11_aug4_20261003_170034/train/images/82_spot_jpg.rf.ff2535c74413184349269627e0acb621__aug4_hflip.png,,,pending,missing,train/images/82_spot_jpg.rf.ff2535c74413184349269627e0acb621.jpg,,train/images/82_spot_jpg.rf.ff2535c74413184349269627e0acb621__aug4_hflip.png,,161da721d5536f7e3cb29df6508c1be4a391b958f58bd66dd77a67a194d8dead,spot,train,train,False,masks/spot/30b5cd1d6f11cd6c9f5c9e2d.png,pending,nonempty,416
SAM3_auto,vflip,False,spot:82_spot_jpg,416,c9a0506256542678bd55b26a,spot_source,/content/drive/MyDrive/LeafData.v1i.yolov11_aug4_20261003_170034/train/images/82_spot_jpg.rf.ff2535c74413184349269627e0acb621__aug4_vflip.png,,,pending,missing,train/images/82_spot_jpg.rf.ff2535c74413184349269627e0acb621.jpg,,train/images/82_spot_jpg.rf.ff2535c74413184349269627e0acb621__aug4_vflip.png,,62616adb4b4bdf29fe4229fd83d937d9f0948cb5fb1fbe50a812b4aa36250a11,spot,train,train,False,masks/spot/c9a0506256542678bd55b26a.png,pending,nonempty,416
SAM3_auto,original,True,spot:83_spot_jpg,416,33e99e05e1cfa620e2e02de9,spot_source,/content/drive/MyDrive/LeafData.v1i.yolov11_aug4_20261003_170034/train/images/83_spot_jpg.rf.0171a35d44d3d4c857308c2b762fccfc.jpg,,,pending,missing,train/images/83_spot_jpg.rf.0171a35d44d3d4c857308c2b762fccfc.jpg,,train/images/83_spot_jpg.rf.0171a35d44d3d4c857308c2b762fccfc.jpg,,71be3d589c5620952baef55c833c7662ac50315030d9d72096acb8912b91931f,spot,train,train,False,masks/spot/33e99e05e1cfa620e2e02de9.png,pending,nonempty,416
SAM3_auto,brillo112,False,spot:83_spot_jpg,416,f3cc61172144c308c2d9961f,spot_source,/content/drive/MyDrive/LeafData.v1i.yolov11_aug4_20261003_170034/train/images/83_spot_jpg.rf.0171a35d44d3d4c857308c2b762fccfc__aug4_brillo112.png,,,pending,missing,train/images/83_spot_jpg.rf.0171a35d44d3d4c857308c2b762fccfc.jpg,,train/images/83_spot_jpg.rf.0171a35d44d3d4c857308c2b762fccfc__aug4_brillo112.png,,98cc7953235894bc0eb2d44a814f1aed26478c49d2d4828dd2afbb0822fb1c6e,spot,train,train,False,masks/spot/f3cc61172144c308c2d9961f.png,pending,nonempty,416
SAM3_auto,contraste115,False,spot:83_spot_jpg,416,e4e4e269806c55540e1fde7b,spot_source,/content/drive/MyDrive/LeafData.v1i.yolov11_aug4_20261003_170034/train/images/83_spot_jpg.rf.0171a35d44d3d4c857308c2b762fccfc__aug4_contraste115.png,,,pending,missing,train/images/83_spot_jpg.rf.0171a35d44d3d4c857308c2b762fccfc.jpg,,train/images/83_spot_jpg.rf.0171a35d44d3d4c857308c2b762fccfc__aug4_contraste115.png,,aeeb7829a4942a8c6fbb838abad884c0ca37ed89b17981dbcb2a91ddb5df38da,spot,train,train,False,masks/spot/e4e4e269806c55540e1fde7b.png,pending,nonempty,416
SAM3_auto,hflip,False,spot:83_spot_jpg,416,e70354013fee32ff0d0b32bd,spot_source,/content/drive/MyDrive/LeafData.v1i.yolov11_aug4_20261003_170034/train/images/83_spot_jpg.rf.0171a35d44d3d4c857308c2b762fccfc__aug4_hflip.png,,,pending,missing,train/images/83_spot_jpg.rf.0171a35d44d3d4c857308c2b762fccfc.jpg,,train/images/83_spot_jpg.rf.0171a35d44d3d4c857308c2b762fccfc__aug4_hflip.png,,d3756fac5d12ed352aebe9beff1e59039321cd9e989bbc02ec0cc1c7490bec73,spot,train,train,False,masks/spot/e70354013fee32ff0d0b32bd.png,pending,nonempty,416
SAM3_auto,vflip,False,spot:83_spot_jpg,416,5b76b594474122abd5cc8e2a,spot_source,/content/drive/MyDrive/LeafData.v1i.yolov11_aug4_20261003_170034/train/images/83_spot_jpg.rf.0171a35d44d3d4c857308c2b762fccfc__aug4_vflip.png,,,pending,missing,train/images/83_spot_jpg.rf.0171a35d44d3d4c857308c2b762fccfc.jpg,,train/images/83_spot_jpg.rf.0171a35d44d3d4c857308c2b762fccfc__aug4_vflip.png,,4de917e356f06219bf492dfd47ed4bb7a24a19a0022bca3769f6f25c5e462688,spot,train,train,False,masks/spot/5b76b594474122abd5cc8e2a.png,pending,nonempty,416
SAM3_auto,original,True,spot:83_spot_jpg,416,6baebe17b3af607bc7a9fb4e,spot_source,/content/drive/MyDrive/LeafData.v1i.yolov11_aug4_20261003_170034/train/images/83_spot_jpg.rf.2240978c04f7264cfc3b13519af5cdb4.jpg,,,pending,missing,train/images/83_spot_jpg.rf.2240978c04f7264cfc3b13519af5cdb4.jpg,,train/images/83_spot_jpg.rf.2240978c04f7264cfc3b13519af5cdb4.jpg,,891e0c8f05bdc00d3f0fa524875c48a124c4bf211be6d3450788651b6a7589db,spot,train,train,False,masks/spot/6baebe17b3af607bc7a9fb4e.png,pending,nonempty,416
SAM3_auto,brillo112,False,spot:83_spot_jpg,416,becf87ae31685c372075506a,spot_source,/content/drive/MyDrive/LeafData.v1i.yolov11_aug4_20261003_170034/train/images/83_spot_jpg.rf.2240978c04f7264cfc3b13519af5cdb4__aug4_brillo112.png,,,pending,missing,train/images/83_spot_jpg.rf.2240978c04f7264cfc3b13519af5cdb4.jpg,,train/images/83_spot_jpg.rf.2240978c04f7264cfc3b13519af5cdb4__aug4_brillo112.png,,50f7193bec4b4a5ff2a2bfe4c563afc677e7b6bbd4eb6c896840344edad4ccb7,spot,train,train,False,masks/spot/becf87ae31685c372075506a.png,pending,nonempty,416
SAM3_auto,contraste115,False,spot:83_spot_jpg,416,6f2e813b563569e518d2c851,spot_source,/content/drive/MyDrive/LeafData.v1i.yolov11_aug4_20261003_170034/train/images/83_spot_jpg.rf.2240978c04f7264cfc3b13519af5cdb4__aug4_contraste115.png,,,pending,missing,train/images/83_spot_jpg.rf.2240978c04f7264cfc3b13519af5cdb4.jpg,,train/images/83_spot_jpg.rf.2240978c04f7264cfc3b13519af5cdb4__aug4_contraste115.png,,31360b1f51b23cb9376c515931e2c2e39adc2dc87de577ceaf9e396f994a111f,spot,train,train,False,masks/spot/6f2e813b563569e518d2c851.png,pending,nonempty,416
SAM3_auto,hflip,False,spot:83_spot_jpg,416,dfeb21a0bbccb199617f78cc,spot_source,/content/drive/MyDrive/LeafData.v1i.yolov11_aug4_20261003_170034/train/images/83_spot_jpg.rf.2240978c04f7264cfc3b13519af5cdb4__aug4_hflip.png,,,pending,missing,train/images/83_spot_jpg.rf.2240978c04f7264cfc3b13519af5cdb4.jpg,,train/images/83_spot_jpg.rf.2240978c04f7264cfc3b13519af5cdb4__aug4_hflip.png,,6ccc8aa3918c0d876732333eb494dd8c33c4b2212f8ca6d0b6e6e24429ce1e2d,spot,train,train,False,masks/spot/dfeb21a0bbccb199617f78cc.png,pending,nonempty,416
SAM3_auto,vflip,False,spot:83_spot_jpg,416,369d335dc4a0d07b6aa8c4f3,spot_source,/content/drive/MyDrive/LeafData.v1i.yolov11_aug4_20261003_170034/train/images/83_spot_jpg.rf.2240978c04f7264cfc3b13519af5cdb4__aug4_vflip.png,,,pending,missing,train/images/83_spot_jpg.rf.2240978c04f7264cfc3b13519af5cdb4.jpg,,train/images/83_spot_jpg.rf.2240978c04f7264cfc3b13519af5cdb4__aug4_vflip.png,,f71fd821ddb8bec46918eaf8c3f749f5fd453071d08e196d62236debbaa13bc5,spot,train,train,False,masks/spot/369d335dc4a0d07b6aa8c4f3.png,pending,nonempty,416
SAM3_auto,original,True,spot:83_spot_jpg,416,628aa699deee1fa35e25c1eb,spot_source,/content/drive/MyDrive/LeafData.v1i.yolov11_aug4_20261003_170034/train/images/83_spot_jpg.rf.34e7c7e9257441decd76a6b45e56a5f5.jpg,,,pending,missing,train/images/83_spot_jpg.rf.34e7c7e9257441decd76a6b45e56a5f5.jpg,,train/images/83_spot_jpg.rf.34e7c7e9257441decd76a6b45e56a5f5.jpg,,454c9c4fb44561a61bca5a0569de70bc6d153490dbc02a17e7137c6402b3940b,spot,train,train,False,masks/spot/628aa699deee1fa35e25c1eb.png,pending,nonempty,416
SAM3_auto,brillo112,False,spot:83_spot_jpg,416,6d27ecc87ca3ea1f46427d47,spot_source,/content/drive/MyDrive/LeafData.v1i.yolov11_aug4_20261003_170034/train/images/83_spot_jpg.rf.34e7c7e9257441decd76a6b45e56a5f5__aug4_brillo112.png,,,pending,missing,train/images/83_spot_jpg.rf.34e7c7e9257441decd76a6b45e56a5f5.jpg,,train/images/83_spot_jpg.rf.34e7c7e9257441decd76a6b45e56a5f5__aug4_brillo112.png,,ce7c1da680d7e2dfd1b7fc7efbb956ffe95475c9c375025179a3263b89e45e46,spot,train,train,False,masks/spot/6d27ecc87ca3ea1f46427d47.png,pending,nonempty,416
SAM3_auto,contraste115,False,spot:83_spot_jpg,416,00ced01be3883f0426c0de78,spot_source,/content/drive/MyDrive/LeafData.v1i.yolov11_aug4_20261003_170034/train/images/83_spot_jpg.rf.34e7c7e9257441decd76a6b45e56a5f5__aug4_contraste115.png,,,pending,missing,train/images/83_spot_jpg.rf.34e7c7e9257441decd76a6b45e56a5f5.jpg,,train/images/83_spot_jpg.rf.34e7c7e9257441decd76a6b45e56a5f5__aug4_contraste115.png,,600a55daca9b4ef6f4184fef634bb1fa3a5c587b090384184f7e7a359c0b6d25,spot,train,train,False,masks/spot/00ced01be3883f0426c0de78.png,pending,nonempty,416
SAM3_auto,hflip,False,spot:83_spot_jpg,416,72073b64a4afb16497e253c0,spot_source,/content/drive/MyDrive/LeafData.v1i.yolov11_aug4_20261003_170034/train/images/83_spot_jpg.rf.34e7c7e9257441decd76a6b45e56a5f5__aug4_hflip.png,,,pending,missing,train/images/83_spot_jpg.rf.34e7c7e9257441decd76a6b45e56a5f5.jpg,,train/images/83_spot_jpg.rf.34e7c7e9257441decd76a6b45e56a5f5__aug4_hflip.png,,d0114904c3676f3dac9b5ef3c9502dd73774e11ff4b499f20d5d89d5d3a6c3ae,spot,train,train,False,masks/spot/72073b64a4afb16497e253c0.png,pending,nonempty,416
SAM3_auto,vflip,False,spot:83_spot_jpg,416,23d64f3373ecd200e6e34618,spot_source,/content/drive/MyDrive/LeafData.v1i.yolov11_aug4_20261003_170034/train/images/83_spot_jpg.rf.34e7c7e9257441decd76a6b45e56a5f5__aug4_vflip.png,,,pending,missing,train/images/83_spot_jpg.rf.34e7c7e9257441decd76a6b45e56a5f5.jpg,,train/images/83_spot_jpg.rf.34e7c7e9257441decd76a6b45e56a5f5__aug4_vflip.png,,f0c016c3b626f1fa8c369e9e62453c78b21d636a3cc888fd296d504cc167943f,spot,train,train,False,masks/spot/23d64f3373ecd200e6e34618.png,pending,nonempty,416
SAM3_auto,original,True,spot:84_spot_jpg,416,202eee03c2b1f1ba3fe3b794,spot_source,/content/drive/MyDrive/LeafData.v1i.yolov11_aug4_20261003_170034/train/images/84_spot_jpg.rf.a85438f0aa99d153d0d1ac252eb6ead8.jpg,,,pending,missing,train/images/84_spot_jpg.rf.a85438f0aa99d153d0d1ac252eb6ead8.jpg,,train/images/84_spot_jpg.rf.a85438f0aa99d153d0d1ac252eb6ead8.jpg,,9c6863124f18c64103de59e6e386c04e67d78fcd940d5426b6edd0bceadb9097,spot,train,train,False,masks/spot/202eee03c2b1f1ba3fe3b794.png,pending,nonempty,416
SAM3_auto,brillo112,False,spot:84_spot_jpg,416,864ee4ca463ca73224f75ee8,spot_source,/content/drive/MyDrive/LeafData.v1i.yolov11_aug4_20261003_170034/train/images/84_spot_jpg.rf.a85438f0aa99d153d0d1ac252eb6ead8__aug4_brillo112.png,,,pending,missing,train/images/84_spot_jpg.rf.a85438f0aa99d153d0d1ac252eb6ead8.jpg,,train/images/84_spot_jpg.rf.a85438f0aa99d153d0d1ac252eb6ead8__aug4_brillo112.png,,2f9739929cb614d6092ac39499d7d124a22d016166d793ba0365abfba0622b82,spot,train,train,False,masks/spot/864ee4ca463ca73224f75ee8.png,pending,nonempty,416
SAM3_auto,contraste115,False,spot:84_spot_jpg,416,f828772d663f263622cbebee,spot_source,/content/drive/MyDrive/LeafData.v1i.yolov11_aug4_20261003_170034/train/images/84_spot_jpg.rf.a85438f0aa99d153d0d1ac252eb6ead8__aug4_contraste115.png,,,pending,missing,train/images/84_spot_jpg.rf.a85438f0aa99d153d0d1ac252eb6ead8.jpg,,train/images/84_spot_jpg.rf.a85438f0aa99d153d0d1ac252eb6ead8__aug4_contraste115.png,,20df63921b0adf85355649743bf07d32a0f4bc131db588910e4fe943a6c0a5b0,spot,train,train,False,masks/spot/f828772d663f263622cbebee.png,pending,nonempty,416
SAM3_auto,hflip,False,spot:84_spot_jpg,416,d30aa2fdece446a643755802,spot_source,/content/drive/MyDrive/LeafData.v1i.yolov11_aug4_20261003_170034/train/images/84_spot_jpg.rf.a85438f0aa99d153d0d1ac252eb6ead8__aug4_hflip.png,,,pending,missing,train/images/84_spot_jpg.rf.a85438f0aa99d153d0d1ac252eb6ead8.jpg,,train/images/84_spot_jpg.rf.a85438f0aa99d153d0d1ac252eb6ead8__aug4_hflip.png,,ea647905848141b3c2cd1ade0b107771a4c2bad1cb77f5fe3db47c82ed0d796c,spot,train,train,False,masks/spot/d30aa2fdece446a643755802.png,pending,nonempty,416
SAM3_auto,vflip,False,spot:84_spot_jpg,416,3132e0a6d93b73f72f7dfa25,spot_source,/content/drive/MyDrive/LeafData.v1i.yolov11_aug4_20261003_170034/train/images/84_spot_jpg.rf.a85438f0aa99d153d0d1ac252eb6ead8__aug4_vflip.png,,,pending,missing,train/images/84_spot_jpg.rf.a85438f0aa99d153d0d1ac252eb6ead8.jpg,,train/images/84_spot_jpg.rf.a85438f0aa99d153d0d1ac252eb6ead8__aug4_vflip.png,,a76daec3854214f445940905668e448e78b8a43c5c8d0671fb85852b3330ce7c,spot,train,train,False,masks/spot/3132e0a6d93b73f72f7dfa25.png,pending,nonempty,416
SAM3_auto,original,True,spot:86_spot_jpg,416,90589a7b844b5272af0b77b6,spot_source,/content/drive/MyDrive/LeafData.v1i.yolov11_aug4_20261003_170034/train/images/86_spot_jpg.rf.0c9d3358ff69ea5d18e2ec2ccf282b14.jpg,,,pending,missing,train/images/86_spot_jpg.rf.0c9d3358ff69ea5d18e2ec2ccf282b14.jpg,,train/images/86_spot_jpg.rf.0c9d3358ff69ea5d18e2ec2ccf282b14.jpg,,f2c7df49149d15dd46af2bd1946d78cd59cfdaa1358dfb016c602e2f19994041,spot,train,train,False,masks/spot/90589a7b844b5272af0b77b6.png,pending,nonempty,416
SAM3_auto,brillo112,False,spot:86_spot_jpg,416,67e902267b339a80f02d155e,spot_source,/content/drive/MyDrive/LeafData.v1i.yolov11_aug4_20261003_170034/train/images/86_spot_jpg.rf.0c9d3358ff69ea5d18e2ec2ccf282b14__aug4_brillo112.png,,,pending,missing,train/images/86_spot_jpg.rf.0c9d3358ff69ea5d18e2ec2ccf282b14.jpg,,train/images/86_spot_jpg.rf.0c9d3358ff69ea5d18e2ec2ccf282b14__aug4_brillo112.png,,3cc8da1d42396ea79ad7202c8e2b8ab66a84df09838314de9798cfa62880e1f1,spot,train,train,False,masks/spot/67e902267b339a80f02d155e.png,pending,nonempty,416
SAM3_auto,contraste115,False,spot:86_spot_jpg,416,7bc5d8729adca238ace4a968,spot_source,/content/drive/MyDrive/LeafData.v1i.yolov11_aug4_20261003_170034/train/images/86_spot_jpg.rf.0c9d3358ff69ea5d18e2ec2ccf282b14__aug4_contraste115.png,,,pending,missing,train/images/86_spot_jpg.rf.0c9d3358ff69ea5d18e2ec2ccf282b14.jpg,,train/images/86_spot_jpg.rf.0c9d3358ff69ea5d18e2ec2ccf282b14__aug4_contraste115.png,,89e205cc49050b09352e2f513004b1adf0d2dabf6038cefec4cc63ea556c21b3,spot,train,train,False,masks/spot/7bc5d8729adca238ace4a968.png,pending,nonempty,416
SAM3_auto,hflip,False,spot:86_spot_jpg,416,97520e3608be17319f8a50c9,spot_source,/content/drive/MyDrive/LeafData.v1i.yolov11_aug4_20261003_170034/train/images/86_spot_jpg.rf.0c9d3358ff69ea5d18e2ec2ccf282b14__aug4_hflip.png,,,pending,missing,train/images/86_spot_jpg.rf.0c9d3358ff69ea5d18e2ec2ccf282b14.jpg,,train/images/86_spot_jpg.rf.0c9d3358ff69ea5d18e2ec2ccf282b14__aug4_hflip.png,,fb2c1fb3ad8c630fc1cc5e7a63ea3551c8f76e86839892d5082e328cd626634a,spot,train,train,False,masks/spot/97520e3608be17319f8a50c9.png,pending,nonempty,416
SAM3_auto,vflip,False,spot:86_spot_jpg,416,d236ea165b096f87836e5a5b,spot_source,/content/drive/MyDrive/LeafData.v1i.yolov11_aug4_20261003_170034/train/images/86_spot_jpg.rf.0c9d3358ff69ea5d18e2ec2ccf282b14__aug4_vflip.png,,,pending,missing,train/images/86_spot_jpg.rf.0c9d3358ff69ea5d18e2ec2ccf282b14.jpg,,train/images/86_spot_jpg.rf.0c9d3358ff69ea5d18e2ec2ccf282b14__aug4_vflip.png,,f76ed91d57d967f256a45f2ea678d97d3f16079da9894a07658d23e6fa5ccae3,spot,train,train,False,masks/spot/d236ea165b096f87836e5a5b.png,pending,nonempty,416
SAM3_auto,original,True,spot:86_spot_jpg,416,d3c5fc6d8473c23eb0d2dfbf,spot_source,/content/drive/MyDrive/LeafData.v1i.yolov11_aug4_20261003_170034/train/images/86_spot_jpg.rf.5884746d88a04dd46cc8e2894ba293de.jpg,,,pending,missing,train/images/86_spot_jpg.rf.5884746d88a04dd46cc8e2894ba293de.jpg,,train/images/86_spot_jpg.rf.5884746d88a04dd46cc8e2894ba293de.jpg,,ec8b0cf7fe1698c802676bf2d5993efc4af201d0776d9818132cefaefd855e15,spot,train,train,False,masks/spot/d3c5fc6d8473c23eb0d2dfbf.png,pending,nonempty,416
SAM3_auto,brillo112,False,spot:86_spot_jpg,416,039797dde7ea9b18e10aae6d,spot_source,/content/drive/MyDrive/LeafData.v1i.yolov11_aug4_20261003_170034/train/images/86_spot_jpg.rf.5884746d88a04dd46cc8e2894ba293de__aug4_brillo112.png,,,pending,missing,train/images/86_spot_jpg.rf.5884746d88a04dd46cc8e2894ba293de.jpg,,train/images/86_spot_jpg.rf.5884746d88a04dd46cc8e2894ba293de__aug4_brillo112.png,,73f17941d64334bc35d496614d309afdd9ec9f9054ab0c43ef5f8072d35bc606,spot,train,train,False,masks/spot/039797dde7ea9b18e10aae6d.png,pending,nonempty,416
SAM3_auto,contraste115,False,spot:86_spot_jpg,416,021e89f1edf22ab90314028e,spot_source,/content/drive/MyDrive/LeafData.v1i.yolov11_aug4_20261003_170034/train/images/86_spot_jpg.rf.5884746d88a04dd46cc8e2894ba293de__aug4_contraste115.png,,,pending,missing,train/images/86_spot_jpg.rf.5884746d88a04dd46cc8e2894ba293de.jpg,,train/images/86_spot_jpg.rf.5884746d88a04dd46cc8e2894ba293de__aug4_contraste115.png,,08b600792e6bf4c49c31463ba50998204d1d0e4fd1585e06f63d656df69bb842,spot,train,train,False,masks/spot/021e89f1edf22ab90314028e.png,pending,nonempty,416
SAM3_auto,hflip,False,spot:86_spot_jpg,416,0f443eac5cf46ecff4915f68,spot_source,/content/drive/MyDrive/LeafData.v1i.yolov11_aug4_20261003_170034/train/images/86_spot_jpg.rf.5884746d88a04dd46cc8e2894ba293de__aug4_hflip.png,,,pending,missing,train/images/86_spot_jpg.rf.5884746d88a04dd46cc8e2894ba293de.jpg,,train/images/86_spot_jpg.rf.5884746d88a04dd46cc8e2894ba293de__aug4_hflip.png,,c9071e4264165e212dbc6ab830f984f8aeee4a5ce3b630fe205261f27ee77ac7,spot,train,train,False,masks/spot/0f443eac5cf46ecff4915f68.png,pending,nonempty,416
SAM3_auto,vflip,False,spot:86_spot_jpg,416,0e6afce392e50e545f9d45dc,spot_source,/content/drive/MyDrive/LeafData.v1i.yolov11_aug4_20261003_170034/train/images/86_spot_jpg.rf.5884746d88a04dd46cc8e2894ba293de__aug4_vflip.png,,,pending,missing,train/images/86_spot_jpg.rf.5884746d88a04dd46cc8e2894ba293de.jpg,,train/images/86_spot_jpg.rf.5884746d88a04dd46cc8e2894ba293de__aug4_vflip.png,,e4c002c6d64594f54c8273627393f4365f3a129000f28978f00d95c67a98ecd5,spot,train,train,False,masks/spot/0e6afce392e50e545f9d45dc.png,pending,nonempty,416
SAM3_auto,original,True,spot:86_spot_jpg,416,51d4667ed60a1e4b7e3a8ca1,spot_source,/content/drive/MyDrive/LeafData.v1i.yolov11_aug4_20261003_170034/train/images/86_spot_jpg.rf.d4ed1174af0f19785a9122b074c4583d.jpg,,,pending,missing,train/images/86_spot_jpg.rf.d4ed1174af0f19785a9122b074c4583d.jpg,,train/images/86_spot_jpg.rf.d4ed1174af0f19785a9122b074c4583d.jpg,,25b08f2fd16d3f8f06f3f611b5798c50901cc23f79a2c060f2acb0d567267592,spot,train,train,False,masks/spot/51d4667ed60a1e4b7e3a8ca1.png,pending,nonempty,416
SAM3_auto,brillo112,False,spot:86_spot_jpg,416,41a570e9b6fd7e43bee91950,spot_source,/content/drive/MyDrive/LeafData.v1i.yolov11_aug4_20261003_170034/train/images/86_spot_jpg.rf.d4ed1174af0f19785a9122b074c4583d__aug4_brillo112.png,,,pending,missing,train/images/86_spot_jpg.rf.d4ed1174af0f19785a9122b074c4583d.jpg,,train/images/86_spot_jpg.rf.d4ed1174af0f19785a9122b074c4583d__aug4_brillo112.png,,6503a19646cfb107994b97f9c0e7a630a68898538c0d2b9cb48adf58e6e09b6e,spot,train,train,False,masks/spot/41a570e9b6fd7e43bee91950.png,pending,nonempty,416
SAM3_auto,contraste115,False,spot:86_spot_jpg,416,c0cc553ccc4132bf4dea6b06,spot_source,/content/drive/MyDrive/LeafData.v1i.yolov11_aug4_20261003_170034/train/images/86_spot_jpg.rf.d4ed1174af0f19785a9122b074c4583d__aug4_contraste115.png,,,pending,missing,train/images/86_spot_jpg.rf.d4ed1174af0f19785a9122b074c4583d.jpg,,train/images/86_spot_jpg.rf.d4ed1174af0f19785a9122b074c4583d__aug4_contraste115.png,,e383cb49a72bdd2ab0a0f6fe7a7aad856921622ac79abf6c3874aa5e24a0cfed,spot,train,train,False,masks/spot/c0cc553ccc4132bf4dea6b06.png,pending,nonempty,416
SAM3_auto,hflip,False,spot:86_spot_jpg,416,7037b1061842cdf3e1639505,spot_source,/content/drive/MyDrive/LeafData.v1i.yolov11_aug4_20261003_170034/train/images/86_spot_jpg.rf.d4ed1174af0f19785a9122b074c4583d__aug4_hflip.png,,,pending,missing,train/images/86_spot_jpg.rf.d4ed1174af0f19785a9122b074c4583d.jpg,,train/images/86_spot_jpg.rf.d4ed1174af0f19785a9122b074c4583d__aug4_hflip.png,,c9cb2d3ed3205c719f95a82ab55bc98ae5c7bbbd8d303e5fc6501e4c8affffae,spot,train,train,False,masks/spot/7037b1061842cdf3e1639505.png,pending,nonempty,416
SAM3_auto,vflip,False,spot:86_spot_jpg,416,456edbfe9055532fb03a6baa,spot_source,/content/drive/MyDrive/LeafData.v1i.yolov11_aug4_20261003_170034/train/images/86_spot_jpg.rf.d4ed1174af0f19785a9122b074c4583d__aug4_vflip.png,,,pending,missing,train/images/86_spot_jpg.rf.d4ed1174af0f19785a9122b074c4583d.jpg,,train/images/86_spot_jpg.rf.d4ed1174af0f19785a9122b074c4583d__aug4_vflip.png,,3ad39343f91a13ef1e0effd71e238edd8041f266e5d1f7918fd3fbdb12d5a72d,spot,train,train,False,masks/spot/456edbfe9055532fb03a6baa.png,pending,nonempty,416
SAM3_auto,original,True,spot:87_spot_jpg,416,4ac83bb9b1eae787a87dd874,spot_source,/content/drive/MyDrive/LeafData.v1i.yolov11_aug4_20261003_170034/train/images/87_spot_jpg.rf.6caaaab111f6f7c4ab9cc8a83c5a37b2.jpg,,,pending,missing,train/images/87_spot_jpg.rf.6caaaab111f6f7c4ab9cc8a83c5a37b2.jpg,,train/images/87_spot_jpg.rf.6caaaab111f6f7c4ab9cc8a83c5a37b2.jpg,,5be964257a9e6c4e9948fe7f515aebc3b242c0ad9a6d2d8078260d049f435fde,spot,train,train,False,masks/spot/4ac83bb9b1eae787a87dd874.png,pending,nonempty,416
SAM3_auto,brillo112,False,spot:87_spot_jpg,416,8cdbb5d0e21ba613debc29ab,spot_source,/content/drive/MyDrive/LeafData.v1i.yolov11_aug4_20261003_170034/train/images/87_spot_jpg.rf.6caaaab111f6f7c4ab9cc8a83c5a37b2__aug4_brillo112.png,,,pending,missing,train/images/87_spot_jpg.rf.6caaaab111f6f7c4ab9cc8a83c5a37b2.jpg,,train/images/87_spot_jpg.rf.6caaaab111f6f7c4ab9cc8a83c5a37b2__aug4_brillo112.png,,e83fc5787a03e9cfde4dc34ba93e68b36c1aa42ca371debc3e8d376332ff76a9,spot,train,train,False,masks/spot/8cdbb5d0e21ba613debc29ab.png,pending,nonempty,416
SAM3_auto,contraste115,False,spot:87_spot_jpg,416,c554664fbd3693b11534fd27,spot_source,/content/drive/MyDrive/LeafData.v1i.yolov11_aug4_20261003_170034/train/images/87_spot_jpg.rf.6caaaab111f6f7c4ab9cc8a83c5a37b2__aug4_contraste115.png,,,pending,missing,train/images/87_spot_jpg.rf.6caaaab111f6f7c4ab9cc8a83c5a37b2.jpg,,train/images/87_spot_jpg.rf.6caaaab111f6f7c4ab9cc8a83c5a37b2__aug4_contraste115.png,,471f168104e1634e2fed554a041ce4b3402163a2af09678a12adb8938d1114c2,spot,train,train,False,masks/spot/c554664fbd3693b11534fd27.png,pending,nonempty,416
SAM3_auto,hflip,False,spot:87_spot_jpg,416,077140fddbf8ba5c8384cf3c,spot_source,/content/drive/MyDrive/LeafData.v1i.yolov11_aug4_20261003_170034/train/images/87_spot_jpg.rf.6caaaab111f6f7c4ab9cc8a83c5a37b2__aug4_hflip.png,,,pending,missing,train/images/87_spot_jpg.rf.6caaaab111f6f7c4ab9cc8a83c5a37b2.jpg,,train/images/87_spot_jpg.rf.6caaaab111f6f7c4ab9cc8a83c5a37b2__aug4_hflip.png,,3e85a3eb9f16fdd08d0b3e266134957d693d4b3620fdaa6c1e9c03d4c30afda3,spot,train,train,False,masks/spot/077140fddbf8ba5c8384cf3c.png,pending,nonempty,416
SAM3_auto,vflip,False,spot:87_spot_jpg,416,57e6a9c919045628078b5138,spot_source,/content/drive/MyDrive/LeafData.v1i.yolov11_aug4_20261003_170034/train/images/87_spot_jpg.rf.6caaaab111f6f7c4ab9cc8a83c5a37b2__aug4_vflip.png,,,pending,missing,train/images/87_spot_jpg.rf.6caaaab111f6f7c4ab9cc8a83c5a37b2.jpg,,train/images/87_spot_jpg.rf.6caaaab111f6f7c4ab9cc8a83c5a37b2__aug4_vflip.png,,ce4201eaedc809a217469687fc3779ce77a39d9bd89853e7bf5e13967ee8ac86,spot,train,train,False,masks/spot/57e6a9c919045628078b5138.png,pending,nonempty,416
SAM3_auto,original,True,spot:87_spot_jpg,416,019374bd7e75b443d3fcf2db,spot_source,/content/drive/MyDrive/LeafData.v1i.yolov11_aug4_20261003_170034/train/images/87_spot_jpg.rf.b6a1899f5875df05300e4b73d4aeeadf.jpg,,,pending,missing,train/images/87_spot_jpg.rf.b6a1899f5875df05300e4b73d4aeeadf.jpg,,train/images/87_spot_jpg.rf.b6a1899f5875df05300e4b73d4aeeadf.jpg,,88c63fc67d8687e2d8091798e8d344675f2747f5a0c6378f45890dda0297b94b,spot,train,train,False,masks/spot/019374bd7e75b443d3fcf2db.png,pending,nonempty,416
SAM3_auto,brillo112,False,spot:87_spot_jpg,416,fa8cdaf0715a890b8b772bff,spot_source,/content/drive/MyDrive/LeafData.v1i.yolov11_aug4_20261003_170034/train/images/87_spot_jpg.rf.b6a1899f5875df05300e4b73d4aeeadf__aug4_brillo112.png,,,pending,missing,train/images/87_spot_jpg.rf.b6a1899f5875df05300e4b73d4aeeadf.jpg,,train/images/87_spot_jpg.rf.b6a1899f5875df05300e4b73d4aeeadf__aug4_brillo112.png,,4dfe9fa0d3e73eddf89f098d55c540a7e79dda5b82b8ba4c160abd16c08f6b2a,spot,train,train,False,masks/spot/fa8cdaf0715a890b8b772bff.png,pending,nonempty,416
SAM3_auto,contraste115,False,spot:87_spot_jpg,416,56053f86d7a05f9bbaf78c76,spot_source,/content/drive/MyDrive/LeafData.v1i.yolov11_aug4_20261003_170034/train/images/87_spot_jpg.rf.b6a1899f5875df05300e4b73d4aeeadf__aug4_contraste115.png,,,pending,missing,train/images/87_spot_jpg.rf.b6a1899f5875df05300e4b73d4aeeadf.jpg,,train/images/87_spot_jpg.rf.b6a1899f5875df05300e4b73d4aeeadf__aug4_contraste115.png,,d755fd07fcf633d97e3e89cd1e5356910944e5537f71e7661249aa951e1f428e,spot,train,train,False,masks/spot/56053f86d7a05f9bbaf78c76.png,pending,nonempty,416
SAM3_auto,hflip,False,spot:87_spot_jpg,416,f0f3f03192b0050040de42fa,spot_source,/content/drive/MyDrive/LeafData.v1i.yolov11_aug4_20261003_170034/train/images/87_spot_jpg.rf.b6a1899f5875df05300e4b73d4aeeadf__aug4_hflip.png,,,pending,missing,train/images/87_spot_jpg.rf.b6a1899f5875df05300e4b73d4aeeadf.jpg,,train/images/87_spot_jpg.rf.b6a1899f5875df05300e4b73d4aeeadf__aug4_hflip.png,,72f771feff340f6283194aaa3b5c6a769da2896bd18fceb431dd0e9781778278,spot,train,train,False,masks/spot/f0f3f03192b0050040de42fa.png,pending,nonempty,416
SAM3_auto,vflip,False,spot:87_spot_jpg,416,cbfa970a9759646345aa7674,spot_source,/content/drive/MyDrive/LeafData.v1i.yolov11_aug4_20261003_170034/train/images/87_spot_jpg.rf.b6a1899f5875df05300e4b73d4aeeadf__aug4_vflip.png,,,pending,missing,train/images/87_spot_jpg.rf.b6a1899f5875df05300e4b73d4aeeadf.jpg,,train/images/87_spot_jpg.rf.b6a1899f5875df05300e4b73d4aeeadf__aug4_vflip.png,,e859fbe4dae977656a0da03fdb3da612f7d322f175fd18b5fed74f9865c22e69,spot,train,train,False,masks/spot/cbfa970a9759646345aa7674.png,pending,nonempty,416
SAM3_auto,original,True,spot:87_spot_jpg,416,c0110f488a7c7ba0d588384b,spot_source,/content/drive/MyDrive/LeafData.v1i.yolov11_aug4_20261003_170034/train/images/87_spot_jpg.rf.f6a128959f0821f2e1f0ea48b8f0c13a.jpg,,,pending,missing,train/images/87_spot_jpg.rf.f6a128959f0821f2e1f0ea48b8f0c13a.jpg,,train/images/87_spot_jpg.rf.f6a128959f0821f2e1f0ea48b8f0c13a.jpg,,f4b8f07c117cade0ae242602369d2de6ff13ac8801344be0df1847f2282e250d,spot,train,train,False,masks/spot/c0110f488a7c7ba0d588384b.png,pending,nonempty,416
SAM3_auto,brillo112,False,spot:87_spot_jpg,416,5264c5fb967ac2f5e0bc18d8,spot_source,/content/drive/MyDrive/LeafData.v1i.yolov11_aug4_20261003_170034/train/images/87_spot_jpg.rf.f6a128959f0821f2e1f0ea48b8f0c13a__aug4_brillo112.png,,,pending,missing,train/images/87_spot_jpg.rf.f6a128959f0821f2e1f0ea48b8f0c13a.jpg,,train/images/87_spot_jpg.rf.f6a128959f0821f2e1f0ea48b8f0c13a__aug4_brillo112.png,,ac663caeed87d91a981f1a5e4bccef8d1deb2993b39cb672f118fcfd83f1882c,spot,train,train,False,masks/spot/5264c5fb967ac2f5e0bc18d8.png,pending,nonempty,416
SAM3_auto,contraste115,False,spot:87_spot_jpg,416,8e16af69d36d2a0be0a39873,spot_source,/content/drive/MyDrive/LeafData.v1i.yolov11_aug4_20261003_170034/train/images/87_spot_jpg.rf.f6a128959f0821f2e1f0ea48b8f0c13a__aug4_contraste115.png,,,pending,missing,train/images/87_spot_jpg.rf.f6a128959f0821f2e1f0ea48b8f0c13a.jpg,,train/images/87_spot_jpg.rf.f6a128959f0821f2e1f0ea48b8f0c13a__aug4_contraste115.png,,b94e07d7e14871d8ce33c11bde90e0bf8e52300399cdb059095defd5fe863e19,spot,train,train,False,masks/spot/8e16af69d36d2a0be0a39873.png,pending,nonempty,416
SAM3_auto,hflip,False,spot:87_spot_jpg,416,cd80c4d9859d78976d7167c2,spot_source,/content/drive/MyDrive/LeafData.v1i.yolov11_aug4_20261003_170034/train/images/87_spot_jpg.rf.f6a128959f0821f2e1f0ea48b8f0c13a__aug4_hflip.png,,,pending,missing,train/images/87_spot_jpg.rf.f6a128959f0821f2e1f0ea48b8f0c13a.jpg,,train/images/87_spot_jpg.rf.f6a128959f0821f2e1f0ea48b8f0c13a__aug4_hflip.png,,d0c427e8a6a93e37ac4fdab28c2d1556f9a8d75ddcb1db2186e3ecfa3f0ce29f,spot,train,train,False,masks/spot/cd80c4d9859d78976d7167c2.png,pending,nonempty,416
SAM3_auto,vflip,False,spot:87_spot_jpg,416,7e0cb394fdbb63f809462562,spot_source,/content/drive/MyDrive/LeafData.v1i.yolov11_aug4_20261003_170034/train/images/87_spot_jpg.rf.f6a128959f0821f2e1f0ea48b8f0c13a__aug4_vflip.png,,,pending,missing,train/images/87_spot_jpg.rf.f6a128959f0821f2e1f0ea48b8f0c13a.jpg,,train/images/87_spot_jpg.rf.f6a128959f0821f2e1f0ea48b8f0c13a__aug4_vflip.png,,563080bc4c4daeefccb6b47ca9bae7f467c7f32bb8f0d2d5739948f58f88d320,spot,train,train,False,masks/spot/7e0cb394fdbb63f809462562.png,pending,nonempty,416
SAM3_auto,original,True,spot:88_spot_jpg,416,e99b006c5cf0164369aeafa5,spot_source,/content/drive/MyDrive/LeafData.v1i.yolov11_aug4_20261003_170034/train/images/88_spot_jpg.rf.5efd62703d6e06ac7a1b5391a0f363e7.jpg,,,pending,missing,train/images/88_spot_jpg.rf.5efd62703d6e06ac7a1b5391a0f363e7.jpg,,train/images/88_spot_jpg.rf.5efd62703d6e06ac7a1b5391a0f363e7.jpg,,dfe8e6fbfd112cda106ca626609a11ef3394ffacff886550e52b21473979e8dc,spot,train,train,False,masks/spot/e99b006c5cf0164369aeafa5.png,pending,nonempty,416
SAM3_auto,brillo112,False,spot:88_spot_jpg,416,6db76a78b1bcc0ec0f6dccd6,spot_source,/content/drive/MyDrive/LeafData.v1i.yolov11_aug4_20261003_170034/train/images/88_spot_jpg.rf.5efd62703d6e06ac7a1b5391a0f363e7__aug4_brillo112.png,,,pending,missing,train/images/88_spot_jpg.rf.5efd62703d6e06ac7a1b5391a0f363e7.jpg,,train/images/88_spot_jpg.rf.5efd62703d6e06ac7a1b5391a0f363e7__aug4_brillo112.png,,803ea016eba4147eafa83e4a0321595fb2787d5ccf6997b8409f8d7633f9bdba,spot,train,train,False,masks/spot/6db76a78b1bcc0ec0f6dccd6.png,pending,nonempty,416
SAM3_auto,contraste115,False,spot:88_spot_jpg,416,cbd05d69483165bea52aaa69,spot_source,/content/drive/MyDrive/LeafData.v1i.yolov11_aug4_20261003_170034/train/images/88_spot_jpg.rf.5efd62703d6e06ac7a1b5391a0f363e7__aug4_contraste115.png,,,pending,missing,train/images/88_spot_jpg.rf.5efd62703d6e06ac7a1b5391a0f363e7.jpg,,train/images/88_spot_jpg.rf.5efd62703d6e06ac7a1b5391a0f363e7__aug4_contraste115.png,,82cf82566c699be99e4071744e022ac97621322e8ff41d512b157352523b6c75,spot,train,train,False,masks/spot/cbd05d69483165bea52aaa69.png,pending,nonempty,416
SAM3_auto,hflip,False,spot:88_spot_jpg,416,ce5cebac7757b6e773e08886,spot_source,/content/drive/MyDrive/LeafData.v1i.yolov11_aug4_20261003_170034/train/images/88_spot_jpg.rf.5efd62703d6e06ac7a1b5391a0f363e7__aug4_hflip.png,,,pending,missing,train/images/88_spot_jpg.rf.5efd62703d6e06ac7a1b5391a0f363e7.jpg,,train/images/88_spot_jpg.rf.5efd62703d6e06ac7a1b5391a0f363e7__aug4_hflip.png,,fe584b411139d6f65f2758a744a944f4341c4375cfae0ca8742084693fdf6d3a,spot,train,train,False,masks/spot/ce5cebac7757b6e773e08886.png,pending,nonempty,416
SAM3_auto,vflip,False,spot:88_spot_jpg,416,8fd281f18bf610c43a381c09,spot_source,/content/drive/MyDrive/LeafData.v1i.yolov11_aug4_20261003_170034/train/images/88_spot_jpg.rf.5efd62703d6e06ac7a1b5391a0f363e7__aug4_vflip.png,,,pending,missing,train/images/88_spot_jpg.rf.5efd62703d6e06ac7a1b5391a0f363e7.jpg,,train/images/88_spot_jpg.rf.5efd62703d6e06ac7a1b5391a0f363e7__aug4_vflip.png,,e9e1e74c39cf9d2ed44619e85b1880b921fd92ca3955aed78b4b091bb58ee8a1,spot,train,train,False,masks/spot/8fd281f18bf610c43a381c09.png,pending,nonempty,416
SAM3_auto,original,True,spot:88_spot_jpg,416,86b860f6c62e67727deea76d,spot_source,/content/drive/MyDrive/LeafData.v1i.yolov11_aug4_20261003_170034/train/images/88_spot_jpg.rf.e0be6923949e68596a930ec4d7dee243.jpg,,,pending,missing,train/images/88_spot_jpg.rf.e0be6923949e68596a930ec4d7dee243.jpg,,train/images/88_spot_jpg.rf.e0be6923949e68596a930ec4d7dee243.jpg,,65dc4415ebf8608be75affc72e5b8f08edc15ea459be2ea6f838eb764ba8f6f0,spot,train,train,False,masks/spot/86b860f6c62e67727deea76d.png,pending,nonempty,416
SAM3_auto,brillo112,False,spot:88_spot_jpg,416,bcbafa328a3f391001ac38a2,spot_source,/content/drive/MyDrive/LeafData.v1i.yolov11_aug4_20261003_170034/train/images/88_spot_jpg.rf.e0be6923949e68596a930ec4d7dee243__aug4_brillo112.png,,,pending,missing,train/images/88_spot_jpg.rf.e0be6923949e68596a930ec4d7dee243.jpg,,train/images/88_spot_jpg.rf.e0be6923949e68596a930ec4d7dee243__aug4_brillo112.png,,142aaf6de753c0c34ef450b06205462db8ec4571684df208478e26a6e9e9d65a,spot,train,train,False,masks/spot/bcbafa328a3f391001ac38a2.png,pending,nonempty,416
SAM3_auto,contraste115,False,spot:88_spot_jpg,416,24d98b76bff3674bfbf8b27d,spot_source,/content/drive/MyDrive/LeafData.v1i.yolov11_aug4_20261003_170034/train/images/88_spot_jpg.rf.e0be6923949e68596a930ec4d7dee243__aug4_contraste115.png,,,pending,missing,train/images/88_spot_jpg.rf.e0be6923949e68596a930ec4d7dee243.jpg,,train/images/88_spot_jpg.rf.e0be6923949e68596a930ec4d7dee243__aug4_contraste115.png,,888e56db9f3301130a176b98ee5d53c4d319226c7d919e5b22861ea847d57559,spot,train,train,False,masks/spot/24d98b76bff3674bfbf8b27d.png,pending,nonempty,416
SAM3_auto,hflip,False,spot:88_spot_jpg,416,d839989d9461768a5e378cf5,spot_source,/content/drive/MyDrive/LeafData.v1i.yolov11_aug4_20261003_170034/train/images/88_spot_jpg.rf.e0be6923949e68596a930ec4d7dee243__aug4_hflip.png,,,pending,missing,train/images/88_spot_jpg.rf.e0be6923949e68596a930ec4d7dee243.jpg,,train/images/88_spot_jpg.rf.e0be6923949e68596a930ec4d7dee243__aug4_hflip.png,,1968a6893ae94b38deabbbd26023d94b06b3a1404cd24b387d08cf91899aa688,spot,train,train,False,masks/spot/d839989d9461768a5e378cf5.png,pending,nonempty,416
SAM3_auto,vflip,False,spot:88_spot_jpg,416,75ed3003a28ebb2dc96480eb,spot_source,/content/drive/MyDrive/LeafData.v1i.yolov11_aug4_20261003_170034/train/images/88_spot_jpg.rf.e0be6923949e68596a930ec4d7dee243__aug4_vflip.png,,,pending,missing,train/images/88_spot_jpg.rf.e0be6923949e68596a930ec4d7dee243.jpg,,train/images/88_spot_jpg.rf.e0be6923949e68596a930ec4d7dee243__aug4_vflip.png,,1b94a556fd260417e42ce30f6da37536836df623949dc6688a4e19ddbf93f254,spot,train,train,False,masks/spot/75ed3003a28ebb2dc96480eb.png,pending,nonempty,416
SAM3_auto,original,True,spot:88_spot_jpg,416,01af1e6f5967f73e98170bc8,spot_source,/content/drive/MyDrive/LeafData.v1i.yolov11_aug4_20261003_170034/train/images/88_spot_jpg.rf.e926d4c6061c620fc3d88e7f2949f6d6.jpg,,,pending,missing,train/images/88_spot_jpg.rf.e926d4c6061c620fc3d88e7f2949f6d6.jpg,,train/images/88_spot_jpg.rf.e926d4c6061c620fc3d88e7f2949f6d6.jpg,,0ef7aeff4ea7cfc429ea64e775998ddb31038dc666ab0bc3baf0199e29cf1033,spot,train,train,False,masks/spot/01af1e6f5967f73e98170bc8.png,pending,nonempty,416
SAM3_auto,brillo112,False,spot:88_spot_jpg,416,29cd7546cca18fe2bf48e07d,spot_source,/content/drive/MyDrive/LeafData.v1i.yolov11_aug4_20261003_170034/train/images/88_spot_jpg.rf.e926d4c6061c620fc3d88e7f2949f6d6__aug4_brillo112.png,,,pending,missing,train/images/88_spot_jpg.rf.e926d4c6061c620fc3d88e7f2949f6d6.jpg,,train/images/88_spot_jpg.rf.e926d4c6061c620fc3d88e7f2949f6d6__aug4_brillo112.png,,d994afeb6400b915a87a7739e964ae309c2e4bf3618ce56266e0e2692b07a26b,spot,train,train,False,masks/spot/29cd7546cca18fe2bf48e07d.png,pending,nonempty,416
SAM3_auto,contraste115,False,spot:88_spot_jpg,416,c0a57be868153e0307d977ee,spot_source,/content/drive/MyDrive/LeafData.v1i.yolov11_aug4_20261003_170034/train/images/88_spot_jpg.rf.e926d4c6061c620fc3d88e7f2949f6d6__aug4_contraste115.png,,,pending,missing,train/images/88_spot_jpg.rf.e926d4c6061c620fc3d88e7f2949f6d6.jpg,,train/images/88_spot_jpg.rf.e926d4c6061c620fc3d88e7f2949f6d6__aug4_contraste115.png,,8c4223d304f4f3028e05205856eec93b0e64143b2d3f527fd61ed54968d0173c,spot,train,train,False,masks/spot/c0a57be868153e0307d977ee.png,pending,nonempty,416
SAM3_auto,hflip,False,spot:88_spot_jpg,416,b1d0094618b538ced54b7f92,spot_source,/content/drive/MyDrive/LeafData.v1i.yolov11_aug4_20261003_170034/train/images/88_spot_jpg.rf.e926d4c6061c620fc3d88e7f2949f6d6__aug4_hflip.png,,,pending,missing,train/images/88_spot_jpg.rf.e926d4c6061c620fc3d88e7f2949f6d6.jpg,,train/images/88_spot_jpg.rf.e926d4c6061c620fc3d88e7f2949f6d6__aug4_hflip.png,,db5ef9f68438a32e1713c7d82c20b3ffdf12dcca76705a1006054ab7f808c292,spot,train,train,False,masks/spot/b1d0094618b538ced54b7f92.png,pending,nonempty,416
SAM3_auto,vflip,False,spot:88_spot_jpg,416,f3007df01fb497410cb22f84,spot_source,/content/drive/MyDrive/LeafData.v1i.yolov11_aug4_20261003_170034/train/images/88_spot_jpg.rf.e926d4c6061c620fc3d88e7f2949f6d6__aug4_vflip.png,,,pending,missing,train/images/88_spot_jpg.rf.e926d4c6061c620fc3d88e7f2949f6d6.jpg,,train/images/88_spot_jpg.rf.e926d4c6061c620fc3d88e7f2949f6d6__aug4_vflip.png,,d0ac8a3258162147c4d790a8043627c4b96b45f5f908a80950f44574a507bb5b,spot,train,train,False,masks/spot/f3007df01fb497410cb22f84.png,pending,nonempty,416
SAM3_auto,original,True,spot:89_spot_jpg,416,84362dd856d458959db52e1d,spot_source,/content/drive/MyDrive/LeafData.v1i.yolov11_aug4_20261003_170034/train/images/89_spot_jpg.rf.0edfa08dbce421f12a441135b3aedabe.jpg,,,pending,missing,train/images/89_spot_jpg.rf.0edfa08dbce421f12a441135b3aedabe.jpg,,train/images/89_spot_jpg.rf.0edfa08dbce421f12a441135b3aedabe.jpg,,9f7e899794806f514c7a90fa6cc3bec03442dc8a25f92bd33ed07acaecd1d9e7,spot,train,train,False,masks/spot/84362dd856d458959db52e1d.png,pending,nonempty,416
SAM3_auto,brillo112,False,spot:89_spot_jpg,416,0ecf3cf672c106f2d7edb2ed,spot_source,/content/drive/MyDrive/LeafData.v1i.yolov11_aug4_20261003_170034/train/images/89_spot_jpg.rf.0edfa08dbce421f12a441135b3aedabe__aug4_brillo112.png,,,pending,missing,train/images/89_spot_jpg.rf.0edfa08dbce421f12a441135b3aedabe.jpg,,train/images/89_spot_jpg.rf.0edfa08dbce421f12a441135b3aedabe__aug4_brillo112.png,,2034aaf5c2cd0300887d4ed3d19286bae906ee3f07638ba48aaee67f70e8dad4,spot,train,train,False,masks/spot/0ecf3cf672c106f2d7edb2ed.png,pending,nonempty,416
SAM3_auto,contraste115,False,spot:89_spot_jpg,416,075dae15ad59c16525a8488c,spot_source,/content/drive/MyDrive/LeafData.v1i.yolov11_aug4_20261003_170034/train/images/89_spot_jpg.rf.0edfa08dbce421f12a441135b3aedabe__aug4_contraste115.png,,,pending,missing,train/images/89_spot_jpg.rf.0edfa08dbce421f12a441135b3aedabe.jpg,,train/images/89_spot_jpg.rf.0edfa08dbce421f12a441135b3aedabe__aug4_contraste115.png,,1275e0150977d342eb2bc6bc0ae82951615fafd226dbe1228131ad0b8446bfba,spot,train,train,False,masks/spot/075dae15ad59c16525a8488c.png,pending,nonempty,416
SAM3_auto,hflip,False,spot:89_spot_jpg,416,225a0bfff900734c5035a1c2,spot_source,/content/drive/MyDrive/LeafData.v1i.yolov11_aug4_20261003_170034/train/images/89_spot_jpg.rf.0edfa08dbce421f12a441135b3aedabe__aug4_hflip.png,,,pending,missing,train/images/89_spot_jpg.rf.0edfa08dbce421f12a441135b3aedabe.jpg,,train/images/89_spot_jpg.rf.0edfa08dbce421f12a441135b3aedabe__aug4_hflip.png,,a0de1c0dea639e888a71f208c5a9352c391b5a7ef3ffcbc4e38e1eedaf5cc8ab,spot,train,train,False,masks/spot/225a0bfff900734c5035a1c2.png,pending,nonempty,416
SAM3_auto,vflip,False,spot:89_spot_jpg,416,770b1737a881aa587c3fb0fe,spot_source,/content/drive/MyDrive/LeafData.v1i.yolov11_aug4_20261003_170034/train/images/89_spot_jpg.rf.0edfa08dbce421f12a441135b3aedabe__aug4_vflip.png,,,pending,missing,train/images/89_spot_jpg.rf.0edfa08dbce421f12a441135b3aedabe.jpg,,train/images/89_spot_jpg.rf.0edfa08dbce421f12a441135b3aedabe__aug4_vflip.png,,c9076f079c2206e87746a610b530335ac6c901f24b634a730cd0b5acddecbd83,spot,train,train,False,masks/spot/770b1737a881aa587c3fb0fe.png,pending,nonempty,416
SAM3_auto,original,True,spot:89_spot_jpg,416,22045b363d81bc6de3927d75,spot_source,/content/drive/MyDrive/LeafData.v1i.yolov11_aug4_20261003_170034/train/images/89_spot_jpg.rf.4bb886c7ac594462707c572c8042e1e0.jpg,,,pending,missing,train/images/89_spot_jpg.rf.4bb886c7ac594462707c572c8042e1e0.jpg,,train/images/89_spot_jpg.rf.4bb886c7ac594462707c572c8042e1e0.jpg,,2fd2887ba4694782f6259cc321af6cdbd553887cc37ead66b19b828e3d4001ed,spot,train,train,False,masks/spot/22045b363d81bc6de3927d75.png,pending,nonempty,416
SAM3_auto,brillo112,False,spot:89_spot_jpg,416,6a08bfa3af20594aeabffc83,spot_source,/content/drive/MyDrive/LeafData.v1i.yolov11_aug4_20261003_170034/train/images/89_spot_jpg.rf.4bb886c7ac594462707c572c8042e1e0__aug4_brillo112.png,,,pending,missing,train/images/89_spot_jpg.rf.4bb886c7ac594462707c572c8042e1e0.jpg,,train/images/89_spot_jpg.rf.4bb886c7ac594462707c572c8042e1e0__aug4_brillo112.png,,eee60afd17811359498bb47ab409123692b618c3f7bdcc3dd7e0dfc5824bbd45,spot,train,train,False,masks/spot/6a08bfa3af20594aeabffc83.png,pending,nonempty,416
SAM3_auto,contraste115,False,spot:89_spot_jpg,416,e46e6b22ffbf16fd795a14ef,spot_source,/content/drive/MyDrive/LeafData.v1i.yolov11_aug4_20261003_170034/train/images/89_spot_jpg.rf.4bb886c7ac594462707c572c8042e1e0__aug4_contraste115.png,,,pending,missing,train/images/89_spot_jpg.rf.4bb886c7ac594462707c572c8042e1e0.jpg,,train/images/89_spot_jpg.rf.4bb886c7ac594462707c572c8042e1e0__aug4_contraste115.png,,c61dc210b66c697b02fb045f70266effb6acfb0a781d5ceac7c1804be2bae3a7,spot,train,train,False,masks/spot/e46e6b22ffbf16fd795a14ef.png,pending,nonempty,416
SAM3_auto,hflip,False,spot:89_spot_jpg,416,7dca8898eb4dd68998d7baa6,spot_source,/content/drive/MyDrive/LeafData.v1i.yolov11_aug4_20261003_170034/train/images/89_spot_jpg.rf.4bb886c7ac594462707c572c8042e1e0__aug4_hflip.png,,,pending,missing,train/images/89_spot_jpg.rf.4bb886c7ac594462707c572c8042e1e0.jpg,,train/images/89_spot_jpg.rf.4bb886c7ac594462707c572c8042e1e0__aug4_hflip.png,,9b375036f239e05949938aea02eafafab6bcf0032162c88f5550a3a66f1b12ea,spot,train,train,False,masks/spot/7dca8898eb4dd68998d7baa6.png,pending,nonempty,416
SAM3_auto,vflip,False,spot:89_spot_jpg,416,f7a15ab500a8881688e769a6,spot_source,/content/drive/MyDrive/LeafData.v1i.yolov11_aug4_20261003_170034/train/images/89_spot_jpg.rf.4bb886c7ac594462707c572c8042e1e0__aug4_vflip.png,,,pending,missing,train/images/89_spot_jpg.rf.4bb886c7ac594462707c572c8042e1e0.jpg,,train/images/89_spot_jpg.rf.4bb886c7ac594462707c572c8042e1e0__aug4_vflip.png,,fdf27101a6b4edf303341f0ebd4e2b9cc9ad1e9f65d895421e9722d3c6c9e966,spot,train,train,False,masks/spot/f7a15ab500a8881688e769a6.png,pending,nonempty,416
SAM3_auto,original,True,spot:89_spot_jpg,416,52e26b7d72b5cc47f45b5c14,spot_source,/content/drive/MyDrive/LeafData.v1i.yolov11_aug4_20261003_170034/train/images/89_spot_jpg.rf.4cf4db7ab1e495c7086dfde12c1a9b9d.jpg,,,pending,missing,train/images/89_spot_jpg.rf.4cf4db7ab1e495c7086dfde12c1a9b9d.jpg,,train/images/89_spot_jpg.rf.4cf4db7ab1e495c7086dfde12c1a9b9d.jpg,,016e2b97cba448dd63f8e51bed4523ff7a481e75968e61950490b8e9a9291f65,spot,train,train,False,masks/spot/52e26b7d72b5cc47f45b5c14.png,pending,nonempty,416
SAM3_auto,brillo112,False,spot:89_spot_jpg,416,c03b8fdfc6710a16d50dc2af,spot_source,/content/drive/MyDrive/LeafData.v1i.yolov11_aug4_20261003_170034/train/images/89_spot_jpg.rf.4cf4db7ab1e495c7086dfde12c1a9b9d__aug4_brillo112.png,,,pending,missing,train/images/89_spot_jpg.rf.4cf4db7ab1e495c7086dfde12c1a9b9d.jpg,,train/images/89_spot_jpg.rf.4cf4db7ab1e495c7086dfde12c1a9b9d__aug4_brillo112.png,,c85d925af314947b727fbed252451dc6cef8a842bd6028b8d126cb145775d1d2,spot,train,train,False,masks/spot/c03b8fdfc6710a16d50dc2af.png,pending,nonempty,416
SAM3_auto,contraste115,False,spot:89_spot_jpg,416,ed380ff2142db824bea52d87,spot_source,/content/drive/MyDrive/LeafData.v1i.yolov11_aug4_20261003_170034/train/images/89_spot_jpg.rf.4cf4db7ab1e495c7086dfde12c1a9b9d__aug4_contraste115.png,,,pending,missing,train/images/89_spot_jpg.rf.4cf4db7ab1e495c7086dfde12c1a9b9d.jpg,,train/images/89_spot_jpg.rf.4cf4db7ab1e495c7086dfde12c1a9b9d__aug4_contraste115.png,,fc6a3e71f751a413dc4e846ea8160ecc52f17a0e3ad0e1a7a0ebe0a5698de749,spot,train,train,False,masks/spot/ed380ff2142db824bea52d87.png,pending,nonempty,416
SAM3_auto,hflip,False,spot:89_spot_jpg,416,4f03624abdec3442d8b3d9f5,spot_source,/content/drive/MyDrive/LeafData.v1i.yolov11_aug4_20261003_170034/train/images/89_spot_jpg.rf.4cf4db7ab1e495c7086dfde12c1a9b9d__aug4_hflip.png,,,pending,missing,train/images/89_spot_jpg.rf.4cf4db7ab1e495c7086dfde12c1a9b9d.jpg,,train/images/89_spot_jpg.rf.4cf4db7ab1e495c7086dfde12c1a9b9d__aug4_hflip.png,,29a7c820961a31d115018e6203bbc2815ae6074084d41ecc3bbfd3e629f72a74,spot,train,train,False,masks/spot/4f03624abdec3442d8b3d9f5.png,pending,nonempty,416
SAM3_auto,vflip,False,spot:89_spot_jpg,416,2b25201f30563d28b27f41d3,spot_source,/content/drive/MyDrive/LeafData.v1i.yolov11_aug4_20261003_170034/train/images/89_spot_jpg.rf.4cf4db7ab1e495c7086dfde12c1a9b9d__aug4_vflip.png,,,pending,missing,train/images/89_spot_jpg.rf.4cf4db7ab1e495c7086dfde12c1a9b9d.jpg,,train/images/89_spot_jpg.rf.4cf4db7ab1e495c7086dfde12c1a9b9d__aug4_vflip.png,,6e9eed1e607f76141bd9ad343356eb8973d9601393cec7a11b68fe43a8470790,spot,train,train,False,masks/spot/2b25201f30563d28b27f41d3.png,pending,nonempty,416
SAM3_auto,original,True,spot:8_spot_jpg,416,4308dcd54b8e19eb96c3b662,spot_source,/content/drive/MyDrive/LeafData.v1i.yolov11_aug4_20261003_170034/train/images/8_spot_jpg.rf.139466b0adef17eef82118e96eef403d.jpg,,,pending,missing,train/images/8_spot_jpg.rf.139466b0adef17eef82118e96eef403d.jpg,,train/images/8_spot_jpg.rf.139466b0adef17eef82118e96eef403d.jpg,,e2991bb8ca8519a64753830f0bbe5a2d3d280d6c7ef2c6516b2389ee08cd5bd3,spot,train,train,False,masks/spot/4308dcd54b8e19eb96c3b662.png,pending,nonempty,416
SAM3_auto,brillo112,False,spot:8_spot_jpg,416,f5b78b07fe0271f226211a4e,spot_source,/content/drive/MyDrive/LeafData.v1i.yolov11_aug4_20261003_170034/train/images/8_spot_jpg.rf.139466b0adef17eef82118e96eef403d__aug4_brillo112.png,,,pending,missing,train/images/8_spot_jpg.rf.139466b0adef17eef82118e96eef403d.jpg,,train/images/8_spot_jpg.rf.139466b0adef17eef82118e96eef403d__aug4_brillo112.png,,666f8a7b073274821eed96960424123e5e0826cb334deb3ec2e9830166a66fe9,spot,train,train,False,masks/spot/f5b78b07fe0271f226211a4e.png,pending,nonempty,416
SAM3_auto,contraste115,False,spot:8_spot_jpg,416,f26b77432f4a5bf1a13d2a83,spot_source,/content/drive/MyDrive/LeafData.v1i.yolov11_aug4_20261003_170034/train/images/8_spot_jpg.rf.139466b0adef17eef82118e96eef403d__aug4_contraste115.png,,,pending,missing,train/images/8_spot_jpg.rf.139466b0adef17eef82118e96eef403d.jpg,,train/images/8_spot_jpg.rf.139466b0adef17eef82118e96eef403d__aug4_contraste115.png,,3f1026b9a9fc65443fe38fad641a2ed90c57cba6d10a606a0ddbc4918597693b,spot,train,train,False,masks/spot/f26b77432f4a5bf1a13d2a83.png,pending,nonempty,416
SAM3_auto,hflip,False,spot:8_spot_jpg,416,182a0663c0379678a1fa0f61,spot_source,/content/drive/MyDrive/LeafData.v1i.yolov11_aug4_20261003_170034/train/images/8_spot_jpg.rf.139466b0adef17eef82118e96eef403d__aug4_hflip.png,,,pending,missing,train/images/8_spot_jpg.rf.139466b0adef17eef82118e96eef403d.jpg,,train/images/8_spot_jpg.rf.139466b0adef17eef82118e96eef403d__aug4_hflip.png,,df0881c5964bde4361b9f1b794f4db314a40ea7d3403f182e19908ec84f63ee9,spot,train,train,False,masks/spot/182a0663c0379678a1fa0f61.png,pending,nonempty,416
SAM3_auto,vflip,False,spot:8_spot_jpg,416,4c1cbd4ba8fb0d304740e882,spot_source,/content/drive/MyDrive/LeafData.v1i.yolov11_aug4_20261003_170034/train/images/8_spot_jpg.rf.139466b0adef17eef82118e96eef403d__aug4_vflip.png,,,pending,missing,train/images/8_spot_jpg.rf.139466b0adef17eef82118e96eef403d.jpg,,train/images/8_spot_jpg.rf.139466b0adef17eef82118e96eef403d__aug4_vflip.png,,f9b93e299bff3e1b0617f615dd6dfd9e2b17bc4e2c82880142097b9fb5120eb3,spot,train,train,False,masks/spot/4c1cbd4ba8fb0d304740e882.png,pending,nonempty,416
SAM3_auto,original,True,spot:8_spot_jpg,416,00c6a6c07c64c4607f2e5929,spot_source,/content/drive/MyDrive/LeafData.v1i.yolov11_aug4_20261003_170034/train/images/8_spot_jpg.rf.1ce6f60d4fd3840bcc94b4e284895547.jpg,,,pending,missing,train/images/8_spot_jpg.rf.1ce6f60d4fd3840bcc94b4e284895547.jpg,,train/images/8_spot_jpg.rf.1ce6f60d4fd3840bcc94b4e284895547.jpg,,50e062a15fb8bbfd5056ed8f70f2d46bb78e730b895c93c2d156b5ab4dd50aa0,spot,train,train,False,masks/spot/00c6a6c07c64c4607f2e5929.png,pending,nonempty,416
SAM3_auto,brillo112,False,spot:8_spot_jpg,416,7118ebee7887b16a06934134,spot_source,/content/drive/MyDrive/LeafData.v1i.yolov11_aug4_20261003_170034/train/images/8_spot_jpg.rf.1ce6f60d4fd3840bcc94b4e284895547__aug4_brillo112.png,,,pending,missing,train/images/8_spot_jpg.rf.1ce6f60d4fd3840bcc94b4e284895547.jpg,,train/images/8_spot_jpg.rf.1ce6f60d4fd3840bcc94b4e284895547__aug4_brillo112.png,,401b9ab1db1407c941b132415f4be2edfa5608a56ae9f17c47769e5e041da971,spot,train,train,False,masks/spot/7118ebee7887b16a06934134.png,pending,nonempty,416
SAM3_auto,contraste115,False,spot:8_spot_jpg,416,be80bad5f8784b8973e2517a,spot_source,/content/drive/MyDrive/LeafData.v1i.yolov11_aug4_20261003_170034/train/images/8_spot_jpg.rf.1ce6f60d4fd3840bcc94b4e284895547__aug4_contraste115.png,,,pending,missing,train/images/8_spot_jpg.rf.1ce6f60d4fd3840bcc94b4e284895547.jpg,,train/images/8_spot_jpg.rf.1ce6f60d4fd3840bcc94b4e284895547__aug4_contraste115.png,,8d0b31d5979d751cd13b6ecc4301c43a508ae97ed1e489aac73f64e6d783a3d4,spot,train,train,False,masks/spot/be80bad5f8784b8973e2517a.png,pending,nonempty,416
SAM3_auto,hflip,False,spot:8_spot_jpg,416,80633f89076d18c5671fe3ec,spot_source,/content/drive/MyDrive/LeafData.v1i.yolov11_aug4_20261003_170034/train/images/8_spot_jpg.rf.1ce6f60d4fd3840bcc94b4e284895547__aug4_hflip.png,,,pending,missing,train/images/8_spot_jpg.rf.1ce6f60d4fd3840bcc94b4e284895547.jpg,,train/images/8_spot_jpg.rf.1ce6f60d4fd3840bcc94b4e284895547__aug4_hflip.png,,c18d497b927258613d9f4b2377e921659f7eed3075768ea2ac1ea53d59e914db,spot,train,train,False,masks/spot/80633f89076d18c5671fe3ec.png,pending,nonempty,416
SAM3_auto,vflip,False,spot:8_spot_jpg,416,f8ec4b8e93bef5421c332875,spot_source,/content/drive/MyDrive/LeafData.v1i.yolov11_aug4_20261003_170034/train/images/8_spot_jpg.rf.1ce6f60d4fd3840bcc94b4e284895547__aug4_vflip.png,,,pending,missing,train/images/8_spot_jpg.rf.1ce6f60d4fd3840bcc94b4e284895547.jpg,,train/images/8_spot_jpg.rf.1ce6f60d4fd3840bcc94b4e284895547__aug4_vflip.png,,ab6b39a04a8e17ac05e979aac8d38596310a3b47eee48b34a8f4769117603ae7,spot,train,train,False,masks/spot/f8ec4b8e93bef5421c332875.png,pending,nonempty,416
SAM3_auto,original,True,spot:8_spot_jpg,416,3b3ca8cb6bcc0e90fb16d2fa,spot_source,/content/drive/MyDrive/LeafData.v1i.yolov11_aug4_20261003_170034/train/images/8_spot_jpg.rf.c2829e65672598fa5fb3f741a32eb9eb.jpg,,,pending,missing,train/images/8_spot_jpg.rf.c2829e65672598fa5fb3f741a32eb9eb.jpg,,train/images/8_spot_jpg.rf.c2829e65672598fa5fb3f741a32eb9eb.jpg,,c372386e45b9e58de6e784af09dd294fe7710b0634d252c75b5883137915eea8,spot,train,train,False,masks/spot/3b3ca8cb6bcc0e90fb16d2fa.png,pending,nonempty,416
SAM3_auto,brillo112,False,spot:8_spot_jpg,416,05c9d73d81a36837838eb6bc,spot_source,/content/drive/MyDrive/LeafData.v1i.yolov11_aug4_20261003_170034/train/images/8_spot_jpg.rf.c2829e65672598fa5fb3f741a32eb9eb__aug4_brillo112.png,,,pending,missing,train/images/8_spot_jpg.rf.c2829e65672598fa5fb3f741a32eb9eb.jpg,,train/images/8_spot_jpg.rf.c2829e65672598fa5fb3f741a32eb9eb__aug4_brillo112.png,,32b40174ec1a5daee69e19b5baf3231ef74b2d62d8123846090a355f0cd80dba,spot,train,train,False,masks/spot/05c9d73d81a36837838eb6bc.png,pending,nonempty,416
SAM3_auto,contraste115,False,spot:8_spot_jpg,416,1c83fab3f1e75a7b7ac88b4e,spot_source,/content/drive/MyDrive/LeafData.v1i.yolov11_aug4_20261003_170034/train/images/8_spot_jpg.rf.c2829e65672598fa5fb3f741a32eb9eb__aug4_contraste115.png,,,pending,missing,train/images/8_spot_jpg.rf.c2829e65672598fa5fb3f741a32eb9eb.jpg,,train/images/8_spot_jpg.rf.c2829e65672598fa5fb3f741a32eb9eb__aug4_contraste115.png,,fde47a33eae53d45f1ad4dc759af29b266af6a0783aeac6c0df100d4b54e8237,spot,train,train,False,masks/spot/1c83fab3f1e75a7b7ac88b4e.png,pending,nonempty,416
SAM3_auto,hflip,False,spot:8_spot_jpg,416,0f8c752ee33e2a0aa86119fa,spot_source,/content/drive/MyDrive/LeafData.v1i.yolov11_aug4_20261003_170034/train/images/8_spot_jpg.rf.c2829e65672598fa5fb3f741a32eb9eb__aug4_hflip.png,,,pending,missing,train/images/8_spot_jpg.rf.c2829e65672598fa5fb3f741a32eb9eb.jpg,,train/images/8_spot_jpg.rf.c2829e65672598fa5fb3f741a32eb9eb__aug4_hflip.png,,519871ae426da15f2e226783cf4fe36606652ccda3ec86c85dca6688c643e198,spot,train,train,False,masks/spot/0f8c752ee33e2a0aa86119fa.png,pending,nonempty,416
SAM3_auto,vflip,False,spot:8_spot_jpg,416,2115ed32793898088727f4f2,spot_source,/content/drive/MyDrive/LeafData.v1i.yolov11_aug4_20261003_170034/train/images/8_spot_jpg.rf.c2829e65672598fa5fb3f741a32eb9eb__aug4_vflip.png,,,pending,missing,train/images/8_spot_jpg.rf.c2829e65672598fa5fb3f741a32eb9eb.jpg,,train/images/8_spot_jpg.rf.c2829e65672598fa5fb3f741a32eb9eb__aug4_vflip.png,,f76c21af59aa4f1f0b6fe9d8434a69641a6a4d8c1d599d59787d4e0ab98eb4e0,spot,train,train,False,masks/spot/2115ed32793898088727f4f2.png,pending,nonempty,416
SAM3_auto,original,True,spot:90_spot_jpg,416,f88aca58ea7099999c3d9ed8,spot_source,/content/drive/MyDrive/LeafData.v1i.yolov11_aug4_20261003_170034/train/images/90_spot_jpg.rf.17980e0513d2f78b8a8f62628aaf258a.jpg,,,pending,missing,train/images/90_spot_jpg.rf.17980e0513d2f78b8a8f62628aaf258a.jpg,,train/images/90_spot_jpg.rf.17980e0513d2f78b8a8f62628aaf258a.jpg,,5dac51e7e8b0e1fdf4e9de445824e7ac1b052991e7c203f227600d173b390ebf,spot,train,train,False,masks/spot/f88aca58ea7099999c3d9ed8.png,pending,nonempty,416
SAM3_auto,brillo112,False,spot:90_spot_jpg,416,67aec96d4aedfd94a706174c,spot_source,/content/drive/MyDrive/LeafData.v1i.yolov11_aug4_20261003_170034/train/images/90_spot_jpg.rf.17980e0513d2f78b8a8f62628aaf258a__aug4_brillo112.png,,,pending,missing,train/images/90_spot_jpg.rf.17980e0513d2f78b8a8f62628aaf258a.jpg,,train/images/90_spot_jpg.rf.17980e0513d2f78b8a8f62628aaf258a__aug4_brillo112.png,,5a7a01dac92d1cfc7facf9126dcb6cd47a4a188f6fcc47784fa7c4096337adbf,spot,train,train,False,masks/spot/67aec96d4aedfd94a706174c.png,pending,nonempty,416
SAM3_auto,contraste115,False,spot:90_spot_jpg,416,9d737964aaeec3ebec0936d8,spot_source,/content/drive/MyDrive/LeafData.v1i.yolov11_aug4_20261003_170034/train/images/90_spot_jpg.rf.17980e0513d2f78b8a8f62628aaf258a__aug4_contraste115.png,,,pending,missing,train/images/90_spot_jpg.rf.17980e0513d2f78b8a8f62628aaf258a.jpg,,train/images/90_spot_jpg.rf.17980e0513d2f78b8a8f62628aaf258a__aug4_contraste115.png,,70e15bde369dc058c364e694185db8f1b08475acba811eac24ea619b39566f0f,spot,train,train,False,masks/spot/9d737964aaeec3ebec0936d8.png,pending,nonempty,416
SAM3_auto,hflip,False,spot:90_spot_jpg,416,b538beb6e8b91cd79fda1e2f,spot_source,/content/drive/MyDrive/LeafData.v1i.yolov11_aug4_20261003_170034/train/images/90_spot_jpg.rf.17980e0513d2f78b8a8f62628aaf258a__aug4_hflip.png,,,pending,missing,train/images/90_spot_jpg.rf.17980e0513d2f78b8a8f62628aaf258a.jpg,,train/images/90_spot_jpg.rf.17980e0513d2f78b8a8f62628aaf258a__aug4_hflip.png,,8efc15fa240b399e243e1d5af60a4c8988594f409e6ec9c4eba276dbc587244e,spot,train,train,False,masks/spot/b538beb6e8b91cd79fda1e2f.png,pending,nonempty,416
SAM3_auto,vflip,False,spot:90_spot_jpg,416,c736211e7cb32ff1d1254e2e,spot_source,/content/drive/MyDrive/LeafData.v1i.yolov11_aug4_20261003_170034/train/images/90_spot_jpg.rf.17980e0513d2f78b8a8f62628aaf258a__aug4_vflip.png,,,pending,missing,train/images/90_spot_jpg.rf.17980e0513d2f78b8a8f62628aaf258a.jpg,,train/images/90_spot_jpg.rf.17980e0513d2f78b8a8f62628aaf258a__aug4_vflip.png,,dc7367149da7f2eef77ecdc908031e464a011c2759ae9cbc13a10691f536df7b,spot,train,train,False,masks/spot/c736211e7cb32ff1d1254e2e.png,pending,nonempty,416
SAM3_auto,original,True,spot:90_spot_jpg,416,90aa47c904645b9690f62e69,spot_source,/content/drive/MyDrive/LeafData.v1i.yolov11_aug4_20261003_170034/train/images/90_spot_jpg.rf.4c70e6fb5f004ac7fddeeaa31b8ab47e.jpg,,,pending,missing,train/images/90_spot_jpg.rf.4c70e6fb5f004ac7fddeeaa31b8ab47e.jpg,,train/images/90_spot_jpg.rf.4c70e6fb5f004ac7fddeeaa31b8ab47e.jpg,,8fb0a498e2d9e6cf5291c81a7db4fb73a6337e1e2a4ad9b2ba5d56eba644c819,spot,train,train,False,masks/spot/90aa47c904645b9690f62e69.png,pending,nonempty,416
SAM3_auto,brillo112,False,spot:90_spot_jpg,416,b39e676605870ef0494b7ced,spot_source,/content/drive/MyDrive/LeafData.v1i.yolov11_aug4_20261003_170034/train/images/90_spot_jpg.rf.4c70e6fb5f004ac7fddeeaa31b8ab47e__aug4_brillo112.png,,,pending,missing,train/images/90_spot_jpg.rf.4c70e6fb5f004ac7fddeeaa31b8ab47e.jpg,,train/images/90_spot_jpg.rf.4c70e6fb5f004ac7fddeeaa31b8ab47e__aug4_brillo112.png,,696a3919fb4655918881cb9e46ec0a7b774723a84280c0cc05954d4da6d523cf,spot,train,train,False,masks/spot/b39e676605870ef0494b7ced.png,pending,nonempty,416
SAM3_auto,contraste115,False,spot:90_spot_jpg,416,4dd412dddd6f1a6a74ebea69,spot_source,/content/drive/MyDrive/LeafData.v1i.yolov11_aug4_20261003_170034/train/images/90_spot_jpg.rf.4c70e6fb5f004ac7fddeeaa31b8ab47e__aug4_contraste115.png,,,pending,missing,train/images/90_spot_jpg.rf.4c70e6fb5f004ac7fddeeaa31b8ab47e.jpg,,train/images/90_spot_jpg.rf.4c70e6fb5f004ac7fddeeaa31b8ab47e__aug4_contraste115.png,,d52f1c04d094e3b5a991a0afdf926f750bb5735c3ef90f35fe64ff0b39162934,spot,train,train,False,masks/spot/4dd412dddd6f1a6a74ebea69.png,pending,nonempty,416
SAM3_auto,hflip,False,spot:90_spot_jpg,416,8210db587b750026b23334dd,spot_source,/content/drive/MyDrive/LeafData.v1i.yolov11_aug4_20261003_170034/train/images/90_spot_jpg.rf.4c70e6fb5f004ac7fddeeaa31b8ab47e__aug4_hflip.png,,,pending,missing,train/images/90_spot_jpg.rf.4c70e6fb5f004ac7fddeeaa31b8ab47e.jpg,,train/images/90_spot_jpg.rf.4c70e6fb5f004ac7fddeeaa31b8ab47e__aug4_hflip.png,,2982b51baf3bf622f55b1d019ad5bdb70b44fe88e3bb9daa24d86018b6149a1b,spot,train,train,False,masks/spot/8210db587b750026b23334dd.png,pending,nonempty,416
SAM3_auto,vflip,False,spot:90_spot_jpg,416,449066d7a873e9bdb683a803,spot_source,/content/drive/MyDrive/LeafData.v1i.yolov11_aug4_20261003_170034/train/images/90_spot_jpg.rf.4c70e6fb5f004ac7fddeeaa31b8ab47e__aug4_vflip.png,,,pending,missing,train/images/90_spot_jpg.rf.4c70e6fb5f004ac7fddeeaa31b8ab47e.jpg,,train/images/90_spot_jpg.rf.4c70e6fb5f004ac7fddeeaa31b8ab47e__aug4_vflip.png,,6ac1d3b5eeabe73f2c555fa1d592157fac1b9dfed99f9e0fa7949e5f8138d8a2,spot,train,train,False,masks/spot/449066d7a873e9bdb683a803.png,pending,nonempty,416
SAM3_auto,original,True,spot:90_spot_jpg,416,7e31125e9789d6e46044013c,spot_source,/content/drive/MyDrive/LeafData.v1i.yolov11_aug4_20261003_170034/train/images/90_spot_jpg.rf.dcdc751359b924306d25a14918fafcbf.jpg,,,pending,missing,train/images/90_spot_jpg.rf.dcdc751359b924306d25a14918fafcbf.jpg,,train/images/90_spot_jpg.rf.dcdc751359b924306d25a14918fafcbf.jpg,,aeaab1a16c312c2c40d653357e01fc819d49b32d81b7a111139047dd0b247d49,spot,train,train,False,masks/spot/7e31125e9789d6e46044013c.png,pending,nonempty,416
SAM3_auto,brillo112,False,spot:90_spot_jpg,416,9f8982c26e73dbf34bfb1593,spot_source,/content/drive/MyDrive/LeafData.v1i.yolov11_aug4_20261003_170034/train/images/90_spot_jpg.rf.dcdc751359b924306d25a14918fafcbf__aug4_brillo112.png,,,pending,missing,train/images/90_spot_jpg.rf.dcdc751359b924306d25a14918fafcbf.jpg,,train/images/90_spot_jpg.rf.dcdc751359b924306d25a14918fafcbf__aug4_brillo112.png,,4530b267858e8147d2dfaf558ed6b2b76a57b5c570682a6b9d5ae83ae0744572,spot,train,train,False,masks/spot/9f8982c26e73dbf34bfb1593.png,pending,nonempty,416
SAM3_auto,contraste115,False,spot:90_spot_jpg,416,46fcbe31b0403aa707139059,spot_source,/content/drive/MyDrive/LeafData.v1i.yolov11_aug4_20261003_170034/train/images/90_spot_jpg.rf.dcdc751359b924306d25a14918fafcbf__aug4_contraste115.png,,,pending,missing,train/images/90_spot_jpg.rf.dcdc751359b924306d25a14918fafcbf.jpg,,train/images/90_spot_jpg.rf.dcdc751359b924306d25a14918fafcbf__aug4_contraste115.png,,5c38169eddbfa69288ca8c728f6bca6bdd12964f2c51ff713871ca8d21c6b767,spot,train,train,False,masks/spot/46fcbe31b0403aa707139059.png,pending,nonempty,416
SAM3_auto,hflip,False,spot:90_spot_jpg,416,2ce1581ce66649cae4764811,spot_source,/content/drive/MyDrive/LeafData.v1i.yolov11_aug4_20261003_170034/train/images/90_spot_jpg.rf.dcdc751359b924306d25a14918fafcbf__aug4_hflip.png,,,pending,missing,train/images/90_spot_jpg.rf.dcdc751359b924306d25a14918fafcbf.jpg,,train/images/90_spot_jpg.rf.dcdc751359b924306d25a14918fafcbf__aug4_hflip.png,,84c72af351d60ec2fb1f9bcb17af8f5c03105bad1bfe07db29f8ddd54ba3ec13,spot,train,train,False,masks/spot/2ce1581ce66649cae4764811.png,pending,nonempty,416
SAM3_auto,vflip,False,spot:90_spot_jpg,416,25c86279b8ac6776ba473bb3,spot_source,/content/drive/MyDrive/LeafData.v1i.yolov11_aug4_20261003_170034/train/images/90_spot_jpg.rf.dcdc751359b924306d25a14918fafcbf__aug4_vflip.png,,,pending,missing,train/images/90_spot_jpg.rf.dcdc751359b924306d25a14918fafcbf.jpg,,train/images/90_spot_jpg.rf.dcdc751359b924306d25a14918fafcbf__aug4_vflip.png,,6c1b6b94742ec6d8ae93e47fae972b8ef45f660c662b68b7961981f6ef5dc490,spot,train,train,False,masks/spot/25c86279b8ac6776ba473bb3.png,pending,nonempty,416
SAM3_auto,original,True,spot:91_spot_jpg,416,a3a243d254c12a85b0870fe2,spot_source,/content/drive/MyDrive/LeafData.v1i.yolov11_aug4_20261003_170034/train/images/91_spot_jpg.rf.6c67c6be38e235c8ced12320e313d84b.jpg,,,pending,missing,train/images/91_spot_jpg.rf.6c67c6be38e235c8ced12320e313d84b.jpg,,train/images/91_spot_jpg.rf.6c67c6be38e235c8ced12320e313d84b.jpg,,adfc465f2495b75e1675e6c3e22f711fb9ae8db22a0e2f0ce53ede4b166a9dbd,spot,train,train,False,masks/spot/a3a243d254c12a85b0870fe2.png,pending,nonempty,416
SAM3_auto,brillo112,False,spot:91_spot_jpg,416,f95584f5a11b0a5bc585101c,spot_source,/content/drive/MyDrive/LeafData.v1i.yolov11_aug4_20261003_170034/train/images/91_spot_jpg.rf.6c67c6be38e235c8ced12320e313d84b__aug4_brillo112.png,,,pending,missing,train/images/91_spot_jpg.rf.6c67c6be38e235c8ced12320e313d84b.jpg,,train/images/91_spot_jpg.rf.6c67c6be38e235c8ced12320e313d84b__aug4_brillo112.png,,9f1a4131ce36df6b93e718754f8e04a7f8edf9398531df45132c651fab8b25dc,spot,train,train,False,masks/spot/f95584f5a11b0a5bc585101c.png,pending,nonempty,416
SAM3_auto,contraste115,False,spot:91_spot_jpg,416,e7c9fcedd8732fd0055a4e00,spot_source,/content/drive/MyDrive/LeafData.v1i.yolov11_aug4_20261003_170034/train/images/91_spot_jpg.rf.6c67c6be38e235c8ced12320e313d84b__aug4_contraste115.png,,,pending,missing,train/images/91_spot_jpg.rf.6c67c6be38e235c8ced12320e313d84b.jpg,,train/images/91_spot_jpg.rf.6c67c6be38e235c8ced12320e313d84b__aug4_contraste115.png,,4543ee26269932a384f924758d3b38f2686e9b224d3e3687cbc88d78ded56a74,spot,train,train,False,masks/spot/e7c9fcedd8732fd0055a4e00.png,pending,nonempty,416
SAM3_auto,hflip,False,spot:91_spot_jpg,416,96cc116634267e42970debb8,spot_source,/content/drive/MyDrive/LeafData.v1i.yolov11_aug4_20261003_170034/train/images/91_spot_jpg.rf.6c67c6be38e235c8ced12320e313d84b__aug4_hflip.png,,,pending,missing,train/images/91_spot_jpg.rf.6c67c6be38e235c8ced12320e313d84b.jpg,,train/images/91_spot_jpg.rf.6c67c6be38e235c8ced12320e313d84b__aug4_hflip.png,,1b806cc05407b1c11f7dd0d53ad20536d3203b44a133b9ed7d486a93174d9ba1,spot,train,train,False,masks/spot/96cc116634267e42970debb8.png,pending,nonempty,416
SAM3_auto,vflip,False,spot:91_spot_jpg,416,a60a9891094967cd0cd7ffcb,spot_source,/content/drive/MyDrive/LeafData.v1i.yolov11_aug4_20261003_170034/train/images/91_spot_jpg.rf.6c67c6be38e235c8ced12320e313d84b__aug4_vflip.png,,,pending,missing,train/images/91_spot_jpg.rf.6c67c6be38e235c8ced12320e313d84b.jpg,,train/images/91_spot_jpg.rf.6c67c6be38e235c8ced12320e313d84b__aug4_vflip.png,,fcfa55404c0fea1046dbdb10bbc16032c8f19e30fe0bd2eb741796f2368f6e37,spot,train,train,False,masks/spot/a60a9891094967cd0cd7ffcb.png,pending,nonempty,416
SAM3_auto,original,True,spot:91_spot_jpg,416,c56156fe723a6a7bec321427,spot_source,/content/drive/MyDrive/LeafData.v1i.yolov11_aug4_20261003_170034/train/images/91_spot_jpg.rf.b7fd360259dd3be744b2d2a16242d000.jpg,,,pending,missing,train/images/91_spot_jpg.rf.b7fd360259dd3be744b2d2a16242d000.jpg,,train/images/91_spot_jpg.rf.b7fd360259dd3be744b2d2a16242d000.jpg,,8e2268d01b43c931ef9f04821071dd06e2370ac62eae5ff3ed9c1647f00c6d57,spot,train,train,False,masks/spot/c56156fe723a6a7bec321427.png,pending,nonempty,416
SAM3_auto,brillo112,False,spot:91_spot_jpg,416,678d55a6f397983d49eaf9a8,spot_source,/content/drive/MyDrive/LeafData.v1i.yolov11_aug4_20261003_170034/train/images/91_spot_jpg.rf.b7fd360259dd3be744b2d2a16242d000__aug4_brillo112.png,,,pending,missing,train/images/91_spot_jpg.rf.b7fd360259dd3be744b2d2a16242d000.jpg,,train/images/91_spot_jpg.rf.b7fd360259dd3be744b2d2a16242d000__aug4_brillo112.png,,fa85cf7ff77e06aee5a7cd918ea6cf1a7fbeb30241ba8df1dd69a5dfd72685a1,spot,train,train,False,masks/spot/678d55a6f397983d49eaf9a8.png,pending,nonempty,416
SAM3_auto,contraste115,False,spot:91_spot_jpg,416,6c81feac8a51dd56856423c1,spot_source,/content/drive/MyDrive/LeafData.v1i.yolov11_aug4_20261003_170034/train/images/91_spot_jpg.rf.b7fd360259dd3be744b2d2a16242d000__aug4_contraste115.png,,,pending,missing,train/images/91_spot_jpg.rf.b7fd360259dd3be744b2d2a16242d000.jpg,,train/images/91_spot_jpg.rf.b7fd360259dd3be744b2d2a16242d000__aug4_contraste115.png,,02b59614ee7d2e3d63a4b1c3485ee8a401c4cc9b7b3deaa36dec2fd82f1be37e,spot,train,train,False,masks/spot/6c81feac8a51dd56856423c1.png,pending,nonempty,416
SAM3_auto,hflip,False,spot:91_spot_jpg,416,089d46bbb597763571870c6a,spot_source,/content/drive/MyDrive/LeafData.v1i.yolov11_aug4_20261003_170034/train/images/91_spot_jpg.rf.b7fd360259dd3be744b2d2a16242d000__aug4_hflip.png,,,pending,missing,train/images/91_spot_jpg.rf.b7fd360259dd3be744b2d2a16242d000.jpg,,train/images/91_spot_jpg.rf.b7fd360259dd3be744b2d2a16242d000__aug4_hflip.png,,46b6d409fc010cfbe0cd8cb7ad313cd2934c602075b45c9c4e123e34ae98d5e1,spot,train,train,False,masks/spot/089d46bbb597763571870c6a.png,pending,nonempty,416
SAM3_auto,vflip,False,spot:91_spot_jpg,416,0dfe9c0770e2dcfd2bee0a13,spot_source,/content/drive/MyDrive/LeafData.v1i.yolov11_aug4_20261003_170034/train/images/91_spot_jpg.rf.b7fd360259dd3be744b2d2a16242d000__aug4_vflip.png,,,pending,missing,train/images/91_spot_jpg.rf.b7fd360259dd3be744b2d2a16242d000.jpg,,train/images/91_spot_jpg.rf.b7fd360259dd3be744b2d2a16242d000__aug4_vflip.png,,98b5d4328891d1018d3d36b859341466eb0850ed9d3c1aadeec0e8545b8e0efa,spot,train,train,False,masks/spot/0dfe9c0770e2dcfd2bee0a13.png,pending,nonempty,416
SAM3_auto,original,True,spot:91_spot_jpg,416,2d318f4bd3c46bbbfa776497,spot_source,/content/drive/MyDrive/LeafData.v1i.yolov11_aug4_20261003_170034/train/images/91_spot_jpg.rf.bf81f6c9eca4aca0ba9a29602a2cfda7.jpg,,,pending,missing,train/images/91_spot_jpg.rf.bf81f6c9eca4aca0ba9a29602a2cfda7.jpg,,train/images/91_spot_jpg.rf.bf81f6c9eca4aca0ba9a29602a2cfda7.jpg,,c3a237e35b402b983a1c0f44ff766d4b35faa422614c5d613f0188058a236b84,spot,train,train,False,masks/spot/2d318f4bd3c46bbbfa776497.png,pending,nonempty,416
SAM3_auto,brillo112,False,spot:91_spot_jpg,416,9e830b4b40d676a9d0e88b18,spot_source,/content/drive/MyDrive/LeafData.v1i.yolov11_aug4_20261003_170034/train/images/91_spot_jpg.rf.bf81f6c9eca4aca0ba9a29602a2cfda7__aug4_brillo112.png,,,pending,missing,train/images/91_spot_jpg.rf.bf81f6c9eca4aca0ba9a29602a2cfda7.jpg,,train/images/91_spot_jpg.rf.bf81f6c9eca4aca0ba9a29602a2cfda7__aug4_brillo112.png,,99218835e0916b84dde775edd4b89a0292469d1a0e3b5a8d74a2c68f9de422d6,spot,train,train,False,masks/spot/9e830b4b40d676a9d0e88b18.png,pending,nonempty,416
SAM3_auto,contraste115,False,spot:91_spot_jpg,416,5607040409fab291c600196a,spot_source,/content/drive/MyDrive/LeafData.v1i.yolov11_aug4_20261003_170034/train/images/91_spot_jpg.rf.bf81f6c9eca4aca0ba9a29602a2cfda7__aug4_contraste115.png,,,pending,missing,train/images/91_spot_jpg.rf.bf81f6c9eca4aca0ba9a29602a2cfda7.jpg,,train/images/91_spot_jpg.rf.bf81f6c9eca4aca0ba9a29602a2cfda7__aug4_contraste115.png,,44c3e598d467f70f418f2b982f8bacfdb2b1925c051b15da9799ef65af35dcf8,spot,train,train,False,masks/spot/5607040409fab291c600196a.png,pending,nonempty,416
SAM3_auto,hflip,False,spot:91_spot_jpg,416,15b434534732d49d42838276,spot_source,/content/drive/MyDrive/LeafData.v1i.yolov11_aug4_20261003_170034/train/images/91_spot_jpg.rf.bf81f6c9eca4aca0ba9a29602a2cfda7__aug4_hflip.png,,,pending,missing,train/images/91_spot_jpg.rf.bf81f6c9eca4aca0ba9a29602a2cfda7.jpg,,train/images/91_spot_jpg.rf.bf81f6c9eca4aca0ba9a29602a2cfda7__aug4_hflip.png,,49958026e47a723a1d8b672df4dbc2e9044b009ba85420a1aff6a50398f21def,spot,train,train,False,masks/spot/15b434534732d49d42838276.png,pending,nonempty,416
SAM3_auto,vflip,False,spot:91_spot_jpg,416,a412acbfcb44ecd045ccc2c1,spot_source,/content/drive/MyDrive/LeafData.v1i.yolov11_aug4_20261003_170034/train/images/91_spot_jpg.rf.bf81f6c9eca4aca0ba9a29602a2cfda7__aug4_vflip.png,,,pending,missing,train/images/91_spot_jpg.rf.bf81f6c9eca4aca0ba9a29602a2cfda7.jpg,,train/images/91_spot_jpg.rf.bf81f6c9eca4aca0ba9a29602a2cfda7__aug4_vflip.png,,3654a2d077b735a1c1b635f8ab3c2a5f8343cf862d48495ce6f6d0100fc72210,spot,train,train,False,masks/spot/a412acbfcb44ecd045ccc2c1.png,pending,nonempty,416
SAM3_auto,original,True,spot:92_spot_jpg,416,a9af0358e252de98d03fde96,spot_source,/content/drive/MyDrive/LeafData.v1i.yolov11_aug4_20261003_170034/train/images/92_spot_jpg.rf.304b44e58e35990aa30a4e8eed0b35c5.jpg,,,pending,missing,train/images/92_spot_jpg.rf.304b44e58e35990aa30a4e8eed0b35c5.jpg,,train/images/92_spot_jpg.rf.304b44e58e35990aa30a4e8eed0b35c5.jpg,,937f90fd13ca3631451b5216f4f5105df5b46e87b7332b3a5f10d6c49ec17b7d,spot,train,train,False,masks/spot/a9af0358e252de98d03fde96.png,pending,nonempty,416
SAM3_auto,brillo112,False,spot:92_spot_jpg,416,3703ce241728f0810e0f30e3,spot_source,/content/drive/MyDrive/LeafData.v1i.yolov11_aug4_20261003_170034/train/images/92_spot_jpg.rf.304b44e58e35990aa30a4e8eed0b35c5__aug4_brillo112.png,,,pending,missing,train/images/92_spot_jpg.rf.304b44e58e35990aa30a4e8eed0b35c5.jpg,,train/images/92_spot_jpg.rf.304b44e58e35990aa30a4e8eed0b35c5__aug4_brillo112.png,,aafd1826fe1d810ffde8a266614f24b0fe3d862f793585a39c77a306fa62a61b,spot,train,train,False,masks/spot/3703ce241728f0810e0f30e3.png,pending,nonempty,416
SAM3_auto,contraste115,False,spot:92_spot_jpg,416,43f097ba5f3d67e8fe96c2ce,spot_source,/content/drive/MyDrive/LeafData.v1i.yolov11_aug4_20261003_170034/train/images/92_spot_jpg.rf.304b44e58e35990aa30a4e8eed0b35c5__aug4_contraste115.png,,,pending,missing,train/images/92_spot_jpg.rf.304b44e58e35990aa30a4e8eed0b35c5.jpg,,train/images/92_spot_jpg.rf.304b44e58e35990aa30a4e8eed0b35c5__aug4_contraste115.png,,df547555d5e330055085a9145c6b85bd59b2566fc24ba137d14ca60a9c4a7050,spot,train,train,False,masks/spot/43f097ba5f3d67e8fe96c2ce.png,pending,nonempty,416
SAM3_auto,hflip,False,spot:92_spot_jpg,416,351aeb69a23cf9339c963fdd,spot_source,/content/drive/MyDrive/LeafData.v1i.yolov11_aug4_20261003_170034/train/images/92_spot_jpg.rf.304b44e58e35990aa30a4e8eed0b35c5__aug4_hflip.png,,,pending,missing,train/images/92_spot_jpg.rf.304b44e58e35990aa30a4e8eed0b35c5.jpg,,train/images/92_spot_jpg.rf.304b44e58e35990aa30a4e8eed0b35c5__aug4_hflip.png,,1f0c0ea0f628a20d2b85e323c0707a555aacece778f8a524f9b47963943b6fb5,spot,train,train,False,masks/spot/351aeb69a23cf9339c963fdd.png,pending,nonempty,416
SAM3_auto,vflip,False,spot:92_spot_jpg,416,27a84d5bd48ca46c5ce8e5dc,spot_source,/content/drive/MyDrive/LeafData.v1i.yolov11_aug4_20261003_170034/train/images/92_spot_jpg.rf.304b44e58e35990aa30a4e8eed0b35c5__aug4_vflip.png,,,pending,missing,train/images/92_spot_jpg.rf.304b44e58e35990aa30a4e8eed0b35c5.jpg,,train/images/92_spot_jpg.rf.304b44e58e35990aa30a4e8eed0b35c5__aug4_vflip.png,,84ad106fbd48198effa3d3caf02dc7177f15961ab25ae8725343d60114cdf137,spot,train,train,False,masks/spot/27a84d5bd48ca46c5ce8e5dc.png,pending,nonempty,416
SAM3_auto,original,True,spot:92_spot_jpg,416,2dca034d8935dbf0aeedcd5f,spot_source,/content/drive/MyDrive/LeafData.v1i.yolov11_aug4_20261003_170034/train/images/92_spot_jpg.rf.77aae81f589182422daca176674eb36d.jpg,,,pending,missing,train/images/92_spot_jpg.rf.77aae81f589182422daca176674eb36d.jpg,,train/images/92_spot_jpg.rf.77aae81f589182422daca176674eb36d.jpg,,49dbf5c7b0245aa9ae932dd279bdeff18414641386d7ca6e4182e26d035d8a2f,spot,train,train,False,masks/spot/2dca034d8935dbf0aeedcd5f.png,pending,nonempty,416
SAM3_auto,brillo112,False,spot:92_spot_jpg,416,3c55d325f13ace169b02aed6,spot_source,/content/drive/MyDrive/LeafData.v1i.yolov11_aug4_20261003_170034/train/images/92_spot_jpg.rf.77aae81f589182422daca176674eb36d__aug4_brillo112.png,,,pending,missing,train/images/92_spot_jpg.rf.77aae81f589182422daca176674eb36d.jpg,,train/images/92_spot_jpg.rf.77aae81f589182422daca176674eb36d__aug4_brillo112.png,,15db0600bc8480d4f6b194378f4aec9b647e1d03c04a206e095bdc723f32c16d,spot,train,train,False,masks/spot/3c55d325f13ace169b02aed6.png,pending,nonempty,416
SAM3_auto,contraste115,False,spot:92_spot_jpg,416,2832dbf061a1ba81783fa5e8,spot_source,/content/drive/MyDrive/LeafData.v1i.yolov11_aug4_20261003_170034/train/images/92_spot_jpg.rf.77aae81f589182422daca176674eb36d__aug4_contraste115.png,,,pending,missing,train/images/92_spot_jpg.rf.77aae81f589182422daca176674eb36d.jpg,,train/images/92_spot_jpg.rf.77aae81f589182422daca176674eb36d__aug4_contraste115.png,,2fd91357e5d824a049cec02cdd5b1f00832082f5e9878ae8f695df779abe857e,spot,train,train,False,masks/spot/2832dbf061a1ba81783fa5e8.png,pending,nonempty,416
SAM3_auto,hflip,False,spot:92_spot_jpg,416,2aac5b66e7694fcd98b65b58,spot_source,/content/drive/MyDrive/LeafData.v1i.yolov11_aug4_20261003_170034/train/images/92_spot_jpg.rf.77aae81f589182422daca176674eb36d__aug4_hflip.png,,,pending,missing,train/images/92_spot_jpg.rf.77aae81f589182422daca176674eb36d.jpg,,train/images/92_spot_jpg.rf.77aae81f589182422daca176674eb36d__aug4_hflip.png,,dc1a992c125aa091f5e5469e2e287f9651c4faa869185737d5d726e41d7c9d08,spot,train,train,False,masks/spot/2aac5b66e7694fcd98b65b58.png,pending,nonempty,416
SAM3_auto,vflip,False,spot:92_spot_jpg,416,07b08c1da89a8d87a5dae1d8,spot_source,/content/drive/MyDrive/LeafData.v1i.yolov11_aug4_20261003_170034/train/images/92_spot_jpg.rf.77aae81f589182422daca176674eb36d__aug4_vflip.png,,,pending,missing,train/images/92_spot_jpg.rf.77aae81f589182422daca176674eb36d.jpg,,train/images/92_spot_jpg.rf.77aae81f589182422daca176674eb36d__aug4_vflip.png,,3667bda91dad3df3c468fd745cf86c1cc9e627302055a55b509316dc0fe97d0c,spot,train,train,False,masks/spot/07b08c1da89a8d87a5dae1d8.png,pending,nonempty,416
SAM3_auto,original,True,spot:92_spot_jpg,416,f857658a5848129ae7377658,spot_source,/content/drive/MyDrive/LeafData.v1i.yolov11_aug4_20261003_170034/train/images/92_spot_jpg.rf.ee44e18fe7eb77c1899f45ada87061f3.jpg,,,pending,missing,train/images/92_spot_jpg.rf.ee44e18fe7eb77c1899f45ada87061f3.jpg,,train/images/92_spot_jpg.rf.ee44e18fe7eb77c1899f45ada87061f3.jpg,,e67ce91645126ae5dac3917f196ec07dac61723f04b368139a03112cc6aec428,spot,train,train,False,masks/spot/f857658a5848129ae7377658.png,pending,nonempty,416
SAM3_auto,brillo112,False,spot:92_spot_jpg,416,4cf3a1a88979eca1aa677396,spot_source,/content/drive/MyDrive/LeafData.v1i.yolov11_aug4_20261003_170034/train/images/92_spot_jpg.rf.ee44e18fe7eb77c1899f45ada87061f3__aug4_brillo112.png,,,pending,missing,train/images/92_spot_jpg.rf.ee44e18fe7eb77c1899f45ada87061f3.jpg,,train/images/92_spot_jpg.rf.ee44e18fe7eb77c1899f45ada87061f3__aug4_brillo112.png,,92a90d6af821dd08a2b18fb5ee2e426d5f62a6be360cab6fdd137b78d4c45ff7,spot,train,train,False,masks/spot/4cf3a1a88979eca1aa677396.png,pending,nonempty,416
SAM3_auto,contraste115,False,spot:92_spot_jpg,416,cf9ba25c8d7ebf21fdc4f01c,spot_source,/content/drive/MyDrive/LeafData.v1i.yolov11_aug4_20261003_170034/train/images/92_spot_jpg.rf.ee44e18fe7eb77c1899f45ada87061f3__aug4_contraste115.png,,,pending,missing,train/images/92_spot_jpg.rf.ee44e18fe7eb77c1899f45ada87061f3.jpg,,train/images/92_spot_jpg.rf.ee44e18fe7eb77c1899f45ada87061f3__aug4_contraste115.png,,f248ce1b8111a6d68f708a57be1f229c98019de050a22bad23c546697ad63b2c,spot,train,train,False,masks/spot/cf9ba25c8d7ebf21fdc4f01c.png,pending,nonempty,416
SAM3_auto,hflip,False,spot:92_spot_jpg,416,6de462152cd3daceeae04226,spot_source,/content/drive/MyDrive/LeafData.v1i.yolov11_aug4_20261003_170034/train/images/92_spot_jpg.rf.ee44e18fe7eb77c1899f45ada87061f3__aug4_hflip.png,,,pending,missing,train/images/92_spot_jpg.rf.ee44e18fe7eb77c1899f45ada87061f3.jpg,,train/images/92_spot_jpg.rf.ee44e18fe7eb77c1899f45ada87061f3__aug4_hflip.png,,e05b58b58f91d103e971ed8738789562327e2c0ba8df8c905a08ce7b2116bc75,spot,train,train,False,masks/spot/6de462152cd3daceeae04226.png,pending,nonempty,416
SAM3_auto,vflip,False,spot:92_spot_jpg,416,7281cb8ffe68a4dc4b33bce9,spot_source,/content/drive/MyDrive/LeafData.v1i.yolov11_aug4_20261003_170034/train/images/92_spot_jpg.rf.ee44e18fe7eb77c1899f45ada87061f3__aug4_vflip.png,,,pending,missing,train/images/92_spot_jpg.rf.ee44e18fe7eb77c1899f45ada87061f3.jpg,,train/images/92_spot_jpg.rf.ee44e18fe7eb77c1899f45ada87061f3__aug4_vflip.png,,315c3548b655dd0ba18f398ef480a17e35e8f43866a2bb8f86e69b56cd9e4b07,spot,train,train,False,masks/spot/7281cb8ffe68a4dc4b33bce9.png,pending,nonempty,416
SAM3_auto,original,True,spot:93_spot_jpg,416,3e1a5be3dfa9ea752f49b4c2,spot_source,/content/drive/MyDrive/LeafData.v1i.yolov11_aug4_20261003_170034/train/images/93_spot_jpg.rf.2048e0362c809cc3f9402df6f1cf8c12.jpg,,,pending,missing,train/images/93_spot_jpg.rf.2048e0362c809cc3f9402df6f1cf8c12.jpg,,train/images/93_spot_jpg.rf.2048e0362c809cc3f9402df6f1cf8c12.jpg,,52a1df8e46c27681ab404ffe19a0436de6da85726b2be315551e5a4d89f89f32,spot,train,train,False,masks/spot/3e1a5be3dfa9ea752f49b4c2.png,pending,nonempty,416
SAM3_auto,brillo112,False,spot:93_spot_jpg,416,f5e30ad4cc0a3e948ad71a51,spot_source,/content/drive/MyDrive/LeafData.v1i.yolov11_aug4_20261003_170034/train/images/93_spot_jpg.rf.2048e0362c809cc3f9402df6f1cf8c12__aug4_brillo112.png,,,pending,missing,train/images/93_spot_jpg.rf.2048e0362c809cc3f9402df6f1cf8c12.jpg,,train/images/93_spot_jpg.rf.2048e0362c809cc3f9402df6f1cf8c12__aug4_brillo112.png,,ae25f22c0c89e45870ced76a45babc25015977141cc2b3520492ee9961fa9e4e,spot,train,train,False,masks/spot/f5e30ad4cc0a3e948ad71a51.png,pending,nonempty,416
SAM3_auto,contraste115,False,spot:93_spot_jpg,416,21904e1e2f677b6412b5265b,spot_source,/content/drive/MyDrive/LeafData.v1i.yolov11_aug4_20261003_170034/train/images/93_spot_jpg.rf.2048e0362c809cc3f9402df6f1cf8c12__aug4_contraste115.png,,,pending,missing,train/images/93_spot_jpg.rf.2048e0362c809cc3f9402df6f1cf8c12.jpg,,train/images/93_spot_jpg.rf.2048e0362c809cc3f9402df6f1cf8c12__aug4_contraste115.png,,e143440822387596b8e8499f12f01b4cc9a9e1e71c4e5fea0a3af7fe90d28715,spot,train,train,False,masks/spot/21904e1e2f677b6412b5265b.png,pending,nonempty,416
SAM3_auto,hflip,False,spot:93_spot_jpg,416,025b79250af3be2fe7ce27fa,spot_source,/content/drive/MyDrive/LeafData.v1i.yolov11_aug4_20261003_170034/train/images/93_spot_jpg.rf.2048e0362c809cc3f9402df6f1cf8c12__aug4_hflip.png,,,pending,missing,train/images/93_spot_jpg.rf.2048e0362c809cc3f9402df6f1cf8c12.jpg,,train/images/93_spot_jpg.rf.2048e0362c809cc3f9402df6f1cf8c12__aug4_hflip.png,,a1007de4daacffbfcfdf2d051ffd59a4e161c97c2da9105f5823e60853a3d5ed,spot,train,train,False,masks/spot/025b79250af3be2fe7ce27fa.png,pending,nonempty,416
SAM3_auto,vflip,False,spot:93_spot_jpg,416,ecd8e91646ede4d1cd002a44,spot_source,/content/drive/MyDrive/LeafData.v1i.yolov11_aug4_20261003_170034/train/images/93_spot_jpg.rf.2048e0362c809cc3f9402df6f1cf8c12__aug4_vflip.png,,,pending,missing,train/images/93_spot_jpg.rf.2048e0362c809cc3f9402df6f1cf8c12.jpg,,train/images/93_spot_jpg.rf.2048e0362c809cc3f9402df6f1cf8c12__aug4_vflip.png,,d77dfa77a620635152d5ac936d3994758157ba45a5aff78389b33a2b72214b8c,spot,train,train,False,masks/spot/ecd8e91646ede4d1cd002a44.png,pending,nonempty,416
SAM3_auto,original,True,spot:93_spot_jpg,416,b3274f078d43a9ed061760ea,spot_source,/content/drive/MyDrive/LeafData.v1i.yolov11_aug4_20261003_170034/train/images/93_spot_jpg.rf.23a41ea808a5bf83cb81ea99074a1453.jpg,,,pending,missing,train/images/93_spot_jpg.rf.23a41ea808a5bf83cb81ea99074a1453.jpg,,train/images/93_spot_jpg.rf.23a41ea808a5bf83cb81ea99074a1453.jpg,,808dce1aac9fce470e298519d2503b833e437863e5e2657d5a6cf97e8b4e408c,spot,train,train,False,masks/spot/b3274f078d43a9ed061760ea.png,pending,nonempty,416
SAM3_auto,brillo112,False,spot:93_spot_jpg,416,5685cb521caca02cfede0aa7,spot_source,/content/drive/MyDrive/LeafData.v1i.yolov11_aug4_20261003_170034/train/images/93_spot_jpg.rf.23a41ea808a5bf83cb81ea99074a1453__aug4_brillo112.png,,,pending,missing,train/images/93_spot_jpg.rf.23a41ea808a5bf83cb81ea99074a1453.jpg,,train/images/93_spot_jpg.rf.23a41ea808a5bf83cb81ea99074a1453__aug4_brillo112.png,,0c676b4e669141e3fecd257182db53adc49020e7cea784236c321f8ece100725,spot,train,train,False,masks/spot/5685cb521caca02cfede0aa7.png,pending,nonempty,416
SAM3_auto,contraste115,False,spot:93_spot_jpg,416,d5c025e59c40039ed88ca434,spot_source,/content/drive/MyDrive/LeafData.v1i.yolov11_aug4_20261003_170034/train/images/93_spot_jpg.rf.23a41ea808a5bf83cb81ea99074a1453__aug4_contraste115.png,,,pending,missing,train/images/93_spot_jpg.rf.23a41ea808a5bf83cb81ea99074a1453.jpg,,train/images/93_spot_jpg.rf.23a41ea808a5bf83cb81ea99074a1453__aug4_contraste115.png,,c185c9c4d479fab48eb1b0adcbc2f3e78833666fcde3ff91c9d4bc9d79326964,spot,train,train,False,masks/spot/d5c025e59c40039ed88ca434.png,pending,nonempty,416
SAM3_auto,hflip,False,spot:93_spot_jpg,416,baa79aff0b9c70e2286b9438,spot_source,/content/drive/MyDrive/LeafData.v1i.yolov11_aug4_20261003_170034/train/images/93_spot_jpg.rf.23a41ea808a5bf83cb81ea99074a1453__aug4_hflip.png,,,pending,missing,train/images/93_spot_jpg.rf.23a41ea808a5bf83cb81ea99074a1453.jpg,,train/images/93_spot_jpg.rf.23a41ea808a5bf83cb81ea99074a1453__aug4_hflip.png,,f84aacc81a6e415afe8b172e0c308b6b0fd347eceebfde8ca30413a3615d3846,spot,train,train,False,masks/spot/baa79aff0b9c70e2286b9438.png,pending,nonempty,416
SAM3_auto,vflip,False,spot:93_spot_jpg,416,aa3a1f47dbfd11a20791ec13,spot_source,/content/drive/MyDrive/LeafData.v1i.yolov11_aug4_20261003_170034/train/images/93_spot_jpg.rf.23a41ea808a5bf83cb81ea99074a1453__aug4_vflip.png,,,pending,missing,train/images/93_spot_jpg.rf.23a41ea808a5bf83cb81ea99074a1453.jpg,,train/images/93_spot_jpg.rf.23a41ea808a5bf83cb81ea99074a1453__aug4_vflip.png,,2899dc4debb45c3e28a585d3135d35c7ca045c8e909d84e992ce66fb270fe0e8,spot,train,train,False,masks/spot/aa3a1f47dbfd11a20791ec13.png,pending,nonempty,416
SAM3_auto,original,True,spot:93_spot_jpg,416,fe34208b5da3d5deeb06cf5f,spot_source,/content/drive/MyDrive/LeafData.v1i.yolov11_aug4_20261003_170034/train/images/93_spot_jpg.rf.f5573d498eb88c9e4c882564151e795c.jpg,,,pending,missing,train/images/93_spot_jpg.rf.f5573d498eb88c9e4c882564151e795c.jpg,,train/images/93_spot_jpg.rf.f5573d498eb88c9e4c882564151e795c.jpg,,0ed89cbc7e23694a701c3c011da286121b9b0368547acd9da1397a390ca98c13,spot,train,train,False,masks/spot/fe34208b5da3d5deeb06cf5f.png,pending,nonempty,416
SAM3_auto,brillo112,False,spot:93_spot_jpg,416,3658eef1b79d7343ecbbd1de,spot_source,/content/drive/MyDrive/LeafData.v1i.yolov11_aug4_20261003_170034/train/images/93_spot_jpg.rf.f5573d498eb88c9e4c882564151e795c__aug4_brillo112.png,,,pending,missing,train/images/93_spot_jpg.rf.f5573d498eb88c9e4c882564151e795c.jpg,,train/images/93_spot_jpg.rf.f5573d498eb88c9e4c882564151e795c__aug4_brillo112.png,,b03992aa187e0ce9450d0a45c6534f10d096ca6e414b66109c40978c86b416e7,spot,train,train,False,masks/spot/3658eef1b79d7343ecbbd1de.png,pending,nonempty,416
SAM3_auto,contraste115,False,spot:93_spot_jpg,416,0e5aae215b311b612524d183,spot_source,/content/drive/MyDrive/LeafData.v1i.yolov11_aug4_20261003_170034/train/images/93_spot_jpg.rf.f5573d498eb88c9e4c882564151e795c__aug4_contraste115.png,,,pending,missing,train/images/93_spot_jpg.rf.f5573d498eb88c9e4c882564151e795c.jpg,,train/images/93_spot_jpg.rf.f5573d498eb88c9e4c882564151e795c__aug4_contraste115.png,,8b6df810a82e2514c0b747616a80bdd449c1baf3519da715d3818d427ead3f96,spot,train,train,False,masks/spot/0e5aae215b311b612524d183.png,pending,nonempty,416
SAM3_auto,hflip,False,spot:93_spot_jpg,416,da669b5b66da0088221f99f0,spot_source,/content/drive/MyDrive/LeafData.v1i.yolov11_aug4_20261003_170034/train/images/93_spot_jpg.rf.f5573d498eb88c9e4c882564151e795c__aug4_hflip.png,,,pending,missing,train/images/93_spot_jpg.rf.f5573d498eb88c9e4c882564151e795c.jpg,,train/images/93_spot_jpg.rf.f5573d498eb88c9e4c882564151e795c__aug4_hflip.png,,8c25177b09785164042eda376f728168c07059695d9a10ec7c5654b868c06916,spot,train,train,False,masks/spot/da669b5b66da0088221f99f0.png,pending,nonempty,416
SAM3_auto,vflip,False,spot:93_spot_jpg,416,de786820baeda31aa953d8eb,spot_source,/content/drive/MyDrive/LeafData.v1i.yolov11_aug4_20261003_170034/train/images/93_spot_jpg.rf.f5573d498eb88c9e4c882564151e795c__aug4_vflip.png,,,pending,missing,train/images/93_spot_jpg.rf.f5573d498eb88c9e4c882564151e795c.jpg,,train/images/93_spot_jpg.rf.f5573d498eb88c9e4c882564151e795c__aug4_vflip.png,,969ffb0029b54c626c906171c29ce591bd655365f5fb1ee670ea07a603fcb374,spot,train,train,False,masks/spot/de786820baeda31aa953d8eb.png,pending,nonempty,416
SAM3_auto,original,True,spot:94_spot_jpg,416,47dba7d9d5244618eabb392f,spot_source,/content/drive/MyDrive/LeafData.v1i.yolov11_aug4_20261003_170034/train/images/94_spot_jpg.rf.5a6182e69557101da894f3181dd77293.jpg,,,pending,missing,train/images/94_spot_jpg.rf.5a6182e69557101da894f3181dd77293.jpg,,train/images/94_spot_jpg.rf.5a6182e69557101da894f3181dd77293.jpg,,a7523da8c3d360c96c530a84e05cabd8338a19a666629d8c7bbba1f5b53e1e0c,spot,train,train,False,masks/spot/47dba7d9d5244618eabb392f.png,pending,nonempty,416
SAM3_auto,brillo112,False,spot:94_spot_jpg,416,08bfeb0497d25cfe69dc0e6b,spot_source,/content/drive/MyDrive/LeafData.v1i.yolov11_aug4_20261003_170034/train/images/94_spot_jpg.rf.5a6182e69557101da894f3181dd77293__aug4_brillo112.png,,,pending,missing,train/images/94_spot_jpg.rf.5a6182e69557101da894f3181dd77293.jpg,,train/images/94_spot_jpg.rf.5a6182e69557101da894f3181dd77293__aug4_brillo112.png,,7b84c34fe1eab7e4e966eb417db3d1347f37b38804cbe729dce5bb8ceb79e78b,spot,train,train,False,masks/spot/08bfeb0497d25cfe69dc0e6b.png,pending,nonempty,416
SAM3_auto,contraste115,False,spot:94_spot_jpg,416,0a492163ead9d30a38a7228e,spot_source,/content/drive/MyDrive/LeafData.v1i.yolov11_aug4_20261003_170034/train/images/94_spot_jpg.rf.5a6182e69557101da894f3181dd77293__aug4_contraste115.png,,,pending,missing,train/images/94_spot_jpg.rf.5a6182e69557101da894f3181dd77293.jpg,,train/images/94_spot_jpg.rf.5a6182e69557101da894f3181dd77293__aug4_contraste115.png,,1288647d475d8daed33a143d0bf59151f9f48c99e434645b7e3a7955049ee073,spot,train,train,False,masks/spot/0a492163ead9d30a38a7228e.png,pending,nonempty,416
SAM3_auto,hflip,False,spot:94_spot_jpg,416,a28b574398a689894817e890,spot_source,/content/drive/MyDrive/LeafData.v1i.yolov11_aug4_20261003_170034/train/images/94_spot_jpg.rf.5a6182e69557101da894f3181dd77293__aug4_hflip.png,,,pending,missing,train/images/94_spot_jpg.rf.5a6182e69557101da894f3181dd77293.jpg,,train/images/94_spot_jpg.rf.5a6182e69557101da894f3181dd77293__aug4_hflip.png,,3f01059c0a4782813993131ff73a3c49e3bca1787b17c545dffda2ae1d836ce2,spot,train,train,False,masks/spot/a28b574398a689894817e890.png,pending,nonempty,416
SAM3_auto,vflip,False,spot:94_spot_jpg,416,8b6e39491828b032ac71349e,spot_source,/content/drive/MyDrive/LeafData.v1i.yolov11_aug4_20261003_170034/train/images/94_spot_jpg.rf.5a6182e69557101da894f3181dd77293__aug4_vflip.png,,,pending,missing,train/images/94_spot_jpg.rf.5a6182e69557101da894f3181dd77293.jpg,,train/images/94_spot_jpg.rf.5a6182e69557101da894f3181dd77293__aug4_vflip.png,,06b4db47b0bc513d5b9f19ca2774bf4f801ffd68e71f61cfd3302a46b911dc39,spot,train,train,False,masks/spot/8b6e39491828b032ac71349e.png,pending,nonempty,416
SAM3_auto,original,True,spot:94_spot_jpg,416,45d84ec57f3131e489a9e0ac,spot_source,/content/drive/MyDrive/LeafData.v1i.yolov11_aug4_20261003_170034/train/images/94_spot_jpg.rf.d9bb57234fbc45486a7c4fc94ef98ac7.jpg,,,pending,missing,train/images/94_spot_jpg.rf.d9bb57234fbc45486a7c4fc94ef98ac7.jpg,,train/images/94_spot_jpg.rf.d9bb57234fbc45486a7c4fc94ef98ac7.jpg,,72d437033e22aa2527c49caef5ed4abceb8eb1740d8fa700384827c581de0f70,spot,train,train,False,masks/spot/45d84ec57f3131e489a9e0ac.png,pending,nonempty,416
SAM3_auto,brillo112,False,spot:94_spot_jpg,416,8e91081749ac574677941fb3,spot_source,/content/drive/MyDrive/LeafData.v1i.yolov11_aug4_20261003_170034/train/images/94_spot_jpg.rf.d9bb57234fbc45486a7c4fc94ef98ac7__aug4_brillo112.png,,,pending,missing,train/images/94_spot_jpg.rf.d9bb57234fbc45486a7c4fc94ef98ac7.jpg,,train/images/94_spot_jpg.rf.d9bb57234fbc45486a7c4fc94ef98ac7__aug4_brillo112.png,,7c5228efd5b7a0a6ba1be52b3dbf56fca9d3560b400498fb92eff8d5ada78dd2,spot,train,train,False,masks/spot/8e91081749ac574677941fb3.png,pending,nonempty,416
SAM3_auto,contraste115,False,spot:94_spot_jpg,416,7c4bcf992763cdc1071ae8d5,spot_source,/content/drive/MyDrive/LeafData.v1i.yolov11_aug4_20261003_170034/train/images/94_spot_jpg.rf.d9bb57234fbc45486a7c4fc94ef98ac7__aug4_contraste115.png,,,pending,missing,train/images/94_spot_jpg.rf.d9bb57234fbc45486a7c4fc94ef98ac7.jpg,,train/images/94_spot_jpg.rf.d9bb57234fbc45486a7c4fc94ef98ac7__aug4_contraste115.png,,4de23b426d1ab6946805d52c44a96846bfc95f004015170886f10efc002e3401,spot,train,train,False,masks/spot/7c4bcf992763cdc1071ae8d5.png,pending,nonempty,416
SAM3_auto,hflip,False,spot:94_spot_jpg,416,e6376bb0f6763f5959feef41,spot_source,/content/drive/MyDrive/LeafData.v1i.yolov11_aug4_20261003_170034/train/images/94_spot_jpg.rf.d9bb57234fbc45486a7c4fc94ef98ac7__aug4_hflip.png,,,pending,missing,train/images/94_spot_jpg.rf.d9bb57234fbc45486a7c4fc94ef98ac7.jpg,,train/images/94_spot_jpg.rf.d9bb57234fbc45486a7c4fc94ef98ac7__aug4_hflip.png,,f628ba072fa2640f21e7b17d2ccd9a8233022027c0a12f31226dd7900575fd07,spot,train,train,False,masks/spot/e6376bb0f6763f5959feef41.png,pending,nonempty,416
SAM3_auto,vflip,False,spot:94_spot_jpg,416,cb0c49e073ee7d0a0804211d,spot_source,/content/drive/MyDrive/LeafData.v1i.yolov11_aug4_20261003_170034/train/images/94_spot_jpg.rf.d9bb57234fbc45486a7c4fc94ef98ac7__aug4_vflip.png,,,pending,missing,train/images/94_spot_jpg.rf.d9bb57234fbc45486a7c4fc94ef98ac7.jpg,,train/images/94_spot_jpg.rf.d9bb57234fbc45486a7c4fc94ef98ac7__aug4_vflip.png,,0f35e8f59f2d51ad2f1f572deb1ea8793c5493636a4149e83d229b7f51225889,spot,train,train,False,masks/spot/cb0c49e073ee7d0a0804211d.png,pending,nonempty,416
SAM3_auto,original,True,spot:94_spot_jpg,416,67cea208228ae234ced4759c,spot_source,/content/drive/MyDrive/LeafData.v1i.yolov11_aug4_20261003_170034/train/images/94_spot_jpg.rf.f44243d0ae515ff7eca9852ef3c9c1ab.jpg,,,pending,missing,train/images/94_spot_jpg.rf.f44243d0ae515ff7eca9852ef3c9c1ab.jpg,,train/images/94_spot_jpg.rf.f44243d0ae515ff7eca9852ef3c9c1ab.jpg,,c05f15511f6b454fff6dbe26f5022d102a4c9900115675a6c6aed94e2271174f,spot,train,train,False,masks/spot/67cea208228ae234ced4759c.png,pending,nonempty,416
SAM3_auto,brillo112,False,spot:94_spot_jpg,416,67465eb547f4800cf9efe174,spot_source,/content/drive/MyDrive/LeafData.v1i.yolov11_aug4_20261003_170034/train/images/94_spot_jpg.rf.f44243d0ae515ff7eca9852ef3c9c1ab__aug4_brillo112.png,,,pending,missing,train/images/94_spot_jpg.rf.f44243d0ae515ff7eca9852ef3c9c1ab.jpg,,train/images/94_spot_jpg.rf.f44243d0ae515ff7eca9852ef3c9c1ab__aug4_brillo112.png,,decf6c912b0308b10c06ee856f98abd94a0261c84d8a1518f678b4f5ff12e453,spot,train,train,False,masks/spot/67465eb547f4800cf9efe174.png,pending,nonempty,416
SAM3_auto,contraste115,False,spot:94_spot_jpg,416,7fb355128fb61ae793df7193,spot_source,/content/drive/MyDrive/LeafData.v1i.yolov11_aug4_20261003_170034/train/images/94_spot_jpg.rf.f44243d0ae515ff7eca9852ef3c9c1ab__aug4_contraste115.png,,,pending,missing,train/images/94_spot_jpg.rf.f44243d0ae515ff7eca9852ef3c9c1ab.jpg,,train/images/94_spot_jpg.rf.f44243d0ae515ff7eca9852ef3c9c1ab__aug4_contraste115.png,,278c1b0ebe697c6e184a9071b44e1661fb881859eab071c0ce7683c1b2e7a367,spot,train,train,False,masks/spot/7fb355128fb61ae793df7193.png,pending,nonempty,416
SAM3_auto,hflip,False,spot:94_spot_jpg,416,086ebe2abb9a80d0540eff9d,spot_source,/content/drive/MyDrive/LeafData.v1i.yolov11_aug4_20261003_170034/train/images/94_spot_jpg.rf.f44243d0ae515ff7eca9852ef3c9c1ab__aug4_hflip.png,,,pending,missing,train/images/94_spot_jpg.rf.f44243d0ae515ff7eca9852ef3c9c1ab.jpg,,train/images/94_spot_jpg.rf.f44243d0ae515ff7eca9852ef3c9c1ab__aug4_hflip.png,,13cefab2a48caee2645bd61d69aa14d632fae087512ee1385a36be3791db7893,spot,train,train,False,masks/spot/086ebe2abb9a80d0540eff9d.png,pending,nonempty,416
SAM3_auto,vflip,False,spot:94_spot_jpg,416,1bae7c80653fd763e6394434,spot_source,/content/drive/MyDrive/LeafData.v1i.yolov11_aug4_20261003_170034/train/images/94_spot_jpg.rf.f44243d0ae515ff7eca9852ef3c9c1ab__aug4_vflip.png,,,pending,missing,train/images/94_spot_jpg.rf.f44243d0ae515ff7eca9852ef3c9c1ab.jpg,,train/images/94_spot_jpg.rf.f44243d0ae515ff7eca9852ef3c9c1ab__aug4_vflip.png,,ad5321607dc86c655e6dd00f1351272ea02755d8abaaba11c3c5c8f11a40380a,spot,train,train,False,masks/spot/1bae7c80653fd763e6394434.png,pending,nonempty,416
SAM3_auto,original,True,spot:95_spot_jpg,416,d46a3948e1c2a2726060050d,spot_source,/content/drive/MyDrive/LeafData.v1i.yolov11_aug4_20261003_170034/train/images/95_spot_jpg.rf.e135fa32e59ffccc3acd1550c519a9c3.jpg,,,pending,missing,train/images/95_spot_jpg.rf.e135fa32e59ffccc3acd1550c519a9c3.jpg,,train/images/95_spot_jpg.rf.e135fa32e59ffccc3acd1550c519a9c3.jpg,,673eb98de70de74c17da0d5f6ecc9282707289eb1ac3382b61b72d67d1957dd3,spot,train,train,False,masks/spot/d46a3948e1c2a2726060050d.png,pending,nonempty,416
SAM3_auto,brillo112,False,spot:95_spot_jpg,416,7dc880242277c5c2d8cff48b,spot_source,/content/drive/MyDrive/LeafData.v1i.yolov11_aug4_20261003_170034/train/images/95_spot_jpg.rf.e135fa32e59ffccc3acd1550c519a9c3__aug4_brillo112.png,,,pending,missing,train/images/95_spot_jpg.rf.e135fa32e59ffccc3acd1550c519a9c3.jpg,,train/images/95_spot_jpg.rf.e135fa32e59ffccc3acd1550c519a9c3__aug4_brillo112.png,,82953923d68e62b8a9667ff18e91b923042a595bb8a5654ea8785c6d52e444dd,spot,train,train,False,masks/spot/7dc880242277c5c2d8cff48b.png,pending,nonempty,416
SAM3_auto,contraste115,False,spot:95_spot_jpg,416,4f8df163183bb4dfcd219199,spot_source,/content/drive/MyDrive/LeafData.v1i.yolov11_aug4_20261003_170034/train/images/95_spot_jpg.rf.e135fa32e59ffccc3acd1550c519a9c3__aug4_contraste115.png,,,pending,missing,train/images/95_spot_jpg.rf.e135fa32e59ffccc3acd1550c519a9c3.jpg,,train/images/95_spot_jpg.rf.e135fa32e59ffccc3acd1550c519a9c3__aug4_contraste115.png,,dcbd2d24aed009971d9fff734aa79ee24d2aed6c80b499d5bae262d24b36e3de,spot,train,train,False,masks/spot/4f8df163183bb4dfcd219199.png,pending,nonempty,416
SAM3_auto,hflip,False,spot:95_spot_jpg,416,6d86aa24f189679ea4ea6cd6,spot_source,/content/drive/MyDrive/LeafData.v1i.yolov11_aug4_20261003_170034/train/images/95_spot_jpg.rf.e135fa32e59ffccc3acd1550c519a9c3__aug4_hflip.png,,,pending,missing,train/images/95_spot_jpg.rf.e135fa32e59ffccc3acd1550c519a9c3.jpg,,train/images/95_spot_jpg.rf.e135fa32e59ffccc3acd1550c519a9c3__aug4_hflip.png,,54c26fb98d9a2df7cf688d3bbd10fe183cf6c85ee2b1868ae3ad33ab13ab8e64,spot,train,train,False,masks/spot/6d86aa24f189679ea4ea6cd6.png,pending,nonempty,416
SAM3_auto,vflip,False,spot:95_spot_jpg,416,75abc424df18636dacc93734,spot_source,/content/drive/MyDrive/LeafData.v1i.yolov11_aug4_20261003_170034/train/images/95_spot_jpg.rf.e135fa32e59ffccc3acd1550c519a9c3__aug4_vflip.png,,,pending,missing,train/images/95_spot_jpg.rf.e135fa32e59ffccc3acd1550c519a9c3.jpg,,train/images/95_spot_jpg.rf.e135fa32e59ffccc3acd1550c519a9c3__aug4_vflip.png,,463611407e5fd686355ef747c2fbf71daa9c1379e3056de2fbc31876f88078a5,spot,train,train,False,masks/spot/75abc424df18636dacc93734.png,pending,nonempty,416
SAM3_auto,original,True,spot:95_spot_jpg,416,9fd00f44767e6917d284d827,spot_source,/content/drive/MyDrive/LeafData.v1i.yolov11_aug4_20261003_170034/train/images/95_spot_jpg.rf.f5a37ab43f6b0abbea079be264493c38.jpg,,,pending,missing,train/images/95_spot_jpg.rf.f5a37ab43f6b0abbea079be264493c38.jpg,,train/images/95_spot_jpg.rf.f5a37ab43f6b0abbea079be264493c38.jpg,,6d3f1fae73facc5ec311fd93f366d4ac716dbec7866264e84b7d83705ac1f4b8,spot,train,train,False,masks/spot/9fd00f44767e6917d284d827.png,pending,nonempty,416
SAM3_auto,brillo112,False,spot:95_spot_jpg,416,66281146334019910b5bd290,spot_source,/content/drive/MyDrive/LeafData.v1i.yolov11_aug4_20261003_170034/train/images/95_spot_jpg.rf.f5a37ab43f6b0abbea079be264493c38__aug4_brillo112.png,,,pending,missing,train/images/95_spot_jpg.rf.f5a37ab43f6b0abbea079be264493c38.jpg,,train/images/95_spot_jpg.rf.f5a37ab43f6b0abbea079be264493c38__aug4_brillo112.png,,f5a5fb7bca8422b6d4823622151e879974df28a7db0ab53b5f4df1b86a2a8d50,spot,train,train,False,masks/spot/66281146334019910b5bd290.png,pending,nonempty,416
SAM3_auto,contraste115,False,spot:95_spot_jpg,416,c32d02bdad547caa55fd4818,spot_source,/content/drive/MyDrive/LeafData.v1i.yolov11_aug4_20261003_170034/train/images/95_spot_jpg.rf.f5a37ab43f6b0abbea079be264493c38__aug4_contraste115.png,,,pending,missing,train/images/95_spot_jpg.rf.f5a37ab43f6b0abbea079be264493c38.jpg,,train/images/95_spot_jpg.rf.f5a37ab43f6b0abbea079be264493c38__aug4_contraste115.png,,bdefa3118cf26b0318fb89584ed874a1eca201ec56d544b0a3ea7f8f8e856f7b,spot,train,train,False,masks/spot/c32d02bdad547caa55fd4818.png,pending,nonempty,416
SAM3_auto,hflip,False,spot:95_spot_jpg,416,3fb37bc9d6ab81ff47cccedb,spot_source,/content/drive/MyDrive/LeafData.v1i.yolov11_aug4_20261003_170034/train/images/95_spot_jpg.rf.f5a37ab43f6b0abbea079be264493c38__aug4_hflip.png,,,pending,missing,train/images/95_spot_jpg.rf.f5a37ab43f6b0abbea079be264493c38.jpg,,train/images/95_spot_jpg.rf.f5a37ab43f6b0abbea079be264493c38__aug4_hflip.png,,e0288d7593f89367ca55e6538f455af7b67d10686a1b06a61d7b665e9451f8fd,spot,train,train,False,masks/spot/3fb37bc9d6ab81ff47cccedb.png,pending,nonempty,416
SAM3_auto,vflip,False,spot:95_spot_jpg,416,0f69ba5a6b0fa3b2dcfbeb6d,spot_source,/content/drive/MyDrive/LeafData.v1i.yolov11_aug4_20261003_170034/train/images/95_spot_jpg.rf.f5a37ab43f6b0abbea079be264493c38__aug4_vflip.png,,,pending,missing,train/images/95_spot_jpg.rf.f5a37ab43f6b0abbea079be264493c38.jpg,,train/images/95_spot_jpg.rf.f5a37ab43f6b0abbea079be264493c38__aug4_vflip.png,,1188897e10f0b358a1c1fece727b1c5101bb073cea189252baee1a3573e5948a,spot,train,train,False,masks/spot/0f69ba5a6b0fa3b2dcfbeb6d.png,pending,nonempty,416
SAM3_auto,original,True,spot:96_spot_jpg,416,fa5cb4bd6f27f2127c2ec8dd,spot_source,/content/drive/MyDrive/LeafData.v1i.yolov11_aug4_20261003_170034/train/images/96_spot_jpg.rf.56d47802c9ea42e1fa32adf3de5f0d96.jpg,,,pending,missing,train/images/96_spot_jpg.rf.56d47802c9ea42e1fa32adf3de5f0d96.jpg,,train/images/96_spot_jpg.rf.56d47802c9ea42e1fa32adf3de5f0d96.jpg,,05f61341b0529a0a18c991383c8be1b1e7161fae33b400e3a2cafaad453a8414,spot,train,train,False,masks/spot/fa5cb4bd6f27f2127c2ec8dd.png,pending,nonempty,416
SAM3_auto,brillo112,False,spot:96_spot_jpg,416,f3979e5b5704ae8caed303a6,spot_source,/content/drive/MyDrive/LeafData.v1i.yolov11_aug4_20261003_170034/train/images/96_spot_jpg.rf.56d47802c9ea42e1fa32adf3de5f0d96__aug4_brillo112.png,,,pending,missing,train/images/96_spot_jpg.rf.56d47802c9ea42e1fa32adf3de5f0d96.jpg,,train/images/96_spot_jpg.rf.56d47802c9ea42e1fa32adf3de5f0d96__aug4_brillo112.png,,f5a149e01a3441ce99c90437d13e64efaf82f6d6261c9dff9bdc0b67cfe46625,spot,train,train,False,masks/spot/f3979e5b5704ae8caed303a6.png,pending,nonempty,416
SAM3_auto,contraste115,False,spot:96_spot_jpg,416,efab6f998cbe4b7f1022ba90,spot_source,/content/drive/MyDrive/LeafData.v1i.yolov11_aug4_20261003_170034/train/images/96_spot_jpg.rf.56d47802c9ea42e1fa32adf3de5f0d96__aug4_contraste115.png,,,pending,missing,train/images/96_spot_jpg.rf.56d47802c9ea42e1fa32adf3de5f0d96.jpg,,train/images/96_spot_jpg.rf.56d47802c9ea42e1fa32adf3de5f0d96__aug4_contraste115.png,,7654b958f9a0cc68a3ac0679989924884405c1912dad5197e9046686b294ab32,spot,train,train,False,masks/spot/efab6f998cbe4b7f1022ba90.png,pending,nonempty,416
SAM3_auto,hflip,False,spot:96_spot_jpg,416,b0bfec409511238e67ef7b0d,spot_source,/content/drive/MyDrive/LeafData.v1i.yolov11_aug4_20261003_170034/train/images/96_spot_jpg.rf.56d47802c9ea42e1fa32adf3de5f0d96__aug4_hflip.png,,,pending,missing,train/images/96_spot_jpg.rf.56d47802c9ea42e1fa32adf3de5f0d96.jpg,,train/images/96_spot_jpg.rf.56d47802c9ea42e1fa32adf3de5f0d96__aug4_hflip.png,,520bff7d85b1aa96d060e51ca12a4fb2eba0e8623cdecba95875453d7ecb47a4,spot,train,train,False,masks/spot/b0bfec409511238e67ef7b0d.png,pending,nonempty,416
SAM3_auto,vflip,False,spot:96_spot_jpg,416,b8a375a828f484d2571d0644,spot_source,/content/drive/MyDrive/LeafData.v1i.yolov11_aug4_20261003_170034/train/images/96_spot_jpg.rf.56d47802c9ea42e1fa32adf3de5f0d96__aug4_vflip.png,,,pending,missing,train/images/96_spot_jpg.rf.56d47802c9ea42e1fa32adf3de5f0d96.jpg,,train/images/96_spot_jpg.rf.56d47802c9ea42e1fa32adf3de5f0d96__aug4_vflip.png,,0203f5fd7375940b4ec442fa72f954c6f66b9cb46aa1e05fb84b3708eb7fdf75,spot,train,train,False,masks/spot/b8a375a828f484d2571d0644.png,pending,nonempty,416
SAM3_auto,original,True,spot:96_spot_jpg,416,cae2b801708b4795fb6dbf76,spot_source,/content/drive/MyDrive/LeafData.v1i.yolov11_aug4_20261003_170034/train/images/96_spot_jpg.rf.724a5c38d13366537916a771bab657e7.jpg,,,pending,missing,train/images/96_spot_jpg.rf.724a5c38d13366537916a771bab657e7.jpg,,train/images/96_spot_jpg.rf.724a5c38d13366537916a771bab657e7.jpg,,d320087f2b4670c908a81cd220b753c100e2feeb2a6f9f25a0525a7c9c6d81db,spot,train,train,False,masks/spot/cae2b801708b4795fb6dbf76.png,pending,nonempty,416
SAM3_auto,brillo112,False,spot:96_spot_jpg,416,59499b2d737766f0dc8c506e,spot_source,/content/drive/MyDrive/LeafData.v1i.yolov11_aug4_20261003_170034/train/images/96_spot_jpg.rf.724a5c38d13366537916a771bab657e7__aug4_brillo112.png,,,pending,missing,train/images/96_spot_jpg.rf.724a5c38d13366537916a771bab657e7.jpg,,train/images/96_spot_jpg.rf.724a5c38d13366537916a771bab657e7__aug4_brillo112.png,,6258105193066b319cfe2e0f2ff3f0e98309c70a45656872517def72bc723217,spot,train,train,False,masks/spot/59499b2d737766f0dc8c506e.png,pending,nonempty,416
SAM3_auto,contraste115,False,spot:96_spot_jpg,416,53aa90a96871b2ef7c1c1ef1,spot_source,/content/drive/MyDrive/LeafData.v1i.yolov11_aug4_20261003_170034/train/images/96_spot_jpg.rf.724a5c38d13366537916a771bab657e7__aug4_contraste115.png,,,pending,missing,train/images/96_spot_jpg.rf.724a5c38d13366537916a771bab657e7.jpg,,train/images/96_spot_jpg.rf.724a5c38d13366537916a771bab657e7__aug4_contraste115.png,,175f7ad9434c542e0456e4c6dfad5b8a7bcb0823e76fefd6e5720a681b6a3977,spot,train,train,False,masks/spot/53aa90a96871b2ef7c1c1ef1.png,pending,nonempty,416
SAM3_auto,hflip,False,spot:96_spot_jpg,416,a8e629bcffb7e1c272cede56,spot_source,/content/drive/MyDrive/LeafData.v1i.yolov11_aug4_20261003_170034/train/images/96_spot_jpg.rf.724a5c38d13366537916a771bab657e7__aug4_hflip.png,,,pending,missing,train/images/96_spot_jpg.rf.724a5c38d13366537916a771bab657e7.jpg,,train/images/96_spot_jpg.rf.724a5c38d13366537916a771bab657e7__aug4_hflip.png,,f3d398b40f55ede1383bb89332fc1573d96f46f50470432d8b883312faca6aa1,spot,train,train,False,masks/spot/a8e629bcffb7e1c272cede56.png,pending,nonempty,416
SAM3_auto,vflip,False,spot:96_spot_jpg,416,4e45f72f9ba2edbcfc0e3ac6,spot_source,/content/drive/MyDrive/LeafData.v1i.yolov11_aug4_20261003_170034/train/images/96_spot_jpg.rf.724a5c38d13366537916a771bab657e7__aug4_vflip.png,,,pending,missing,train/images/96_spot_jpg.rf.724a5c38d13366537916a771bab657e7.jpg,,train/images/96_spot_jpg.rf.724a5c38d13366537916a771bab657e7__aug4_vflip.png,,976d99e8f4c2e9c353ec723cf4ac27c6b768b44b8cca98c92991c22e902c76ee,spot,train,train,False,masks/spot/4e45f72f9ba2edbcfc0e3ac6.png,pending,nonempty,416
SAM3_auto,original,True,spot:96_spot_jpg,416,ef7e3e497fab1457a848e76f,spot_source,/content/drive/MyDrive/LeafData.v1i.yolov11_aug4_20261003_170034/train/images/96_spot_jpg.rf.8ac06c6e8036fdc6cf270ebb6084b48e.jpg,,,pending,missing,train/images/96_spot_jpg.rf.8ac06c6e8036fdc6cf270ebb6084b48e.jpg,,train/images/96_spot_jpg.rf.8ac06c6e8036fdc6cf270ebb6084b48e.jpg,,0b1515158ed5ff4cb5ad8409b398f8e42c36dd574cca980f4fef137fad7cc00a,spot,train,train,False,masks/spot/ef7e3e497fab1457a848e76f.png,pending,nonempty,416
SAM3_auto,brillo112,False,spot:96_spot_jpg,416,39d8e62755e895d538b28c2c,spot_source,/content/drive/MyDrive/LeafData.v1i.yolov11_aug4_20261003_170034/train/images/96_spot_jpg.rf.8ac06c6e8036fdc6cf270ebb6084b48e__aug4_brillo112.png,,,pending,missing,train/images/96_spot_jpg.rf.8ac06c6e8036fdc6cf270ebb6084b48e.jpg,,train/images/96_spot_jpg.rf.8ac06c6e8036fdc6cf270ebb6084b48e__aug4_brillo112.png,,b4dbb589372f8d46aa78300458d3e873e2532f936968ef8996161ac4d998dcd1,spot,train,train,False,masks/spot/39d8e62755e895d538b28c2c.png,pending,nonempty,416
SAM3_auto,contraste115,False,spot:96_spot_jpg,416,ba161da9db56335ebdf6f9c4,spot_source,/content/drive/MyDrive/LeafData.v1i.yolov11_aug4_20261003_170034/train/images/96_spot_jpg.rf.8ac06c6e8036fdc6cf270ebb6084b48e__aug4_contraste115.png,,,pending,missing,train/images/96_spot_jpg.rf.8ac06c6e8036fdc6cf270ebb6084b48e.jpg,,train/images/96_spot_jpg.rf.8ac06c6e8036fdc6cf270ebb6084b48e__aug4_contraste115.png,,a58a17ec59b872789949933d492259c60bc218f2dc002f4e5532b87c3068cb4b,spot,train,train,False,masks/spot/ba161da9db56335ebdf6f9c4.png,pending,nonempty,416
SAM3_auto,hflip,False,spot:96_spot_jpg,416,77731004afa5deae0eb06923,spot_source,/content/drive/MyDrive/LeafData.v1i.yolov11_aug4_20261003_170034/train/images/96_spot_jpg.rf.8ac06c6e8036fdc6cf270ebb6084b48e__aug4_hflip.png,,,pending,missing,train/images/96_spot_jpg.rf.8ac06c6e8036fdc6cf270ebb6084b48e.jpg,,train/images/96_spot_jpg.rf.8ac06c6e8036fdc6cf270ebb6084b48e__aug4_hflip.png,,1e97d59579f167f91114fd74360af25c683c407ddb7cc2280720cd62f36e316a,spot,train,train,False,masks/spot/77731004afa5deae0eb06923.png,pending,nonempty,416
SAM3_auto,vflip,False,spot:96_spot_jpg,416,8417b20d829f8e0e2c37e775,spot_source,/content/drive/MyDrive/LeafData.v1i.yolov11_aug4_20261003_170034/train/images/96_spot_jpg.rf.8ac06c6e8036fdc6cf270ebb6084b48e__aug4_vflip.png,,,pending,missing,train/images/96_spot_jpg.rf.8ac06c6e8036fdc6cf270ebb6084b48e.jpg,,train/images/96_spot_jpg.rf.8ac06c6e8036fdc6cf270ebb6084b48e__aug4_vflip.png,,ed73a025f5029c3a534d135e17480c3667c66432b22c42e8a2aed87382435b58,spot,train,train,False,masks/spot/8417b20d829f8e0e2c37e775.png,pending,nonempty,416
SAM3_auto,original,True,spot:98_spot_jpg,416,43acf65b282589de7d52d8c2,spot_source,/content/drive/MyDrive/LeafData.v1i.yolov11_aug4_20261003_170034/train/images/98_spot_jpg.rf.0d870da969eaf162934513dc54fbca9f.jpg,,,pending,missing,train/images/98_spot_jpg.rf.0d870da969eaf162934513dc54fbca9f.jpg,,train/images/98_spot_jpg.rf.0d870da969eaf162934513dc54fbca9f.jpg,,ed45753bc03602c540bb4771bbad6fb001d558a4965312d0f577848e5486e157,spot,train,train,False,masks/spot/43acf65b282589de7d52d8c2.png,pending,nonempty,416
SAM3_auto,brillo112,False,spot:98_spot_jpg,416,5b42563b1739e7541f48a0f9,spot_source,/content/drive/MyDrive/LeafData.v1i.yolov11_aug4_20261003_170034/train/images/98_spot_jpg.rf.0d870da969eaf162934513dc54fbca9f__aug4_brillo112.png,,,pending,missing,train/images/98_spot_jpg.rf.0d870da969eaf162934513dc54fbca9f.jpg,,train/images/98_spot_jpg.rf.0d870da969eaf162934513dc54fbca9f__aug4_brillo112.png,,43999fce24bec736c8f27664c51c158a5ab7e106d742cb63c8307dc885eb9d9c,spot,train,train,False,masks/spot/5b42563b1739e7541f48a0f9.png,pending,nonempty,416
SAM3_auto,contraste115,False,spot:98_spot_jpg,416,dd1a4e4b679344a47351a249,spot_source,/content/drive/MyDrive/LeafData.v1i.yolov11_aug4_20261003_170034/train/images/98_spot_jpg.rf.0d870da969eaf162934513dc54fbca9f__aug4_contraste115.png,,,pending,missing,train/images/98_spot_jpg.rf.0d870da969eaf162934513dc54fbca9f.jpg,,train/images/98_spot_jpg.rf.0d870da969eaf162934513dc54fbca9f__aug4_contraste115.png,,e315808bae82d9ea33c2326e3dc7a9d2f02fdf5f2d54733a462a0599afc8235c,spot,train,train,False,masks/spot/dd1a4e4b679344a47351a249.png,pending,nonempty,416
SAM3_auto,hflip,False,spot:98_spot_jpg,416,b3b8683236525cff77290bd9,spot_source,/content/drive/MyDrive/LeafData.v1i.yolov11_aug4_20261003_170034/train/images/98_spot_jpg.rf.0d870da969eaf162934513dc54fbca9f__aug4_hflip.png,,,pending,missing,train/images/98_spot_jpg.rf.0d870da969eaf162934513dc54fbca9f.jpg,,train/images/98_spot_jpg.rf.0d870da969eaf162934513dc54fbca9f__aug4_hflip.png,,d830bf0b187625d445cb13cfd33fdaadd017725f2be93accd80a3587810bf497,spot,train,train,False,masks/spot/b3b8683236525cff77290bd9.png,pending,nonempty,416
SAM3_auto,vflip,False,spot:98_spot_jpg,416,d72a0a60bcdae20255f1e28a,spot_source,/content/drive/MyDrive/LeafData.v1i.yolov11_aug4_20261003_170034/train/images/98_spot_jpg.rf.0d870da969eaf162934513dc54fbca9f__aug4_vflip.png,,,pending,missing,train/images/98_spot_jpg.rf.0d870da969eaf162934513dc54fbca9f.jpg,,train/images/98_spot_jpg.rf.0d870da969eaf162934513dc54fbca9f__aug4_vflip.png,,adb22662438c18ee571c9f4edb3871c0848a358790001f8559839ddf7f328fc4,spot,train,train,False,masks/spot/d72a0a60bcdae20255f1e28a.png,pending,nonempty,416
SAM3_auto,original,True,spot:98_spot_jpg,416,8e4aac04cd62e8dea880412d,spot_source,/content/drive/MyDrive/LeafData.v1i.yolov11_aug4_20261003_170034/train/images/98_spot_jpg.rf.177f7f730b5f255fb48186b97559f6ca.jpg,,,pending,missing,train/images/98_spot_jpg.rf.177f7f730b5f255fb48186b97559f6ca.jpg,,train/images/98_spot_jpg.rf.177f7f730b5f255fb48186b97559f6ca.jpg,,9221d20072c7c13ecb04f80f15d63a2088324150f92992f6c67e2f76b8c0b4c2,spot,train,train,False,masks/spot/8e4aac04cd62e8dea880412d.png,pending,nonempty,416
SAM3_auto,brillo112,False,spot:98_spot_jpg,416,61f71a19cb25cac4bc1a2ecb,spot_source,/content/drive/MyDrive/LeafData.v1i.yolov11_aug4_20261003_170034/train/images/98_spot_jpg.rf.177f7f730b5f255fb48186b97559f6ca__aug4_brillo112.png,,,pending,missing,train/images/98_spot_jpg.rf.177f7f730b5f255fb48186b97559f6ca.jpg,,train/images/98_spot_jpg.rf.177f7f730b5f255fb48186b97559f6ca__aug4_brillo112.png,,3b18e1b6f2910556a23f3003f7042de9674809f65f3c743773a7779184d1bcd4,spot,train,train,False,masks/spot/61f71a19cb25cac4bc1a2ecb.png,pending,nonempty,416
SAM3_auto,contraste115,False,spot:98_spot_jpg,416,f99bd6a94ead06bbc6526847,spot_source,/content/drive/MyDrive/LeafData.v1i.yolov11_aug4_20261003_170034/train/images/98_spot_jpg.rf.177f7f730b5f255fb48186b97559f6ca__aug4_contraste115.png,,,pending,missing,train/images/98_spot_jpg.rf.177f7f730b5f255fb48186b97559f6ca.jpg,,train/images/98_spot_jpg.rf.177f7f730b5f255fb48186b97559f6ca__aug4_contraste115.png,,6ce32d0f01055e778bf27c031a1787a9aa35b146bd5b491273bd6466c16ca135,spot,train,train,False,masks/spot/f99bd6a94ead06bbc6526847.png,pending,nonempty,416
SAM3_auto,hflip,False,spot:98_spot_jpg,416,2d09a69ce6d42239ccea268e,spot_source,/content/drive/MyDrive/LeafData.v1i.yolov11_aug4_20261003_170034/train/images/98_spot_jpg.rf.177f7f730b5f255fb48186b97559f6ca__aug4_hflip.png,,,pending,missing,train/images/98_spot_jpg.rf.177f7f730b5f255fb48186b97559f6ca.jpg,,train/images/98_spot_jpg.rf.177f7f730b5f255fb48186b97559f6ca__aug4_hflip.png,,e7e147ae06548eda34e360090716fd543c943d6df226e2ca5b35bf7bce0d6d7f,spot,train,train,False,masks/spot/2d09a69ce6d42239ccea268e.png,pending,nonempty,416
SAM3_auto,vflip,False,spot:98_spot_jpg,416,991bdbb6af7997de2801f30b,spot_source,/content/drive/MyDrive/LeafData.v1i.yolov11_aug4_20261003_170034/train/images/98_spot_jpg.rf.177f7f730b5f255fb48186b97559f6ca__aug4_vflip.png,,,pending,missing,train/images/98_spot_jpg.rf.177f7f730b5f255fb48186b97559f6ca.jpg,,train/images/98_spot_jpg.rf.177f7f730b5f255fb48186b97559f6ca__aug4_vflip.png,,7c8889fcd0dee0f675e38bd7e2774520dc236f653d6b2ef1027e2f9f08cf6a16,spot,train,train,False,masks/spot/991bdbb6af7997de2801f30b.png,pending,nonempty,416
SAM3_auto,original,True,spot:98_spot_jpg,416,87b7fb723aff925ec14bdcef,spot_source,/content/drive/MyDrive/LeafData.v1i.yolov11_aug4_20261003_170034/train/images/98_spot_jpg.rf.93c3cb99c5613e72b6eb40df03d4c7eb.jpg,,,pending,missing,train/images/98_spot_jpg.rf.93c3cb99c5613e72b6eb40df03d4c7eb.jpg,,train/images/98_spot_jpg.rf.93c3cb99c5613e72b6eb40df03d4c7eb.jpg,,da68d05fb43be5d264887f4c017616d363435e52efb92ba9704a0a280282e91b,spot,train,train,False,masks/spot/87b7fb723aff925ec14bdcef.png,pending,nonempty,416
SAM3_auto,brillo112,False,spot:98_spot_jpg,416,90dddaf30adc7bf350310e3b,spot_source,/content/drive/MyDrive/LeafData.v1i.yolov11_aug4_20261003_170034/train/images/98_spot_jpg.rf.93c3cb99c5613e72b6eb40df03d4c7eb__aug4_brillo112.png,,,pending,missing,train/images/98_spot_jpg.rf.93c3cb99c5613e72b6eb40df03d4c7eb.jpg,,train/images/98_spot_jpg.rf.93c3cb99c5613e72b6eb40df03d4c7eb__aug4_brillo112.png,,27a41aaf87330ec92da11ff975f45bfd3db15d262f4c4d94573a1e4988511e5f,spot,train,train,False,masks/spot/90dddaf30adc7bf350310e3b.png,pending,nonempty,416
SAM3_auto,contraste115,False,spot:98_spot_jpg,416,5dcf4b6cd164eb0ea0eff556,spot_source,/content/drive/MyDrive/LeafData.v1i.yolov11_aug4_20261003_170034/train/images/98_spot_jpg.rf.93c3cb99c5613e72b6eb40df03d4c7eb__aug4_contraste115.png,,,pending,missing,train/images/98_spot_jpg.rf.93c3cb99c5613e72b6eb40df03d4c7eb.jpg,,train/images/98_spot_jpg.rf.93c3cb99c5613e72b6eb40df03d4c7eb__aug4_contraste115.png,,fbf67fab59a0cac3e80f95fd803449157f692ad2ab4ccc792367e410340baf4f,spot,train,train,False,masks/spot/5dcf4b6cd164eb0ea0eff556.png,pending,nonempty,416
SAM3_auto,hflip,False,spot:98_spot_jpg,416,ba5a87517053ae1b060ce38a,spot_source,/content/drive/MyDrive/LeafData.v1i.yolov11_aug4_20261003_170034/train/images/98_spot_jpg.rf.93c3cb99c5613e72b6eb40df03d4c7eb__aug4_hflip.png,,,pending,missing,train/images/98_spot_jpg.rf.93c3cb99c5613e72b6eb40df03d4c7eb.jpg,,train/images/98_spot_jpg.rf.93c3cb99c5613e72b6eb40df03d4c7eb__aug4_hflip.png,,41e1dd02100f9a3daa9954375d1aa19c80a172ceb667ed489ddc650318f9f6e4,spot,train,train,False,masks/spot/ba5a87517053ae1b060ce38a.png,pending,nonempty,416
SAM3_auto,vflip,False,spot:98_spot_jpg,416,066599d423ab03a5a8d81899,spot_source,/content/drive/MyDrive/LeafData.v1i.yolov11_aug4_20261003_170034/train/images/98_spot_jpg.rf.93c3cb99c5613e72b6eb40df03d4c7eb__aug4_vflip.png,,,pending,missing,train/images/98_spot_jpg.rf.93c3cb99c5613e72b6eb40df03d4c7eb.jpg,,train/images/98_spot_jpg.rf.93c3cb99c5613e72b6eb40df03d4c7eb__aug4_vflip.png,,ecbb3636a4e5dcef6478bdfe3b3ad12eaee02025f05c5efe6887d6c8e3dc6983,spot,train,train,False,masks/spot/066599d423ab03a5a8d81899.png,pending,nonempty,416
SAM3_auto,original,True,spot:99_spot_jpg,416,a19f36fae75cfa8fd651cf3c,spot_source,/content/drive/MyDrive/LeafData.v1i.yolov11_aug4_20261003_170034/train/images/99_spot_jpg.rf.15ff5d9b8042281b12a46831ea3caa4c.jpg,,,pending,missing,train/images/99_spot_jpg.rf.15ff5d9b8042281b12a46831ea3caa4c.jpg,,train/images/99_spot_jpg.rf.15ff5d9b8042281b12a46831ea3caa4c.jpg,,4033206a2166001290c5e3d08530e4641f948994c250f09d13f906009c7179da,spot,train,train,False,masks/spot/a19f36fae75cfa8fd651cf3c.png,pending,nonempty,416
SAM3_auto,brillo112,False,spot:99_spot_jpg,416,9234b3e1f729e21214703eb6,spot_source,/content/drive/MyDrive/LeafData.v1i.yolov11_aug4_20261003_170034/train/images/99_spot_jpg.rf.15ff5d9b8042281b12a46831ea3caa4c__aug4_brillo112.png,,,pending,missing,train/images/99_spot_jpg.rf.15ff5d9b8042281b12a46831ea3caa4c.jpg,,train/images/99_spot_jpg.rf.15ff5d9b8042281b12a46831ea3caa4c__aug4_brillo112.png,,249c49685945e0b825e103076e33bf96530c1a456a0417bb91cb89aeb7f3baa6,spot,train,train,False,masks/spot/9234b3e1f729e21214703eb6.png,pending,nonempty,416
SAM3_auto,contraste115,False,spot:99_spot_jpg,416,57d73b5e8890332de2346803,spot_source,/content/drive/MyDrive/LeafData.v1i.yolov11_aug4_20261003_170034/train/images/99_spot_jpg.rf.15ff5d9b8042281b12a46831ea3caa4c__aug4_contraste115.png,,,pending,missing,train/images/99_spot_jpg.rf.15ff5d9b8042281b12a46831ea3caa4c.jpg,,train/images/99_spot_jpg.rf.15ff5d9b8042281b12a46831ea3caa4c__aug4_contraste115.png,,4ec8eeed901bc1ddbb692b23b6e9068e936c7d0c19e37286252f9e2a7c6f4169,spot,train,train,False,masks/spot/57d73b5e8890332de2346803.png,pending,nonempty,416
SAM3_auto,hflip,False,spot:99_spot_jpg,416,e12a71c27c37dff83228fba8,spot_source,/content/drive/MyDrive/LeafData.v1i.yolov11_aug4_20261003_170034/train/images/99_spot_jpg.rf.15ff5d9b8042281b12a46831ea3caa4c__aug4_hflip.png,,,pending,missing,train/images/99_spot_jpg.rf.15ff5d9b8042281b12a46831ea3caa4c.jpg,,train/images/99_spot_jpg.rf.15ff5d9b8042281b12a46831ea3caa4c__aug4_hflip.png,,f8a0953e23a3800bbf3cd18c41cea769a1182449a08e8a345cbf866429a3dc53,spot,train,train,False,masks/spot/e12a71c27c37dff83228fba8.png,pending,nonempty,416
SAM3_auto,vflip,False,spot:99_spot_jpg,416,9347fbfe419c2fb7af123757,spot_source,/content/drive/MyDrive/LeafData.v1i.yolov11_aug4_20261003_170034/train/images/99_spot_jpg.rf.15ff5d9b8042281b12a46831ea3caa4c__aug4_vflip.png,,,pending,missing,train/images/99_spot_jpg.rf.15ff5d9b8042281b12a46831ea3caa4c.jpg,,train/images/99_spot_jpg.rf.15ff5d9b8042281b12a46831ea3caa4c__aug4_vflip.png,,0a9c42157b6e57ef6b66a6942e75a6b1055500c76a33dcb7e72e2396ee31a250,spot,train,train,False,masks/spot/9347fbfe419c2fb7af123757.png,pending,nonempty,416
SAM3_auto,original,True,spot:99_spot_jpg,416,e6e15dec847e96d942c635c8,spot_source,/content/drive/MyDrive/LeafData.v1i.yolov11_aug4_20261003_170034/train/images/99_spot_jpg.rf.2ed16306e3fb038c10ebf0634d08b973.jpg,,,pending,missing,train/images/99_spot_jpg.rf.2ed16306e3fb038c10ebf0634d08b973.jpg,,train/images/99_spot_jpg.rf.2ed16306e3fb038c10ebf0634d08b973.jpg,,3d66530dd0779df52964289063c65d59a4e1416fffdabd7a9efe3d03932af04c,spot,train,train,False,masks/spot/e6e15dec847e96d942c635c8.png,pending,nonempty,416
SAM3_auto,brillo112,False,spot:99_spot_jpg,416,e1304f651c41232afdb76b59,spot_source,/content/drive/MyDrive/LeafData.v1i.yolov11_aug4_20261003_170034/train/images/99_spot_jpg.rf.2ed16306e3fb038c10ebf0634d08b973__aug4_brillo112.png,,,pending,missing,train/images/99_spot_jpg.rf.2ed16306e3fb038c10ebf0634d08b973.jpg,,train/images/99_spot_jpg.rf.2ed16306e3fb038c10ebf0634d08b973__aug4_brillo112.png,,68428820e576dc3a3e200362a6626a5a1c93596a92495b5ab3ef1f00bedc8ba1,spot,train,train,False,masks/spot/e1304f651c41232afdb76b59.png,pending,nonempty,416
SAM3_auto,contraste115,False,spot:99_spot_jpg,416,b3c6eaeb1fd0ea896fdcc36c,spot_source,/content/drive/MyDrive/LeafData.v1i.yolov11_aug4_20261003_170034/train/images/99_spot_jpg.rf.2ed16306e3fb038c10ebf0634d08b973__aug4_contraste115.png,,,pending,missing,train/images/99_spot_jpg.rf.2ed16306e3fb038c10ebf0634d08b973.jpg,,train/images/99_spot_jpg.rf.2ed16306e3fb038c10ebf0634d08b973__aug4_contraste115.png,,b165f14a94e546a9fcf1ed39e57172a151d5e1e40486d5dd85388f9cb9f784b5,spot,train,train,False,masks/spot/b3c6eaeb1fd0ea896fdcc36c.png,pending,nonempty,416
SAM3_auto,hflip,False,spot:99_spot_jpg,416,44b7b8cd17743c8cf20d0ca6,spot_source,/content/drive/MyDrive/LeafData.v1i.yolov11_aug4_20261003_170034/train/images/99_spot_jpg.rf.2ed16306e3fb038c10ebf0634d08b973__aug4_hflip.png,,,pending,missing,train/images/99_spot_jpg.rf.2ed16306e3fb038c10ebf0634d08b973.jpg,,train/images/99_spot_jpg.rf.2ed16306e3fb038c10ebf0634d08b973__aug4_hflip.png,,f9e5ad62ced7abd77e8498e150b520946ecd339000a52cdc3fedeb28d8741bde,spot,train,train,False,masks/spot/44b7b8cd17743c8cf20d0ca6.png,pending,nonempty,416
SAM3_auto,vflip,False,spot:99_spot_jpg,416,54e025f335ccd05085c77fe6,spot_source,/content/drive/MyDrive/LeafData.v1i.yolov11_aug4_20261003_170034/train/images/99_spot_jpg.rf.2ed16306e3fb038c10ebf0634d08b973__aug4_vflip.png,,,pending,missing,train/images/99_spot_jpg.rf.2ed16306e3fb038c10ebf0634d08b973.jpg,,train/images/99_spot_jpg.rf.2ed16306e3fb038c10ebf0634d08b973__aug4_vflip.png,,e70ffa871ce717664bc9f844d95128d52ca1df364955b389b8c7a4975ddf3556,spot,train,train,False,masks/spot/54e025f335ccd05085c77fe6.png,pending,nonempty,416
SAM3_auto,original,True,spot:9_spot_jpg,416,e3a7b8702a66e0cb8a3fa9ca,spot_source,/content/drive/MyDrive/LeafData.v1i.yolov11_aug4_20261003_170034/train/images/9_spot_jpg.rf.ce81cd2744ba43e46759484b893ebd18.jpg,,,pending,missing,train/images/9_spot_jpg.rf.ce81cd2744ba43e46759484b893ebd18.jpg,,train/images/9_spot_jpg.rf.ce81cd2744ba43e46759484b893ebd18.jpg,,076eb53ca601d4d2ddf0e4b1b9a1643da66e2d1017cd34dcfb0603bc6b7a841e,spot,train,train,False,masks/spot/e3a7b8702a66e0cb8a3fa9ca.png,pending,nonempty,416
SAM3_auto,brillo112,False,spot:9_spot_jpg,416,b98ff4e0db3f4c489da673be,spot_source,/content/drive/MyDrive/LeafData.v1i.yolov11_aug4_20261003_170034/train/images/9_spot_jpg.rf.ce81cd2744ba43e46759484b893ebd18__aug4_brillo112.png,,,pending,missing,train/images/9_spot_jpg.rf.ce81cd2744ba43e46759484b893ebd18.jpg,,train/images/9_spot_jpg.rf.ce81cd2744ba43e46759484b893ebd18__aug4_brillo112.png,,88a27f27a7f06abf2d478b7c270260ffbe493eb87b39a87196af5744d07b9347,spot,train,train,False,masks/spot/b98ff4e0db3f4c489da673be.png,pending,nonempty,416
SAM3_auto,contraste115,False,spot:9_spot_jpg,416,534cb7fc0919c496b677aa86,spot_source,/content/drive/MyDrive/LeafData.v1i.yolov11_aug4_20261003_170034/train/images/9_spot_jpg.rf.ce81cd2744ba43e46759484b893ebd18__aug4_contraste115.png,,,pending,missing,train/images/9_spot_jpg.rf.ce81cd2744ba43e46759484b893ebd18.jpg,,train/images/9_spot_jpg.rf.ce81cd2744ba43e46759484b893ebd18__aug4_contraste115.png,,8206f5db38c264657fb4db6eba9a0730e2ea50bcdc18703e4803863e9f2c7e9c,spot,train,train,False,masks/spot/534cb7fc0919c496b677aa86.png,pending,nonempty,416
SAM3_auto,hflip,False,spot:9_spot_jpg,416,eda339f5aba450183dddb584,spot_source,/content/drive/MyDrive/LeafData.v1i.yolov11_aug4_20261003_170034/train/images/9_spot_jpg.rf.ce81cd2744ba43e46759484b893ebd18__aug4_hflip.png,,,pending,missing,train/images/9_spot_jpg.rf.ce81cd2744ba43e46759484b893ebd18.jpg,,train/images/9_spot_jpg.rf.ce81cd2744ba43e46759484b893ebd18__aug4_hflip.png,,d0af139c6b83553e6762e0a1fcbbc577aca807475e5089995e5dd268c7d90fbb,spot,train,train,False,masks/spot/eda339f5aba450183dddb584.png,pending,nonempty,416
SAM3_auto,vflip,False,spot:9_spot_jpg,416,8272f4c4098fd6504b14a199,spot_source,/content/drive/MyDrive/LeafData.v1i.yolov11_aug4_20261003_170034/train/images/9_spot_jpg.rf.ce81cd2744ba43e46759484b893ebd18__aug4_vflip.png,,,pending,missing,train/images/9_spot_jpg.rf.ce81cd2744ba43e46759484b893ebd18.jpg,,train/images/9_spot_jpg.rf.ce81cd2744ba43e46759484b893ebd18__aug4_vflip.png,,308051ba8b54a9fae1d9cd199109e433f91ed6cc3d31508d7dcbc233ec9163fa,spot,train,train,False,masks/spot/8272f4c4098fd6504b14a199.png,pending,nonempty,416
SAM3_auto,original,True,spot:9_spot_jpg,416,2e11f4235a17a2a68b3942ba,spot_source,/content/drive/MyDrive/LeafData.v1i.yolov11_aug4_20261003_170034/train/images/9_spot_jpg.rf.e9197c999813e256b149f8d5fa03d1d2.jpg,,,pending,missing,train/images/9_spot_jpg.rf.e9197c999813e256b149f8d5fa03d1d2.jpg,,train/images/9_spot_jpg.rf.e9197c999813e256b149f8d5fa03d1d2.jpg,,34dffab92c2025f24d543d6e3e8e841e4c559f0b09c6ea14846a3ba77b3c25c3,spot,train,train,False,masks/spot/2e11f4235a17a2a68b3942ba.png,pending,nonempty,416
SAM3_auto,brillo112,False,spot:9_spot_jpg,416,3de877fd019f9eb98c185b13,spot_source,/content/drive/MyDrive/LeafData.v1i.yolov11_aug4_20261003_170034/train/images/9_spot_jpg.rf.e9197c999813e256b149f8d5fa03d1d2__aug4_brillo112.png,,,pending,missing,train/images/9_spot_jpg.rf.e9197c999813e256b149f8d5fa03d1d2.jpg,,train/images/9_spot_jpg.rf.e9197c999813e256b149f8d5fa03d1d2__aug4_brillo112.png,,adda1a4e3e77b4ff6b869dc5ab6d1cdf57710ea7449399d682db00cd7d8fc275,spot,train,train,False,masks/spot/3de877fd019f9eb98c185b13.png,pending,nonempty,416
SAM3_auto,contraste115,False,spot:9_spot_jpg,416,8d24e5f849f1eda900857d77,spot_source,/content/drive/MyDrive/LeafData.v1i.yolov11_aug4_20261003_170034/train/images/9_spot_jpg.rf.e9197c999813e256b149f8d5fa03d1d2__aug4_contraste115.png,,,pending,missing,train/images/9_spot_jpg.rf.e9197c999813e256b149f8d5fa03d1d2.jpg,,train/images/9_spot_jpg.rf.e9197c999813e256b149f8d5fa03d1d2__aug4_contraste115.png,,69ceffdfe75d4171838087eecd4d933661181e53562047cb5cd93e84e11c3308,spot,train,train,False,masks/spot/8d24e5f849f1eda900857d77.png,pending,nonempty,416
SAM3_auto,hflip,False,spot:9_spot_jpg,416,745b79112f737c067b06e3f7,spot_source,/content/drive/MyDrive/LeafData.v1i.yolov11_aug4_20261003_170034/train/images/9_spot_jpg.rf.e9197c999813e256b149f8d5fa03d1d2__aug4_hflip.png,,,pending,missing,train/images/9_spot_jpg.rf.e9197c999813e256b149f8d5fa03d1d2.jpg,,train/images/9_spot_jpg.rf.e9197c999813e256b149f8d5fa03d1d2__aug4_hflip.png,,3857932a9b98e0498a0d168949b592d232cdba53908a763bbac25060feabebb9,spot,train,train,False,masks/spot/745b79112f737c067b06e3f7.png,pending,nonempty,416
SAM3_auto,vflip,False,spot:9_spot_jpg,416,69fc8b435175206602b6c107,spot_source,/content/drive/MyDrive/LeafData.v1i.yolov11_aug4_20261003_170034/train/images/9_spot_jpg.rf.e9197c999813e256b149f8d5fa03d1d2__aug4_vflip.png,,,pending,missing,train/images/9_spot_jpg.rf.e9197c999813e256b149f8d5fa03d1d2.jpg,,train/images/9_spot_jpg.rf.e9197c999813e256b149f8d5fa03d1d2__aug4_vflip.png,,89808947c7c64436df664c6671fcf8918e0e88300c5705f97175b29c6485328d,spot,train,train,False,masks/spot/69fc8b435175206602b6c107.png,pending,nonempty,416
SAM3_auto,original,True,spot:9_spot_jpg,416,9c648a70ddb8fac2c530c8c6,spot_source,/content/drive/MyDrive/LeafData.v1i.yolov11_aug4_20261003_170034/train/images/9_spot_jpg.rf.f55c7aa751e33372466bf48aeffe008f.jpg,,,pending,missing,train/images/9_spot_jpg.rf.f55c7aa751e33372466bf48aeffe008f.jpg,,train/images/9_spot_jpg.rf.f55c7aa751e33372466bf48aeffe008f.jpg,,1d98d03fe25a0b9930b8f876ffd7170ed4cd9ec18c1e067fb4f4d7700689173d,spot,train,train,False,masks/spot/9c648a70ddb8fac2c530c8c6.png,pending,nonempty,416
SAM3_auto,brillo112,False,spot:9_spot_jpg,416,1c5333082dc80a9530eeba3e,spot_source,/content/drive/MyDrive/LeafData.v1i.yolov11_aug4_20261003_170034/train/images/9_spot_jpg.rf.f55c7aa751e33372466bf48aeffe008f__aug4_brillo112.png,,,pending,missing,train/images/9_spot_jpg.rf.f55c7aa751e33372466bf48aeffe008f.jpg,,train/images/9_spot_jpg.rf.f55c7aa751e33372466bf48aeffe008f__aug4_brillo112.png,,629ee4746bdc952f433370199e4e5fa2958925e987ba2a5a7f682242bec72d86,spot,train,train,False,masks/spot/1c5333082dc80a9530eeba3e.png,pending,nonempty,416
SAM3_auto,contraste115,False,spot:9_spot_jpg,416,88c4163ba968b978b4d93169,spot_source,/content/drive/MyDrive/LeafData.v1i.yolov11_aug4_20261003_170034/train/images/9_spot_jpg.rf.f55c7aa751e33372466bf48aeffe008f__aug4_contraste115.png,,,pending,missing,train/images/9_spot_jpg.rf.f55c7aa751e33372466bf48aeffe008f.jpg,,train/images/9_spot_jpg.rf.f55c7aa751e33372466bf48aeffe008f__aug4_contraste115.png,,12ee0fc6b525d84fdfe261b8e1ff916e27e47f0735923a54d394cfad9be1ac5e,spot,train,train,False,masks/spot/88c4163ba968b978b4d93169.png,pending,nonempty,416
SAM3_auto,hflip,False,spot:9_spot_jpg,416,617500b469b7da09ce125886,spot_source,/content/drive/MyDrive/LeafData.v1i.yolov11_aug4_20261003_170034/train/images/9_spot_jpg.rf.f55c7aa751e33372466bf48aeffe008f__aug4_hflip.png,,,pending,missing,train/images/9_spot_jpg.rf.f55c7aa751e33372466bf48aeffe008f.jpg,,train/images/9_spot_jpg.rf.f55c7aa751e33372466bf48aeffe008f__aug4_hflip.png,,323cc92a79f27fe155b9a5629499975b9dbca0795baaa308fb988a88a3cd3b5b,spot,train,train,False,masks/spot/617500b469b7da09ce125886.png,pending,nonempty,416
SAM3_auto,vflip,False,spot:9_spot_jpg,416,14d9ba1591013f10f1987bb4,spot_source,/content/drive/MyDrive/LeafData.v1i.yolov11_aug4_20261003_170034/train/images/9_spot_jpg.rf.f55c7aa751e33372466bf48aeffe008f__aug4_vflip.png,,,pending,missing,train/images/9_spot_jpg.rf.f55c7aa751e33372466bf48aeffe008f.jpg,,train/images/9_spot_jpg.rf.f55c7aa751e33372466bf48aeffe008f__aug4_vflip.png,,659febe62d6c6e62a45022899f4b33b68d0a6dbe4b33b80753d5b56fd0ffbf11,spot,train,train,False,masks/spot/14d9ba1591013f10f1987bb4.png,pending,nonempty,416
