annotation_method,augmentation,evaluation_original,group_id,height,image_id,image_label,image_path,leaf_instances,leaf_mask,leaf_review,leaf_state,original_id,qa,relative_path,semantic_mask,sha256,source,source_split,split,split_conflict,spot_mask,spot_review,spot_state,width
SAM3_auto,original,True,healthy:Healthy1376.jpg,512,2c66ffde79041ea964bda52c,healthy_source,/content/drive/MyDrive/Healthy/Healthy1376.jpg,0,masks/leaf/2c66ffde79041ea964bda52c.png,pending,empty,Healthy1376.jpg,,Healthy1376.jpg,,66b2f087a3dda4c7bdb4f1ba247fec3d102be47db059f1545921d649501364e0,healthy,,test,False,,pending,unknown,512
SAM3_auto,original,True,healthy:Healthy1397.jpg,512,6e44e7e3d46afd0a96e85441,healthy_source,/content/drive/MyDrive/Healthy/Healthy1397.jpg,0,masks/leaf/6e44e7e3d46afd0a96e85441.png,pending,empty,Healthy1397.jpg,,Healthy1397.jpg,,677d527788b4bd040eb44912d3151af9391a0707ee39582641e4f310408e28fb,healthy,,train,False,,pending,unknown,512
SAM3_auto,original,True,healthy:Healthy1483.jpg,512,bbe0037438b0fe98d815b307,healthy_source,/content/drive/MyDrive/Healthy/Healthy1483.jpg,0,masks/leaf/bbe0037438b0fe98d815b307.png,pending,empty,Healthy1483.jpg,,Healthy1483.jpg,,aa6b6926950a64729b0e6e333ca862cb871ac68dd1060c93d76d0519219e8529,healthy,,train,False,,pending,unknown,512
SAM3_auto,original,True,healthy:Healthy1685.jpg,512,6d5f996ab22690ee060c31db,healthy_source,/content/drive/MyDrive/Healthy/Healthy1685.jpg,0,masks/leaf/6d5f996ab22690ee060c31db.png,pending,empty,Healthy1685.jpg,,Healthy1685.jpg,,06bd47d117760e3b4a266d35d88aecd67aede99c8230ab0f49738fca6f7401a6,healthy,,train,False,,pending,unknown,512
SAM3_auto,original,True,healthy:Healthy1707.jpg,512,0a9ffeaaf37a18cfdcff522f,healthy_source,/content/drive/MyDrive/Healthy/Healthy1707.jpg,0,masks/leaf/0a9ffeaaf37a18cfdcff522f.png,pending,empty,Healthy1707.jpg,,Healthy1707.jpg,,d3c63da08ceb3912186062e44b00a5ba4a46a346011f8acc65fd00fa97548d2f,healthy,,train,False,,pending,unknown,512
SAM3_auto,original,True,healthy:Healthy250.jpg,512,83989a8fd09d34a82a8c1e60,healthy_source,/content/drive/MyDrive/Healthy/Healthy250.jpg,0,masks/leaf/83989a8fd09d34a82a8c1e60.png,pending,empty,Healthy250.jpg,,Healthy250.jpg,,59a305d5582cae06eaf5edc1147cf8a05644b7be4b0b3f6d2cfbe824fdcbef3a,healthy,,train,False,,pending,unknown,512
SAM3_auto,original,True,healthy:Healthy295.jpg,512,7ab28af123408ad3f88a10d1,healthy_source,/content/drive/MyDrive/Healthy/Healthy295.jpg,0,masks/leaf/7ab28af123408ad3f88a10d1.png,pending,empty,Healthy295.jpg,,Healthy295.jpg,,1a9bd77cb75e90b3f5674796ef80820830b5eca66022b94a1992ad6c54bf40a8,healthy,,train,False,,pending,unknown,512
SAM3_auto,original,True,healthy:Healthy346.jpg,512,7821d4fee40e704a6849bfd2,healthy_source,/content/drive/MyDrive/Healthy/Healthy346.jpg,0,masks/leaf/7821d4fee40e704a6849bfd2.png,pending,empty,Healthy346.jpg,,Healthy346.jpg,,cbf483f9ddef0429da05c255639ca81e550160fb281588d11cf1af5965671de8,healthy,,train,False,,pending,unknown,512
SAM3_auto,original,True,healthy:Healthy362.jpg,512,6f4f9426330d5d23dc0dca56,healthy_source,/content/drive/MyDrive/Healthy/Healthy362.jpg,0,masks/leaf/6f4f9426330d5d23dc0dca56.png,pending,empty,Healthy362.jpg,,Healthy362.jpg,,84cfa12580746f572fa6cf6652255d07bb74edc339f285e5ec73946829531a7e,healthy,,train,False,,pending,unknown,512
SAM3_auto,original,True,spot:113_spot_jpg,416,dbd1c470b02d6d6d249ee998,spot_source,/content/drive/MyDrive/LeafData.v1i.yolov11_aug4_20261003_170034/train/images/113_spot_jpg.rf.ac4044b3f1733fb973d747c6f1fef1b0.jpg,,,pending,missing,train/images/113_spot_jpg.rf.ac4044b3f1733fb973d747c6f1fef1b0.jpg,;empty_spot_requires_review,train/images/113_spot_jpg.rf.ac4044b3f1733fb973d747c6f1fef1b0.jpg,,4ee401dce4289a093e9c62608fd3e69bf01c5b2b21c52ad459a8ab542d5fca39,spot,train,train,False,masks/spot/dbd1c470b02d6d6d249ee998.png,pending,empty,416
SAM3_auto,brillo112,False,spot:113_spot_jpg,416,38d1ee80df0cebddf4b7e640,spot_source,/content/drive/MyDrive/LeafData.v1i.yolov11_aug4_20261003_170034/train/images/113_spot_jpg.rf.ac4044b3f1733fb973d747c6f1fef1b0__aug4_brillo112.png,,,pending,missing,train/images/113_spot_jpg.rf.ac4044b3f1733fb973d747c6f1fef1b0.jpg,;empty_spot_requires_review,train/images/113_spot_jpg.rf.ac4044b3f1733fb973d747c6f1fef1b0__aug4_brillo112.png,,bc83a3b85d74e5e9294747ec87a5ca80fa50d8aaa30e836883a982929a25452d,spot,train,train,False,masks/spot/38d1ee80df0cebddf4b7e640.png,pending,empty,416
SAM3_auto,contraste115,False,spot:113_spot_jpg,416,10ce24cb7f711812f808ed86,spot_source,/content/drive/MyDrive/LeafData.v1i.yolov11_aug4_20261003_170034/train/images/113_spot_jpg.rf.ac4044b3f1733fb973d747c6f1fef1b0__aug4_contraste115.png,,,pending,missing,train/images/113_spot_jpg.rf.ac4044b3f1733fb973d747c6f1fef1b0.jpg,;empty_spot_requires_review,train/images/113_spot_jpg.rf.ac4044b3f1733fb973d747c6f1fef1b0__aug4_contraste115.png,,83123272217d8503c3e3e23390dc6d3031544a6387b347d96a86ab0b335a7e21,spot,train,train,False,masks/spot/10ce24cb7f711812f808ed86.png,pending,empty,416
SAM3_auto,hflip,False,spot:113_spot_jpg,416,a6a11feb42d1418fd4b7b26a,spot_source,/content/drive/MyDrive/LeafData.v1i.yolov11_aug4_20261003_170034/train/images/113_spot_jpg.rf.ac4044b3f1733fb973d747c6f1fef1b0__aug4_hflip.png,,,pending,missing,train/images/113_spot_jpg.rf.ac4044b3f1733fb973d747c6f1fef1b0.jpg,;empty_spot_requires_review,train/images/113_spot_jpg.rf.ac4044b3f1733fb973d747c6f1fef1b0__aug4_hflip.png,,069457e00a24bdcf09eb0002ee27575b27c39bc3cf335ae52d49fee29e893982,spot,train,train,False,masks/spot/a6a11feb42d1418fd4b7b26a.png,pending,empty,416
SAM3_auto,vflip,False,spot:113_spot_jpg,416,bc866e3a30dc523480989c4c,spot_source,/content/drive/MyDrive/LeafData.v1i.yolov11_aug4_20261003_170034/train/images/113_spot_jpg.rf.ac4044b3f1733fb973d747c6f1fef1b0__aug4_vflip.png,,,pending,missing,train/images/113_spot_jpg.rf.ac4044b3f1733fb973d747c6f1fef1b0.jpg,;empty_spot_requires_review,train/images/113_spot_jpg.rf.ac4044b3f1733fb973d747c6f1fef1b0__aug4_vflip.png,,6083f5f585c1022328a48bdb1d676d8aeec9b01da141c03a39a5ef10a6a8f5e4,spot,train,train,False,masks/spot/bc866e3a30dc523480989c4c.png,pending,empty,416
SAM3_auto,original,True,spot:113_spot_jpg,416,36cad9bbeb2b078c32f26ae5,spot_source,/content/drive/MyDrive/LeafData.v1i.yolov11_aug4_20261003_170034/train/images/113_spot_jpg.rf.c08ed9ae079985e493536aeb1a980ca9.jpg,,,pending,missing,train/images/113_spot_jpg.rf.c08ed9ae079985e493536aeb1a980ca9.jpg,;empty_spot_requires_review,train/images/113_spot_jpg.rf.c08ed9ae079985e493536aeb1a980ca9.jpg,,4b347ae78bebf6563359e96056bf986ab7331ad3caae4f001c9c53c9e8c475ea,spot,train,train,False,masks/spot/36cad9bbeb2b078c32f26ae5.png,pending,empty,416
SAM3_auto,brillo112,False,spot:113_spot_jpg,416,a73baa5d8069b0b6a21188ec,spot_source,/content/drive/MyDrive/LeafData.v1i.yolov11_aug4_20261003_170034/train/images/113_spot_jpg.rf.c08ed9ae079985e493536aeb1a980ca9__aug4_brillo112.png,,,pending,missing,train/images/113_spot_jpg.rf.c08ed9ae079985e493536aeb1a980ca9.jpg,;empty_spot_requires_review,train/images/113_spot_jpg.rf.c08ed9ae079985e493536aeb1a980ca9__aug4_brillo112.png,,ad51f73d23fbaad378db10e9d590d728d3c76fa2d1a8fe0220fbc68aafc6b5b7,spot,train,train,False,masks/spot/a73baa5d8069b0b6a21188ec.png,pending,empty,416
SAM3_auto,contraste115,False,spot:113_spot_jpg,416,3035141f49cff871fb70a786,spot_source,/content/drive/MyDrive/LeafData.v1i.yolov11_aug4_20261003_170034/train/images/113_spot_jpg.rf.c08ed9ae079985e493536aeb1a980ca9__aug4_contraste115.png,,,pending,missing,train/images/113_spot_jpg.rf.c08ed9ae079985e493536aeb1a980ca9.jpg,;empty_spot_requires_review,train/images/113_spot_jpg.rf.c08ed9ae079985e493536aeb1a980ca9__aug4_contraste115.png,,4032f03a82e7b8a3edb85049cfd05f889eaa22dae75852905d2a846884347f7b,spot,train,train,False,masks/spot/3035141f49cff871fb70a786.png,pending,empty,416
SAM3_auto,hflip,False,spot:113_spot_jpg,416,a1cd49932baa9ffe83ee9005,spot_source,/content/drive/MyDrive/LeafData.v1i.yolov11_aug4_20261003_170034/train/images/113_spot_jpg.rf.c08ed9ae079985e493536aeb1a980ca9__aug4_hflip.png,,,pending,missing,train/images/113_spot_jpg.rf.c08ed9ae079985e493536aeb1a980ca9.jpg,;empty_spot_requires_review,train/images/113_spot_jpg.rf.c08ed9ae079985e493536aeb1a980ca9__aug4_hflip.png,,5e30d2afac847911a89214135f8cb6bddb9d77901d907e1a43bfb0f43da88086,spot,train,train,False,masks/spot/a1cd49932baa9ffe83ee9005.png,pending,empty,416
SAM3_auto,vflip,False,spot:113_spot_jpg,416,6d773bfadc7bf92cca43a98b,spot_source,/content/drive/MyDrive/LeafData.v1i.yolov11_aug4_20261003_170034/train/images/113_spot_jpg.rf.c08ed9ae079985e493536aeb1a980ca9__aug4_vflip.png,,,pending,missing,train/images/113_spot_jpg.rf.c08ed9ae079985e493536aeb1a980ca9.jpg,;empty_spot_requires_review,train/images/113_spot_jpg.rf.c08ed9ae079985e493536aeb1a980ca9__aug4_vflip.png,,4f8bb26721fca55a5a43a64cef995819c520063b04722632dd323d632f5befcb,spot,train,train,False,masks/spot/6d773bfadc7bf92cca43a98b.png,pending,empty,416
SAM3_auto,original,True,spot:113_spot_jpg,416,46bb336447e24f53757b140d,spot_source,/content/drive/MyDrive/LeafData.v1i.yolov11_aug4_20261003_170034/train/images/113_spot_jpg.rf.ffc8f6426eccf8d926a6ca9903221d57.jpg,,,pending,missing,train/images/113_spot_jpg.rf.ffc8f6426eccf8d926a6ca9903221d57.jpg,;empty_spot_requires_review,train/images/113_spot_jpg.rf.ffc8f6426eccf8d926a6ca9903221d57.jpg,,230062add8e206d70568e00a6ffc518b6d8d87b9529d30422704a448c671b65c,spot,train,train,False,masks/spot/46bb336447e24f53757b140d.png,pending,empty,416
SAM3_auto,brillo112,False,spot:113_spot_jpg,416,e96e19067269e3bacdb5ccef,spot_source,/content/drive/MyDrive/LeafData.v1i.yolov11_aug4_20261003_170034/train/images/113_spot_jpg.rf.ffc8f6426eccf8d926a6ca9903221d57__aug4_brillo112.png,,,pending,missing,train/images/113_spot_jpg.rf.ffc8f6426eccf8d926a6ca9903221d57.jpg,;empty_spot_requires_review,train/images/113_spot_jpg.rf.ffc8f6426eccf8d926a6ca9903221d57__aug4_brillo112.png,,5bb18395fd65049363bad07ed7044b1b5527be0eb02428ca0e1440470d2d1162,spot,train,train,False,masks/spot/e96e19067269e3bacdb5ccef.png,pending,empty,416
SAM3_auto,contraste115,False,spot:113_spot_jpg,416,6006d3591d73f5b1194c9d66,spot_source,/content/drive/MyDrive/LeafData.v1i.yolov11_aug4_20261003_170034/train/images/113_spot_jpg.rf.ffc8f6426eccf8d926a6ca9903221d57__aug4_contraste115.png,,,pending,missing,train/images/113_spot_jpg.rf.ffc8f6426eccf8d926a6ca9903221d57.jpg,;empty_spot_requires_review,train/images/113_spot_jpg.rf.ffc8f6426eccf8d926a6ca9903221d57__aug4_contraste115.png,,07cd1bb86997e01bdc9c00729b2884a27a16fe6ff23b18b292cccaba968a7266,spot,train,train,False,masks/spot/6006d3591d73f5b1194c9d66.png,pending,empty,416
SAM3_auto,hflip,False,spot:113_spot_jpg,416,9f85978472dbbcd399378059,spot_source,/content/drive/MyDrive/LeafData.v1i.yolov11_aug4_20261003_170034/train/images/113_spot_jpg.rf.ffc8f6426eccf8d926a6ca9903221d57__aug4_hflip.png,,,pending,missing,train/images/113_spot_jpg.rf.ffc8f6426eccf8d926a6ca9903221d57.jpg,;empty_spot_requires_review,train/images/113_spot_jpg.rf.ffc8f6426eccf8d926a6ca9903221d57__aug4_hflip.png,,b5cf5ed9f50560918d2fe2343ddf29934e28314cc4944a69b7ea4ac856e9907c,spot,train,train,False,masks/spot/9f85978472dbbcd399378059.png,pending,empty,416
SAM3_auto,vflip,False,spot:113_spot_jpg,416,e2fac0f1abb7500ef919d187,spot_source,/content/drive/MyDrive/LeafData.v1i.yolov11_aug4_20261003_170034/train/images/113_spot_jpg.rf.ffc8f6426eccf8d926a6ca9903221d57__aug4_vflip.png,,,pending,missing,train/images/113_spot_jpg.rf.ffc8f6426eccf8d926a6ca9903221d57.jpg,;empty_spot_requires_review,train/images/113_spot_jpg.rf.ffc8f6426eccf8d926a6ca9903221d57__aug4_vflip.png,,b12dc4ed6565492f801d109bf49681c030e3ee73427bf1ae17870927ffb080a8,spot,train,train,False,masks/spot/e2fac0f1abb7500ef919d187.png,pending,empty,416
SAM3_auto,original,True,spot:116_spot_jpg,416,a2806f71a8ac1a7be0acddd9,spot_source,/content/drive/MyDrive/LeafData.v1i.yolov11_aug4_20261003_170034/train/images/116_spot_jpg.rf.a886764db192f1cc1b6a2891db770014.jpg,,,pending,missing,train/images/116_spot_jpg.rf.a886764db192f1cc1b6a2891db770014.jpg,;empty_spot_requires_review,train/images/116_spot_jpg.rf.a886764db192f1cc1b6a2891db770014.jpg,,ef6b278f5d26b9216998e54a89d867d8c71734ee8bd7587eb417fb79892b5d8f,spot,train,train,False,masks/spot/a2806f71a8ac1a7be0acddd9.png,pending,empty,416
SAM3_auto,brillo112,False,spot:116_spot_jpg,416,2ad3d2a7c7297ab69365c89a,spot_source,/content/drive/MyDrive/LeafData.v1i.yolov11_aug4_20261003_170034/train/images/116_spot_jpg.rf.a886764db192f1cc1b6a2891db770014__aug4_brillo112.png,,,pending,missing,train/images/116_spot_jpg.rf.a886764db192f1cc1b6a2891db770014.jpg,;empty_spot_requires_review,train/images/116_spot_jpg.rf.a886764db192f1cc1b6a2891db770014__aug4_brillo112.png,,7f1b6bf2f6330a62e3abbfe279024b180d2c93acb2b10c719867be1b8df45708,spot,train,train,False,masks/spot/2ad3d2a7c7297ab69365c89a.png,pending,empty,416
SAM3_auto,contraste115,False,spot:116_spot_jpg,416,1c1daeec03603117f3574420,spot_source,/content/drive/MyDrive/LeafData.v1i.yolov11_aug4_20261003_170034/train/images/116_spot_jpg.rf.a886764db192f1cc1b6a2891db770014__aug4_contraste115.png,,,pending,missing,train/images/116_spot_jpg.rf.a886764db192f1cc1b6a2891db770014.jpg,;empty_spot_requires_review,train/images/116_spot_jpg.rf.a886764db192f1cc1b6a2891db770014__aug4_contraste115.png,,fd61170e39798c223e4c5177c9dbc519001caca03597af5e28d1cd5da7dad86d,spot,train,train,False,masks/spot/1c1daeec03603117f3574420.png,pending,empty,416
SAM3_auto,hflip,False,spot:116_spot_jpg,416,3ae23efb55dbf9308d1cefea,spot_source,/content/drive/MyDrive/LeafData.v1i.yolov11_aug4_20261003_170034/train/images/116_spot_jpg.rf.a886764db192f1cc1b6a2891db770014__aug4_hflip.png,,,pending,missing,train/images/116_spot_jpg.rf.a886764db192f1cc1b6a2891db770014.jpg,;empty_spot_requires_review,train/images/116_spot_jpg.rf.a886764db192f1cc1b6a2891db770014__aug4_hflip.png,,289a484f53c01db302e95a2c08b5b6f1d9f3f6863c87be6f787e995811d729e8,spot,train,train,False,masks/spot/3ae23efb55dbf9308d1cefea.png,pending,empty,416
SAM3_auto,vflip,False,spot:116_spot_jpg,416,0788d58aca4895f15343744a,spot_source,/content/drive/MyDrive/LeafData.v1i.yolov11_aug4_20261003_170034/train/images/116_spot_jpg.rf.a886764db192f1cc1b6a2891db770014__aug4_vflip.png,,,pending,missing,train/images/116_spot_jpg.rf.a886764db192f1cc1b6a2891db770014.jpg,;empty_spot_requires_review,train/images/116_spot_jpg.rf.a886764db192f1cc1b6a2891db770014__aug4_vflip.png,,b109e676671c6e38ba233e963cb83a6bc53c1091dd27dbd87926aa3920380327,spot,train,train,False,masks/spot/0788d58aca4895f15343744a.png,pending,empty,416
SAM3_auto,original,True,spot:119_spot_jpg,416,fc87fbd0e240b569dcd72103,spot_source,/content/drive/MyDrive/LeafData.v1i.yolov11_aug4_20261003_170034/train/images/119_spot_jpg.rf.32d80aec89cbf12231579c1e3b8a8f6c.jpg,,,pending,missing,train/images/119_spot_jpg.rf.32d80aec89cbf12231579c1e3b8a8f6c.jpg,;empty_spot_requires_review,train/images/119_spot_jpg.rf.32d80aec89cbf12231579c1e3b8a8f6c.jpg,,22c5c227bed68a98b270136445493998bd120653587c8fd21f158041090b38a3,spot,train,train,False,masks/spot/fc87fbd0e240b569dcd72103.png,pending,empty,416
SAM3_auto,brillo112,False,spot:119_spot_jpg,416,213da109810a8c8a06bcd82c,spot_source,/content/drive/MyDrive/LeafData.v1i.yolov11_aug4_20261003_170034/train/images/119_spot_jpg.rf.32d80aec89cbf12231579c1e3b8a8f6c__aug4_brillo112.png,,,pending,missing,train/images/119_spot_jpg.rf.32d80aec89cbf12231579c1e3b8a8f6c.jpg,;empty_spot_requires_review,train/images/119_spot_jpg.rf.32d80aec89cbf12231579c1e3b8a8f6c__aug4_brillo112.png,,5ef3720ee7b687d6f961715bdde3c51360a2413ee1621ba0f6f6ef1ebfc3e1e0,spot,train,train,False,masks/spot/213da109810a8c8a06bcd82c.png,pending,empty,416
SAM3_auto,contraste115,False,spot:119_spot_jpg,416,926ff901bd23bf090cedc6e5,spot_source,/content/drive/MyDrive/LeafData.v1i.yolov11_aug4_20261003_170034/train/images/119_spot_jpg.rf.32d80aec89cbf12231579c1e3b8a8f6c__aug4_contraste115.png,,,pending,missing,train/images/119_spot_jpg.rf.32d80aec89cbf12231579c1e3b8a8f6c.jpg,;empty_spot_requires_review,train/images/119_spot_jpg.rf.32d80aec89cbf12231579c1e3b8a8f6c__aug4_contraste115.png,,80c0b1e500868dc082f1c864d2ca22a79fc9d118a7e756c3f3b91c338e5a3a75,spot,train,train,False,masks/spot/926ff901bd23bf090cedc6e5.png,pending,empty,416
SAM3_auto,hflip,False,spot:119_spot_jpg,416,166e5135a56154026dade7da,spot_source,/content/drive/MyDrive/LeafData.v1i.yolov11_aug4_20261003_170034/train/images/119_spot_jpg.rf.32d80aec89cbf12231579c1e3b8a8f6c__aug4_hflip.png,,,pending,missing,train/images/119_spot_jpg.rf.32d80aec89cbf12231579c1e3b8a8f6c.jpg,;empty_spot_requires_review,train/images/119_spot_jpg.rf.32d80aec89cbf12231579c1e3b8a8f6c__aug4_hflip.png,,e0fd17bf25b2fdafee882c5c2d487e9365d592d37b63ed6ce4836291da5ef30c,spot,train,train,False,masks/spot/166e5135a56154026dade7da.png,pending,empty,416
SAM3_auto,vflip,False,spot:119_spot_jpg,416,2e48e03a7d265e3105c66dca,spot_source,/content/drive/MyDrive/LeafData.v1i.yolov11_aug4_20261003_170034/train/images/119_spot_jpg.rf.32d80aec89cbf12231579c1e3b8a8f6c__aug4_vflip.png,,,pending,missing,train/images/119_spot_jpg.rf.32d80aec89cbf12231579c1e3b8a8f6c.jpg,;empty_spot_requires_review,train/images/119_spot_jpg.rf.32d80aec89cbf12231579c1e3b8a8f6c__aug4_vflip.png,,00bab30c489ebcf62ade73595e79c511c11e73b8e44e05face4fbf33fddc8469,spot,train,train,False,masks/spot/2e48e03a7d265e3105c66dca.png,pending,empty,416
SAM3_auto,original,True,spot:119_spot_jpg,416,969157afef7d882e2633c7f2,spot_source,/content/drive/MyDrive/LeafData.v1i.yolov11_aug4_20261003_170034/train/images/119_spot_jpg.rf.d1a74ec08b3cd9e955a93726f9d17cf5.jpg,,,pending,missing,train/images/119_spot_jpg.rf.d1a74ec08b3cd9e955a93726f9d17cf5.jpg,;empty_spot_requires_review,train/images/119_spot_jpg.rf.d1a74ec08b3cd9e955a93726f9d17cf5.jpg,,f91b937ab2b984ab43771e6567741a78489e4dce57be3e1cfbe5af69c2b4b025,spot,train,train,False,masks/spot/969157afef7d882e2633c7f2.png,pending,empty,416
SAM3_auto,brillo112,False,spot:119_spot_jpg,416,5f6cf06a64aaeec5fd783eb1,spot_source,/content/drive/MyDrive/LeafData.v1i.yolov11_aug4_20261003_170034/train/images/119_spot_jpg.rf.d1a74ec08b3cd9e955a93726f9d17cf5__aug4_brillo112.png,,,pending,missing,train/images/119_spot_jpg.rf.d1a74ec08b3cd9e955a93726f9d17cf5.jpg,;empty_spot_requires_review,train/images/119_spot_jpg.rf.d1a74ec08b3cd9e955a93726f9d17cf5__aug4_brillo112.png,,b10c0931d9a84ccc7351274558f9ba8a63e6489f15dae9386603a14067578286,spot,train,train,False,masks/spot/5f6cf06a64aaeec5fd783eb1.png,pending,empty,416
SAM3_auto,contraste115,False,spot:119_spot_jpg,416,61955944da0c15824b6bd6ab,spot_source,/content/drive/MyDrive/LeafData.v1i.yolov11_aug4_20261003_170034/train/images/119_spot_jpg.rf.d1a74ec08b3cd9e955a93726f9d17cf5__aug4_contraste115.png,,,pending,missing,train/images/119_spot_jpg.rf.d1a74ec08b3cd9e955a93726f9d17cf5.jpg,;empty_spot_requires_review,train/images/119_spot_jpg.rf.d1a74ec08b3cd9e955a93726f9d17cf5__aug4_contraste115.png,,6f489ba00cf83818bfea27db48292d206a52d75be369dd025a78082911d1a9a2,spot,train,train,False,masks/spot/61955944da0c15824b6bd6ab.png,pending,empty,416
SAM3_auto,hflip,False,spot:119_spot_jpg,416,7acf75892d06dfd705db4ec6,spot_source,/content/drive/MyDrive/LeafData.v1i.yolov11_aug4_20261003_170034/train/images/119_spot_jpg.rf.d1a74ec08b3cd9e955a93726f9d17cf5__aug4_hflip.png,,,pending,missing,train/images/119_spot_jpg.rf.d1a74ec08b3cd9e955a93726f9d17cf5.jpg,;empty_spot_requires_review,train/images/119_spot_jpg.rf.d1a74ec08b3cd9e955a93726f9d17cf5__aug4_hflip.png,,5bd6ecfcd0c2cae390d2f7d8242f0c4f69b60fb0470243a25491c1fa9009c9c6,spot,train,train,False,masks/spot/7acf75892d06dfd705db4ec6.png,pending,empty,416
SAM3_auto,vflip,False,spot:119_spot_jpg,416,682c936c517c12f673976cf1,spot_source,/content/drive/MyDrive/LeafData.v1i.yolov11_aug4_20261003_170034/train/images/119_spot_jpg.rf.d1a74ec08b3cd9e955a93726f9d17cf5__aug4_vflip.png,,,pending,missing,train/images/119_spot_jpg.rf.d1a74ec08b3cd9e955a93726f9d17cf5.jpg,;empty_spot_requires_review,train/images/119_spot_jpg.rf.d1a74ec08b3cd9e955a93726f9d17cf5__aug4_vflip.png,,49a9a16b810fde4751f46147ccc982cd2a69a64808d9d10047402a9576ce1ad1,spot,train,train,False,masks/spot/682c936c517c12f673976cf1.png,pending,empty,416
SAM3_auto,original,True,spot:119_spot_jpg,416,16a11549355b0208b86e0276,spot_source,/content/drive/MyDrive/LeafData.v1i.yolov11_aug4_20261003_170034/train/images/119_spot_jpg.rf.e662f1a99ba20d5da0aa98c88507ef93.jpg,,,pending,missing,train/images/119_spot_jpg.rf.e662f1a99ba20d5da0aa98c88507ef93.jpg,;empty_spot_requires_review,train/images/119_spot_jpg.rf.e662f1a99ba20d5da0aa98c88507ef93.jpg,,ee1858bc875afb421c134f1a8d4b0f71355783b91125e36688ce8c74c4413a07,spot,train,train,False,masks/spot/16a11549355b0208b86e0276.png,pending,empty,416
SAM3_auto,brillo112,False,spot:119_spot_jpg,416,133940e2ba7fee401afe26be,spot_source,/content/drive/MyDrive/LeafData.v1i.yolov11_aug4_20261003_170034/train/images/119_spot_jpg.rf.e662f1a99ba20d5da0aa98c88507ef93__aug4_brillo112.png,,,pending,missing,train/images/119_spot_jpg.rf.e662f1a99ba20d5da0aa98c88507ef93.jpg,;empty_spot_requires_review,train/images/119_spot_jpg.rf.e662f1a99ba20d5da0aa98c88507ef93__aug4_brillo112.png,,633df5b76055efc003f7cd53e285d39fc65d93ca232cfc431d58e34b14986253,spot,train,train,False,masks/spot/133940e2ba7fee401afe26be.png,pending,empty,416
SAM3_auto,contraste115,False,spot:119_spot_jpg,416,aa4f9d42a94a6fbd90c5100c,spot_source,/content/drive/MyDrive/LeafData.v1i.yolov11_aug4_20261003_170034/train/images/119_spot_jpg.rf.e662f1a99ba20d5da0aa98c88507ef93__aug4_contraste115.png,,,pending,missing,train/images/119_spot_jpg.rf.e662f1a99ba20d5da0aa98c88507ef93.jpg,;empty_spot_requires_review,train/images/119_spot_jpg.rf.e662f1a99ba20d5da0aa98c88507ef93__aug4_contraste115.png,,e03f3e0fb33362d27499cb84d89602c5554aa9322f67d11e4c7cb805450eea9c,spot,train,train,False,masks/spot/aa4f9d42a94a6fbd90c5100c.png,pending,empty,416
SAM3_auto,hflip,False,spot:119_spot_jpg,416,ce59a45d9257d8863ceff0db,spot_source,/content/drive/MyDrive/LeafData.v1i.yolov11_aug4_20261003_170034/train/images/119_spot_jpg.rf.e662f1a99ba20d5da0aa98c88507ef93__aug4_hflip.png,,,pending,missing,train/images/119_spot_jpg.rf.e662f1a99ba20d5da0aa98c88507ef93.jpg,;empty_spot_requires_review,train/images/119_spot_jpg.rf.e662f1a99ba20d5da0aa98c88507ef93__aug4_hflip.png,,04330d4f5e672ca7d05cf3a97f71710f5ae3b4826698676f22099001443f3bd5,spot,train,train,False,masks/spot/ce59a45d9257d8863ceff0db.png,pending,empty,416
SAM3_auto,vflip,False,spot:119_spot_jpg,416,da49958c8e78281bd4940f9e,spot_source,/content/drive/MyDrive/LeafData.v1i.yolov11_aug4_20261003_170034/train/images/119_spot_jpg.rf.e662f1a99ba20d5da0aa98c88507ef93__aug4_vflip.png,,,pending,missing,train/images/119_spot_jpg.rf.e662f1a99ba20d5da0aa98c88507ef93.jpg,;empty_spot_requires_review,train/images/119_spot_jpg.rf.e662f1a99ba20d5da0aa98c88507ef93__aug4_vflip.png,,087e32fcfb95a528025ad92221d07a53a7b18e1c0e1fea91f59c34a71ca02209,spot,train,train,False,masks/spot/da49958c8e78281bd4940f9e.png,pending,empty,416
SAM3_auto,original,True,spot:125_spot_jpg,416,6eea4e031d08a97777e09132,spot_source,/content/drive/MyDrive/LeafData.v1i.yolov11_aug4_20261003_170034/train/images/125_spot_jpg.rf.18f13bc9fb13de982db5c75bd579e71e.jpg,,,pending,missing,train/images/125_spot_jpg.rf.18f13bc9fb13de982db5c75bd579e71e.jpg,;empty_spot_requires_review,train/images/125_spot_jpg.rf.18f13bc9fb13de982db5c75bd579e71e.jpg,,931d3ed35ee083a63d0e359c39064fdc247c8b3cae325ee8cda8b9d2b5e3684a,spot,train,train,False,masks/spot/6eea4e031d08a97777e09132.png,pending,empty,416
SAM3_auto,brillo112,False,spot:125_spot_jpg,416,3876a053bbba8cfa2fbedfaf,spot_source,/content/drive/MyDrive/LeafData.v1i.yolov11_aug4_20261003_170034/train/images/125_spot_jpg.rf.18f13bc9fb13de982db5c75bd579e71e__aug4_brillo112.png,,,pending,missing,train/images/125_spot_jpg.rf.18f13bc9fb13de982db5c75bd579e71e.jpg,;empty_spot_requires_review,train/images/125_spot_jpg.rf.18f13bc9fb13de982db5c75bd579e71e__aug4_brillo112.png,,17c1d8effcd9dd90e2bae64323c77ab2e6cd029fce25c1b28980f3ab2bd2f859,spot,train,train,False,masks/spot/3876a053bbba8cfa2fbedfaf.png,pending,empty,416
SAM3_auto,contraste115,False,spot:125_spot_jpg,416,12840fc64635c2a6e25e8b07,spot_source,/content/drive/MyDrive/LeafData.v1i.yolov11_aug4_20261003_170034/train/images/125_spot_jpg.rf.18f13bc9fb13de982db5c75bd579e71e__aug4_contraste115.png,,,pending,missing,train/images/125_spot_jpg.rf.18f13bc9fb13de982db5c75bd579e71e.jpg,;empty_spot_requires_review,train/images/125_spot_jpg.rf.18f13bc9fb13de982db5c75bd579e71e__aug4_contraste115.png,,a94bba3041a36b013f205d2ec515ef0409d79a1533190dc5f4d1240a4241857c,spot,train,train,False,masks/spot/12840fc64635c2a6e25e8b07.png,pending,empty,416
SAM3_auto,hflip,False,spot:125_spot_jpg,416,5f60da93717d6d7615d71045,spot_source,/content/drive/MyDrive/LeafData.v1i.yolov11_aug4_20261003_170034/train/images/125_spot_jpg.rf.18f13bc9fb13de982db5c75bd579e71e__aug4_hflip.png,,,pending,missing,train/images/125_spot_jpg.rf.18f13bc9fb13de982db5c75bd579e71e.jpg,;empty_spot_requires_review,train/images/125_spot_jpg.rf.18f13bc9fb13de982db5c75bd579e71e__aug4_hflip.png,,f8baac94c573a0b6de614775262c4eceae9902b87a3417f970f90ec1b9db7147,spot,train,train,False,masks/spot/5f60da93717d6d7615d71045.png,pending,empty,416
SAM3_auto,vflip,False,spot:125_spot_jpg,416,6fff4e383577335d9887cb05,spot_source,/content/drive/MyDrive/LeafData.v1i.yolov11_aug4_20261003_170034/train/images/125_spot_jpg.rf.18f13bc9fb13de982db5c75bd579e71e__aug4_vflip.png,,,pending,missing,train/images/125_spot_jpg.rf.18f13bc9fb13de982db5c75bd579e71e.jpg,;empty_spot_requires_review,train/images/125_spot_jpg.rf.18f13bc9fb13de982db5c75bd579e71e__aug4_vflip.png,,d2361fed691a66ce48e1be523c0a6a75979585a6efcae9a968829e4ff84bfad1,spot,train,train,False,masks/spot/6fff4e383577335d9887cb05.png,pending,empty,416
SAM3_auto,original,True,spot:125_spot_jpg,416,b501d28a8584ec0573525903,spot_source,/content/drive/MyDrive/LeafData.v1i.yolov11_aug4_20261003_170034/train/images/125_spot_jpg.rf.3feb8e79dca1764a2e15b6f909790f50.jpg,,,pending,missing,train/images/125_spot_jpg.rf.3feb8e79dca1764a2e15b6f909790f50.jpg,;empty_spot_requires_review,train/images/125_spot_jpg.rf.3feb8e79dca1764a2e15b6f909790f50.jpg,,80f908ff0d249fad8e4910a203d9b61a6be2744d74f3fca9a98b833be096a43e,spot,train,train,False,masks/spot/b501d28a8584ec0573525903.png,pending,empty,416
SAM3_auto,brillo112,False,spot:125_spot_jpg,416,3c3b648d1c7c742fd266d48c,spot_source,/content/drive/MyDrive/LeafData.v1i.yolov11_aug4_20261003_170034/train/images/125_spot_jpg.rf.3feb8e79dca1764a2e15b6f909790f50__aug4_brillo112.png,,,pending,missing,train/images/125_spot_jpg.rf.3feb8e79dca1764a2e15b6f909790f50.jpg,;empty_spot_requires_review,train/images/125_spot_jpg.rf.3feb8e79dca1764a2e15b6f909790f50__aug4_brillo112.png,,9ce25e1d8f2e68878321ce81aa12366a26d6ddeb521a97713cb2076b168044d2,spot,train,train,False,masks/spot/3c3b648d1c7c742fd266d48c.png,pending,empty,416
SAM3_auto,contraste115,False,spot:125_spot_jpg,416,cbc1bd4f94eac9c46fd1a3de,spot_source,/content/drive/MyDrive/LeafData.v1i.yolov11_aug4_20261003_170034/train/images/125_spot_jpg.rf.3feb8e79dca1764a2e15b6f909790f50__aug4_contraste115.png,,,pending,missing,train/images/125_spot_jpg.rf.3feb8e79dca1764a2e15b6f909790f50.jpg,;empty_spot_requires_review,train/images/125_spot_jpg.rf.3feb8e79dca1764a2e15b6f909790f50__aug4_contraste115.png,,0e6a62631eb3a61fb1d09957c25eaf1307fa3d1735fb5db065b895311f23f3fc,spot,train,train,False,masks/spot/cbc1bd4f94eac9c46fd1a3de.png,pending,empty,416
SAM3_auto,hflip,False,spot:125_spot_jpg,416,3a7653ef11096e473a738700,spot_source,/content/drive/MyDrive/LeafData.v1i.yolov11_aug4_20261003_170034/train/images/125_spot_jpg.rf.3feb8e79dca1764a2e15b6f909790f50__aug4_hflip.png,,,pending,missing,train/images/125_spot_jpg.rf.3feb8e79dca1764a2e15b6f909790f50.jpg,;empty_spot_requires_review,train/images/125_spot_jpg.rf.3feb8e79dca1764a2e15b6f909790f50__aug4_hflip.png,,d8fb2d3faffb60e365420881e0e4bfa356c03bfcfe140a782c887635e1a4f44b,spot,train,train,False,masks/spot/3a7653ef11096e473a738700.png,pending,empty,416
SAM3_auto,vflip,False,spot:125_spot_jpg,416,a8e2767782888e42d31dff67,spot_source,/content/drive/MyDrive/LeafData.v1i.yolov11_aug4_20261003_170034/train/images/125_spot_jpg.rf.3feb8e79dca1764a2e15b6f909790f50__aug4_vflip.png,,,pending,missing,train/images/125_spot_jpg.rf.3feb8e79dca1764a2e15b6f909790f50.jpg,;empty_spot_requires_review,train/images/125_spot_jpg.rf.3feb8e79dca1764a2e15b6f909790f50__aug4_vflip.png,,6404c4266540c23b0cf066516b0afc176dc9c4339a387995f6e87d6becbdefb1,spot,train,train,False,masks/spot/a8e2767782888e42d31dff67.png,pending,empty,416
SAM3_auto,original,True,spot:125_spot_jpg,416,79067ac760f953edac6150a0,spot_source,/content/drive/MyDrive/LeafData.v1i.yolov11_aug4_20261003_170034/train/images/125_spot_jpg.rf.77d98584724fb635c84923c14d0214c8.jpg,,,pending,missing,train/images/125_spot_jpg.rf.77d98584724fb635c84923c14d0214c8.jpg,;empty_spot_requires_review,train/images/125_spot_jpg.rf.77d98584724fb635c84923c14d0214c8.jpg,,b7e2adbe1de78dc645a59037c553b17f589fc5c5f726511bd2c42513184c5b9a,spot,train,train,False,masks/spot/79067ac760f953edac6150a0.png,pending,empty,416
SAM3_auto,brillo112,False,spot:125_spot_jpg,416,f46588c212c93dbcfa76ec79,spot_source,/content/drive/MyDrive/LeafData.v1i.yolov11_aug4_20261003_170034/train/images/125_spot_jpg.rf.77d98584724fb635c84923c14d0214c8__aug4_brillo112.png,,,pending,missing,train/images/125_spot_jpg.rf.77d98584724fb635c84923c14d0214c8.jpg,;empty_spot_requires_review,train/images/125_spot_jpg.rf.77d98584724fb635c84923c14d0214c8__aug4_brillo112.png,,bb4b59ff3909fe9f30248b66e4414c4e2a9f0b675ac03bd8197ec4ab4b157853,spot,train,train,False,masks/spot/f46588c212c93dbcfa76ec79.png,pending,empty,416
SAM3_auto,contraste115,False,spot:125_spot_jpg,416,15eb8d58a13f26711937ef62,spot_source,/content/drive/MyDrive/LeafData.v1i.yolov11_aug4_20261003_170034/train/images/125_spot_jpg.rf.77d98584724fb635c84923c14d0214c8__aug4_contraste115.png,,,pending,missing,train/images/125_spot_jpg.rf.77d98584724fb635c84923c14d0214c8.jpg,;empty_spot_requires_review,train/images/125_spot_jpg.rf.77d98584724fb635c84923c14d0214c8__aug4_contraste115.png,,3405e8141b7193e556c30b997922add1489cfe5cd3eef55455bd39c940afaeb5,spot,train,train,False,masks/spot/15eb8d58a13f26711937ef62.png,pending,empty,416
SAM3_auto,hflip,False,spot:125_spot_jpg,416,fce370661c059ab70be7322c,spot_source,/content/drive/MyDrive/LeafData.v1i.yolov11_aug4_20261003_170034/train/images/125_spot_jpg.rf.77d98584724fb635c84923c14d0214c8__aug4_hflip.png,,,pending,missing,train/images/125_spot_jpg.rf.77d98584724fb635c84923c14d0214c8.jpg,;empty_spot_requires_review,train/images/125_spot_jpg.rf.77d98584724fb635c84923c14d0214c8__aug4_hflip.png,,214e26975800a12c6c174910d224286bfd594a76da71fb12e038e51eff39fd94,spot,train,train,False,masks/spot/fce370661c059ab70be7322c.png,pending,empty,416
SAM3_auto,vflip,False,spot:125_spot_jpg,416,1800e55e961633a8eaa8bbba,spot_source,/content/drive/MyDrive/LeafData.v1i.yolov11_aug4_20261003_170034/train/images/125_spot_jpg.rf.77d98584724fb635c84923c14d0214c8__aug4_vflip.png,,,pending,missing,train/images/125_spot_jpg.rf.77d98584724fb635c84923c14d0214c8.jpg,;empty_spot_requires_review,train/images/125_spot_jpg.rf.77d98584724fb635c84923c14d0214c8__aug4_vflip.png,,2c36f391edd48afde0a0d7fc3ea8f3060f1435e9ecbe951fc9f54aa7c21992ed,spot,train,train,False,masks/spot/1800e55e961633a8eaa8bbba.png,pending,empty,416
SAM3_auto,original,True,spot:151_spot_jpg,416,1253ea48b7d9202e3846b8e4,spot_source,/content/drive/MyDrive/LeafData.v1i.yolov11_aug4_20261003_170034/train/images/151_spot_jpg.rf.89dddd102d63bf1d93ba2170e97b75fb.jpg,,,pending,missing,train/images/151_spot_jpg.rf.89dddd102d63bf1d93ba2170e97b75fb.jpg,;empty_spot_requires_review,train/images/151_spot_jpg.rf.89dddd102d63bf1d93ba2170e97b75fb.jpg,,5f7ecd339576971ddfc66264287ac43403aadb6cbeec78e4b6dce92c3b3d241e,spot,train,train,False,masks/spot/1253ea48b7d9202e3846b8e4.png,pending,empty,416
SAM3_auto,brillo112,False,spot:151_spot_jpg,416,86a35c271d5df84cfeedc753,spot_source,/content/drive/MyDrive/LeafData.v1i.yolov11_aug4_20261003_170034/train/images/151_spot_jpg.rf.89dddd102d63bf1d93ba2170e97b75fb__aug4_brillo112.png,,,pending,missing,train/images/151_spot_jpg.rf.89dddd102d63bf1d93ba2170e97b75fb.jpg,;empty_spot_requires_review,train/images/151_spot_jpg.rf.89dddd102d63bf1d93ba2170e97b75fb__aug4_brillo112.png,,e00ea3a7cc58b626f502e091f3c3da050c28b26036c33089447c3075fcf1d4e2,spot,train,train,False,masks/spot/86a35c271d5df84cfeedc753.png,pending,empty,416
SAM3_auto,contraste115,False,spot:151_spot_jpg,416,7aa3b2d5aabef2c5a6ec33a2,spot_source,/content/drive/MyDrive/LeafData.v1i.yolov11_aug4_20261003_170034/train/images/151_spot_jpg.rf.89dddd102d63bf1d93ba2170e97b75fb__aug4_contraste115.png,,,pending,missing,train/images/151_spot_jpg.rf.89dddd102d63bf1d93ba2170e97b75fb.jpg,;empty_spot_requires_review,train/images/151_spot_jpg.rf.89dddd102d63bf1d93ba2170e97b75fb__aug4_contraste115.png,,e9c0ff196b3ae8d31e9152b6d8472b18bfd79957e677af83c5e6b682db3532f9,spot,train,train,False,masks/spot/7aa3b2d5aabef2c5a6ec33a2.png,pending,empty,416
SAM3_auto,hflip,False,spot:151_spot_jpg,416,514e642ec883715589541802,spot_source,/content/drive/MyDrive/LeafData.v1i.yolov11_aug4_20261003_170034/train/images/151_spot_jpg.rf.89dddd102d63bf1d93ba2170e97b75fb__aug4_hflip.png,,,pending,missing,train/images/151_spot_jpg.rf.89dddd102d63bf1d93ba2170e97b75fb.jpg,;empty_spot_requires_review,train/images/151_spot_jpg.rf.89dddd102d63bf1d93ba2170e97b75fb__aug4_hflip.png,,6a886e22347df6978bdf87d4465ed63d2db18c0a08d5d7e40992cba780909048,spot,train,train,False,masks/spot/514e642ec883715589541802.png,pending,empty,416
SAM3_auto,vflip,False,spot:151_spot_jpg,416,3f34876c6cf6757250674f0d,spot_source,/content/drive/MyDrive/LeafData.v1i.yolov11_aug4_20261003_170034/train/images/151_spot_jpg.rf.89dddd102d63bf1d93ba2170e97b75fb__aug4_vflip.png,,,pending,missing,train/images/151_spot_jpg.rf.89dddd102d63bf1d93ba2170e97b75fb.jpg,;empty_spot_requires_review,train/images/151_spot_jpg.rf.89dddd102d63bf1d93ba2170e97b75fb__aug4_vflip.png,,031c5af61d7fd2bd2a237e82fec6baacb372e191d3ac1fe7a648fa7ffd16c37a,spot,train,train,False,masks/spot/3f34876c6cf6757250674f0d.png,pending,empty,416
SAM3_auto,original,True,spot:153_spot_jpg,416,e69a84f99e4f6d93cc69ea17,spot_source,/content/drive/MyDrive/LeafData.v1i.yolov11_aug4_20261003_170034/train/images/153_spot_jpg.rf.37aa221d24ba21798c2cb0cd3fc3a8e4.jpg,,,pending,missing,train/images/153_spot_jpg.rf.37aa221d24ba21798c2cb0cd3fc3a8e4.jpg,;empty_spot_requires_review,train/images/153_spot_jpg.rf.37aa221d24ba21798c2cb0cd3fc3a8e4.jpg,,9c71a2e06c45e41c04a836a89afdb3dff69323af93230d3b2f446185a0ae0f6e,spot,train,train,False,masks/spot/e69a84f99e4f6d93cc69ea17.png,pending,empty,416
SAM3_auto,brillo112,False,spot:153_spot_jpg,416,56cee2e10521b51a276524b7,spot_source,/content/drive/MyDrive/LeafData.v1i.yolov11_aug4_20261003_170034/train/images/153_spot_jpg.rf.37aa221d24ba21798c2cb0cd3fc3a8e4__aug4_brillo112.png,,,pending,missing,train/images/153_spot_jpg.rf.37aa221d24ba21798c2cb0cd3fc3a8e4.jpg,;empty_spot_requires_review,train/images/153_spot_jpg.rf.37aa221d24ba21798c2cb0cd3fc3a8e4__aug4_brillo112.png,,2b9f526723f98dde0f6271ab535f77a60c7fbfb82a3aa8d22f2c1ee771fc527b,spot,train,train,False,masks/spot/56cee2e10521b51a276524b7.png,pending,empty,416
SAM3_auto,contraste115,False,spot:153_spot_jpg,416,5c8a600a01ae0b52f82fdb87,spot_source,/content/drive/MyDrive/LeafData.v1i.yolov11_aug4_20261003_170034/train/images/153_spot_jpg.rf.37aa221d24ba21798c2cb0cd3fc3a8e4__aug4_contraste115.png,,,pending,missing,train/images/153_spot_jpg.rf.37aa221d24ba21798c2cb0cd3fc3a8e4.jpg,;empty_spot_requires_review,train/images/153_spot_jpg.rf.37aa221d24ba21798c2cb0cd3fc3a8e4__aug4_contraste115.png,,966c0778b5b958bdcb23d8c5ec8068d6efa4d76142106b0f15b55b7e28b7eced,spot,train,train,False,masks/spot/5c8a600a01ae0b52f82fdb87.png,pending,empty,416
SAM3_auto,hflip,False,spot:153_spot_jpg,416,77955a6eb7987cbd93265706,spot_source,/content/drive/MyDrive/LeafData.v1i.yolov11_aug4_20261003_170034/train/images/153_spot_jpg.rf.37aa221d24ba21798c2cb0cd3fc3a8e4__aug4_hflip.png,,,pending,missing,train/images/153_spot_jpg.rf.37aa221d24ba21798c2cb0cd3fc3a8e4.jpg,;empty_spot_requires_review,train/images/153_spot_jpg.rf.37aa221d24ba21798c2cb0cd3fc3a8e4__aug4_hflip.png,,65e2dc0a0b4114d59f79acb969b9a795601061f6d1523c5990c9b175ea72e8fa,spot,train,train,False,masks/spot/77955a6eb7987cbd93265706.png,pending,empty,416
SAM3_auto,vflip,False,spot:153_spot_jpg,416,6a7c1eab5e159ff8b9b7ce62,spot_source,/content/drive/MyDrive/LeafData.v1i.yolov11_aug4_20261003_170034/train/images/153_spot_jpg.rf.37aa221d24ba21798c2cb0cd3fc3a8e4__aug4_vflip.png,,,pending,missing,train/images/153_spot_jpg.rf.37aa221d24ba21798c2cb0cd3fc3a8e4.jpg,;empty_spot_requires_review,train/images/153_spot_jpg.rf.37aa221d24ba21798c2cb0cd3fc3a8e4__aug4_vflip.png,,5dca36c7ff86c89545ce2bcb9e5a3db2e54b50edfd9c9aac4121985d8d4d6024,spot,train,train,False,masks/spot/6a7c1eab5e159ff8b9b7ce62.png,pending,empty,416
SAM3_auto,original,True,spot:153_spot_jpg,416,b01faf09b6f34b2bcd1a0928,spot_source,/content/drive/MyDrive/LeafData.v1i.yolov11_aug4_20261003_170034/train/images/153_spot_jpg.rf.8bd6a97c56b8747799039ac7e350b322.jpg,,,pending,missing,train/images/153_spot_jpg.rf.8bd6a97c56b8747799039ac7e350b322.jpg,;empty_spot_requires_review,train/images/153_spot_jpg.rf.8bd6a97c56b8747799039ac7e350b322.jpg,,638a0dd4969e20f80aa40acc96e906c6f8fb9545c5c40377b743b9a5b328d003,spot,train,train,False,masks/spot/b01faf09b6f34b2bcd1a0928.png,pending,empty,416
SAM3_auto,brillo112,False,spot:153_spot_jpg,416,a816e877897e89251bd7fe35,spot_source,/content/drive/MyDrive/LeafData.v1i.yolov11_aug4_20261003_170034/train/images/153_spot_jpg.rf.8bd6a97c56b8747799039ac7e350b322__aug4_brillo112.png,,,pending,missing,train/images/153_spot_jpg.rf.8bd6a97c56b8747799039ac7e350b322.jpg,;empty_spot_requires_review,train/images/153_spot_jpg.rf.8bd6a97c56b8747799039ac7e350b322__aug4_brillo112.png,,26560f830b656ae101a15daff62c08e0386cc53e2526d8bca9758220b85191de,spot,train,train,False,masks/spot/a816e877897e89251bd7fe35.png,pending,empty,416
SAM3_auto,contraste115,False,spot:153_spot_jpg,416,c94e23a3d00f44a595918e23,spot_source,/content/drive/MyDrive/LeafData.v1i.yolov11_aug4_20261003_170034/train/images/153_spot_jpg.rf.8bd6a97c56b8747799039ac7e350b322__aug4_contraste115.png,,,pending,missing,train/images/153_spot_jpg.rf.8bd6a97c56b8747799039ac7e350b322.jpg,;empty_spot_requires_review,train/images/153_spot_jpg.rf.8bd6a97c56b8747799039ac7e350b322__aug4_contraste115.png,,d2bd7ecf1afc10d456df3c2e706601b7db6fa6bc52c04928f5f913c7d64b6b06,spot,train,train,False,masks/spot/c94e23a3d00f44a595918e23.png,pending,empty,416
SAM3_auto,hflip,False,spot:153_spot_jpg,416,ba993ad69273b5c21d0d8dc0,spot_source,/content/drive/MyDrive/LeafData.v1i.yolov11_aug4_20261003_170034/train/images/153_spot_jpg.rf.8bd6a97c56b8747799039ac7e350b322__aug4_hflip.png,,,pending,missing,train/images/153_spot_jpg.rf.8bd6a97c56b8747799039ac7e350b322.jpg,;empty_spot_requires_review,train/images/153_spot_jpg.rf.8bd6a97c56b8747799039ac7e350b322__aug4_hflip.png,,e6cdbd6de5988fcab691a7fd1a9972c18f72d8025856aa8f309cecd256d92489,spot,train,train,False,masks/spot/ba993ad69273b5c21d0d8dc0.png,pending,empty,416
SAM3_auto,vflip,False,spot:153_spot_jpg,416,08652dafaa6e14633986f79c,spot_source,/content/drive/MyDrive/LeafData.v1i.yolov11_aug4_20261003_170034/train/images/153_spot_jpg.rf.8bd6a97c56b8747799039ac7e350b322__aug4_vflip.png,,,pending,missing,train/images/153_spot_jpg.rf.8bd6a97c56b8747799039ac7e350b322.jpg,;empty_spot_requires_review,train/images/153_spot_jpg.rf.8bd6a97c56b8747799039ac7e350b322__aug4_vflip.png,,fd4a4c35e1dac59232659b491c7ad2fdffafceeb96a750747eee3b850d020c72,spot,train,train,False,masks/spot/08652dafaa6e14633986f79c.png,pending,empty,416
SAM3_auto,original,True,spot:153_spot_jpg,416,d57bcf87c69e159137395238,spot_source,/content/drive/MyDrive/LeafData.v1i.yolov11_aug4_20261003_170034/train/images/153_spot_jpg.rf.b67e7e39cf9728302998ec5d8b8fb90b.jpg,,,pending,missing,train/images/153_spot_jpg.rf.b67e7e39cf9728302998ec5d8b8fb90b.jpg,;empty_spot_requires_review,train/images/153_spot_jpg.rf.b67e7e39cf9728302998ec5d8b8fb90b.jpg,,86f944caf6230cf766e33a2fafd8dc1da190efb84de4e5149daec3ce4bc1a176,spot,train,train,False,masks/spot/d57bcf87c69e159137395238.png,pending,empty,416
SAM3_auto,brillo112,False,spot:153_spot_jpg,416,b11a098af946c86bd80eead5,spot_source,/content/drive/MyDrive/LeafData.v1i.yolov11_aug4_20261003_170034/train/images/153_spot_jpg.rf.b67e7e39cf9728302998ec5d8b8fb90b__aug4_brillo112.png,,,pending,missing,train/images/153_spot_jpg.rf.b67e7e39cf9728302998ec5d8b8fb90b.jpg,;empty_spot_requires_review,train/images/153_spot_jpg.rf.b67e7e39cf9728302998ec5d8b8fb90b__aug4_brillo112.png,,c8566a41a5bebd7cda53a061bab647933455320e861c75e1e8f01d4a54e4c97d,spot,train,train,False,masks/spot/b11a098af946c86bd80eead5.png,pending,empty,416
SAM3_auto,contraste115,False,spot:153_spot_jpg,416,d56e31867565488e26679862,spot_source,/content/drive/MyDrive/LeafData.v1i.yolov11_aug4_20261003_170034/train/images/153_spot_jpg.rf.b67e7e39cf9728302998ec5d8b8fb90b__aug4_contraste115.png,,,pending,missing,train/images/153_spot_jpg.rf.b67e7e39cf9728302998ec5d8b8fb90b.jpg,;empty_spot_requires_review,train/images/153_spot_jpg.rf.b67e7e39cf9728302998ec5d8b8fb90b__aug4_contraste115.png,,d264addb52bbda61c24d4bdb6227349bbf323dbc6356ea616a9dd80a6d2a0cda,spot,train,train,False,masks/spot/d56e31867565488e26679862.png,pending,empty,416
SAM3_auto,hflip,False,spot:153_spot_jpg,416,4e02822c5f641bcc8ff3c009,spot_source,/content/drive/MyDrive/LeafData.v1i.yolov11_aug4_20261003_170034/train/images/153_spot_jpg.rf.b67e7e39cf9728302998ec5d8b8fb90b__aug4_hflip.png,,,pending,missing,train/images/153_spot_jpg.rf.b67e7e39cf9728302998ec5d8b8fb90b.jpg,;empty_spot_requires_review,train/images/153_spot_jpg.rf.b67e7e39cf9728302998ec5d8b8fb90b__aug4_hflip.png,,4412209f6a70ea7af351bbc41f71d4388f6e1396864442cab26a9c8607df2b94,spot,train,train,False,masks/spot/4e02822c5f641bcc8ff3c009.png,pending,empty,416
SAM3_auto,vflip,False,spot:153_spot_jpg,416,ac3c6d3f8ba207101bc91409,spot_source,/content/drive/MyDrive/LeafData.v1i.yolov11_aug4_20261003_170034/train/images/153_spot_jpg.rf.b67e7e39cf9728302998ec5d8b8fb90b__aug4_vflip.png,,,pending,missing,train/images/153_spot_jpg.rf.b67e7e39cf9728302998ec5d8b8fb90b.jpg,;empty_spot_requires_review,train/images/153_spot_jpg.rf.b67e7e39cf9728302998ec5d8b8fb90b__aug4_vflip.png,,ecee77b8e55ac889dea2de5fb4fa004a456e0026254d1852f9bc9be9058d77d9,spot,train,train,False,masks/spot/ac3c6d3f8ba207101bc91409.png,pending,empty,416
SAM3_auto,original,True,spot:167_spot_jpg,416,cae0bee79afd6837a9582c24,spot_source,/content/drive/MyDrive/LeafData.v1i.yolov11_aug4_20261003_170034/train/images/167_spot_jpg.rf.2dc47d14d04ead56b643e24347c48f64.jpg,,,pending,missing,train/images/167_spot_jpg.rf.2dc47d14d04ead56b643e24347c48f64.jpg,;empty_spot_requires_review,train/images/167_spot_jpg.rf.2dc47d14d04ead56b643e24347c48f64.jpg,,04a7f380b2247276fa0ce4458e7fc5372096da25875d81473913b89312f7368a,spot,train,train,False,masks/spot/cae0bee79afd6837a9582c24.png,pending,empty,416
SAM3_auto,brillo112,False,spot:167_spot_jpg,416,a2b2c330346e5603820dc159,spot_source,/content/drive/MyDrive/LeafData.v1i.yolov11_aug4_20261003_170034/train/images/167_spot_jpg.rf.2dc47d14d04ead56b643e24347c48f64__aug4_brillo112.png,,,pending,missing,train/images/167_spot_jpg.rf.2dc47d14d04ead56b643e24347c48f64.jpg,;empty_spot_requires_review,train/images/167_spot_jpg.rf.2dc47d14d04ead56b643e24347c48f64__aug4_brillo112.png,,86b908b100ef877cb8c16c91593080ce302f6641438833ec039ebee84c8acad3,spot,train,train,False,masks/spot/a2b2c330346e5603820dc159.png,pending,empty,416
SAM3_auto,contraste115,False,spot:167_spot_jpg,416,85dd0dbb1702c9dcd68060e2,spot_source,/content/drive/MyDrive/LeafData.v1i.yolov11_aug4_20261003_170034/train/images/167_spot_jpg.rf.2dc47d14d04ead56b643e24347c48f64__aug4_contraste115.png,,,pending,missing,train/images/167_spot_jpg.rf.2dc47d14d04ead56b643e24347c48f64.jpg,;empty_spot_requires_review,train/images/167_spot_jpg.rf.2dc47d14d04ead56b643e24347c48f64__aug4_contraste115.png,,9032f1d5902a7961bc2bce990618e453a901622703464f87f955380c915f7ed8,spot,train,train,False,masks/spot/85dd0dbb1702c9dcd68060e2.png,pending,empty,416
SAM3_auto,hflip,False,spot:167_spot_jpg,416,e027e6d62223184f56b0f8ad,spot_source,/content/drive/MyDrive/LeafData.v1i.yolov11_aug4_20261003_170034/train/images/167_spot_jpg.rf.2dc47d14d04ead56b643e24347c48f64__aug4_hflip.png,,,pending,missing,train/images/167_spot_jpg.rf.2dc47d14d04ead56b643e24347c48f64.jpg,;empty_spot_requires_review,train/images/167_spot_jpg.rf.2dc47d14d04ead56b643e24347c48f64__aug4_hflip.png,,b7302cc32d1dfb790e0d2887744c70030b67f5e1dcf5f5a627da3c99f3fcf156,spot,train,train,False,masks/spot/e027e6d62223184f56b0f8ad.png,pending,empty,416
SAM3_auto,vflip,False,spot:167_spot_jpg,416,821c765107d84791fc3ec10c,spot_source,/content/drive/MyDrive/LeafData.v1i.yolov11_aug4_20261003_170034/train/images/167_spot_jpg.rf.2dc47d14d04ead56b643e24347c48f64__aug4_vflip.png,,,pending,missing,train/images/167_spot_jpg.rf.2dc47d14d04ead56b643e24347c48f64.jpg,;empty_spot_requires_review,train/images/167_spot_jpg.rf.2dc47d14d04ead56b643e24347c48f64__aug4_vflip.png,,e10fea3f7d21fc3d37f4c60819f47f9f162e3e01faf715c69043bbe905a04d7e,spot,train,train,False,masks/spot/821c765107d84791fc3ec10c.png,pending,empty,416
SAM3_auto,original,True,spot:167_spot_jpg,416,d8dd295c275f751b8283af5b,spot_source,/content/drive/MyDrive/LeafData.v1i.yolov11_aug4_20261003_170034/train/images/167_spot_jpg.rf.ada234db7c0e3293f74de06586ad3bfc.jpg,,,pending,missing,train/images/167_spot_jpg.rf.ada234db7c0e3293f74de06586ad3bfc.jpg,;empty_spot_requires_review,train/images/167_spot_jpg.rf.ada234db7c0e3293f74de06586ad3bfc.jpg,,68af3dfc26f5aac8a388e554a324b61c668ab9d8366be2f1d54e679cf3b7f662,spot,train,train,False,masks/spot/d8dd295c275f751b8283af5b.png,pending,empty,416
SAM3_auto,brillo112,False,spot:167_spot_jpg,416,14683c6cff4ffac634c9c2ad,spot_source,/content/drive/MyDrive/LeafData.v1i.yolov11_aug4_20261003_170034/train/images/167_spot_jpg.rf.ada234db7c0e3293f74de06586ad3bfc__aug4_brillo112.png,,,pending,missing,train/images/167_spot_jpg.rf.ada234db7c0e3293f74de06586ad3bfc.jpg,;empty_spot_requires_review,train/images/167_spot_jpg.rf.ada234db7c0e3293f74de06586ad3bfc__aug4_brillo112.png,,859d50a8db9007055b7e1d112852874ce536a4089b9e138368a21466e2b6730b,spot,train,train,False,masks/spot/14683c6cff4ffac634c9c2ad.png,pending,empty,416
SAM3_auto,contraste115,False,spot:167_spot_jpg,416,01a2a22767b4f6b16b8f1f6d,spot_source,/content/drive/MyDrive/LeafData.v1i.yolov11_aug4_20261003_170034/train/images/167_spot_jpg.rf.ada234db7c0e3293f74de06586ad3bfc__aug4_contraste115.png,,,pending,missing,train/images/167_spot_jpg.rf.ada234db7c0e3293f74de06586ad3bfc.jpg,;empty_spot_requires_review,train/images/167_spot_jpg.rf.ada234db7c0e3293f74de06586ad3bfc__aug4_contraste115.png,,7cae85ca60d678198e27b049172fede5523221cea20a34bfbeb36072b566227a,spot,train,train,False,masks/spot/01a2a22767b4f6b16b8f1f6d.png,pending,empty,416
SAM3_auto,hflip,False,spot:167_spot_jpg,416,a184c58d4bc6fa5c4cb3011b,spot_source,/content/drive/MyDrive/LeafData.v1i.yolov11_aug4_20261003_170034/train/images/167_spot_jpg.rf.ada234db7c0e3293f74de06586ad3bfc__aug4_hflip.png,,,pending,missing,train/images/167_spot_jpg.rf.ada234db7c0e3293f74de06586ad3bfc.jpg,;empty_spot_requires_review,train/images/167_spot_jpg.rf.ada234db7c0e3293f74de06586ad3bfc__aug4_hflip.png,,8e97421b3e63dd74536dc99252bb591d439072a903db0970fe2c7865ed7cb21e,spot,train,train,False,masks/spot/a184c58d4bc6fa5c4cb3011b.png,pending,empty,416
SAM3_auto,vflip,False,spot:167_spot_jpg,416,ba5b1505159a6bd708da2a22,spot_source,/content/drive/MyDrive/LeafData.v1i.yolov11_aug4_20261003_170034/train/images/167_spot_jpg.rf.ada234db7c0e3293f74de06586ad3bfc__aug4_vflip.png,,,pending,missing,train/images/167_spot_jpg.rf.ada234db7c0e3293f74de06586ad3bfc.jpg,;empty_spot_requires_review,train/images/167_spot_jpg.rf.ada234db7c0e3293f74de06586ad3bfc__aug4_vflip.png,,21dfa447cc4aac4359eb1ce45bbd9d7f5fc7dcd111aa52ae977becd13e8b4461,spot,train,train,False,masks/spot/ba5b1505159a6bd708da2a22.png,pending,empty,416
SAM3_auto,original,True,spot:167_spot_jpg,416,f141be7c7a762516149f3238,spot_source,/content/drive/MyDrive/LeafData.v1i.yolov11_aug4_20261003_170034/train/images/167_spot_jpg.rf.b0dbab2e672835ef169b3936ac165942.jpg,,,pending,missing,train/images/167_spot_jpg.rf.b0dbab2e672835ef169b3936ac165942.jpg,;empty_spot_requires_review,train/images/167_spot_jpg.rf.b0dbab2e672835ef169b3936ac165942.jpg,,c007bbde023c43d956c15656aae021f911c7efb928672d62de5652a2253d552e,spot,train,train,False,masks/spot/f141be7c7a762516149f3238.png,pending,empty,416
SAM3_auto,brillo112,False,spot:167_spot_jpg,416,8c5684835ec6f43082a7be45,spot_source,/content/drive/MyDrive/LeafData.v1i.yolov11_aug4_20261003_170034/train/images/167_spot_jpg.rf.b0dbab2e672835ef169b3936ac165942__aug4_brillo112.png,,,pending,missing,train/images/167_spot_jpg.rf.b0dbab2e672835ef169b3936ac165942.jpg,;empty_spot_requires_review,train/images/167_spot_jpg.rf.b0dbab2e672835ef169b3936ac165942__aug4_brillo112.png,,1737c9468cb08c4d1893c9d28b02448cbc60b39b4f03eb429c057cc4d8540d9f,spot,train,train,False,masks/spot/8c5684835ec6f43082a7be45.png,pending,empty,416
SAM3_auto,contraste115,False,spot:167_spot_jpg,416,604f54b656e6a16b957de49b,spot_source,/content/drive/MyDrive/LeafData.v1i.yolov11_aug4_20261003_170034/train/images/167_spot_jpg.rf.b0dbab2e672835ef169b3936ac165942__aug4_contraste115.png,,,pending,missing,train/images/167_spot_jpg.rf.b0dbab2e672835ef169b3936ac165942.jpg,;empty_spot_requires_review,train/images/167_spot_jpg.rf.b0dbab2e672835ef169b3936ac165942__aug4_contraste115.png,,1c7142ad085f66357ab12997a2e4fb5e5def108e5562423e9f64090c31b0b519,spot,train,train,False,masks/spot/604f54b656e6a16b957de49b.png,pending,empty,416
SAM3_auto,hflip,False,spot:167_spot_jpg,416,8995cf3c1e1a9ff010bea0b2,spot_source,/content/drive/MyDrive/LeafData.v1i.yolov11_aug4_20261003_170034/train/images/167_spot_jpg.rf.b0dbab2e672835ef169b3936ac165942__aug4_hflip.png,,,pending,missing,train/images/167_spot_jpg.rf.b0dbab2e672835ef169b3936ac165942.jpg,;empty_spot_requires_review,train/images/167_spot_jpg.rf.b0dbab2e672835ef169b3936ac165942__aug4_hflip.png,,3aae9617ab9b770e73ba7ed681ce326afabd9dacc55c9a8fffcfb17a8eb2b58b,spot,train,train,False,masks/spot/8995cf3c1e1a9ff010bea0b2.png,pending,empty,416
SAM3_auto,vflip,False,spot:167_spot_jpg,416,ed524d39ad9fab332c693100,spot_source,/content/drive/MyDrive/LeafData.v1i.yolov11_aug4_20261003_170034/train/images/167_spot_jpg.rf.b0dbab2e672835ef169b3936ac165942__aug4_vflip.png,,,pending,missing,train/images/167_spot_jpg.rf.b0dbab2e672835ef169b3936ac165942.jpg,;empty_spot_requires_review,train/images/167_spot_jpg.rf.b0dbab2e672835ef169b3936ac165942__aug4_vflip.png,,d9b5b7b1d2d45d8bfd5c0ea9dcf4dc7f5ddaa7ddcac7f07f107d4f1979a178f9,spot,train,train,False,masks/spot/ed524d39ad9fab332c693100.png,pending,empty,416
SAM3_auto,original,True,spot:172_spot_jpg,416,dd3ee76850836e71a023632f,spot_source,/content/drive/MyDrive/LeafData.v1i.yolov11_aug4_20261003_170034/train/images/172_spot_jpg.rf.02ed22340cc6659dd937d35888fa1d48.jpg,,,pending,missing,train/images/172_spot_jpg.rf.02ed22340cc6659dd937d35888fa1d48.jpg,;empty_spot_requires_review,train/images/172_spot_jpg.rf.02ed22340cc6659dd937d35888fa1d48.jpg,,6a7f65c6952924cec4547bf98da2c3f874f87aa74af4d18de33d68ffa41054c3,spot,train,train,False,masks/spot/dd3ee76850836e71a023632f.png,pending,empty,416
SAM3_auto,brillo112,False,spot:172_spot_jpg,416,50591a984bef1754d8f8fbfc,spot_source,/content/drive/MyDrive/LeafData.v1i.yolov11_aug4_20261003_170034/train/images/172_spot_jpg.rf.02ed22340cc6659dd937d35888fa1d48__aug4_brillo112.png,,,pending,missing,train/images/172_spot_jpg.rf.02ed22340cc6659dd937d35888fa1d48.jpg,;empty_spot_requires_review,train/images/172_spot_jpg.rf.02ed22340cc6659dd937d35888fa1d48__aug4_brillo112.png,,41f9eec33644a6e4ec23fbc60c95667a17908495d46f6bfbb1fe25af741439ed,spot,train,train,False,masks/spot/50591a984bef1754d8f8fbfc.png,pending,empty,416
SAM3_auto,contraste115,False,spot:172_spot_jpg,416,9e87a724b954f488522b734b,spot_source,/content/drive/MyDrive/LeafData.v1i.yolov11_aug4_20261003_170034/train/images/172_spot_jpg.rf.02ed22340cc6659dd937d35888fa1d48__aug4_contraste115.png,,,pending,missing,train/images/172_spot_jpg.rf.02ed22340cc6659dd937d35888fa1d48.jpg,;empty_spot_requires_review,train/images/172_spot_jpg.rf.02ed22340cc6659dd937d35888fa1d48__aug4_contraste115.png,,41b645606225a54a194201c484e8fe00fc399ac0c122b0213e9151bb2b14ca9c,spot,train,train,False,masks/spot/9e87a724b954f488522b734b.png,pending,empty,416
SAM3_auto,hflip,False,spot:172_spot_jpg,416,26b8c23c4d878197ffaf5b8d,spot_source,/content/drive/MyDrive/LeafData.v1i.yolov11_aug4_20261003_170034/train/images/172_spot_jpg.rf.02ed22340cc6659dd937d35888fa1d48__aug4_hflip.png,,,pending,missing,train/images/172_spot_jpg.rf.02ed22340cc6659dd937d35888fa1d48.jpg,;empty_spot_requires_review,train/images/172_spot_jpg.rf.02ed22340cc6659dd937d35888fa1d48__aug4_hflip.png,,9614c3f1871f6f9aff465b275a524ecd550c9f4aec21c2c9b209c7658da5a849,spot,train,train,False,masks/spot/26b8c23c4d878197ffaf5b8d.png,pending,empty,416
SAM3_auto,vflip,False,spot:172_spot_jpg,416,515a21358f1d3cf25a609dd3,spot_source,/content/drive/MyDrive/LeafData.v1i.yolov11_aug4_20261003_170034/train/images/172_spot_jpg.rf.02ed22340cc6659dd937d35888fa1d48__aug4_vflip.png,,,pending,missing,train/images/172_spot_jpg.rf.02ed22340cc6659dd937d35888fa1d48.jpg,;empty_spot_requires_review,train/images/172_spot_jpg.rf.02ed22340cc6659dd937d35888fa1d48__aug4_vflip.png,,1b0ba9602616137d5f24cd16fd1d864e39b3de287e7692f2742a033238b18a3d,spot,train,train,False,masks/spot/515a21358f1d3cf25a609dd3.png,pending,empty,416
SAM3_auto,original,True,spot:172_spot_jpg,416,ba26d1af85093214df160b43,spot_source,/content/drive/MyDrive/LeafData.v1i.yolov11_aug4_20261003_170034/train/images/172_spot_jpg.rf.368144a3686624fb9063a2fc17f1c481.jpg,,,pending,missing,train/images/172_spot_jpg.rf.368144a3686624fb9063a2fc17f1c481.jpg,;empty_spot_requires_review,train/images/172_spot_jpg.rf.368144a3686624fb9063a2fc17f1c481.jpg,,e7b824bdd86b866ae04ca82bea8e46b6e315b5db299f931bb5ba504c3be71633,spot,train,train,False,masks/spot/ba26d1af85093214df160b43.png,pending,empty,416
SAM3_auto,brillo112,False,spot:172_spot_jpg,416,9615b1f167f61f08aac7459e,spot_source,/content/drive/MyDrive/LeafData.v1i.yolov11_aug4_20261003_170034/train/images/172_spot_jpg.rf.368144a3686624fb9063a2fc17f1c481__aug4_brillo112.png,,,pending,missing,train/images/172_spot_jpg.rf.368144a3686624fb9063a2fc17f1c481.jpg,;empty_spot_requires_review,train/images/172_spot_jpg.rf.368144a3686624fb9063a2fc17f1c481__aug4_brillo112.png,,fa0591854d64a6298094131df4fe3eb3904657267ec5a37371e3f646e96686fb,spot,train,train,False,masks/spot/9615b1f167f61f08aac7459e.png,pending,empty,416
SAM3_auto,contraste115,False,spot:172_spot_jpg,416,9c76e540c4ca340c01023635,spot_source,/content/drive/MyDrive/LeafData.v1i.yolov11_aug4_20261003_170034/train/images/172_spot_jpg.rf.368144a3686624fb9063a2fc17f1c481__aug4_contraste115.png,,,pending,missing,train/images/172_spot_jpg.rf.368144a3686624fb9063a2fc17f1c481.jpg,;empty_spot_requires_review,train/images/172_spot_jpg.rf.368144a3686624fb9063a2fc17f1c481__aug4_contraste115.png,,e2220af2370db95e80e1e063b05915faebfb3fc0c889d9235ae65499f9e35571,spot,train,train,False,masks/spot/9c76e540c4ca340c01023635.png,pending,empty,416
SAM3_auto,hflip,False,spot:172_spot_jpg,416,cc092844aab10bc855b1c17f,spot_source,/content/drive/MyDrive/LeafData.v1i.yolov11_aug4_20261003_170034/train/images/172_spot_jpg.rf.368144a3686624fb9063a2fc17f1c481__aug4_hflip.png,,,pending,missing,train/images/172_spot_jpg.rf.368144a3686624fb9063a2fc17f1c481.jpg,;empty_spot_requires_review,train/images/172_spot_jpg.rf.368144a3686624fb9063a2fc17f1c481__aug4_hflip.png,,24df4158de407fdf180a9b3471e5bb8cb60ded9a59bed36fa1dbcffa113eee9a,spot,train,train,False,masks/spot/cc092844aab10bc855b1c17f.png,pending,empty,416
SAM3_auto,vflip,False,spot:172_spot_jpg,416,20e2031d24a48fb1cf7c0431,spot_source,/content/drive/MyDrive/LeafData.v1i.yolov11_aug4_20261003_170034/train/images/172_spot_jpg.rf.368144a3686624fb9063a2fc17f1c481__aug4_vflip.png,,,pending,missing,train/images/172_spot_jpg.rf.368144a3686624fb9063a2fc17f1c481.jpg,;empty_spot_requires_review,train/images/172_spot_jpg.rf.368144a3686624fb9063a2fc17f1c481__aug4_vflip.png,,832f8842152eae81067bf76de490b04e270d95c426b0ec3be5ce6d7502179d13,spot,train,train,False,masks/spot/20e2031d24a48fb1cf7c0431.png,pending,empty,416
SAM3_auto,original,True,spot:172_spot_jpg,416,a870a86c79ec16bc8f9b87e9,spot_source,/content/drive/MyDrive/LeafData.v1i.yolov11_aug4_20261003_170034/train/images/172_spot_jpg.rf.6a19f6d8d33b87df75b4b7916c5d3701.jpg,,,pending,missing,train/images/172_spot_jpg.rf.6a19f6d8d33b87df75b4b7916c5d3701.jpg,;empty_spot_requires_review,train/images/172_spot_jpg.rf.6a19f6d8d33b87df75b4b7916c5d3701.jpg,,48181356d04d7b3e6987c3dabd4c13f7a131aa1582e738d91f2d2922b8d1425f,spot,train,train,False,masks/spot/a870a86c79ec16bc8f9b87e9.png,pending,empty,416
SAM3_auto,brillo112,False,spot:172_spot_jpg,416,080f00cfcc012b26f59d7a04,spot_source,/content/drive/MyDrive/LeafData.v1i.yolov11_aug4_20261003_170034/train/images/172_spot_jpg.rf.6a19f6d8d33b87df75b4b7916c5d3701__aug4_brillo112.png,,,pending,missing,train/images/172_spot_jpg.rf.6a19f6d8d33b87df75b4b7916c5d3701.jpg,;empty_spot_requires_review,train/images/172_spot_jpg.rf.6a19f6d8d33b87df75b4b7916c5d3701__aug4_brillo112.png,,00d7e13d14b7d4af91d57830132496a4da51eb2d612d19b6c1a361db1b564552,spot,train,train,False,masks/spot/080f00cfcc012b26f59d7a04.png,pending,empty,416
SAM3_auto,contraste115,False,spot:172_spot_jpg,416,d5269c3cdde55fcf9779dad7,spot_source,/content/drive/MyDrive/LeafData.v1i.yolov11_aug4_20261003_170034/train/images/172_spot_jpg.rf.6a19f6d8d33b87df75b4b7916c5d3701__aug4_contraste115.png,,,pending,missing,train/images/172_spot_jpg.rf.6a19f6d8d33b87df75b4b7916c5d3701.jpg,;empty_spot_requires_review,train/images/172_spot_jpg.rf.6a19f6d8d33b87df75b4b7916c5d3701__aug4_contraste115.png,,e64822bb899e02154eb326fe4d325570918e32a5bb076999fdbf34d8a8c3b06e,spot,train,train,False,masks/spot/d5269c3cdde55fcf9779dad7.png,pending,empty,416
SAM3_auto,hflip,False,spot:172_spot_jpg,416,4093f4a1285bdf91470f4261,spot_source,/content/drive/MyDrive/LeafData.v1i.yolov11_aug4_20261003_170034/train/images/172_spot_jpg.rf.6a19f6d8d33b87df75b4b7916c5d3701__aug4_hflip.png,,,pending,missing,train/images/172_spot_jpg.rf.6a19f6d8d33b87df75b4b7916c5d3701.jpg,;empty_spot_requires_review,train/images/172_spot_jpg.rf.6a19f6d8d33b87df75b4b7916c5d3701__aug4_hflip.png,,2386405f8c96293a37d18bfa2f74985a5c1531b1e30acf89e46ac39906a5a2e4,spot,train,train,False,masks/spot/4093f4a1285bdf91470f4261.png,pending,empty,416
SAM3_auto,vflip,False,spot:172_spot_jpg,416,6548442c7514ee59074d35a5,spot_source,/content/drive/MyDrive/LeafData.v1i.yolov11_aug4_20261003_170034/train/images/172_spot_jpg.rf.6a19f6d8d33b87df75b4b7916c5d3701__aug4_vflip.png,,,pending,missing,train/images/172_spot_jpg.rf.6a19f6d8d33b87df75b4b7916c5d3701.jpg,;empty_spot_requires_review,train/images/172_spot_jpg.rf.6a19f6d8d33b87df75b4b7916c5d3701__aug4_vflip.png,,f0c54a69614b8ce1ed5d5ecd964dc337aa57b547fe9e16becb25bbe5429dc6ae,spot,train,train,False,masks/spot/6548442c7514ee59074d35a5.png,pending,empty,416
SAM3_auto,original,True,spot:35_spot_jpg,416,46741c2d30d923d9b06946fc,spot_source,/content/drive/MyDrive/LeafData.v1i.yolov11_aug4_20261003_170034/train/images/35_spot_jpg.rf.1d233e21e75973ab51853d0128c0cd03.jpg,,,pending,missing,train/images/35_spot_jpg.rf.1d233e21e75973ab51853d0128c0cd03.jpg,;empty_spot_requires_review,train/images/35_spot_jpg.rf.1d233e21e75973ab51853d0128c0cd03.jpg,,88cbacb742b4d402fe002bbb46e6ffadbc104f6132fc7e4282b4364a72314f27,spot,train,train,False,masks/spot/46741c2d30d923d9b06946fc.png,pending,empty,416
SAM3_auto,brillo112,False,spot:35_spot_jpg,416,c6ced962e3115c7978b20d96,spot_source,/content/drive/MyDrive/LeafData.v1i.yolov11_aug4_20261003_170034/train/images/35_spot_jpg.rf.1d233e21e75973ab51853d0128c0cd03__aug4_brillo112.png,,,pending,missing,train/images/35_spot_jpg.rf.1d233e21e75973ab51853d0128c0cd03.jpg,;empty_spot_requires_review,train/images/35_spot_jpg.rf.1d233e21e75973ab51853d0128c0cd03__aug4_brillo112.png,,3027498a3df399e935faa94d1ad9152e9370ca66cab2e1285b6ee23d68ece88d,spot,train,train,False,masks/spot/c6ced962e3115c7978b20d96.png,pending,empty,416
SAM3_auto,contraste115,False,spot:35_spot_jpg,416,4b5d768f63b9c8d6724c281b,spot_source,/content/drive/MyDrive/LeafData.v1i.yolov11_aug4_20261003_170034/train/images/35_spot_jpg.rf.1d233e21e75973ab51853d0128c0cd03__aug4_contraste115.png,,,pending,missing,train/images/35_spot_jpg.rf.1d233e21e75973ab51853d0128c0cd03.jpg,;empty_spot_requires_review,train/images/35_spot_jpg.rf.1d233e21e75973ab51853d0128c0cd03__aug4_contraste115.png,,d6f8f6c51ac5ab31610abbf1309effc91ff83f8396dbd9159035626ffa60822f,spot,train,train,False,masks/spot/4b5d768f63b9c8d6724c281b.png,pending,empty,416
SAM3_auto,hflip,False,spot:35_spot_jpg,416,5045c97dad349624e21f6290,spot_source,/content/drive/MyDrive/LeafData.v1i.yolov11_aug4_20261003_170034/train/images/35_spot_jpg.rf.1d233e21e75973ab51853d0128c0cd03__aug4_hflip.png,,,pending,missing,train/images/35_spot_jpg.rf.1d233e21e75973ab51853d0128c0cd03.jpg,;empty_spot_requires_review,train/images/35_spot_jpg.rf.1d233e21e75973ab51853d0128c0cd03__aug4_hflip.png,,016b2511b3e1c542809bf52429c7a243049bed35b387ac994d8991446bbcb636,spot,train,train,False,masks/spot/5045c97dad349624e21f6290.png,pending,empty,416
SAM3_auto,vflip,False,spot:35_spot_jpg,416,ea16cac64bdb7e3af2c0a5cf,spot_source,/content/drive/MyDrive/LeafData.v1i.yolov11_aug4_20261003_170034/train/images/35_spot_jpg.rf.1d233e21e75973ab51853d0128c0cd03__aug4_vflip.png,,,pending,missing,train/images/35_spot_jpg.rf.1d233e21e75973ab51853d0128c0cd03.jpg,;empty_spot_requires_review,train/images/35_spot_jpg.rf.1d233e21e75973ab51853d0128c0cd03__aug4_vflip.png,,012eaa83dbbb9ceced1c99429971184f9d529437abf81d5064a43c73fe56c79e,spot,train,train,False,masks/spot/ea16cac64bdb7e3af2c0a5cf.png,pending,empty,416
SAM3_auto,original,True,spot:35_spot_jpg,416,0ef8c5785cff1f037c8544c3,spot_source,/content/drive/MyDrive/LeafData.v1i.yolov11_aug4_20261003_170034/train/images/35_spot_jpg.rf.9fedad609e953318bfbea4e49172d541.jpg,,,pending,missing,train/images/35_spot_jpg.rf.9fedad609e953318bfbea4e49172d541.jpg,;empty_spot_requires_review,train/images/35_spot_jpg.rf.9fedad609e953318bfbea4e49172d541.jpg,,f3c3bdd1f24a9c35d4158cb4f7155a77c7ec405b498fdb51a315d80aa35d772f,spot,train,train,False,masks/spot/0ef8c5785cff1f037c8544c3.png,pending,empty,416
SAM3_auto,brillo112,False,spot:35_spot_jpg,416,239397e9be9b9c59cd61b49a,spot_source,/content/drive/MyDrive/LeafData.v1i.yolov11_aug4_20261003_170034/train/images/35_spot_jpg.rf.9fedad609e953318bfbea4e49172d541__aug4_brillo112.png,,,pending,missing,train/images/35_spot_jpg.rf.9fedad609e953318bfbea4e49172d541.jpg,;empty_spot_requires_review,train/images/35_spot_jpg.rf.9fedad609e953318bfbea4e49172d541__aug4_brillo112.png,,5ab488599ad2817f5f80d34c7e7299e2b2be697f6be17607fbaf9fe66742af72,spot,train,train,False,masks/spot/239397e9be9b9c59cd61b49a.png,pending,empty,416
SAM3_auto,contraste115,False,spot:35_spot_jpg,416,c3497b8231e465a89d308e0f,spot_source,/content/drive/MyDrive/LeafData.v1i.yolov11_aug4_20261003_170034/train/images/35_spot_jpg.rf.9fedad609e953318bfbea4e49172d541__aug4_contraste115.png,,,pending,missing,train/images/35_spot_jpg.rf.9fedad609e953318bfbea4e49172d541.jpg,;empty_spot_requires_review,train/images/35_spot_jpg.rf.9fedad609e953318bfbea4e49172d541__aug4_contraste115.png,,69d3452ef7dba2c74393cb8b11d432aa85738a0ff634b55cf3456d69bfe43609,spot,train,train,False,masks/spot/c3497b8231e465a89d308e0f.png,pending,empty,416
SAM3_auto,hflip,False,spot:35_spot_jpg,416,19cc4a6eda2a6611220fe09c,spot_source,/content/drive/MyDrive/LeafData.v1i.yolov11_aug4_20261003_170034/train/images/35_spot_jpg.rf.9fedad609e953318bfbea4e49172d541__aug4_hflip.png,,,pending,missing,train/images/35_spot_jpg.rf.9fedad609e953318bfbea4e49172d541.jpg,;empty_spot_requires_review,train/images/35_spot_jpg.rf.9fedad609e953318bfbea4e49172d541__aug4_hflip.png,,70fcac5b4492dee40fe47d769abc21b02384256a8d3f7ceae3060fb79ff7f04f,spot,train,train,False,masks/spot/19cc4a6eda2a6611220fe09c.png,pending,empty,416
SAM3_auto,vflip,False,spot:35_spot_jpg,416,7dd0f89bd74a7623646344ad,spot_source,/content/drive/MyDrive/LeafData.v1i.yolov11_aug4_20261003_170034/train/images/35_spot_jpg.rf.9fedad609e953318bfbea4e49172d541__aug4_vflip.png,,,pending,missing,train/images/35_spot_jpg.rf.9fedad609e953318bfbea4e49172d541.jpg,;empty_spot_requires_review,train/images/35_spot_jpg.rf.9fedad609e953318bfbea4e49172d541__aug4_vflip.png,,1cfa956622b1e2dc4f9ef23ae67347235e10758222e028e9e6150633fb306840,spot,train,train,False,masks/spot/7dd0f89bd74a7623646344ad.png,pending,empty,416
SAM3_auto,original,True,spot:35_spot_jpg,416,3879bd671d4063021bb70809,spot_source,/content/drive/MyDrive/LeafData.v1i.yolov11_aug4_20261003_170034/train/images/35_spot_jpg.rf.ea8577519a0df615df4268ecc9930ed6.jpg,,,pending,missing,train/images/35_spot_jpg.rf.ea8577519a0df615df4268ecc9930ed6.jpg,;empty_spot_requires_review,train/images/35_spot_jpg.rf.ea8577519a0df615df4268ecc9930ed6.jpg,,aca14c1ebeb0c732e42dde263feddf877e84552157c99d355d56e0809423e1b8,spot,train,train,False,masks/spot/3879bd671d4063021bb70809.png,pending,empty,416
SAM3_auto,brillo112,False,spot:35_spot_jpg,416,5632df5c16134414b2e7b51f,spot_source,/content/drive/MyDrive/LeafData.v1i.yolov11_aug4_20261003_170034/train/images/35_spot_jpg.rf.ea8577519a0df615df4268ecc9930ed6__aug4_brillo112.png,,,pending,missing,train/images/35_spot_jpg.rf.ea8577519a0df615df4268ecc9930ed6.jpg,;empty_spot_requires_review,train/images/35_spot_jpg.rf.ea8577519a0df615df4268ecc9930ed6__aug4_brillo112.png,,f5003231c504093a4f40a8cbcf9f7ef3c1fa5ce2fec3632cbd9da3fa1d8c1dea,spot,train,train,False,masks/spot/5632df5c16134414b2e7b51f.png,pending,empty,416
SAM3_auto,contraste115,False,spot:35_spot_jpg,416,98f898b48169501ca03ac653,spot_source,/content/drive/MyDrive/LeafData.v1i.yolov11_aug4_20261003_170034/train/images/35_spot_jpg.rf.ea8577519a0df615df4268ecc9930ed6__aug4_contraste115.png,,,pending,missing,train/images/35_spot_jpg.rf.ea8577519a0df615df4268ecc9930ed6.jpg,;empty_spot_requires_review,train/images/35_spot_jpg.rf.ea8577519a0df615df4268ecc9930ed6__aug4_contraste115.png,,2a09779b12817a8cf6653cae91b39489d2a6f26d83c06eaeeae1afe6cf7c4a4e,spot,train,train,False,masks/spot/98f898b48169501ca03ac653.png,pending,empty,416
SAM3_auto,hflip,False,spot:35_spot_jpg,416,98d25f5a3fdf8a300b6de41e,spot_source,/content/drive/MyDrive/LeafData.v1i.yolov11_aug4_20261003_170034/train/images/35_spot_jpg.rf.ea8577519a0df615df4268ecc9930ed6__aug4_hflip.png,,,pending,missing,train/images/35_spot_jpg.rf.ea8577519a0df615df4268ecc9930ed6.jpg,;empty_spot_requires_review,train/images/35_spot_jpg.rf.ea8577519a0df615df4268ecc9930ed6__aug4_hflip.png,,0e4cc7799fef7e4e9d58392377e347ee53e962f0983aed751511c1103ecdef93,spot,train,train,False,masks/spot/98d25f5a3fdf8a300b6de41e.png,pending,empty,416
SAM3_auto,vflip,False,spot:35_spot_jpg,416,f2bacf9b0f36f4d7388a3b0e,spot_source,/content/drive/MyDrive/LeafData.v1i.yolov11_aug4_20261003_170034/train/images/35_spot_jpg.rf.ea8577519a0df615df4268ecc9930ed6__aug4_vflip.png,,,pending,missing,train/images/35_spot_jpg.rf.ea8577519a0df615df4268ecc9930ed6.jpg,;empty_spot_requires_review,train/images/35_spot_jpg.rf.ea8577519a0df615df4268ecc9930ed6__aug4_vflip.png,,4eb8a48a0d317159b38554b207fdb27dffce470b16209d6bbb835ce00aac7363,spot,train,train,False,masks/spot/f2bacf9b0f36f4d7388a3b0e.png,pending,empty,416
SAM3_auto,original,True,spot:39_spot_jpg,416,ff8df5899da32397d3b468de,spot_source,/content/drive/MyDrive/LeafData.v1i.yolov11_aug4_20261003_170034/train/images/39_spot_jpg.rf.a034d7e03a17df4e56672fd5eac838d2.jpg,,,pending,missing,train/images/39_spot_jpg.rf.a034d7e03a17df4e56672fd5eac838d2.jpg,;empty_spot_requires_review,train/images/39_spot_jpg.rf.a034d7e03a17df4e56672fd5eac838d2.jpg,,71b07b6da8b57c6fe96a5815c56d4dd2192bbc58beac10178c2230089208a18f,spot,train,train,False,masks/spot/ff8df5899da32397d3b468de.png,pending,empty,416
SAM3_auto,brillo112,False,spot:39_spot_jpg,416,db68516f55bae72f730ce078,spot_source,/content/drive/MyDrive/LeafData.v1i.yolov11_aug4_20261003_170034/train/images/39_spot_jpg.rf.a034d7e03a17df4e56672fd5eac838d2__aug4_brillo112.png,,,pending,missing,train/images/39_spot_jpg.rf.a034d7e03a17df4e56672fd5eac838d2.jpg,;empty_spot_requires_review,train/images/39_spot_jpg.rf.a034d7e03a17df4e56672fd5eac838d2__aug4_brillo112.png,,b1926b4c57e872314962d7a717a9d032ae00a1961970f2ed8b7315ddbd5d1203,spot,train,train,False,masks/spot/db68516f55bae72f730ce078.png,pending,empty,416
SAM3_auto,contraste115,False,spot:39_spot_jpg,416,6f79ad1c79face56ca1a0753,spot_source,/content/drive/MyDrive/LeafData.v1i.yolov11_aug4_20261003_170034/train/images/39_spot_jpg.rf.a034d7e03a17df4e56672fd5eac838d2__aug4_contraste115.png,,,pending,missing,train/images/39_spot_jpg.rf.a034d7e03a17df4e56672fd5eac838d2.jpg,;empty_spot_requires_review,train/images/39_spot_jpg.rf.a034d7e03a17df4e56672fd5eac838d2__aug4_contraste115.png,,18b8f9c934bdfc4dda279f2478f43555349a6495d315c42fc191d4a9f4c10032,spot,train,train,False,masks/spot/6f79ad1c79face56ca1a0753.png,pending,empty,416
SAM3_auto,hflip,False,spot:39_spot_jpg,416,b6ab1803de1f714bb7863cc9,spot_source,/content/drive/MyDrive/LeafData.v1i.yolov11_aug4_20261003_170034/train/images/39_spot_jpg.rf.a034d7e03a17df4e56672fd5eac838d2__aug4_hflip.png,,,pending,missing,train/images/39_spot_jpg.rf.a034d7e03a17df4e56672fd5eac838d2.jpg,;empty_spot_requires_review,train/images/39_spot_jpg.rf.a034d7e03a17df4e56672fd5eac838d2__aug4_hflip.png,,a7a35c8fe6bfd6b591c8cf202c9c7a25d8625ac3836039ea9497957695638573,spot,train,train,False,masks/spot/b6ab1803de1f714bb7863cc9.png,pending,empty,416
SAM3_auto,vflip,False,spot:39_spot_jpg,416,e2646c672b925a34fe7607ff,spot_source,/content/drive/MyDrive/LeafData.v1i.yolov11_aug4_20261003_170034/train/images/39_spot_jpg.rf.a034d7e03a17df4e56672fd5eac838d2__aug4_vflip.png,,,pending,missing,train/images/39_spot_jpg.rf.a034d7e03a17df4e56672fd5eac838d2.jpg,;empty_spot_requires_review,train/images/39_spot_jpg.rf.a034d7e03a17df4e56672fd5eac838d2__aug4_vflip.png,,572c17b734b97b9bf1ec38ea03edd578ee565fb3a0375268317216a9648a9b51,spot,train,train,False,masks/spot/e2646c672b925a34fe7607ff.png,pending,empty,416
SAM3_auto,original,True,spot:39_spot_jpg,416,4f2a045edad33f4bf2055ddc,spot_source,/content/drive/MyDrive/LeafData.v1i.yolov11_aug4_20261003_170034/train/images/39_spot_jpg.rf.e0b3532a42e35e954badbdc108ea2a54.jpg,,,pending,missing,train/images/39_spot_jpg.rf.e0b3532a42e35e954badbdc108ea2a54.jpg,;empty_spot_requires_review,train/images/39_spot_jpg.rf.e0b3532a42e35e954badbdc108ea2a54.jpg,,48209de2870437306044e39a9f6d7311e2bea88fb548a2dab7f0c7669c0af1b3,spot,train,train,False,masks/spot/4f2a045edad33f4bf2055ddc.png,pending,empty,416
SAM3_auto,brillo112,False,spot:39_spot_jpg,416,a778553a20ff5f8653f72d84,spot_source,/content/drive/MyDrive/LeafData.v1i.yolov11_aug4_20261003_170034/train/images/39_spot_jpg.rf.e0b3532a42e35e954badbdc108ea2a54__aug4_brillo112.png,,,pending,missing,train/images/39_spot_jpg.rf.e0b3532a42e35e954badbdc108ea2a54.jpg,;empty_spot_requires_review,train/images/39_spot_jpg.rf.e0b3532a42e35e954badbdc108ea2a54__aug4_brillo112.png,,1b6be02bed7ffb83edb2b8375d55bf1978b6cd19b3bb33426ab8d2911094720f,spot,train,train,False,masks/spot/a778553a20ff5f8653f72d84.png,pending,empty,416
SAM3_auto,contraste115,False,spot:39_spot_jpg,416,413abe444259d2a5083840b0,spot_source,/content/drive/MyDrive/LeafData.v1i.yolov11_aug4_20261003_170034/train/images/39_spot_jpg.rf.e0b3532a42e35e954badbdc108ea2a54__aug4_contraste115.png,,,pending,missing,train/images/39_spot_jpg.rf.e0b3532a42e35e954badbdc108ea2a54.jpg,;empty_spot_requires_review,train/images/39_spot_jpg.rf.e0b3532a42e35e954badbdc108ea2a54__aug4_contraste115.png,,828ce837272e13ea2d459807d3e07075bea59b7ed2e045fd435364763f188294,spot,train,train,False,masks/spot/413abe444259d2a5083840b0.png,pending,empty,416
SAM3_auto,hflip,False,spot:39_spot_jpg,416,457e300e6e9b58cbcb0f80c6,spot_source,/content/drive/MyDrive/LeafData.v1i.yolov11_aug4_20261003_170034/train/images/39_spot_jpg.rf.e0b3532a42e35e954badbdc108ea2a54__aug4_hflip.png,,,pending,missing,train/images/39_spot_jpg.rf.e0b3532a42e35e954badbdc108ea2a54.jpg,;empty_spot_requires_review,train/images/39_spot_jpg.rf.e0b3532a42e35e954badbdc108ea2a54__aug4_hflip.png,,0c95c73ebb75124389c7aed4641e8ff24476409a06a2d9d2585defdabb201939,spot,train,train,False,masks/spot/457e300e6e9b58cbcb0f80c6.png,pending,empty,416
SAM3_auto,vflip,False,spot:39_spot_jpg,416,c5864ba88caa679f96071e51,spot_source,/content/drive/MyDrive/LeafData.v1i.yolov11_aug4_20261003_170034/train/images/39_spot_jpg.rf.e0b3532a42e35e954badbdc108ea2a54__aug4_vflip.png,,,pending,missing,train/images/39_spot_jpg.rf.e0b3532a42e35e954badbdc108ea2a54.jpg,;empty_spot_requires_review,train/images/39_spot_jpg.rf.e0b3532a42e35e954badbdc108ea2a54__aug4_vflip.png,,776ae5b3d815da823bb7aceabce35caa2ed31bd21daf555e9bf1016d4252e657,spot,train,train,False,masks/spot/c5864ba88caa679f96071e51.png,pending,empty,416
SAM3_auto,original,True,spot:39_spot_jpg,416,343fceb3540a9ec134383fc1,spot_source,/content/drive/MyDrive/LeafData.v1i.yolov11_aug4_20261003_170034/train/images/39_spot_jpg.rf.e5be3037e9372ffa22b6899e2fff011e.jpg,,,pending,missing,train/images/39_spot_jpg.rf.e5be3037e9372ffa22b6899e2fff011e.jpg,;empty_spot_requires_review,train/images/39_spot_jpg.rf.e5be3037e9372ffa22b6899e2fff011e.jpg,,8256264048b839bb2b4b49519f18adbb3c39f628cf9fc624d3233e407c436c24,spot,train,train,False,masks/spot/343fceb3540a9ec134383fc1.png,pending,empty,416
SAM3_auto,brillo112,False,spot:39_spot_jpg,416,21a42dffe434cada3a01f7b3,spot_source,/content/drive/MyDrive/LeafData.v1i.yolov11_aug4_20261003_170034/train/images/39_spot_jpg.rf.e5be3037e9372ffa22b6899e2fff011e__aug4_brillo112.png,,,pending,missing,train/images/39_spot_jpg.rf.e5be3037e9372ffa22b6899e2fff011e.jpg,;empty_spot_requires_review,train/images/39_spot_jpg.rf.e5be3037e9372ffa22b6899e2fff011e__aug4_brillo112.png,,b5a64d423846dafc6d4f5856fdd795b54548a77d33efb64c3475cac33096b0df,spot,train,train,False,masks/spot/21a42dffe434cada3a01f7b3.png,pending,empty,416
SAM3_auto,contraste115,False,spot:39_spot_jpg,416,6afe70607c2c0255aab9b5de,spot_source,/content/drive/MyDrive/LeafData.v1i.yolov11_aug4_20261003_170034/train/images/39_spot_jpg.rf.e5be3037e9372ffa22b6899e2fff011e__aug4_contraste115.png,,,pending,missing,train/images/39_spot_jpg.rf.e5be3037e9372ffa22b6899e2fff011e.jpg,;empty_spot_requires_review,train/images/39_spot_jpg.rf.e5be3037e9372ffa22b6899e2fff011e__aug4_contraste115.png,,71d1233009695d4b173d5259c0b8377025d0f05cab01ccd9c913171ac73f3b8e,spot,train,train,False,masks/spot/6afe70607c2c0255aab9b5de.png,pending,empty,416
SAM3_auto,hflip,False,spot:39_spot_jpg,416,54b482420b4ba897aa05d8fc,spot_source,/content/drive/MyDrive/LeafData.v1i.yolov11_aug4_20261003_170034/train/images/39_spot_jpg.rf.e5be3037e9372ffa22b6899e2fff011e__aug4_hflip.png,,,pending,missing,train/images/39_spot_jpg.rf.e5be3037e9372ffa22b6899e2fff011e.jpg,;empty_spot_requires_review,train/images/39_spot_jpg.rf.e5be3037e9372ffa22b6899e2fff011e__aug4_hflip.png,,f998157850d906731fd3610342fbefcf672610d89b1fbb05af06d6ede5e380c7,spot,train,train,False,masks/spot/54b482420b4ba897aa05d8fc.png,pending,empty,416
SAM3_auto,vflip,False,spot:39_spot_jpg,416,af8c97cd492e72e2bc77c58d,spot_source,/content/drive/MyDrive/LeafData.v1i.yolov11_aug4_20261003_170034/train/images/39_spot_jpg.rf.e5be3037e9372ffa22b6899e2fff011e__aug4_vflip.png,,,pending,missing,train/images/39_spot_jpg.rf.e5be3037e9372ffa22b6899e2fff011e.jpg,;empty_spot_requires_review,train/images/39_spot_jpg.rf.e5be3037e9372ffa22b6899e2fff011e__aug4_vflip.png,,5d41524d7f6511892d84c6ba0e3f22f0cdcc36d45c810367df48ece8fb74aa2b,spot,train,train,False,masks/spot/af8c97cd492e72e2bc77c58d.png,pending,empty,416
SAM3_auto,original,True,spot:54_spot_jpg,416,4b4803b8340839beac91d390,spot_source,/content/drive/MyDrive/LeafData.v1i.yolov11_aug4_20261003_170034/train/images/54_spot_jpg.rf.1e0fe1eaa9c92c1e8fb6e7d1675550b7.jpg,,,pending,missing,train/images/54_spot_jpg.rf.1e0fe1eaa9c92c1e8fb6e7d1675550b7.jpg,;empty_spot_requires_review,train/images/54_spot_jpg.rf.1e0fe1eaa9c92c1e8fb6e7d1675550b7.jpg,,c343d3505888f7a667fc13b52162145d381044bcf3cd458e576f329f2a80b3a0,spot,train,train,False,masks/spot/4b4803b8340839beac91d390.png,pending,empty,416
SAM3_auto,brillo112,False,spot:54_spot_jpg,416,18f1ba3f5926936b8c353831,spot_source,/content/drive/MyDrive/LeafData.v1i.yolov11_aug4_20261003_170034/train/images/54_spot_jpg.rf.1e0fe1eaa9c92c1e8fb6e7d1675550b7__aug4_brillo112.png,,,pending,missing,train/images/54_spot_jpg.rf.1e0fe1eaa9c92c1e8fb6e7d1675550b7.jpg,;empty_spot_requires_review,train/images/54_spot_jpg.rf.1e0fe1eaa9c92c1e8fb6e7d1675550b7__aug4_brillo112.png,,c81cd448695d89a12378ffb29461fd31e737a687b088a80ff66ae2361507a25a,spot,train,train,False,masks/spot/18f1ba3f5926936b8c353831.png,pending,empty,416
SAM3_auto,contraste115,False,spot:54_spot_jpg,416,ff874051bfa3a49d7dc89f17,spot_source,/content/drive/MyDrive/LeafData.v1i.yolov11_aug4_20261003_170034/train/images/54_spot_jpg.rf.1e0fe1eaa9c92c1e8fb6e7d1675550b7__aug4_contraste115.png,,,pending,missing,train/images/54_spot_jpg.rf.1e0fe1eaa9c92c1e8fb6e7d1675550b7.jpg,;empty_spot_requires_review,train/images/54_spot_jpg.rf.1e0fe1eaa9c92c1e8fb6e7d1675550b7__aug4_contraste115.png,,52fdd00801b374bcf5ac73b6027dec8d8821586e7ebcae028f24375aa817d309,spot,train,train,False,masks/spot/ff874051bfa3a49d7dc89f17.png,pending,empty,416
SAM3_auto,hflip,False,spot:54_spot_jpg,416,ed989d715f11296c50217635,spot_source,/content/drive/MyDrive/LeafData.v1i.yolov11_aug4_20261003_170034/train/images/54_spot_jpg.rf.1e0fe1eaa9c92c1e8fb6e7d1675550b7__aug4_hflip.png,,,pending,missing,train/images/54_spot_jpg.rf.1e0fe1eaa9c92c1e8fb6e7d1675550b7.jpg,;empty_spot_requires_review,train/images/54_spot_jpg.rf.1e0fe1eaa9c92c1e8fb6e7d1675550b7__aug4_hflip.png,,01e9fd2872e063a70b90afaa36f886b9b6dd44101f3496b7434a3b8655051d64,spot,train,train,False,masks/spot/ed989d715f11296c50217635.png,pending,empty,416
SAM3_auto,vflip,False,spot:54_spot_jpg,416,b8aca91e1b95a03e550ffebf,spot_source,/content/drive/MyDrive/LeafData.v1i.yolov11_aug4_20261003_170034/train/images/54_spot_jpg.rf.1e0fe1eaa9c92c1e8fb6e7d1675550b7__aug4_vflip.png,,,pending,missing,train/images/54_spot_jpg.rf.1e0fe1eaa9c92c1e8fb6e7d1675550b7.jpg,;empty_spot_requires_review,train/images/54_spot_jpg.rf.1e0fe1eaa9c92c1e8fb6e7d1675550b7__aug4_vflip.png,,5bffcff136c24a9e0f7d2763baa54391a1afaa53be9965679141207d9a0e0650,spot,train,train,False,masks/spot/b8aca91e1b95a03e550ffebf.png,pending,empty,416
SAM3_auto,original,True,spot:62_spot_jpg,416,9381c0b96ef1891ea7689a22,spot_source,/content/drive/MyDrive/LeafData.v1i.yolov11_aug4_20261003_170034/train/images/62_spot_jpg.rf.04772cfb99712c2a6810b6475c17c847.jpg,,,pending,missing,train/images/62_spot_jpg.rf.04772cfb99712c2a6810b6475c17c847.jpg,;empty_spot_requires_review,train/images/62_spot_jpg.rf.04772cfb99712c2a6810b6475c17c847.jpg,,febfbfe79e6d8c15a0e754d4ba0701649fd6b54010f28d216dbb6d3bbf42be18,spot,train,train,False,masks/spot/9381c0b96ef1891ea7689a22.png,pending,empty,416
SAM3_auto,brillo112,False,spot:62_spot_jpg,416,455592f93e11e2667965c9db,spot_source,/content/drive/MyDrive/LeafData.v1i.yolov11_aug4_20261003_170034/train/images/62_spot_jpg.rf.04772cfb99712c2a6810b6475c17c847__aug4_brillo112.png,,,pending,missing,train/images/62_spot_jpg.rf.04772cfb99712c2a6810b6475c17c847.jpg,;empty_spot_requires_review,train/images/62_spot_jpg.rf.04772cfb99712c2a6810b6475c17c847__aug4_brillo112.png,,5c634c4d7ae0d2bc22f471158d6e4576fcf7580cbc050872972a84d8de6f25df,spot,train,train,False,masks/spot/455592f93e11e2667965c9db.png,pending,empty,416
SAM3_auto,contraste115,False,spot:62_spot_jpg,416,f7b3f4a469ed0fab5360cbc4,spot_source,/content/drive/MyDrive/LeafData.v1i.yolov11_aug4_20261003_170034/train/images/62_spot_jpg.rf.04772cfb99712c2a6810b6475c17c847__aug4_contraste115.png,,,pending,missing,train/images/62_spot_jpg.rf.04772cfb99712c2a6810b6475c17c847.jpg,;empty_spot_requires_review,train/images/62_spot_jpg.rf.04772cfb99712c2a6810b6475c17c847__aug4_contraste115.png,,4b84f7254b7ca9bd12215f18cc249b8ea43ec398cb00a01468cae947815cd70a,spot,train,train,False,masks/spot/f7b3f4a469ed0fab5360cbc4.png,pending,empty,416
SAM3_auto,hflip,False,spot:62_spot_jpg,416,a2ff8a9a1d60e7181a0f524b,spot_source,/content/drive/MyDrive/LeafData.v1i.yolov11_aug4_20261003_170034/train/images/62_spot_jpg.rf.04772cfb99712c2a6810b6475c17c847__aug4_hflip.png,,,pending,missing,train/images/62_spot_jpg.rf.04772cfb99712c2a6810b6475c17c847.jpg,;empty_spot_requires_review,train/images/62_spot_jpg.rf.04772cfb99712c2a6810b6475c17c847__aug4_hflip.png,,fb2f310ade5106f2f28155418cc1957ce073854fb6e4637d699a6b5846d335bb,spot,train,train,False,masks/spot/a2ff8a9a1d60e7181a0f524b.png,pending,empty,416
SAM3_auto,vflip,False,spot:62_spot_jpg,416,b66106a5d4eabb070b417203,spot_source,/content/drive/MyDrive/LeafData.v1i.yolov11_aug4_20261003_170034/train/images/62_spot_jpg.rf.04772cfb99712c2a6810b6475c17c847__aug4_vflip.png,,,pending,missing,train/images/62_spot_jpg.rf.04772cfb99712c2a6810b6475c17c847.jpg,;empty_spot_requires_review,train/images/62_spot_jpg.rf.04772cfb99712c2a6810b6475c17c847__aug4_vflip.png,,7317378dc19d8a608fab487c059fcb73b7e618e774dfc22e91951f3a00c43f55,spot,train,train,False,masks/spot/b66106a5d4eabb070b417203.png,pending,empty,416
SAM3_auto,original,True,spot:62_spot_jpg,416,5727f61a200351fccf2f6512,spot_source,/content/drive/MyDrive/LeafData.v1i.yolov11_aug4_20261003_170034/train/images/62_spot_jpg.rf.3ea1ff54b5c135765fa255202345214e.jpg,,,pending,missing,train/images/62_spot_jpg.rf.3ea1ff54b5c135765fa255202345214e.jpg,;empty_spot_requires_review,train/images/62_spot_jpg.rf.3ea1ff54b5c135765fa255202345214e.jpg,,7191bd2765f73e3240bb0a354512bc1dc7a91c82ba660f27947124db64075b98,spot,train,train,False,masks/spot/5727f61a200351fccf2f6512.png,pending,empty,416
SAM3_auto,brillo112,False,spot:62_spot_jpg,416,96aa70cb4a2d1bd4c49ce2fd,spot_source,/content/drive/MyDrive/LeafData.v1i.yolov11_aug4_20261003_170034/train/images/62_spot_jpg.rf.3ea1ff54b5c135765fa255202345214e__aug4_brillo112.png,,,pending,missing,train/images/62_spot_jpg.rf.3ea1ff54b5c135765fa255202345214e.jpg,;empty_spot_requires_review,train/images/62_spot_jpg.rf.3ea1ff54b5c135765fa255202345214e__aug4_brillo112.png,,131f3cc72e49a3e16557f076d7caf1cf4a754da27b0e1d23086b3dceb7ac0cdb,spot,train,train,False,masks/spot/96aa70cb4a2d1bd4c49ce2fd.png,pending,empty,416
SAM3_auto,contraste115,False,spot:62_spot_jpg,416,ba14717c53c202a358f946f7,spot_source,/content/drive/MyDrive/LeafData.v1i.yolov11_aug4_20261003_170034/train/images/62_spot_jpg.rf.3ea1ff54b5c135765fa255202345214e__aug4_contraste115.png,,,pending,missing,train/images/62_spot_jpg.rf.3ea1ff54b5c135765fa255202345214e.jpg,;empty_spot_requires_review,train/images/62_spot_jpg.rf.3ea1ff54b5c135765fa255202345214e__aug4_contraste115.png,,310ab8347d8748a3a8e2c835ece6c870f33b3f74c57ea0c8c8d3d935d493b877,spot,train,train,False,masks/spot/ba14717c53c202a358f946f7.png,pending,empty,416
SAM3_auto,hflip,False,spot:62_spot_jpg,416,14868105e9cacf6356348400,spot_source,/content/drive/MyDrive/LeafData.v1i.yolov11_aug4_20261003_170034/train/images/62_spot_jpg.rf.3ea1ff54b5c135765fa255202345214e__aug4_hflip.png,,,pending,missing,train/images/62_spot_jpg.rf.3ea1ff54b5c135765fa255202345214e.jpg,;empty_spot_requires_review,train/images/62_spot_jpg.rf.3ea1ff54b5c135765fa255202345214e__aug4_hflip.png,,ef059dcde2317acd71c70afab7d691cf88edef10320f35e4ab5a8e36504595bb,spot,train,train,False,masks/spot/14868105e9cacf6356348400.png,pending,empty,416
SAM3_auto,vflip,False,spot:62_spot_jpg,416,a0cc2f3b85d72b35f823a238,spot_source,/content/drive/MyDrive/LeafData.v1i.yolov11_aug4_20261003_170034/train/images/62_spot_jpg.rf.3ea1ff54b5c135765fa255202345214e__aug4_vflip.png,,,pending,missing,train/images/62_spot_jpg.rf.3ea1ff54b5c135765fa255202345214e.jpg,;empty_spot_requires_review,train/images/62_spot_jpg.rf.3ea1ff54b5c135765fa255202345214e__aug4_vflip.png,,8855ba57960766c2974cc0155887d18b2ab4c9b30d14326ba5d223bab0a402bc,spot,train,train,False,masks/spot/a0cc2f3b85d72b35f823a238.png,pending,empty,416
SAM3_auto,original,True,spot:70_spot_jpg,416,6176909cc4616723afb8d080,spot_source,/content/drive/MyDrive/LeafData.v1i.yolov11_aug4_20261003_170034/train/images/70_spot_jpg.rf.4e57ded4809aa8a9d624ca22c0d369de.jpg,,,pending,missing,train/images/70_spot_jpg.rf.4e57ded4809aa8a9d624ca22c0d369de.jpg,;empty_spot_requires_review,train/images/70_spot_jpg.rf.4e57ded4809aa8a9d624ca22c0d369de.jpg,,2b6fc2a6c8d1fa4ebd900feba76cea71ff5e708cdf6d9ef79e9eccfc15554b97,spot,train,train,False,masks/spot/6176909cc4616723afb8d080.png,pending,empty,416
SAM3_auto,brillo112,False,spot:70_spot_jpg,416,e03ec1b62200fd150299f181,spot_source,/content/drive/MyDrive/LeafData.v1i.yolov11_aug4_20261003_170034/train/images/70_spot_jpg.rf.4e57ded4809aa8a9d624ca22c0d369de__aug4_brillo112.png,,,pending,missing,train/images/70_spot_jpg.rf.4e57ded4809aa8a9d624ca22c0d369de.jpg,;empty_spot_requires_review,train/images/70_spot_jpg.rf.4e57ded4809aa8a9d624ca22c0d369de__aug4_brillo112.png,,8002ce953396aefcc7129ba60403f1608194cd6d75455e98047cf9f3999d586c,spot,train,train,False,masks/spot/e03ec1b62200fd150299f181.png,pending,empty,416
SAM3_auto,contraste115,False,spot:70_spot_jpg,416,0755443d9e7123b22eaa3ae9,spot_source,/content/drive/MyDrive/LeafData.v1i.yolov11_aug4_20261003_170034/train/images/70_spot_jpg.rf.4e57ded4809aa8a9d624ca22c0d369de__aug4_contraste115.png,,,pending,missing,train/images/70_spot_jpg.rf.4e57ded4809aa8a9d624ca22c0d369de.jpg,;empty_spot_requires_review,train/images/70_spot_jpg.rf.4e57ded4809aa8a9d624ca22c0d369de__aug4_contraste115.png,,6319fdbc91421e7db30161e3dae19674a34fd4d4e7c43db22b1d57f89cb36af3,spot,train,train,False,masks/spot/0755443d9e7123b22eaa3ae9.png,pending,empty,416
SAM3_auto,hflip,False,spot:70_spot_jpg,416,8078e5ecc4ab05c498d8c6eb,spot_source,/content/drive/MyDrive/LeafData.v1i.yolov11_aug4_20261003_170034/train/images/70_spot_jpg.rf.4e57ded4809aa8a9d624ca22c0d369de__aug4_hflip.png,,,pending,missing,train/images/70_spot_jpg.rf.4e57ded4809aa8a9d624ca22c0d369de.jpg,;empty_spot_requires_review,train/images/70_spot_jpg.rf.4e57ded4809aa8a9d624ca22c0d369de__aug4_hflip.png,,1d5936a4f442dba5ec9da71fc33287a3261bee81c2a0c1b226748418b8cf32b9,spot,train,train,False,masks/spot/8078e5ecc4ab05c498d8c6eb.png,pending,empty,416
SAM3_auto,vflip,False,spot:70_spot_jpg,416,9ac6de94a023cab537353fa9,spot_source,/content/drive/MyDrive/LeafData.v1i.yolov11_aug4_20261003_170034/train/images/70_spot_jpg.rf.4e57ded4809aa8a9d624ca22c0d369de__aug4_vflip.png,,,pending,missing,train/images/70_spot_jpg.rf.4e57ded4809aa8a9d624ca22c0d369de.jpg,;empty_spot_requires_review,train/images/70_spot_jpg.rf.4e57ded4809aa8a9d624ca22c0d369de__aug4_vflip.png,,90c32fbeb512d3b448c291e628a9d9f99776dcd21af541338c46cce454102449,spot,train,train,False,masks/spot/9ac6de94a023cab537353fa9.png,pending,empty,416
SAM3_auto,original,True,spot:70_spot_jpg,416,a22d5740ef36c2986f105eda,spot_source,/content/drive/MyDrive/LeafData.v1i.yolov11_aug4_20261003_170034/train/images/70_spot_jpg.rf.c0b4efc4887947f599561a30cdbc13b5.jpg,,,pending,missing,train/images/70_spot_jpg.rf.c0b4efc4887947f599561a30cdbc13b5.jpg,;empty_spot_requires_review,train/images/70_spot_jpg.rf.c0b4efc4887947f599561a30cdbc13b5.jpg,,434e1d25c450f33678842c7c9bbf0977f99de4e09d52679793e0d390679650ae,spot,train,train,False,masks/spot/a22d5740ef36c2986f105eda.png,pending,empty,416
SAM3_auto,brillo112,False,spot:70_spot_jpg,416,d4102d2c7276dc40938c25fb,spot_source,/content/drive/MyDrive/LeafData.v1i.yolov11_aug4_20261003_170034/train/images/70_spot_jpg.rf.c0b4efc4887947f599561a30cdbc13b5__aug4_brillo112.png,,,pending,missing,train/images/70_spot_jpg.rf.c0b4efc4887947f599561a30cdbc13b5.jpg,;empty_spot_requires_review,train/images/70_spot_jpg.rf.c0b4efc4887947f599561a30cdbc13b5__aug4_brillo112.png,,e5417fbd8a0da4f8e59a1ec4cf49b50547b9b26fddf3222888a35ad1fbb3275e,spot,train,train,False,masks/spot/d4102d2c7276dc40938c25fb.png,pending,empty,416
SAM3_auto,contraste115,False,spot:70_spot_jpg,416,e61f40bfa23f0ab52298b1b0,spot_source,/content/drive/MyDrive/LeafData.v1i.yolov11_aug4_20261003_170034/train/images/70_spot_jpg.rf.c0b4efc4887947f599561a30cdbc13b5__aug4_contraste115.png,,,pending,missing,train/images/70_spot_jpg.rf.c0b4efc4887947f599561a30cdbc13b5.jpg,;empty_spot_requires_review,train/images/70_spot_jpg.rf.c0b4efc4887947f599561a30cdbc13b5__aug4_contraste115.png,,6dceaf02bc25ed85a43d470acf4981d046b2d06a3acefbc395f6d697e65046b3,spot,train,train,False,masks/spot/e61f40bfa23f0ab52298b1b0.png,pending,empty,416
SAM3_auto,hflip,False,spot:70_spot_jpg,416,13db6a814fe1e766c5131f8f,spot_source,/content/drive/MyDrive/LeafData.v1i.yolov11_aug4_20261003_170034/train/images/70_spot_jpg.rf.c0b4efc4887947f599561a30cdbc13b5__aug4_hflip.png,,,pending,missing,train/images/70_spot_jpg.rf.c0b4efc4887947f599561a30cdbc13b5.jpg,;empty_spot_requires_review,train/images/70_spot_jpg.rf.c0b4efc4887947f599561a30cdbc13b5__aug4_hflip.png,,48279b02e90289ba27bc1297b513f7c48f3b045769a790b133a315a264b8e3f7,spot,train,train,False,masks/spot/13db6a814fe1e766c5131f8f.png,pending,empty,416
SAM3_auto,vflip,False,spot:70_spot_jpg,416,eee0d70fc5b23dc664ad31b5,spot_source,/content/drive/MyDrive/LeafData.v1i.yolov11_aug4_20261003_170034/train/images/70_spot_jpg.rf.c0b4efc4887947f599561a30cdbc13b5__aug4_vflip.png,,,pending,missing,train/images/70_spot_jpg.rf.c0b4efc4887947f599561a30cdbc13b5.jpg,;empty_spot_requires_review,train/images/70_spot_jpg.rf.c0b4efc4887947f599561a30cdbc13b5__aug4_vflip.png,,850cda2b08cf469ca060c8cdf7ec68d70b3b54e3dcc5c737b01b46494e163e91,spot,train,train,False,masks/spot/eee0d70fc5b23dc664ad31b5.png,pending,empty,416
SAM3_auto,original,True,spot:77_spot_jpg,416,70cfa20bc3d207ada44f9471,spot_source,/content/drive/MyDrive/LeafData.v1i.yolov11_aug4_20261003_170034/train/images/77_spot_jpg.rf.4413d8f42668652cdcd76f0c54ac6ae0.jpg,,,pending,missing,train/images/77_spot_jpg.rf.4413d8f42668652cdcd76f0c54ac6ae0.jpg,;empty_spot_requires_review,train/images/77_spot_jpg.rf.4413d8f42668652cdcd76f0c54ac6ae0.jpg,,b3756189b2f62e92310b2a006260364a0ed2eb11b73da2bd65f58250f86aa6f7,spot,train,train,False,masks/spot/70cfa20bc3d207ada44f9471.png,pending,empty,416
SAM3_auto,brillo112,False,spot:77_spot_jpg,416,d92203c53fe0ebacedda035e,spot_source,/content/drive/MyDrive/LeafData.v1i.yolov11_aug4_20261003_170034/train/images/77_spot_jpg.rf.4413d8f42668652cdcd76f0c54ac6ae0__aug4_brillo112.png,,,pending,missing,train/images/77_spot_jpg.rf.4413d8f42668652cdcd76f0c54ac6ae0.jpg,;empty_spot_requires_review,train/images/77_spot_jpg.rf.4413d8f42668652cdcd76f0c54ac6ae0__aug4_brillo112.png,,f3ff08a615655583863ae7cafa60abda3c31e6737e3e85016f3a094b3b82df8f,spot,train,train,False,masks/spot/d92203c53fe0ebacedda035e.png,pending,empty,416
SAM3_auto,contraste115,False,spot:77_spot_jpg,416,0c77ed62ea3daf5d1cc264fb,spot_source,/content/drive/MyDrive/LeafData.v1i.yolov11_aug4_20261003_170034/train/images/77_spot_jpg.rf.4413d8f42668652cdcd76f0c54ac6ae0__aug4_contraste115.png,,,pending,missing,train/images/77_spot_jpg.rf.4413d8f42668652cdcd76f0c54ac6ae0.jpg,;empty_spot_requires_review,train/images/77_spot_jpg.rf.4413d8f42668652cdcd76f0c54ac6ae0__aug4_contraste115.png,,680eaa9e4d9bed69f4e5a832e91f8abf19f323fa930316b56f78c3beaa18449a,spot,train,train,False,masks/spot/0c77ed62ea3daf5d1cc264fb.png,pending,empty,416
SAM3_auto,hflip,False,spot:77_spot_jpg,416,9024f31bbfad5a2c153133a7,spot_source,/content/drive/MyDrive/LeafData.v1i.yolov11_aug4_20261003_170034/train/images/77_spot_jpg.rf.4413d8f42668652cdcd76f0c54ac6ae0__aug4_hflip.png,,,pending,missing,train/images/77_spot_jpg.rf.4413d8f42668652cdcd76f0c54ac6ae0.jpg,;empty_spot_requires_review,train/images/77_spot_jpg.rf.4413d8f42668652cdcd76f0c54ac6ae0__aug4_hflip.png,,a453275a509cda9b77b38d5bf75092939f2eec377c12bc2f4027a7787e34bddd,spot,train,train,False,masks/spot/9024f31bbfad5a2c153133a7.png,pending,empty,416
SAM3_auto,vflip,False,spot:77_spot_jpg,416,804c52b49232f6fe2041af16,spot_source,/content/drive/MyDrive/LeafData.v1i.yolov11_aug4_20261003_170034/train/images/77_spot_jpg.rf.4413d8f42668652cdcd76f0c54ac6ae0__aug4_vflip.png,,,pending,missing,train/images/77_spot_jpg.rf.4413d8f42668652cdcd76f0c54ac6ae0.jpg,;empty_spot_requires_review,train/images/77_spot_jpg.rf.4413d8f42668652cdcd76f0c54ac6ae0__aug4_vflip.png,,7e6b421117c9651481c56efd7a76a5b1c17f262c00a8fc4e2301a00f6ffabdbb,spot,train,train,False,masks/spot/804c52b49232f6fe2041af16.png,pending,empty,416
SAM3_auto,original,True,spot:84_spot_jpg,416,2d5d9373d1429c0b31c49f06,spot_source,/content/drive/MyDrive/LeafData.v1i.yolov11_aug4_20261003_170034/train/images/84_spot_jpg.rf.171b5dc66445fe9cc10e8a1572e05bff.jpg,,,pending,missing,train/images/84_spot_jpg.rf.171b5dc66445fe9cc10e8a1572e05bff.jpg,;empty_spot_requires_review,train/images/84_spot_jpg.rf.171b5dc66445fe9cc10e8a1572e05bff.jpg,,a2e87f55bcb6b4a7f0627886f2969d321e9342a4149a55817417fdeaf38810c5,spot,train,train,False,masks/spot/2d5d9373d1429c0b31c49f06.png,pending,empty,416
SAM3_auto,brillo112,False,spot:84_spot_jpg,416,111fb49d237f51d819463643,spot_source,/content/drive/MyDrive/LeafData.v1i.yolov11_aug4_20261003_170034/train/images/84_spot_jpg.rf.171b5dc66445fe9cc10e8a1572e05bff__aug4_brillo112.png,,,pending,missing,train/images/84_spot_jpg.rf.171b5dc66445fe9cc10e8a1572e05bff.jpg,;empty_spot_requires_review,train/images/84_spot_jpg.rf.171b5dc66445fe9cc10e8a1572e05bff__aug4_brillo112.png,,20428c8e608912016e6bb394065e234a1e7bbb58223bf4f9e8bd6df8ad0275df,spot,train,train,False,masks/spot/111fb49d237f51d819463643.png,pending,empty,416
SAM3_auto,contraste115,False,spot:84_spot_jpg,416,35cbbf5c280bb6d89241491c,spot_source,/content/drive/MyDrive/LeafData.v1i.yolov11_aug4_20261003_170034/train/images/84_spot_jpg.rf.171b5dc66445fe9cc10e8a1572e05bff__aug4_contraste115.png,,,pending,missing,train/images/84_spot_jpg.rf.171b5dc66445fe9cc10e8a1572e05bff.jpg,;empty_spot_requires_review,train/images/84_spot_jpg.rf.171b5dc66445fe9cc10e8a1572e05bff__aug4_contraste115.png,,81a784a6542b8361275150bdccbc809f7117b07f537c5c045efd48afc03621c9,spot,train,train,False,masks/spot/35cbbf5c280bb6d89241491c.png,pending,empty,416
SAM3_auto,hflip,False,spot:84_spot_jpg,416,fb756f0a670146f5472c03a6,spot_source,/content/drive/MyDrive/LeafData.v1i.yolov11_aug4_20261003_170034/train/images/84_spot_jpg.rf.171b5dc66445fe9cc10e8a1572e05bff__aug4_hflip.png,,,pending,missing,train/images/84_spot_jpg.rf.171b5dc66445fe9cc10e8a1572e05bff.jpg,;empty_spot_requires_review,train/images/84_spot_jpg.rf.171b5dc66445fe9cc10e8a1572e05bff__aug4_hflip.png,,4f650f05bba268a6abce8d8f3c0a3058b2da670f68a13005ed92d30c64db9806,spot,train,train,False,masks/spot/fb756f0a670146f5472c03a6.png,pending,empty,416
SAM3_auto,vflip,False,spot:84_spot_jpg,416,173a480d62ab72ebd37bda9c,spot_source,/content/drive/MyDrive/LeafData.v1i.yolov11_aug4_20261003_170034/train/images/84_spot_jpg.rf.171b5dc66445fe9cc10e8a1572e05bff__aug4_vflip.png,,,pending,missing,train/images/84_spot_jpg.rf.171b5dc66445fe9cc10e8a1572e05bff.jpg,;empty_spot_requires_review,train/images/84_spot_jpg.rf.171b5dc66445fe9cc10e8a1572e05bff__aug4_vflip.png,,89ad41c61f13caed72f9296d302124770ca73f04437138eeb1b486a39850b273,spot,train,train,False,masks/spot/173a480d62ab72ebd37bda9c.png,pending,empty,416
SAM3_auto,original,True,spot:84_spot_jpg,416,2612f324f07f25945be9930c,spot_source,/content/drive/MyDrive/LeafData.v1i.yolov11_aug4_20261003_170034/train/images/84_spot_jpg.rf.f1b755e0e73e5ed261902f4274cfb474.jpg,,,pending,missing,train/images/84_spot_jpg.rf.f1b755e0e73e5ed261902f4274cfb474.jpg,;empty_spot_requires_review,train/images/84_spot_jpg.rf.f1b755e0e73e5ed261902f4274cfb474.jpg,,c1dc68633bbdf0a2d3a881ab780ac7c75aba981d179165c9fc8c214202b2f010,spot,train,train,False,masks/spot/2612f324f07f25945be9930c.png,pending,empty,416
SAM3_auto,brillo112,False,spot:84_spot_jpg,416,6586c394b7681101147fccb2,spot_source,/content/drive/MyDrive/LeafData.v1i.yolov11_aug4_20261003_170034/train/images/84_spot_jpg.rf.f1b755e0e73e5ed261902f4274cfb474__aug4_brillo112.png,,,pending,missing,train/images/84_spot_jpg.rf.f1b755e0e73e5ed261902f4274cfb474.jpg,;empty_spot_requires_review,train/images/84_spot_jpg.rf.f1b755e0e73e5ed261902f4274cfb474__aug4_brillo112.png,,63a0ba8a095761f0f451aba570ae17ad49add20b5091db711928bc053dc011c1,spot,train,train,False,masks/spot/6586c394b7681101147fccb2.png,pending,empty,416
SAM3_auto,contraste115,False,spot:84_spot_jpg,416,524b991dec3b1dd021b88163,spot_source,/content/drive/MyDrive/LeafData.v1i.yolov11_aug4_20261003_170034/train/images/84_spot_jpg.rf.f1b755e0e73e5ed261902f4274cfb474__aug4_contraste115.png,,,pending,missing,train/images/84_spot_jpg.rf.f1b755e0e73e5ed261902f4274cfb474.jpg,;empty_spot_requires_review,train/images/84_spot_jpg.rf.f1b755e0e73e5ed261902f4274cfb474__aug4_contraste115.png,,382aacd90976f81e613d5a66714b0fdede30361cec78fa73c17c598b3d242a42,spot,train,train,False,masks/spot/524b991dec3b1dd021b88163.png,pending,empty,416
SAM3_auto,hflip,False,spot:84_spot_jpg,416,dfe8dee9585a421161702ffd,spot_source,/content/drive/MyDrive/LeafData.v1i.yolov11_aug4_20261003_170034/train/images/84_spot_jpg.rf.f1b755e0e73e5ed261902f4274cfb474__aug4_hflip.png,,,pending,missing,train/images/84_spot_jpg.rf.f1b755e0e73e5ed261902f4274cfb474.jpg,;empty_spot_requires_review,train/images/84_spot_jpg.rf.f1b755e0e73e5ed261902f4274cfb474__aug4_hflip.png,,a45238da3db30f06e29766b4f2fe3303cc417bb17ac2934f1d71bfd9f8a049c5,spot,train,train,False,masks/spot/dfe8dee9585a421161702ffd.png,pending,empty,416
SAM3_auto,vflip,False,spot:84_spot_jpg,416,5bcfbc653079f721afdc0529,spot_source,/content/drive/MyDrive/LeafData.v1i.yolov11_aug4_20261003_170034/train/images/84_spot_jpg.rf.f1b755e0e73e5ed261902f4274cfb474__aug4_vflip.png,,,pending,missing,train/images/84_spot_jpg.rf.f1b755e0e73e5ed261902f4274cfb474.jpg,;empty_spot_requires_review,train/images/84_spot_jpg.rf.f1b755e0e73e5ed261902f4274cfb474__aug4_vflip.png,,e06ce0ec57176550c5e72b3daba6f4958d2d5964390da34214d820700fde1993,spot,train,train,False,masks/spot/5bcfbc653079f721afdc0529.png,pending,empty,416
SAM3_auto,original,True,spot:95_spot_jpg,416,dc889561d7f9f65274d604e2,spot_source,/content/drive/MyDrive/LeafData.v1i.yolov11_aug4_20261003_170034/train/images/95_spot_jpg.rf.e522507ebea549404c97aa74e55cfa2c.jpg,,,pending,missing,train/images/95_spot_jpg.rf.e522507ebea549404c97aa74e55cfa2c.jpg,;empty_spot_requires_review,train/images/95_spot_jpg.rf.e522507ebea549404c97aa74e55cfa2c.jpg,,f6eec4a6910750fab58473448bbace2744664376b847dfa628a042e980549303,spot,train,train,False,masks/spot/dc889561d7f9f65274d604e2.png,pending,empty,416
SAM3_auto,brillo112,False,spot:95_spot_jpg,416,c228d6282cdeb1c0d1d4bf5a,spot_source,/content/drive/MyDrive/LeafData.v1i.yolov11_aug4_20261003_170034/train/images/95_spot_jpg.rf.e522507ebea549404c97aa74e55cfa2c__aug4_brillo112.png,,,pending,missing,train/images/95_spot_jpg.rf.e522507ebea549404c97aa74e55cfa2c.jpg,;empty_spot_requires_review,train/images/95_spot_jpg.rf.e522507ebea549404c97aa74e55cfa2c__aug4_brillo112.png,,ca847809f58c098ff17e1702c5a1ae4b0882c2e5ada91a4d1f3b336aa35ea2f5,spot,train,train,False,masks/spot/c228d6282cdeb1c0d1d4bf5a.png,pending,empty,416
SAM3_auto,contraste115,False,spot:95_spot_jpg,416,8a608306b22ddd79c5f4b18a,spot_source,/content/drive/MyDrive/LeafData.v1i.yolov11_aug4_20261003_170034/train/images/95_spot_jpg.rf.e522507ebea549404c97aa74e55cfa2c__aug4_contraste115.png,,,pending,missing,train/images/95_spot_jpg.rf.e522507ebea549404c97aa74e55cfa2c.jpg,;empty_spot_requires_review,train/images/95_spot_jpg.rf.e522507ebea549404c97aa74e55cfa2c__aug4_contraste115.png,,7f62cd04dc2dff5cd72a51dfc4a025acedd212ffa16cd965793446b9a9965bcf,spot,train,train,False,masks/spot/8a608306b22ddd79c5f4b18a.png,pending,empty,416
SAM3_auto,hflip,False,spot:95_spot_jpg,416,8da4120f6deb28e076fb9d4f,spot_source,/content/drive/MyDrive/LeafData.v1i.yolov11_aug4_20261003_170034/train/images/95_spot_jpg.rf.e522507ebea549404c97aa74e55cfa2c__aug4_hflip.png,,,pending,missing,train/images/95_spot_jpg.rf.e522507ebea549404c97aa74e55cfa2c.jpg,;empty_spot_requires_review,train/images/95_spot_jpg.rf.e522507ebea549404c97aa74e55cfa2c__aug4_hflip.png,,d011d7997c6bb75be4caa24738f9cc163f2b69b1b5307003ae5f773f0fc41cf4,spot,train,train,False,masks/spot/8da4120f6deb28e076fb9d4f.png,pending,empty,416
SAM3_auto,vflip,False,spot:95_spot_jpg,416,e1390bced1fb1981064730c0,spot_source,/content/drive/MyDrive/LeafData.v1i.yolov11_aug4_20261003_170034/train/images/95_spot_jpg.rf.e522507ebea549404c97aa74e55cfa2c__aug4_vflip.png,,,pending,missing,train/images/95_spot_jpg.rf.e522507ebea549404c97aa74e55cfa2c.jpg,;empty_spot_requires_review,train/images/95_spot_jpg.rf.e522507ebea549404c97aa74e55cfa2c__aug4_vflip.png,,0366b3918403cc25afe6b4ca8b50b2d1e37f66be7d94ac63ad51a2ec8059f1fb,spot,train,train,False,masks/spot/e1390bced1fb1981064730c0.png,pending,empty,416
SAM3_auto,original,True,spot:99_spot_jpg,416,8c1cb052630985cf2903f0f4,spot_source,/content/drive/MyDrive/LeafData.v1i.yolov11_aug4_20261003_170034/train/images/99_spot_jpg.rf.6dd76e61529c04324debee86a1c51c66.jpg,,,pending,missing,train/images/99_spot_jpg.rf.6dd76e61529c04324debee86a1c51c66.jpg,;empty_spot_requires_review,train/images/99_spot_jpg.rf.6dd76e61529c04324debee86a1c51c66.jpg,,9b4dc25de77e89500c9531776d48d1b91eb39d95041b7d51563c13a9c0345ca2,spot,train,train,False,masks/spot/8c1cb052630985cf2903f0f4.png,pending,empty,416
SAM3_auto,brillo112,False,spot:99_spot_jpg,416,c45347dda0a102b6e7bb77d1,spot_source,/content/drive/MyDrive/LeafData.v1i.yolov11_aug4_20261003_170034/train/images/99_spot_jpg.rf.6dd76e61529c04324debee86a1c51c66__aug4_brillo112.png,,,pending,missing,train/images/99_spot_jpg.rf.6dd76e61529c04324debee86a1c51c66.jpg,;empty_spot_requires_review,train/images/99_spot_jpg.rf.6dd76e61529c04324debee86a1c51c66__aug4_brillo112.png,,0719d109b75d2e67d3280746e2bac4f04dfbe4c90efb408aa52c469be237265f,spot,train,train,False,masks/spot/c45347dda0a102b6e7bb77d1.png,pending,empty,416
SAM3_auto,contraste115,False,spot:99_spot_jpg,416,fd6e1bade5a74ada386041ef,spot_source,/content/drive/MyDrive/LeafData.v1i.yolov11_aug4_20261003_170034/train/images/99_spot_jpg.rf.6dd76e61529c04324debee86a1c51c66__aug4_contraste115.png,,,pending,missing,train/images/99_spot_jpg.rf.6dd76e61529c04324debee86a1c51c66.jpg,;empty_spot_requires_review,train/images/99_spot_jpg.rf.6dd76e61529c04324debee86a1c51c66__aug4_contraste115.png,,203566a529a1d415c1ba3e0ca57eb22b817b4798fef4abe0f555f51fd1dbbaea,spot,train,train,False,masks/spot/fd6e1bade5a74ada386041ef.png,pending,empty,416
SAM3_auto,hflip,False,spot:99_spot_jpg,416,182c5dfe970fbee65ede11f1,spot_source,/content/drive/MyDrive/LeafData.v1i.yolov11_aug4_20261003_170034/train/images/99_spot_jpg.rf.6dd76e61529c04324debee86a1c51c66__aug4_hflip.png,,,pending,missing,train/images/99_spot_jpg.rf.6dd76e61529c04324debee86a1c51c66.jpg,;empty_spot_requires_review,train/images/99_spot_jpg.rf.6dd76e61529c04324debee86a1c51c66__aug4_hflip.png,,e37e0a9179b042bb0e72aca5ce1c9944b25ab5459e85b844b414418fb45c55d1,spot,train,train,False,masks/spot/182c5dfe970fbee65ede11f1.png,pending,empty,416
SAM3_auto,vflip,False,spot:99_spot_jpg,416,1cd318a213128f6f7269a8b8,spot_source,/content/drive/MyDrive/LeafData.v1i.yolov11_aug4_20261003_170034/train/images/99_spot_jpg.rf.6dd76e61529c04324debee86a1c51c66__aug4_vflip.png,,,pending,missing,train/images/99_spot_jpg.rf.6dd76e61529c04324debee86a1c51c66.jpg,;empty_spot_requires_review,train/images/99_spot_jpg.rf.6dd76e61529c04324debee86a1c51c66__aug4_vflip.png,,d7c57d34ac3fdfe380273ccd88eb655adb79505e5190beff036a1dbf28cf78b3,spot,train,train,False,masks/spot/1cd318a213128f6f7269a8b8.png,pending,empty,416
SAM3_auto,original,True,spot:142_spot_jpg,416,b60d1cb90f1235fb48d05803,spot_source,/content/drive/MyDrive/LeafData.v1i.yolov11_aug4_20261003_170034/valid/images/142_spot_jpg.rf.5ad39005f82cc445ea476c83871c9de6.jpg,,,pending,missing,valid/images/142_spot_jpg.rf.5ad39005f82cc445ea476c83871c9de6.jpg,;empty_spot_requires_review,valid/images/142_spot_jpg.rf.5ad39005f82cc445ea476c83871c9de6.jpg,,935f8429bacd3645cddeaa094ff0b6cfa64819126a81d32220b0124e29a7f9c7,spot,valid,val,False,masks/spot/b60d1cb90f1235fb48d05803.png,pending,empty,416
SAM3_auto,original,True,spot:140_spot_jpg,416,7f7085cafe1613347b1b0c59,spot_source,/content/drive/MyDrive/LeafData.v1i.yolov11_aug4_20261003_170034/test/images/140_spot_jpg.rf.ea879be2bc8e8073f263136a017cde62.jpg,,,pending,missing,test/images/140_spot_jpg.rf.ea879be2bc8e8073f263136a017cde62.jpg,;empty_spot_requires_review,test/images/140_spot_jpg.rf.ea879be2bc8e8073f263136a017cde62.jpg,,0a76a202a1e02e84edfc4586fb159f40b1b28cf62272a7f332c98602667dc33b,spot,test,test,False,masks/spot/7f7085cafe1613347b1b0c59.png,pending,empty,416
SAM3_auto,original,True,spot:45_spot_jpg,416,7a46a06c6e0f4feffb29a1eb,spot_source,/content/drive/MyDrive/LeafData.v1i.yolov11_aug4_20261003_170034/test/images/45_spot_jpg.rf.bb0ce3b82bbc83e025a84bbdc85beaa2.jpg,,,pending,missing,test/images/45_spot_jpg.rf.bb0ce3b82bbc83e025a84bbdc85beaa2.jpg,;empty_spot_requires_review,test/images/45_spot_jpg.rf.bb0ce3b82bbc83e025a84bbdc85beaa2.jpg,,8303fd7e9cefbce26d6366ac86b6d8bc521708ec4503cfc0d0dae68a3f7bee8c,spot,test,test,False,masks/spot/7a46a06c6e0f4feffb29a1eb.png,pending,empty,416
